entrezgene_id,Veh-APPPS1-2,Veh-APPPS1-1,Veh-APPPS1-3,Veh-APPPS1-5,CP2-APPPS1-1,CP2-APPPS1-5,CP2-APPPS1-2,CP2-APPPS1-3,Veh-APPPS1-4,CP2-APPPS1-4,Veh-NTG3,Veh-NTG1,Veh-NTG2,Veh-NTG4,Veh-NTG5
100039707,1.473586174,1.164873802,0.770120805,1.064637153,0.765477332,1.480014485,0.918655669,0.772569828,0.902255886,1.072789107,1.027967422,1.080712067,0.9084461,0.662793965,1.124394445
100040843,NA,NA,NA,NA,NA,NA,NA,NA,NA,NA,NA,NA,NA,NA,NA
100041273,5.192699969,4.53251333,4.219228174,5.08230213,5.124239274,5.71383351,5.101201027,4.222484319,5.158083846,5.794388981,5.354731696,4.34009711,5.687311539,4.259787552,5.025449269
100041585,0.170872566,0.082538202,0.176226953,0.074918405,0.153879247,0.094259128,0.411118605,0.122783874,0.12999448,0.327532397,0.016530058,0.320188769,0.175565971,0.378283576,0.179110073
100042503,6.923599959,6.030621275,5.576022663,6.772240059,6.832319032,7.591854641,6.79940999,5.600429631,6.859666877,7.698690546,7.094177537,5.786796147,7.567856061,5.650877206,6.646927357
100043684,NA,NA,NA,NA,NA,NA,NA,NA,NA,NA,NA,NA,NA,NA,NA
100043686,NA,NA,NA,NA,NA,NA,NA,NA,NA,NA,NA,NA,NA,NA,NA
100043688,NA,NA,NA,NA,NA,NA,NA,NA,NA,NA,NA,NA,NA,NA,NA
100163,2.337188204,2.51872515,1.94624651,2.073625187,1.987727618,2.94476948,2.071653627,2.325360793,1.93207946,1.909349988,1.438953768,1.81540637,1.854627015,1.93589702,2.334845037
100198,1.562783399,1.758357651,2.214632041,2.002871826,1.762798399,1.596255866,1.239737241,1.715793091,1.958285682,1.839987004,1.595265567,1.782615699,1.802699578,1.568797445,1.679843661
100328588,0.045512404,0,0,0.002809284,0.023801873,0.01794449,0.035492859,0,0.055989675,0,0,0.027353519,0,0,0.010348781
100417514,0,0,0,0.001238433,0,0,0,0,0,0,0,0.006577316,0.010353724,0,0
100503991,0.001766029,0,0,0,0,0,0,0.012380829,0,0.001896713,0.001731738,0.01389476,0,0,0
100678,2.997162171,3.385035408,3.439404963,3.64669472,3.393728508,3.531196579,4.231510377,4.1268156,3.626609478,3.531139493,3.890373466,3.993706425,4.204209499,2.836527403,2.81891588
100705,0.645246338,1.276291035,1.464901484,1.074545635,0.698646068,0.78385813,0.889323062,1.091559776,0.757317341,1.247795032,1.718170951,1.73523131,1.091698882,1.31061226,1.173748236
100862375,0.045596342,0.028415664,0.017693932,0.012866126,0.009084103,0.013697208,0.031607395,0.017396207,0.016280943,0.009327697,0.010645472,0.047452756,0.015686593,0.011427675,0.023697982
101488,6.101688361,6.075505164,6.532718644,5.193032676,5.924256131,6.010006046,5.063573922,6.65665192,5.365916122,5.283034861,4.65866082,4.295150074,4.370871378,4.598205092,5.536516846
101490,14.28121035,16.05375043,17.54633002,13.51550401,13.84676213,13.29215985,16.68796771,14.8382342,14.05785946,12.9331176,13.6664155,16.06292661,14.99541703,16.83570378,14.79668872
101502,0.054064248,0,0,0.036708676,0.028274277,0.028421713,0.02459451,0.040609281,0.038005836,0.047177752,0.019880424,0.002953935,0.034874667,0.039125512,0.015366664
101744,0.308318334,0.392067405,0.355575845,0.298088035,0.257988699,0.293456864,0.307090999,0.370539463,0.337658418,0.345075918,0.124115085,0.368833038,0.237823071,0.181062611,0.174159498
102247,10.45104843,11.42334573,12.31016939,12.98189876,11.15343224,11.89512546,11.28714054,10.4382613,12.07052885,10.64580471,10.60368987,10.61939761,11.04043693,12.87690318,11.15228818
102294,0.428661588,0.509761555,0.500709216,0.357482048,0.465968289,0.550776215,0.364926848,0.474054013,0.409674762,0.412396513,0.43494202,0.283033148,0.400984623,0.376928411,0.406962165
102448,0.381131474,0.613501612,0.794450771,0.705767958,0.612501205,0.429943,0.540785238,0.516893184,0.708887665,0.663036882,0.846734118,0.61951599,0.731411342,0.580892201,0.718581558
102570,0,0,0,0.009736038,0,0,0.002562633,0,0,0,0,0.002154503,0,0,0
102631912,5.772938225,6.632501054,5.509267148,6.491486091,6.480717688,7.189820541,7.782318562,5.515858377,6.168010222,7.526070848,9.326625758,5.493877709,7.053806372,5.951284553,6.359595675
102632,2.711146425,3.115074144,2.345920257,2.926172246,2.467571244,2.616288575,2.974249312,3.087822708,3.163398364,3.036181498,3.669914054,3.012752303,3.126951839,3.179795925,3.177077892
102680,3.158724565,2.744628787,1.721446137,3.181526082,4.755572122,3.102468743,2.040335704,3.475865541,2.853941404,4.459479511,2.951745261,2.011144687,1.102031462,3.538653317,1.361433773
102857,15.08764138,16.48527988,14.81585651,16.80720745,16.19803928,15.64957687,14.51812713,16.64685012,17.60802587,14.00263872,15.94288639,15.8142134,16.30591525,15.14114201,16.31712057
103142,0.013896763,0,0,0,0,0,0.005779943,0,0,0,0,0,0,0,0
103149,0.036951728,0.088706785,0.123538911,0.036493927,0,0.143450713,0.029555707,0.165109956,0.047955979,0.003052777,0.122638912,0.072060972,0.123214148,0.149602402,0.051705984
103199,1.477812387,1.667735921,1.54150871,1.509959178,1.399555763,1.687276534,1.703026424,1.325789934,1.416843154,1.36688526,1.435119651,1.459384451,1.653187189,1.405333935,1.433639092
103466,31.27024733,30.0476913,30.69705242,31.50863127,32.80473159,31.41038083,30.7888282,23.51138184,29.72135286,33.75537913,27.2056538,28.18603606,34.48458656,29.67114615,30.71839178
103850,2.864578633,2.883795733,2.476352745,2.75027507,2.874482501,3.003092477,3.186036569,3.052051141,3.337903635,3.103337108,3.014370272,2.662635131,3.275678629,2.800094036,3.341851541
103988,0.496153758,0.3185104,0.555593351,0.463967821,0.22813855,0.183966555,0.256704283,0.182437202,0.202193554,0.180197056,0.155122248,0.561553904,0.232537865,0.486945562,0.141702889
104015,44.25997235,47.97389517,49.50828317,44.37386396,46.61512675,45.89999464,47.59300081,34.34692421,45.2325455,44.61659689,37.90627895,39.56317612,46.61898338,42.34795705,47.5896836
104086,1.130410085,1.429430823,0.928680318,1.603811457,1.724505944,1.362448517,1.946578361,1.452418532,1.529863667,1.409492701,1.68702288,1.12799906,1.545154406,1.88353644,1.341607128
104110,0.587031674,0.60104314,0.634219071,0.563288426,0.736109915,0.459399204,0.315602337,0.678107856,0.415795099,0.924213451,0.860178993,1.032197605,0.416537519,0.800499155,0.539993184
104111,5.317012626,5.757430196,7.192911824,5.512134787,6.381123678,6.573511012,5.873877367,5.919960741,5.841061661,4.99483667,5.001144315,5.937524013,5.415397388,6.205530347,6.119996092
104112,24.07621359,23.7174619,27.31317,23.84405406,20.93693926,21.73907194,25.42606007,24.16278098,22.72549848,20.41075644,20.99897698,22.42107385,24.55958374,27.08335178,21.26064372
104130,11.49789993,11.85115066,12.7886782,12.65084099,9.810730565,13.03973478,12.4779035,12.89683344,11.57622566,12.24664861,13.03746922,11.25507372,14.19883604,12.75482193,12.15212371
104174,1.125768217,1.287294491,1.178765698,1.312932264,1.264927199,1.616517263,1.40450407,1.416900418,1.427747795,1.616873145,1.586105946,1.424136,1.355550375,0.989389799,1.308618946
104245,0.018400887,0.029501711,0.008639213,0.029615122,0.2979632,0.025079168,0.038266497,0.030031813,1.802008961,0.087101508,0.24726403,0.057194854,0.365761707,0.286236532,0.055787503
104418,49.98480315,39.91440592,48.55935547,50.85623169,49.30955762,57.04937477,41.6737028,52.02085238,59.99900645,57.90852548,51.70600141,45.85715692,45.58103619,44.0650107,52.40779592
104759,3.682902554,3.552349376,4.147472259,3.856607638,2.651972789,4.108966418,4.143795984,3.605044485,3.680384238,3.584403342,3.620464286,4.131001801,3.842492774,2.600731875,5.80731863
104776,10.33590015,10.56554025,10.28627022,10.86505498,9.866232404,8.428403417,11.09076993,11.61535775,9.883873615,10.68213523,10.14685696,11.2607911,11.88672446,9.979300423,9.225771983
104816,3.21760476,2.623631415,2.11670617,3.059910852,3.556543158,3.457487041,2.690489619,2.778105322,2.851615167,4.244548271,1.992519675,2.675936324,1.558464132,1.601250308,2.455160423
104923,8.766927017,7.265147864,6.28284298,6.691207101,7.567730053,9.477333632,11.54011195,8.07500391,6.092744356,9.186825757,5.420249097,6.703003343,9.255470457,8.952062339,9.695544279
105014,1.925970532,1.739299239,1.840444686,1.91527277,1.669431707,1.846300939,1.574728318,1.750334943,1.575657523,1.73388102,2.03397388,1.827873966,1.535547131,1.818644123,1.648694191
105243,0.100357623,0.141443225,0.089355701,0.02147476,0.111967102,0.147723123,0.158267033,0.139037222,0.302576562,0.125747937,0.173855806,0.059950622,0.127747004,0.080990506,0.04868201
105349,0.045048465,0.043191118,0.124311645,0.141945411,0.044874751,0.06089681,0.182904549,0,0.116618528,0.168185006,0.075726419,0.138772413,0.276751896,0.045161448,0.144381594
105355,0,0,0,0,0,0,0,0,0,0,0,0,0,0.000995528,0
105446,0.784798363,0.790063203,0.9839168,0.953938922,1.013035375,0.899652054,1.127163461,0.759693855,0.762653822,0.887975872,0.764412122,0.782441716,1.070049538,1.268167879,0.969242261
105663,0.45481794,0.380680438,0.381841898,0.508557911,0.445643204,0.363686907,0.466578006,0.385694303,0.475301216,0.449171335,0.444277832,0.433401158,0.523371364,0.514525743,0.526996993
105727,16.04810467,18.10796886,16.85116103,15.13908286,17.31078433,14.12724899,16.00140603,13.92011103,16.91005773,14.29695844,16.01620107,17.23848069,15.70965981,17.95251237,15.19804262
106407,0,0.013197413,0.021102489,0.012947053,0,0.02297227,0,0.010211616,0.005461116,0,0,0,0.015033581,0.001533274,0
106529,62.53652224,68.90012389,68.47044991,64.40308117,66.53489434,65.27143426,69.32889693,59.74162631,71.69614703,61.581331,56.50516679,61.65225575,70.41648188,70.25555474,58.28308824
106557,0,0,0,0,0,0,0,0,0,0,0,0,0,0,0
106564,0.979951858,1.067583128,0.697045932,1.025996117,0.909953639,0.858949441,0.971988436,0.548734504,0.909305883,0.944900156,0.766428213,0.738215855,0.78642228,0.76692919,0.541210523
106648,1.806046857,1.220720296,1.530743307,1.428838063,2.083644212,1.801075638,2.208149934,2.36135797,1.443247166,0.995685479,1.796143138,2.563170715,2.70497069,1.857207683,2.506300791
107029,2.939451729,2.748152281,2.635084138,2.455302731,2.036085114,2.224379203,2.60870525,2.776263373,2.736873347,2.13082185,2.061798685,2.639272261,2.279119573,2.257765645,2.351350406
107146,0,0,0.024850744,0,0.019137639,0.024046789,0.030915788,0.013743335,0.006431128,0.007369058,0,0.001999391,0.002360516,0.009629953,0.002080206
107239,2.491361401,2.293188562,1.479852664,2.303174851,1.832753311,1.842310146,1.745784141,2.274957979,1.546815785,1.714239176,1.896281839,2.233649701,1.663797179,2.065798006,1.83132939
107272,24.34439665,25.97587137,25.92681602,21.13079468,21.02313118,21.43675197,29.05315356,25.62208721,21.83525064,23.86977352,26.41401963,24.7927367,28.56897262,25.12404777,27.51143379
107476,13.7950717,12.20727275,14.24584666,12.31487661,12.16313874,13.99666233,13.23784481,11.37691576,18.12784116,13.23731459,9.994685256,10.5752879,11.37737584,14.49081713,10.98308155
107569,9.014289642,7.453274814,8.97582142,8.216481124,8.087257109,8.133061933,7.95703903,7.594766316,8.244998203,7.658202768,7.273406415,6.780433982,7.833866124,7.061982225,7.786984971
107585,0.231851897,0.309741738,0.318201122,0.144012231,0.253182079,0.335759044,0.247144576,0.223438924,0.165378008,0.106494249,0.160145879,0.042066675,0.26337313,0.419037933,0.339525895
107605,0.00501939,0.00884286,0,0.009914408,0,0.014512884,0.001304791,0,0.038225501,0.01212934,0.007382891,0.005484938,0.000647561,0.002641789,0.009701286
107650,5.215496262,5.53292732,5.429577788,5.055762037,5.262438416,5.565049817,4.59578914,4.59638429,5.514512025,5.180934448,4.247825012,4.705813436,5.153831108,5.38421683,4.896022399
107652,9.154803447,7.89480035,6.779434177,9.137286644,9.043115901,8.755810937,8.366700739,7.005559485,7.82441091,7.879462691,8.051099543,7.271312731,8.187201199,7.79673548,8.314431693
107723,7.551621533,7.395744808,7.06683146,7.233494061,7.811002763,6.848695674,7.304641537,7.893463647,7.746371486,6.872841932,7.966608312,8.260626749,7.501080222,7.6305499,8.089144123
107747,11.59523027,11.91143408,8.679149594,9.598888185,11.65869639,11.16251145,9.856639388,11.73129361,10.55861287,11.24508382,10.64589235,13.31290291,14.0804117,11.63477689,14.44903847
107766,0.017694606,0.327764908,0.080109132,0.220189842,0.177673829,0.11162519,0.106713368,0.27999601,0.255411509,0.064613537,0.281086583,0.256779111,0.208192761,0.074503734,0.115875812
107823,9.31686123,9.051793723,8.939462888,8.605552381,9.750111178,8.480635028,9.135114033,8.169858917,8.475223711,8.236140307,8.805660287,9.358370624,8.463266326,8.500869936,9.26965813
107869,0.605213342,0.577374299,0.539391515,0.619621055,0.50045314,0.579688187,0.50080501,0.802877927,0.70982597,0.772511041,0.74260393,0.639878951,0.588664057,0.670422138,0.861719107
107885,0.528478769,0.491445975,0.575844227,0.8536674,0.801037768,0.57918956,0.605395015,0.816339473,0.743015137,0.683026563,0.742192324,0.653841868,1.058524485,0.891013953,1.026515442
107895,4.635438373,4.337513722,4.638072585,4.767836308,4.986119051,4.313850785,4.176806369,4.595983507,4.630806843,3.992080959,4.546897305,4.343243816,4.078701635,4.896737098,4.915374425
108037,2.838078277,3.522971277,2.752166257,3.503646106,2.603718668,3.243170731,2.985421783,3.309054642,3.263170694,3.138501582,3.393219196,2.980410932,3.528033728,2.512754394,3.273150195
108052,2.092707916,2.172958947,1.799225557,2.219329156,1.983533115,1.858715899,2.191541224,2.053943835,2.336982633,2.303219353,1.28889736,1.61688083,1.754640856,1.38884721,1.665013991
108083,19.59994299,19.83464765,22.19675481,20.72530172,21.74258617,24.28523812,19.91887326,22.56673193,20.2662483,22.57402589,18.73303512,19.33128839,21.79909955,20.0216445,21.5548542
108096,0.04999366,0.084930261,0.107510202,0.030858925,0.022877277,0.031209631,0.012995856,0.090750038,0.052716469,0.01006746,0.15932448,0.125650291,0.014512003,0.014800781,0.03978711
108105,0.062131629,0.190147258,0.180025427,0.090815568,0.083182899,0.078390613,0.186060925,0.087115342,0.68252601,0.093420994,0.065799215,0.130357102,0.189812294,0.086330416,0.165011798
108114,0,0.028808292,0.051822087,0.095062374,0.068025608,0.060174687,0.016230141,0.093794518,0.082904644,0.013969948,0.017856788,0,0.05101461,0.062983397,0.016562982
108115,0.313232624,0.344816396,0.125669392,0.298034183,0.298326096,0.21420122,0.125778218,0.261420484,0.331784074,0.320001085,0.317139119,0.138027075,0.319343473,0.386012647,0.250152612
108116,7.392472109,7.309493507,8.154288337,6.287037944,6.85564311,7.089637159,7.198107437,5.850950522,7.419886721,6.043023767,6.42718902,6.334294464,7.252883844,8.808603706,7.709130525
108147,3.401786218,4.017889351,3.658141537,3.304124505,2.945486142,3.311647304,3.276980867,3.123607817,3.491029187,3.215325673,2.985445143,3.130776037,3.613901783,3.344147683,3.207843685
108148,19.94245501,16.7436684,17.72143476,14.81023476,15.56115973,16.96458392,14.79394853,19.21066117,16.01205216,14.41836459,16.5265461,15.48547501,16.8384489,16.3607166,16.22613159
108150,1.144634402,1.495892839,1.249177522,1.157677569,1.028355966,1.117906302,1.236597766,0.968883742,1.551473112,0.957246519,1.202212951,1.053425213,1.269433014,1.110921883,1.457757827
108155,16.29301577,16.50289989,15.30335439,18.24614887,19.2827007,14.65999298,17.66485331,17.55166644,16.42181134,17.08932698,16.95636629,19.94220189,15.21188337,16.82077952,17.04265725
108156,7.689524894,8.882404438,7.720174318,7.404670007,8.023924133,8.819787957,8.036998339,7.799052501,8.694366609,7.531102835,7.756867327,8.792980514,7.947538886,7.827365717,8.608120371
108645,13.2575464,11.68738499,13.32971881,13.32414903,12.81469903,13.75534924,12.91119726,12.15194748,13.58815911,13.67310001,11.93973651,11.18518738,11.86270835,10.48079339,11.06391061
108664,15.83385602,16.22384842,18.65304218,17.01042541,16.75663701,15.75868798,17.30695947,13.28387698,15.94163556,15.50855054,14.36740501,14.04588727,16.47447347,14.29351944,15.51183372
108682,10.30039032,10.47541566,10.98637074,9.30863805,9.444367671,10.08751183,10.79960215,10.46288419,9.37686279,10.88417559,11.20816839,10.88055769,12.96008715,10.40825097,11.44627138
108841,5.688735925,4.435973667,4.553321508,4.429421633,5.233492514,4.573443993,5.019706965,4.989078491,4.949089846,5.471720758,4.283869334,3.959240631,3.697957697,3.917112681,5.254145734
108902,0.0731488,0.047924132,0.063079616,0.157098874,0.05586449,0.103766139,0.085718578,0.093027321,0.159978952,0.088537798,0.091083741,0.055826457,0.093471917,0.061110217,0.077091932
109264,4.506386303,3.605778066,3.945658685,4.313235527,3.43801846,3.498341175,4.771042414,4.261129024,3.80028147,4.05735247,3.163163119,2.578106023,3.099724005,2.662313838,3.307047927
109342,0,0.001180317,0,0.004631704,0.008584289,0.002465443,0.001219116,0,0.007692576,0.01007369,0,0.004099828,0.009680656,0.001234162,0.013863014
109652,1.312918036,1.212847987,1.204741632,1.259391973,1.433755043,1.703032966,1.556087549,1.702815828,1.289535478,1.518123625,1.960732991,2.018461688,1.650988756,1.615005887,1.425195908
109674,8.013644518,7.817548827,7.116370271,6.991314404,7.928172948,6.601296682,7.656032237,6.630623228,7.395926525,6.483799077,7.419534233,8.893735039,8.340077933,8.590770164,6.499624267
109685,0.074633655,0.06010747,0.043925752,0.073709008,0.033176838,0.119667063,0.056262972,0.035504401,0.03847479,0.02003911,0.036592235,0.125596103,0.057771795,0.007856188,0.079761257
109731,3.281201293,3.818253815,3.662941711,4.36195083,3.147483084,3.120772139,3.479132226,3.074275283,2.822554595,3.081186446,4.910904483,4.212056559,4.774537904,3.908363028,3.233719115
109754,5.774642886,6.384639441,6.043800305,5.2681628,4.945294013,5.56543718,4.913974134,5.877162625,5.588184234,5.97298429,4.84528814,5.315521027,4.815328415,4.25262735,5.437336373
109778,2.587900395,2.863466586,2.76858422,2.774991685,2.311947293,2.826981327,3.06846467,2.141553836,3.287309961,2.568934459,2.633730595,2.458848414,3.256906026,2.824217011,3.04576756
109785,0.908452333,1.143183387,0.957825711,1.014615825,0.757287589,0.777262472,0.86536331,0.810595665,1.007218883,0.803787205,0.986470351,0.771516408,0.975365664,0.744476561,0.85538269
109801,22.52958357,22.71380222,22.65093362,22.85891436,22.60254293,20.70516215,24.77296565,19.78559375,23.6834695,20.43842368,17.35310735,15.54947088,15.75518987,15.84677093,13.47583931
109857,1.254953509,1.526221688,1.723538317,1.824449547,1.124683265,2.107601028,1.462540127,1.897919368,1.231529514,2.020219824,1.775677309,1.276245358,1.996453615,1.164376681,1.754269286
109900,2.5781629,1.988132725,2.84976087,2.386028887,2.574599077,2.372604884,2.75474744,2.567797778,2.488528723,2.555007304,2.081637968,2.674245902,2.801885733,2.647961005,2.243988685
109959,0,0,0,0,0,0,0,0,0,0,0,0,0,0,0.00948306
110006,3.483976115,3.249374472,3.412973711,3.45158196,3.623158199,3.443324229,3.11618808,3.916960517,3.834488223,2.906373771,3.042081138,3.069523029,2.560386895,2.154113636,4.496155972
110074,5.858565068,5.911583375,5.658367054,5.552748997,4.916468286,6.1454002,5.251172501,5.553555064,5.989278417,5.531186647,5.8917676,5.308155937,6.168468126,6.673660799,5.138558869
110078,43.70729371,45.04056166,43.0915977,43.80500157,43.44960875,44.76240898,43.57640924,42.26981613,42.65863214,42.76108288,46.32091414,47.04923467,49.80175281,47.94927108,40.18445263
110095,1.54605322,1.353938604,1.943544046,1.494285551,1.186917014,1.275171658,1.114385306,1.936230018,1.148037914,1.379954259,1.542526784,1.750466333,0.917125587,1.431504033,0.821869975
110119,5.972282042,6.262365651,7.005897795,6.829753222,5.54163975,5.872066611,6.883241128,5.996085792,5.944222996,6.255454616,5.838921306,5.69137199,6.563707789,5.726429601,5.509983605
110147,21.62451284,21.48818584,20.96611838,22.19813327,22.40126537,24.397545,20.32877386,24.51746613,21.33143574,23.12543514,22.38720091,22.16946069,22.38603244,22.92878441,22.19828553
110173,2.045837813,2.63707479,2.590901882,2.460767654,2.425399924,2.899495652,2.500971165,2.651136782,2.413151703,2.130419354,3.236212883,3.350362188,2.996047324,2.18989428,2.476823848
110175,2.283696953,2.550633767,2.681636332,2.830244445,3.763801399,3.448642876,3.485341044,2.846063605,2.856153224,3.397725749,2.494512407,3.002094019,3.148547363,3.297698114,2.74663299
110196,4.522969554,4.486007272,4.577040851,4.794202709,3.365681669,4.48346993,4.724142617,3.49340702,4.31839332,4.111530898,3.397617957,2.8206407,3.852112691,3.677864311,2.865911415
110197,3.229350093,3.204361397,4.078764388,3.059665596,3.318499117,3.051578808,4.157416849,2.00688121,4.31226633,3.612101007,2.37729775,2.256677302,3.875063795,2.598950071,3.393828207
110198,2.661905491,3.41731239,2.832853183,3.323006265,2.582714269,3.258065451,3.188247433,3.059960964,3.456383624,3.126994076,3.174302306,3.252159202,3.78914574,4.087336766,3.497138912
110208,5.500807816,5.788307481,6.42596118,5.717064543,5.72039162,5.968323384,5.095493117,5.308676391,5.071274406,5.506838303,5.178619866,4.507988249,5.198788405,6.054932503,5.100843432
110323,55.20700445,50.70549091,42.11467008,56.1826568,50.33849722,58.52429613,52.67701097,55.89683894,58.14964616,59.23628253,58.72718506,51.21711603,60.13169804,58.92862112,52.20912484
110385,0.090688289,0.174604888,0.053374731,0.050380165,0.156511587,0.103693265,0.073080727,0.140778643,0.060564053,0.141228687,0.11894035,0.140721444,0.072539206,0.060856722,0.053614711
110391,37.90092663,45.64879609,40.17196669,37.88848132,31.54732646,35.73124789,50.10092324,42.02140258,35.40649078,35.93275568,46.1388238,38.17284386,43.73115851,43.26308806,31.89306369
110446,21.30140966,19.06723906,23.46114322,19.76174989,20.19214478,20.84863737,21.16800133,20.21201544,21.20017321,20.97684076,17.61829226,18.61435589,21.34445266,19.11150467,17.46707495
110460,4.236314186,4.359505468,4.674536688,4.754955809,4.350094198,4.06523385,3.901501353,3.692156692,4.126691248,4.555211891,2.960589331,2.900985028,3.365962238,3.592202597,3.244534596
110524,2.490218562,2.219175392,2.653749089,2.053144448,2.355265567,2.194562165,2.590779872,2.112753405,2.399427022,2.015602011,1.852590884,2.744954281,2.076549226,2.751911396,2.093738761
110611,27.90107722,26.64920082,29.74544318,28.12220653,27.07105622,26.91051125,27.93960553,26.3332141,28.48768968,24.99758941,26.15301242,28.51863005,29.51230894,27.7194719,29.97101479
110639,6.009955683,6.442710794,6.840684203,6.960569385,5.270534511,5.47403142,6.739039815,5.384296393,5.453806776,5.645600992,7.373022081,5.682493547,5.716592357,5.754825646,5.949158231
110695,8.307601316,9.689227343,9.362842333,12.39738983,8.569703162,12.15360832,8.957678198,8.811077611,11.95576882,8.92235211,9.831950236,13.73933127,15.16176233,14.46238674,16.42594594
110826,1.974734436,2.328356081,1.836856077,2.298704326,2.24485921,2.782066386,2.257133933,2.28688034,2.599554589,2.773434926,2.988671996,2.951437514,3.07487256,2.59962888,2.402214737
110842,7.577817942,6.172371179,6.252738632,6.708776078,6.306216043,7.116222153,7.143810093,6.249751418,6.964135746,6.528241118,7.927666074,7.390670801,6.397044643,6.746635487,7.231622989
110855,0.005415736,0,0,0,0,0.000949022,0,0,0.001692058,0,0,0,0.010247521,0,0.000820967
110877,0.00869093,0,0.020984861,0.042916282,0.08181258,0.024367167,0.030122772,0.066730855,0.008146013,0.028002139,0.102266101,0.055715801,0.095678607,0.04879127,0.052698031
110891,7.304560465,5.256432036,6.424961594,6.952380632,6.956229385,7.662222577,5.935055715,6.045001583,7.127206087,7.974852593,6.547990667,6.131776268,6.520057116,6.044006224,7.465064636
110893,2.514031186,2.26462252,2.435640212,2.191227963,2.163539649,2.520416807,2.269639311,2.444522061,2.193933699,1.944378443,2.256213506,2.688278191,2.209090262,2.788267036,1.943259071
110895,0.53225422,0.828092967,0.636569161,0.86298199,0.395950132,0.724207384,0.982574617,0.125424984,1.136490902,0.907899272,0.413069795,0.139340143,0.760846696,0.137820081,0.647197639
110911,118.2166005,125.1756075,142.081246,126.2111768,118.4517573,118.0917318,110.6001648,106.7908646,115.77251,124.9271187,104.2892187,114.2053764,115.1327378,127.9462237,115.6640338
110935,0,0.050830512,0.020319328,0.049866236,0.052811935,0.07373239,0.011666972,0.134847636,0.021033768,0.039164744,0,0.02697439,0.063692867,0.07086579,0.012756679
110948,2.352634278,2.193730999,2.276381499,1.588181166,2.139957606,2.269915673,1.665813291,1.885347392,2.167301566,1.982808061,1.800451714,2.266573023,2.147011761,2.179116224,1.747077726
111175,0.254875055,0.92582177,0.516281385,0.643566054,0.486452242,0.823269332,0.871557875,0.73683034,0.630484509,0.705503736,0.718859501,0.865979609,0.73221606,0.600195168,0.678724218
11303,10.7859166,8.750005223,8.419989243,6.375489115,7.602154755,6.299804479,7.066429711,9.840871035,7.336869745,6.848634002,8.576614987,9.339302995,7.206548873,7.114020497,9.771263945
11363,5.671207719,6.595083475,5.107441115,5.754155987,5.407784976,5.946693434,6.351753636,6.08726857,5.315625936,5.495438848,7.493753167,7.218778196,6.149826567,6.344482455,5.939981868
11364,8.977369491,7.595341701,7.004204207,6.978342434,7.463862103,8.112664636,7.81667439,8.737466522,8.184608836,8.863992297,8.860314834,7.643816753,7.694465627,8.023791743,7.283556567
11370,4.118797502,4.914602999,4.083871642,4.317102033,4.020262994,4.30964748,3.961227517,3.957389632,4.070594788,4.000113019,4.862162492,4.513214035,5.079526047,4.652093565,4.496976518
11409,1.649293652,1.275708382,1.600401114,1.370957416,1.529571258,1.410381605,1.817832246,2.348278701,1.651519188,1.851049316,1.951504331,1.576381372,1.827058666,1.767930184,1.660099906
114143,38.40478205,35.82946499,32.56903739,40.19948125,36.51306431,42.09927144,38.33045932,35.79605574,39.26990595,37.90301589,36.56717392,36.30502194,39.44977039,35.32305316,34.93393766
11416,1.417558771,1.115525377,1.419134364,1.443376586,1.38976743,1.289955379,1.468788012,1.247731632,1.333357017,1.166501593,1.210895443,1.321263148,1.341478145,1.064484489,1.273883782
11423,21.51874003,25.30482142,25.11758454,19.92962231,23.95682393,20.40544213,24.17855229,24.43365423,19.28482139,15.53557069,20.03400406,28.03866918,26.10131787,33.27222254,19.29715858
11428,5.464567009,5.923315165,6.267215346,5.917918524,5.675469677,4.94463391,5.892774299,5.847218567,6.048737809,5.549973287,5.560601124,7.003800706,5.073795896,5.950790865,5.853667385
11429,88.82511019,92.73135191,91.38488603,87.74087989,83.50426217,92.61759515,95.01451089,95.2284722,92.99918016,86.94862837,92.61416795,89.05239064,103.9107764,99.07741532,96.07263919
11430,18.52738732,18.52458601,19.37572393,18.98040139,18.50858385,19.56998145,18.66396856,18.70929568,17.81781216,17.13621977,17.36455795,18.07141359,19.0101108,18.38490346,18.75622448
114304,0.070476444,0.031301134,0.018768787,0.065508989,0.010840428,0.037049646,0.032330043,0.166076784,0.031085933,0.044524472,0.209356529,0.128657212,0.021393653,0.008727749,0.054674205
11431,4.689751721,8.805467661,9.267084076,8.229415134,4.728773846,5.926670803,5.546263193,4.877317032,8.363703628,5.271534775,11.99118573,8.621941592,5.386434807,5.283724979,4.718898102
11432,15.18471953,14.78778566,17.6792715,14.96070886,14.55231136,14.10377388,14.5869496,13.34841441,15.10883402,13.9740394,13.22500568,14.25338906,14.28794666,14.05766455,14.51104906
11433,0.165658841,0.060643698,0.104544129,0.049577718,0.049881055,0.060697191,0.04436797,0.082954222,0.037641726,0.172525927,0.273198228,0.272084052,0.313455534,0.330261432,0.207745433
114479,0.660234949,0.557843128,0.694659467,0.891585675,0.912543439,1.10235601,0.772326581,0.759064756,0.38519543,0.479360261,0.542540337,0.975459051,0.756173734,1.18253891,0.949015185
114644,6.76577394,6.655049082,4.896250758,7.308739207,10.40174094,6.881079854,4.79554188,7.014680066,6.433080041,7.886360699,5.006776091,4.355644175,3.67818752,8.615177309,4.641400376
114663,2.721312806,2.395135588,2.32583488,2.4172787,2.659171808,2.556818933,2.375349954,2.024291341,1.771173999,2.080364588,1.667149939,2.599842793,2.189338209,2.410206995,1.867118739
114664,2.997382704,3.036025679,3.247490459,3.166325511,3.326406304,3.387629615,3.637402388,3.378058269,3.079808872,3.290370706,3.373679726,3.134287366,3.663656215,3.20553457,3.282186661
11486,0.15751588,0.341080642,0.110332502,0.231878998,0.080822665,0.234358016,0.200868474,0.080364845,0.041784825,0.39260633,0.236057449,0.259811991,0.190177902,0.197090725,0.170297562
114863,10.33695647,12.35207894,9.63845885,11.10322869,11.32484384,11.01885953,11.33268313,10.26291465,10.57787246,10.47528184,12.17191199,13.51417132,12.88152658,11.77019578,12.81682108
114875,0.100374492,0.120085858,0.036881063,0.012930122,0.079120488,0.021412747,0.154285243,0.084499888,0.021815899,0.107802063,0.096999031,0.024162318,0.058554296,0.030625376,0.058216535
11512,7.938274448,7.957606268,6.224190116,7.166030637,7.542349714,6.725492562,6.052705641,5.649813457,6.271958856,6.604624446,7.288505043,7.727619729,5.46300432,8.004350995,7.335068014
11513,0.957494952,1.183127174,1.03263005,0.808157284,0.840297191,0.663825616,0.752647348,0.948979821,0.823837067,0.750704886,0.702958501,1.115186697,0.935890271,1.046615999,0.907952915
11514,0.826420698,0.880980414,0.824371967,0.832352491,0.987429972,0.84670468,0.839151376,0.719784517,0.839626099,0.658045451,0.648975072,0.839978488,0.766227525,0.879896269,0.750090949
11515,2.069036828,1.78191435,1.937989614,1.932011725,1.881980962,2.175955227,1.90631867,1.435429079,2.082924893,2.215285937,1.7048907,1.491557347,2.094810337,1.787599908,1.904604368
11522,0.086256479,0.122590775,0.048239549,0.045099441,0.021228247,0.096025236,0.089689515,0.177854443,0.1807196,0.108987454,0.099507775,0.095365652,0.041894082,0.050739195,0.083068184
11529,0,0.102196888,0.085353312,0.050129085,0,0.038119392,0.045238385,0,0.108743856,0.085664776,0.042662014,0.091914623,0,0.061062283,0
11532,6.908503602,7.774464532,7.687037899,7.702725098,6.485465511,7.945958617,7.456448229,7.521585001,7.54535175,6.919161114,7.442538674,7.718173416,8.168412449,6.511374755,6.997196869
11534,18.19759682,20.14089878,16.89282249,18.85230468,18.85517857,18.11186872,20.30355188,17.56763237,19.13242222,20.62170313,19.24667003,18.15696302,19.51419769,17.13312811,19.68203169
11564,3.976774844,4.797789083,3.966624217,3.846462189,3.796379705,4.114833045,4.935807851,3.54023712,3.257066563,3.535480758,4.017162191,5.369254769,4.101153987,5.229285449,4.099284626
11565,4.444387302,5.480218431,4.342149274,4.937620264,4.130703985,3.899827399,6.452935502,4.216658032,4.458255596,5.401751056,4.884826509,4.876934773,5.076398199,5.300611315,4.921210871
11566,4.472856998,4.780396765,4.897244342,4.742779938,4.761473787,4.540661986,4.405519756,4.170739376,4.550446821,4.018465994,4.396315317,4.028629908,4.546488195,4.20289818,4.763079107
11593,0.773362083,0.459971039,0.909521984,0.921804389,0.712202899,0.715916658,0.807839353,0.95436011,0.528240551,0.534632507,0.683382576,0.612351178,0.598178923,0.70739597,0.77131434
11605,2.860762806,2.177161719,2.19760055,2.352966706,2.1905644,1.858414585,2.313594971,1.791042641,2.277653862,2.05468449,1.963358813,2.583981274,1.468625164,1.97003198,2.320962565
11611,0,0,0,0,0,0,0,0,0,0,0,0.006037056,0,0,0
11628,0,0,0,0,0,0,0,0,0,0.00945258,0,0,0,0,0
11636,18.23595119,16.21802157,15.01278655,16.96825427,15.54195878,17.14753213,14.98534994,17.04019678,16.33344105,16.38311917,15.68185131,16.51284915,18.01567793,15.40405706,17.05851557
11637,2.877155042,3.059737148,2.282707593,3.001692656,2.566809814,3.595960535,2.188756194,3.407644578,2.990890705,2.703802904,2.776341393,2.502878996,3.56630983,3.477681947,2.677805262
11639,6.992153884,6.421039505,7.594239776,6.404548952,7.06022297,8.675841416,7.087633899,5.241914057,8.982364781,7.026673111,6.678333748,6.424969634,8.751504851,8.17932062,7.901014115
11647,3.763541661,3.722513278,3.889605085,3.966153728,5.026758989,4.412697161,2.966374002,4.774701869,2.956782058,4.260049262,5.395823825,3.788876254,3.448337723,4.666176222,2.105738665
11648,0,0,0.024503829,0,0,0,0.028139266,0,0,0,0,0,0.018620505,0,0
11655,7.246228211,6.240841006,5.344364589,6.431107531,6.787656696,6.785496948,7.341970484,6.172822223,7.120398472,7.434794516,6.435688846,6.272202659,6.994958584,6.015623131,7.053630644
11656,7.761346455,13.1614881,6.37941428,8.769896394,11.35332783,8.313991602,6.690057853,7.220384067,14.21393015,9.239080384,9.245672162,8.983172141,3.512653492,6.27339199,2.859498001
11666,0.659338341,0.733723219,0.722858349,0.682913146,0.664194503,0.630210626,0.67925735,0.768212076,0.62288353,0.826616345,0.721496422,0.659169339,0.772847327,0.668437945,0.856476095
11668,6.106819341,7.341911912,7.205738883,8.881968027,7.642449888,4.974151858,8.091810158,8.633843526,13.31797954,6.683900431,8.251760586,9.29056849,5.786234828,14.64157276,8.333627482
11669,13.00096734,13.86649955,12.82547804,14.14737982,12.94658332,16.20576721,11.99933659,15.29164373,13.69328677,12.94661935,16.17399173,14.77643274,14.37363578,15.89536148,13.49225861
11670,0.48123465,0.360908697,0.149146111,0.385959595,0.141883292,0.156206294,0.298889445,0.249066442,0.205853565,0.461345166,0.205858211,0.186348231,0.113336404,0.268580746,0.129253618
11671,8.156467182,7.554190326,6.196804369,7.994148213,8.154923936,7.735656247,7.418057381,6.834219979,8.396309679,7.939197465,7.263249129,7.800685878,7.281135898,8.097318947,7.48404378
11674,199.846643,201.1638202,207.9867475,219.0383803,203.1864157,219.0069123,217.3825234,180.606512,210.2626347,204.2031269,178.2294297,174.5879993,225.6681263,193.3565051,191.0572291
11676,143.7771412,163.1683,141.1758621,152.3366673,145.3825449,160.2996633,158.9206592,175.1257962,181.6543528,168.101535,154.9651725,155.3612383,210.7215956,182.6607441,158.2062546
11677,5.040659978,4.760387926,5.056303015,4.857847537,4.86691926,4.846168083,5.573295214,4.228035517,5.382586424,5.358687394,4.350032208,4.868932912,5.207473901,5.359847974,5.136677626
11684,0.066997067,0.035148186,0.059809011,0.06616703,0.064153765,0.060519782,0.028454135,0.051977334,0.047760632,0.03344376,0.065696163,0.024747391,0.042851892,0.061583774,0.02574768
11687,0.013462763,0.115201166,0.060950229,0.016619964,0,0.021232227,0.013998586,0,0.02523731,0,0.013201352,0,0,0,0.082652765
11688,1.278033311,1.511763261,1.256058291,1.078128789,0.997000343,1.111377292,1.218157835,0.610647087,1.240326956,0.835001968,0.840699955,0.977599441,1.637823447,1.331287055,1.307718009
11689,0.411766682,0.350596692,0.244850058,0.497709697,0.355692394,0.170157977,0.35147063,0.459575676,0.316823908,0.352029322,0.094414179,0.266840737,0.266406967,0.138010549,0.290669292
116914,2.108464887,2.399471698,3.107405433,2.35627417,2.556928678,2.239093367,2.688540391,1.972748943,2.564518094,2.451302293,2.060609344,2.085694472,2.481815268,2.558418766,2.159308589
116939,0.560887224,0.791518235,0.412638791,1.142497755,0.529042113,0.558127558,0.578003482,0.747304616,0.610210582,0.602392089,1.212938259,0.897474472,0.527202651,0.648395213,0.70145151
11702,12.83323591,13.31107271,14.58901841,14.4016294,12.86382561,13.21083992,14.22991182,13.00230682,13.67182887,12.70725855,14.55018091,12.7675316,14.28089139,13.6380456,13.35438142
117147,NA,NA,NA,NA,NA,NA,NA,NA,NA,NA,NA,NA,NA,NA,NA
117150,5.132915908,4.343376352,4.969466391,5.216592333,5.265666157,5.599719098,4.933213072,4.251241065,5.419846916,5.676454102,4.719685812,4.519059377,5.087326301,4.776963593,5.583292194
11717,5.585553689,7.06237546,5.777333737,5.52807162,6.270375785,5.722977719,5.55185821,7.156597321,5.552298837,5.196053133,6.090834572,6.438776465,5.268860124,6.132457645,6.804252184
11720,0,0.012833642,0.025971667,0.007868864,0,0.023456019,0.031481813,0,0.002987205,0,0.00937544,0,0.014801938,0.010064324,0.030436512
11722,1.384794761,1.837860849,0.729751057,1.536944032,2.028264208,1.198491792,1.206098287,1.685662764,1.323010047,1.284023655,1.290228777,2.162319196,1.35111477,1.837334598,1.243319676
11739,45.94201118,46.21785005,42.60310749,45.45220433,43.08150374,50.24047563,46.39662077,41.91737489,48.38294724,47.9950792,45.58427879,38.87813031,50.92040051,46.42779158,44.77861225
11740,23.34861239,25.62539925,24.55054142,24.58378071,23.12131686,24.70006935,27.31430077,25.52642785,24.58564502,23.85993393,25.32806919,23.545689,28.19871329,25.27233005,25.38741345
11754,0.086615123,0.086132814,0.043039134,0.064678124,0.150255413,0.147707174,0.036244638,0.047604308,0.052472844,0.189452376,0.073539799,0.135740025,0.022893862,0.177900439,0.078779484
11757,5.186803643,6.051277844,5.401914801,6.071589867,5.344873448,5.888443363,6.267538307,5.246414554,6.111003007,5.624372971,5.295488152,5.705433517,5.844008129,5.256092084,5.335158915
11758,44.2851379,42.0473858,36.75921926,42.24158315,36.88367433,35.88619609,36.48690714,40.3960007,35.7726914,45.07465742,37.69316402,38.67625334,36.56370571,28.33076302,42.16039901
117591,0.326710003,0.242706806,0.265221616,0.255904616,0.289875083,0.177674773,0.2085136,0.252735544,0.295665957,0.278288963,0.19001028,0.307276782,0.372078264,0.215830584,0.161897793
117592,0.676074731,0.721930173,0.958561782,0.807663076,0.705521024,0.686401321,0.687682989,0.802739587,0.700465308,0.724439841,0.723698341,0.699345041,0.730544279,0.688018427,0.708594618
11761,0.362296108,0.20888886,0.293963337,0.323420864,0.396660843,0.188975883,0.199121109,0.284618911,0.386327752,0.405276128,0.228382256,0.348391116,0.260290083,0.182262753,0.401844422
11770,0.016673847,0.033571408,0.012078053,0.026347635,0.024416038,0.003506194,0.064148644,0.053436703,0.009377043,0.001790769,0.035970188,0.001457628,0.022371703,0.00702058,0.019715081
11816,486.4768723,448.8113274,383.9597441,491.771891,449.2850439,519.1001749,416.6441943,538.075902,414.4456668,514.8007498,369.1757193,397.5165041,390.3831791,404.1903924,346.8312718
11821,4.824408192,3.627903659,3.8931266,5.121697737,3.631073738,5.317648627,4.693041935,4.644795303,4.813422012,4.626107674,3.911144322,4.142730562,4.353333023,3.63790362,4.561223819
11826,0.300360919,0.258909363,0.455542993,0.4959445,0.064796079,0.35231549,0.176653388,0.378836978,0.418773562,0.216738278,1.102641872,0.672849628,0.101719129,0.133384197,0.565159255
11827,0,0,0,0.00514847,0,0,0,0,0.0097724,0.029860345,0,0.012152673,0,0.003658291,0
11828,0.158468222,0,0,0,0,0.023802042,0,0.056681068,0.042437813,0.068888309,0,0.019790413,0,0.055602983,0
11829,39.28485004,39.83388878,29.68187183,36.60248545,38.31215395,28.71146652,32.53364768,32.99816156,34.23344171,32.92780271,30.93252287,31.74058773,24.82351614,24.82067983,29.91134633
11830,0.130660101,0.073660517,0.047323201,0.02322744,0.038265938,0.065940814,0.002717208,0.020937115,0.075930024,0.067357807,0.023062146,0.009137843,0,0.03575967,0.002376798
11832,0,0,0,0,0,0,0,0.002849786,0,0.030560618,0,0.002487535,0,0,0.005176162
11833,0,0,0,0,0,0,0.007604527,0,0,0.015709268,0,0,0.001887045,0,0
11846,0.15047247,0,0,0.042459498,0.029978444,0.030134766,0.09685701,0.05382114,0.057086779,0,0.168629368,0.225502299,1.161067037,0.022627479,1.085104092
11847,0.381608101,0.488467168,0.356476819,0.276265196,0.397337301,0.375807751,0.319591533,0.447897818,0.359299939,0.419119109,0.374198293,0.348696838,0.224551389,0.479850997,0.519843615
11886,7.070621432,7.970450254,8.557829475,7.726936922,9.264532346,7.500566383,8.761269715,8.25965194,8.047064133,6.835044212,8.634312758,9.781191192,8.682163014,8.990938719,8.428781234
11898,11.16560164,10.90678543,13.06219754,12.7027363,10.95665872,10.54224084,11.00171842,11.07696742,7.844573852,9.981332776,7.763204654,10.60989503,11.66887224,10.75160852,9.357395392
11928,80.44397651,70.85258495,87.80272236,86.83283257,82.50351287,97.31054689,68.96634026,70.74886242,86.87908513,94.4849943,78.63859034,71.35876142,74.34946929,71.08996029,83.02834302
11931,279.1261284,281.6867927,296.0412725,292.9692559,307.501782,278.050978,325.0031108,246.8264633,303.3440552,284.760113,246.9090449,254.2425355,315.8095804,277.0460084,296.2363012
11932,58.3939991,65.5284966,63.34791204,61.1113424,72.69924286,57.43991581,68.06348732,68.40651593,72.17105478,55.15283578,67.91968735,68.63204588,79.84399924,77.61122898,73.65134201
11933,35.53112315,36.25664639,35.14195388,36.47158066,37.25584185,33.95024496,39.75594023,39.0114385,34.83358029,36.01323164,38.0190437,37.78719109,31.30371934,40.40610869,31.52988614
11941,45.16707074,47.99946874,52.58635528,51.43997122,53.19612125,54.13643304,45.12969887,54.69117185,50.09504765,49.38560498,51.55857959,50.47981169,52.39007015,57.03623364,54.52879718
11944,0.04436956,0.056849182,0.222788829,0.097598777,0.164538826,0.120866898,0.106950439,0.139368751,0.124762836,0.158120805,0.035597473,0.052892539,0.043712096,0.021229492,0.073373941
11945,0,0,0,0,0.044073937,0,0.002738423,0,0,0,0,0,0,0.00277222,0
11946,98.37049836,98.84758839,104.0784779,97.58672537,95.13331471,103.7255998,106.4307344,96.03369427,105.6420336,96.27510225,93.26375868,90.69692398,112.84688,104.9723044,100.7017936
11947,199.6426817,208.4215626,202.9467575,204.642198,198.334753,205.2932007,216.0582567,198.0197969,211.3332244,201.7234643,197.7712911,190.3728327,227.8688679,211.6620392,204.6045446
11949,29.7307875,27.42626613,28.19235958,29.34101767,25.75761195,29.94725147,33.37908656,26.82002899,27.65058291,27.03967771,27.14538561,25.27929141,30.99575365,25.4082413,26.88330099
11950,43.75448438,39.86749695,39.99475212,44.49359603,39.82134309,41.54119653,46.97678082,34.86356375,43.75024065,41.43057057,42.42440439,36.89421119,45.15880682,39.07757268,41.13324923
11951,16.93168932,14.59603579,11.06178878,13.89655752,13.05923125,16.84750688,19.53639987,14.08659088,17.43060917,15.60995479,17.28877006,15.64091336,16.3654093,18.41474427,15.59205793
11957,37.05787184,38.32438072,30.22616843,38.22208804,34.2698934,40.41870452,33.8922796,38.01162024,39.5663605,41.37284813,42.4093442,35.60510371,38.8435914,37.91255596,36.23333821
11958,13.01919702,15.44602646,9.277917457,14.85537231,14.89232631,19.18072937,15.61950126,15.84913378,14.6007951,17.08984354,20.31197133,13.8988661,17.66723868,17.13760232,15.4169865
11964,69.1130265,65.11315522,76.57983172,70.94149233,68.54095441,69.34173335,78.76795895,51.30263638,72.66694554,69.41425101,58.98923337,58.36291835,75.79912909,59.85022059,68.5012561
11966,101.3096617,96.333856,110.828785,99.14546719,99.74121097,97.56090884,104.369291,88.16396541,101.4170529,93.46447165,83.79766906,88.27417195,108.3030195,98.10620716,97.72953508
11972,33.83122103,33.2881168,36.24986636,36.21395247,34.06583733,35.53977685,36.34560682,31.30272666,34.76546093,31.66892488,29.44924132,31.3640959,38.48803764,32.9245065,34.98616232
11973,58.21782526,54.76684123,59.93485892,61.86192494,54.98736707,61.97950359,58.82287464,50.01813798,58.06479894,57.23220582,50.2723822,47.23070657,59.79097486,52.99182862,55.44493355
11974,4.716158726,5.543239662,3.835934195,5.38234262,4.541783243,4.387446426,4.295006756,4.942294168,4.817208178,5.364434797,6.513156927,5.448842733,4.237696742,4.117804419,5.357878804
11975,72.69819536,71.90417347,77.03546682,72.46269621,76.94095811,74.51272445,72.09307671,65.97368619,75.25309173,71.72303562,61.08168805,68.0900187,70.95520747,71.1140388,73.62034319
11980,33.31471364,31.37531433,37.08019611,30.69418688,31.88299087,30.01138648,33.06002132,29.93039354,31.19645066,28.65770685,33.52807208,36.17171991,32.05678167,35.37854209,33.43100116
11982,1.33488949,2.057444427,0.927092246,1.876805761,1.596897329,1.545771549,1.327122105,1.520952201,1.514302706,1.264492101,1.970385266,1.668346984,1.298529407,1.539074291,1.478628739
11984,46.7281181,23.32443378,24.68119708,25.6874776,45.75569995,48.67154344,43.44738811,21.86488446,44.37003384,24.2664374,53.2524022,52.90062624,66.68302466,63.77287686,64.10288057
11987,6.981405661,5.214562483,5.653836886,5.00361874,5.107393473,5.100236255,4.556453559,5.140285854,4.879848728,5.28292652,4.649168799,5.516461815,4.657317797,5.97779005,5.220171147
11988,2.903174326,3.465737829,3.101353054,3.514254428,4.143986368,2.949156431,3.063484867,3.757716912,3.120870404,3.165685474,3.924577055,3.000149183,3.36846748,3.351946632,2.995383935
11989,1.888464789,1.864627346,2.187304518,1.305823304,1.756418728,1.243529681,1.308117378,1.382863433,0.97523193,0.880787749,1.173442278,1.243658427,1.54313848,1.512183919,1.438542478
11992,10.58568909,10.05773995,10.23267576,10.97081499,9.741156566,11.40104252,11.57201485,9.354792425,11.38222309,11.00334509,9.415646586,9.413352117,12.2884603,10.56724501,10.37252402
12012,0.025781437,0.006488599,0.00145901,0.001591377,0.016853825,0,0.01005283,0,0.018123716,0.01038346,0.037921246,0,0.011641397,0.003392301,0.01172456
12035,19.01324277,18.59309971,21.18802566,16.63778651,18.19294698,16.14855927,22.16356233,16.04671391,18.36053107,14.17187268,17.14537777,17.99045135,21.27878781,23.01971276,18.93500607
12036,1.230220236,1.416401297,1.143399924,1.639876931,1.846206668,1.826492411,1.339636308,1.537180975,1.351443025,1.933178101,1.495943703,1.581675943,1.346511119,1.532423103,1.385440576
12038,3.471944226,2.385298362,1.461469889,3.007511684,2.076321528,2.376952764,1.617668378,1.576673471,1.21972463,0.925099651,1.956954088,0.81555795,1.25007921,2.667082808,1.125739055
12039,1.807513289,2.177109319,1.833698356,1.837157437,1.679708262,2.040130656,1.757967362,1.977723766,1.717802933,1.786260638,1.305163273,1.636203322,1.740212157,1.565043293,1.448133862
12040,3.100045947,3.720634651,3.960928133,3.948979383,3.149186955,4.234210455,4.982566193,3.934343167,4.604882164,3.726377783,4.223924999,3.72110964,4.232078605,3.873597019,4.100446395
12091,1.263011707,1.076536478,1.501206022,1.142788975,1.303088502,1.208583091,1.0474499,1.075750737,1.228527779,1.174107116,0.984990356,1.065763795,0.912681008,1.133680029,1.215561495
12116,0,0.004869863,0.02336054,0.00238874,0.005059695,0,0.004191619,0,0.000755685,0.000865896,0.004743482,0.014096214,0.008321118,0,0
12140,7.397751445,8.262721273,5.818916693,6.40768985,8.75055204,5.951537759,5.980436887,6.19220458,5.641198833,6.807448314,11.51564294,7.81389384,6.402532048,5.977024313,8.516734376
12183,10.75386125,13.37897771,10.2968164,11.62560415,10.43164656,11.07700223,11.96573489,11.27161804,11.42288054,11.45808162,11.35741332,11.6109745,9.914054226,9.306579574,9.495117673
12215,63.46570875,62.96997107,68.06452267,65.64757138,64.09831805,71.79105842,60.56403576,70.13431637,65.68664244,60.40037711,77.46179861,74.13354123,63.06455509,68.63766621,68.53328697
12319,0.402536398,0.290559312,0.275824347,0.332449822,0.370830648,0.295385455,0.371977155,0.456339828,5.428526305,0.342284761,0.473162233,0.494558298,0.409511487,0.412944939,0.37135955
12346,0.028996034,0,0,0.0035796,0.060656863,0,0,0,0,0.038927125,0,0.025348328,0.04114918,0,0
12349,43.55447295,50.7575338,43.94589477,48.13693543,40.09323334,39.01321199,59.82540345,49.60300173,46.25281948,40.5444496,55.01885355,40.79271095,43.71578924,49.13658218,43.9478869
12350,0.149172501,0.403987137,0.019023988,0.165999301,0.167014955,0.117078289,0.216279605,0.05260467,0.084679393,0.040616887,0.144215745,0.123059726,0.14962336,0.059713338,0.053506663
12351,4.022669484,3.539791898,4.108486562,5.178211377,4.767648827,4.198901838,4.152556941,5.022400933,6.505874843,5.118422993,4.103319388,4.006548138,4.704492736,3.972204695,4.542297861
12352,0.018394972,0.081480851,0,0.065401467,0.115441438,0.061889815,0.007650839,0.077375291,0.048276527,0.134341984,0.140694769,0.009648529,0.045564883,0.061962121,0.070269656
12353,0,0,0,0,0,0,0,0,0,0.002670566,0,0,0,0,0
12354,1.247349818,0.994789344,0.929579741,1.489874472,1.414801017,1.215664515,1.143292451,1.320208168,1.871385793,1.452739449,1.032512019,1.311705929,1.239316231,0.933595672,1.324206925
12359,6.019634465,6.955576216,6.228150292,6.52738773,6.8785915,5.862494103,5.699519913,5.882616354,5.268626962,5.886972901,6.791183547,7.383473055,7.256085528,6.256451707,5.637638422
12408,8.111262529,7.175245638,9.264083882,8.686696129,7.667462786,8.134698932,8.928908417,7.946770099,7.512480666,6.655643091,7.099140276,7.18902395,8.330208714,7.603882364,7.46744627
12411,2.568815815,3.018558683,3.301202427,3.488730061,3.919501175,3.670166378,4.119816192,3.752954724,2.860778978,2.947958421,5.268994483,5.456349903,7.103907495,5.01547297,4.914367991
12491,0.187064174,0.15934693,0.165826431,0.176995001,0.173767939,0.287455714,0.149622607,0.259402194,0.169204741,0.0842965,0.369429258,0.362513816,0.348332645,0.148715249,0.283172418
12495,6.76668703,7.151360294,6.208048222,7.197719249,4.924042878,6.51103995,6.006611461,9.09737156,5.261493333,3.421622151,6.578495875,6.527695855,5.597963668,4.678348524,6.068327147
12496,1.367171237,1.437855475,1.115745449,1.541327589,1.131745828,1.499017594,1.04831974,1.522217917,1.095317862,1.140219316,1.253246674,1.457809061,1.84461454,1.452529887,1.296749421
12497,8.341231954,6.232137544,8.112972483,6.866267324,7.571030884,7.541113041,7.672350081,6.417525158,7.140299264,6.430132597,5.876236067,8.462743332,8.197376174,7.431231999,6.283430728
12499,3.650428624,4.090800177,3.900485611,3.524817641,4.626137236,3.902666188,4.065584848,3.626706003,3.925352607,3.783657395,3.802421686,3.897377138,4.144825594,4.356629344,3.582790858
12583,4.198488314,4.201018476,5.355068097,4.423113673,3.978573662,4.759023238,4.223269324,5.811506029,3.508603822,4.806591184,5.262473715,4.129455324,3.239253647,3.672280703,4.145821311
12613,0,0.040841113,0,0.011447526,0,0,0,0.026119338,0,0,0,0,0,0.018301817,0.002635635
12642,0.255999755,0.472481417,0.286528744,0.316035168,0.293795737,0.325234331,0.488012488,0.284872752,0.233283462,0.347497879,0.289380566,0.273527152,0.328435412,0.013099426,0.546528944
12647,1.075193957,0.480507747,1.164619726,0.213367047,0.22597107,0.581079832,1.180677892,2.777576252,0.183660814,0.442476903,1.285872076,1.800808849,0.969693616,2.046732897,1.060182021
12651,0.510976506,0.312110538,0.311912882,0.584028446,0.504430754,0.49800643,0.441766313,0.534746247,0.839487785,0.410049496,0.278676496,0.459243203,0.557004453,0.52578397,0.407309872
12660,7.5995757,8.375880649,5.8330205,9.033191676,9.364548479,7.215996037,7.392498737,9.216000341,9.404757996,8.935738384,9.366314487,9.450093593,7.889963828,9.42158894,8.521445396
12686,0,0,0,0.001411675,0,0,0,0,0,0.001535156,0,0,0,0.006018468,0
12709,193.8224115,203.8227352,203.7523919,210.83627,185.8481409,222.5339933,230.2808551,226.4270345,218.1458793,216.3704146,223.2239084,221.8282409,254.8925448,237.8147267,225.0301629
12715,0,0,0,0.006489214,0.020617634,0.103625718,0,0.039483109,0.010264406,0.007056834,0.021476781,0.021061455,0,0,0.015936552
12716,29.05854077,32.69355658,32.24856683,29.82556748,31.86748984,32.50957524,35.73374068,27.6337996,32.46220926,25.87156015,28.47867293,27.30345698,35.43605762,34.43330098,31.83980013
12764,12.85529532,14.18142729,14.30657374,13.09462832,13.80551355,12.62088856,14.00591091,12.09754299,14.24338033,12.82497989,12.32481604,13.85584289,13.31089161,14.37885752,13.23174158
12780,0.017579777,0.038345041,0.042447608,0.02893663,0.070485743,0,0.054838373,0.067490681,0.032955068,0.031467759,0.025857637,0.030736476,0.018144009,0.012336707,0.031978844
12846,5.976015686,7.54516744,7.493045222,8.178509068,5.964499746,7.914354806,7.592290446,8.094337109,7.353080661,5.573836292,6.242639232,7.210911634,8.434354212,6.614747042,8.080017904
12857,134.078819,131.4971565,117.0008694,124.858393,109.8141117,151.4678184,131.7564302,139.4011965,129.1319981,147.3497346,147.7345277,122.2783292,142.7787064,135.3253446,118.8930205
12858,16.34720586,16.22394731,15.6118675,16.09592994,16.94994751,18.59847677,19.03153907,15.8960369,17.6759541,16.34422903,17.00688087,17.67799578,19.69287863,19.46775907,17.02888286
12859,41.05861109,39.10020485,28.35923549,38.06078696,38.48281163,51.20097205,35.31162752,39.78292781,38.01178905,49.72829947,47.35461889,39.41871908,44.37160161,41.90683075,40.71897927
12861,73.5304511,76.28686735,65.62900299,79.54224314,67.8075121,91.41348788,82.17573524,96.7039768,74.47168372,97.85030377,85.45925364,82.32651118,89.15672201,83.73132522,76.60019753
12862,1.214757009,1.317818364,0.932468311,1.7547956,1.092316362,1.067511872,0.904910856,0.973269853,0.53021018,0.607537258,1.052496193,1.128509767,0.651199027,0.736680338,0.808034864
12864,48.95619593,53.4725495,41.32662572,51.81470796,47.66498181,62.50697585,51.99407704,50.89046158,52.8020581,63.18827481,66.26076101,54.25403553,52.11312654,54.27152816,53.6322417
12865,0.681498645,0.880457137,0.154268103,0.560879544,0.427688519,0.489629616,0.566898012,0.455016985,0.734584388,0.286672029,0.85203885,0.799319383,0.849907459,0.884754192,0.759312403
12866,32.88152413,37.06788924,31.78216648,35.75067774,33.17036779,42.08912606,37.26093044,37.09106394,39.15906824,42.13013315,41.26164767,34.60647735,36.68611969,35.27791949,35.02543629
12867,33.72471162,37.73413864,30.79525115,37.7584594,35.51125073,44.54541722,36.36200526,37.26917305,33.81860741,42.96635848,44.20947016,36.38251268,41.13417365,40.22170965,35.31288093
12868,80.71488121,73.21472615,60.69851707,84.15481427,70.02792888,103.908911,74.30530119,91.98214891,77.64453486,104.8478744,91.13145844,76.37202887,87.80022643,81.04514584,79.97916183
12870,4.370655662,3.763137641,3.172225338,4.082506817,4.277953827,3.603705857,2.882238988,3.994808409,3.510154635,4.597725895,4.64669779,4.086273327,2.103519786,3.547380541,3.142550985
12892,10.49144736,8.736042792,10.36970821,10.68536426,9.378449002,9.792860815,12.00025247,9.117893155,8.972926665,10.32030419,8.821271519,9.475526439,10.27305823,9.880250571,10.00767283
12894,6.269413972,6.111888813,5.065348001,5.709341592,5.478607841,5.531343399,4.980325769,6.85149693,4.831405587,5.002175535,7.702911845,6.276957312,5.45644664,5.906791045,6.112541652
12895,0.101121806,0.090489053,0.013564762,0.07027818,0.086181705,0.003937777,0.003894314,0.048761637,0.105312802,0.092515096,0.069778057,0.029466889,0.007730916,0.074905174,0.047690129
12896,2.395764561,1.936460119,1.873753428,2.252922568,2.120895339,1.529604472,1.985672794,1.776927942,1.643483246,1.528912439,2.325412302,2.576994275,1.752361864,2.218507494,2.210611852
12908,12.16316732,9.646394897,11.5744965,12.14939321,12.57707194,13.11852267,11.86290598,14.81952442,11.81712339,12.78733347,14.36996521,11.23188243,11.96858774,13.1596016,14.1335671
12934,5.959240946,6.278804388,6.066296451,6.413853644,6.334575355,5.876056417,5.827367118,5.63960536,5.676557211,5.868160606,5.67581943,5.843714497,6.207501058,6.709713378,6.104787147
12974,10.60599556,10.46777393,10.18637131,10.56743719,10.63740103,10.79345675,10.60944884,10.741118,10.4782514,10.05776995,10.82016913,10.01283121,11.72344112,10.68872365,11.24456767
13016,37.24872811,35.85266377,37.19144384,37.37389218,38.66199852,41.46996586,37.73138851,38.99530611,38.36957317,40.89885573,37.73941639,36.42399649,41.00577833,38.69851815,38.05940425
13026,4.54567858,5.124549013,5.654887883,4.205778945,5.127766661,4.830406288,5.299585586,4.728031532,5.420328198,4.956881805,5.507069368,5.073879534,5.689596322,6.122847752,4.967873531
13070,0.140438726,0.042414259,0.161072114,0.138698809,0,0.044297397,0.182535292,0,0,0.135747895,0.133121389,0.004092384,0,0.081306775,0.146894025
13074,0.079552323,0,0,0.003273614,0,0,0.020679633,0.099590234,0,0,0.032503179,0,0.034210665,0.013956573,0
13075,0.084333519,0.058088976,0,0,0.092851294,0,0.08769002,0.106687056,0.016641232,0.004767057,0.043524204,0.027161602,0,0.023361127,0.080741353
13076,0.003710085,0.009337436,0.000839837,0.004580151,0.01067156,0.005851204,0.019288739,0,0.016517958,0,0.016371203,0.012973423,0.000957291,0,0
13077,0.11321728,0,0,0,0,0.093976757,0.030979833,0.089516738,0.139629758,0,0,0,0,0,0
13078,0.444389353,0.521932309,0.382965513,0.538017572,0.799146147,0.596337147,0.315144072,0.459699023,0.38912332,0.613338364,0.664152518,0.473679197,0.329907763,0.448288299,0.558417166
13106,0,0.002434704,0.008759384,0,0,0.022885217,0,0,0.020401581,0,0.061659502,0.067655506,0.02496102,0.081464724,0.013198152
13113,0.067566918,0.087334568,0.037765064,0.058491571,0.090738955,0.030696383,0.055510995,0.094402045,0.071930946,0.034939558,0.067072911,0.054691656,0.029271697,0.047415465,0.028071797
13116,19.49219267,17.49962454,22.77514718,22.00974266,21.60494672,23.35415505,19.15297221,24.11442277,19.34167568,21.38110487,18.7930317,19.25180144,20.77714731,19.68822885,22.05209275
13117,0,0,0,0,0,0,0,0,0,0.010184999,0,0,0,0,0
13121,9.210671557,9.251298485,11.3501369,12.08919953,9.618205487,9.077901058,10.27986229,9.098227036,9.432586688,10.38573181,8.861024228,10.91360579,13.08006371,12.52791378,9.371684221
13122,0,0,0,0,0,0,0,0,0,0.03674955,0,0,0,0,0
13124,0,0.011456848,0.008014715,0.001248834,0,0.018613028,0,0,0.016593034,0.019013,0.004959788,0,0.011745765,0.011979497,0.006900643
13139,0.777042713,0.79679559,0.508289393,0.704653179,0.784549156,0.560855777,0.557668999,0.672137314,0.769837825,0.874873843,0.612773916,0.687708087,0.611176098,0.750032773,0.536847877
13142,0.048415999,0.112990033,0.219194692,0.043469241,0.12890376,0.064787962,0.086956041,0.030856603,1.074688973,0.094543117,0.112215738,0.13659515,0.297548247,0.354433535,0.152124517
13162,0.291811964,1.060156278,1.142822424,0.064121995,0.885812591,0.753903784,1.427364212,0.677395011,0.167185517,0.786196051,1.089312818,0.348660149,0.716493927,2.599312815,0.732644234
13166,0.233898943,0,0.035297842,0.051333585,0.067957455,0,0.0405347,0.130139647,0.219233601,0.293074991,0.395004156,0.039758914,0.435872032,0.02735665,0.147735605
13167,49.46250433,43.39976097,33.40841669,50.51383316,38.74677521,45.31054897,44.39100479,36.50204667,41.2163643,49.10843605,47.15521224,43.5347188,45.80115602,38.99432272,36.01073674
13171,4.80723575,5.083056666,5.379919152,5.205993625,4.837296367,4.170257545,4.796478101,5.493749487,5.264230675,4.42600663,5.207839534,5.308584191,5.043399801,4.843150372,5.274236282
13177,3.19823924,4.189561765,2.584344583,3.537261294,3.077859643,3.813983646,3.40389824,3.042248844,3.347853806,3.786841368,5.269740068,4.113640049,4.170077196,4.877392459,3.788140591
13178,2.750221945,2.688086836,2.53164415,2.891202281,2.926434529,2.811442198,2.615925032,2.088202469,2.529551482,2.685585348,2.450125441,2.374252993,2.5611339,2.525831095,2.86372205
13180,2.56356532,3.60304591,2.704329117,2.521972659,2.587646175,2.077771292,2.494790878,1.899398127,1.614329246,1.876497486,2.308779809,2.354209683,2.055024663,3.777892421,1.770244789
13195,2.54795565,3.492021713,4.104778271,1.744031725,3.538430039,1.965435402,3.827152191,2.397676429,1.009664817,2.560389342,4.272155425,3.065462506,4.684050214,8.420616638,2.067353244
13244,8.269847557,9.098054406,8.709870093,9.189575111,7.516043226,8.291441574,10.17614393,8.918150415,8.742492656,8.634052485,8.891970869,8.719657795,8.853422647,8.868433073,9.0776766
13340,1.512451258,1.310494431,1.83731547,2.380528104,1.881025035,2.117628125,1.528310658,1.703129377,2.209890659,1.330744672,1.500300059,1.241055559,1.739615372,1.919444899,1.462316947
13350,2.835592514,3.90175203,2.549529945,3.340270582,3.742011836,2.678344717,3.000116793,3.672582397,3.145273089,2.782149872,2.806519184,3.660394114,3.316360082,3.214979003,2.796001765
13358,9.016813498,7.883943079,8.161223446,7.841755242,6.918374122,8.447849638,9.156883173,8.658084195,7.172732157,7.311058473,7.603682411,8.526341377,8.155152567,9.192370506,6.634890406
13360,6.356731436,6.087549087,7.211098993,7.606990963,6.764023267,5.974259971,6.763612568,7.003974278,7.00979878,6.439006008,6.395292293,6.333295996,5.754424161,6.082678009,5.969487807
13361,0.13142809,0.102598109,0.157418518,0.121146486,0.121067731,0.147881297,0.123712331,0.12423658,0.130967887,0.142144135,0.139728833,0.112475584,0.198472015,0.064561281,0.202166774
13370,0,0,0,0,0,0.004283212,0,0,0,0,0,0,0,0.025729297,0
13371,0.954406917,0.866392529,1.003744664,1.025718181,0.918659156,1.288383775,0.946430019,1.469760777,0.956173348,1.06177265,1.668216776,1.171372325,1.146104687,1.28584291,1.20438543
13382,16.08668721,14.27156518,16.9045473,16.12694981,15.82832736,15.80363199,17.58106001,14.37174057,16.64373959,15.08339951,15.85000896,15.69434265,15.73244977,15.34914432,14.30548249
13479,0,0,0,0.015594824,0,0.018973902,0.01407336,0.036146849,0.010571715,0.002422704,0.013271868,0.007888007,0.023281796,0.018996069,0.016413681
13487,0.005174939,0.003473104,0.064038184,0.052811872,0.016238199,0.07798706,0.016142711,0.010365473,0.042037436,0.046315647,0.060893471,0.042223357,0.037387222,0.034499657,0.015689295
13521,1.572441579,1.512049676,1.408293284,1.516174483,1.782632387,1.488157461,1.092808184,1.173546603,1.241733038,1.513649204,0.880526762,0.882683768,0.76262219,1.585266369,1.033729333
13595,1.974043299,2.756359834,2.205228582,2.586371038,2.624089589,2.702030382,2.58959421,2.322842711,2.640790412,2.392519005,2.651866415,2.663360978,2.068939942,2.322407991,2.715426978
13806,120.7509027,99.55439288,106.40391,120.3489032,119.4778848,104.4151606,109.3697223,98.45238864,126.5411824,113.1154012,117.9962259,116.3204052,131.9377719,121.3815972,102.6435684
13807,129.8158814,132.8148161,137.5944211,134.5244834,133.2691111,133.1138676,138.0843775,135.4800589,132.1111783,121.8971435,118.0565392,124.646875,145.9975124,136.9545747,136.3069441
13808,1.021762128,1.24738959,1.163365133,0.926266516,1.240185763,0.861833841,0.828535734,1.09203086,1.250725226,0.794365637,1.181371002,1.486485181,0.983727709,1.007316371,0.870378466
13861,0.086290754,0.049304389,0.012670242,0,0.063423066,0.107891018,0.072750125,0.058392413,0.069950589,0.062619019,0.066320036,0.067280188,0.134793967,0.297046934,0.048787637
13885,10.96502218,11.959042,12.3902328,10.56338638,9.671676471,10.81403257,13.1701268,10.65672753,10.0867174,10.5906242,12.54525702,13.03017013,10.75074653,9.88963871,11.90303944
14042,3.727344674,3.324570081,3.436466979,3.640924228,3.920944153,3.01724405,3.115081661,2.977041069,3.333600188,4.226139729,2.831126905,3.141404705,3.386379961,3.304668267,3.704281961
14043,7.65910298,7.62922624,8.090881369,7.254204427,8.555122278,7.109866724,7.012741478,7.550882923,7.417056409,7.384657051,7.255347246,6.860232095,6.997803156,7.115026289,7.104893978
140483,2.550280738,1.826230399,2.133847693,2.210164054,1.855381181,2.331800199,2.463726523,1.595412272,1.970864439,1.985577289,2.253551201,1.600224855,2.221098154,2.042228123,1.723061336
140494,0.078636201,0.06089518,0.054770954,0.050778977,0.066432381,0.184436658,0.03773813,0.078754684,0.019843856,0.09095172,0.059314843,0,0.112375481,0.031836575,0.04401377
14077,8.170315399,6.475741067,7.03169162,8.808832841,7.790514731,8.404455559,7.059330905,6.946380202,8.332015852,9.087032641,7.247814169,6.553174115,7.276047061,7.300991497,7.175033805
14080,0,0,0,0,0,0,0,0,0.004179336,0,0,0,0,0,0
14081,8.540493192,8.44990537,10.32833929,9.443471865,9.704743305,9.0657214,10.29772068,9.740567946,9.12250791,9.42563804,8.840290744,9.01605958,9.012051812,9.58334932,7.786520248
14085,7.229236982,9.43803526,6.593592692,9.224248855,8.00297097,7.68715989,9.52270575,8.414521924,7.429933622,10.03740421,7.278590846,7.913842428,8.253984397,10.07225478,7.540466293
140919,10.1267517,18.15631722,12.14041012,15.8009725,15.7870508,9.272098759,14.77817434,8.393154708,9.441254041,8.906540601,11.8716249,13.5856955,16.1114134,15.95178535,10.93175227
14104,44.89473421,46.41562921,51.27939585,45.89205854,46.16595035,44.94638964,41.40358864,42.05063747,45.60604319,40.69504781,38.50842146,40.745309,47.99435264,46.20008326,45.31982905
14120,0,0.076717828,0,0.004181248,0,0,0,0.093281732,0.003968249,0,0,0,0.148565803,0.026739203,0
14121,0.058258798,0,0,0.075706607,0.0449001,0,0,0.039921343,0.002874,0,0,0,0.031646655,0.00322764,0.039044096
14137,9.871451895,10.37572427,11.05823231,11.13726546,9.268174698,9.28970424,10.21133238,7.7730368,10.08015821,10.42985434,6.519833503,7.286316406,8.948099395,7.844051352,6.946609627
14151,5.675278812,6.071614537,5.364888081,6.50059005,6.329515584,6.698944872,6.698040156,5.457164526,6.759026675,6.175706683,5.505388631,6.739273343,5.677002894,5.438366659,5.689976189
14187,0.438966462,0.361131799,0.288485042,0.179471285,0.150577325,0.069477872,0.117790315,0.134724668,0.21014587,0.309230227,0.384158724,0.245513895,0.124224844,0.236003892,0.446479106
14194,12.19763259,13.59269963,14.74022759,14.17490882,14.10145697,13.47154151,15.9447712,12.68404459,15.58623566,14.45431686,11.91792881,14.15485631,15.38940332,14.65870237,13.65060386
14204,0.045512404,0,0,0.002809284,0.023801873,0.01794449,0.035492859,0,0.055989675,0,0,0.027353519,0,0,0.010348781
14245,2.813232439,3.140179896,2.607280567,2.440451843,2.834128465,2.01538948,2.888869908,2.50616176,2.780261447,2.210091782,2.605022878,2.816377412,3.040307308,2.942279188,2.672698319
142681,0.061427926,0.127545034,0,0.037916804,0.072281926,0.113024859,0.067864826,0.280687194,0.028788213,0.119576979,0.169411387,0.063769085,0.166423651,0.113156905,0.048886991
14275,1.254311672,1.129595372,3.643057064,2.350896023,0.268257853,2.292081742,1.170893504,0.991315622,1.292106841,0.834961725,5.395303496,2.585402746,0.794112886,0.847879914,2.937755016
14276,0.007238945,0.178543938,0.193360798,0.182306146,0.140074265,0.175054465,0.056452931,0.123247487,0.105168538,0.093295401,0.188107179,0.02847728,0.011206924,0.022859867,0.10534518
14287,1.070624202,1.663838191,1.179512158,1.732783998,1.571154955,1.468065742,2.023294753,1.671548707,1.61398886,1.783795989,1.149629799,1.647680558,1.008352637,1.722600324,1.362537725
14317,0,0.057391585,0,0.014687698,0.02592555,0,0.010309239,0.022341536,0.004646495,0.071876036,0,0.030335796,0,0,0.004508853
14319,536.1461686,619.6416713,482.8198945,517.519161,398.739885,499.2513033,635.1072731,514.5565979,547.4668631,676.6264318,591.2947772,553.6507598,521.4861749,558.9856107,590.4620311
14325,47.83209245,75.73564683,58.06730938,43.20619168,39.17330164,45.04730402,35.22865017,80.54889173,41.07925139,50.2022191,83.83387679,88.42483516,71.25040339,71.16056371,62.48644545
14345,0.052656471,0.030465355,0.040006125,0.02450768,0.024689281,0.038817933,0.036501477,0.020609397,0.027797608,0.026001368,0.02492677,0.024338905,0.058719214,0.077089464,0.030277122
14347,0.023428699,0.011792935,0.031820761,0,0.073515813,0.055424369,0.033496607,0.105587997,0.060389261,0.050324779,0.074664772,0.061444093,0.048361309,0.015413645,0.071918621
14348,6.215928137,5.989872781,5.399475349,6.432689242,6.127166523,5.086715827,5.838702687,4.733281271,5.996272137,5.291240986,5.646742008,5.791060618,6.308536162,5.451124557,6.65063399
14377,NA,NA,NA,NA,NA,NA,NA,NA,NA,NA,NA,NA,NA,NA,NA
14378,NA,NA,NA,NA,NA,NA,NA,NA,NA,NA,NA,NA,NA,NA,NA
14381,6.26793848,5.841713482,6.728340369,6.296518019,6.32485609,5.410274631,7.176399936,6.769440834,6.515299763,5.801300875,5.744275163,6.468066452,7.138226084,6.68352791,6.541767011
14385,2.523360098,2.34705656,2.08345979,2.425056206,1.934188989,2.310979742,2.346321146,1.844969001,2.303714345,2.164548561,1.83855744,2.195689425,2.212971558,2.678349068,2.188633254
14387,52.08346977,48.20729152,66.26263297,42.83051112,50.18433198,57.65259041,50.39656076,60.77025613,38.93839317,34.21577702,49.80066958,88.00684642,65.81336887,95.59602152,59.35677235
14411,0.427060673,0.711701197,0.459845211,0.464516687,0.660972399,0.53092844,0.495064471,0.632886528,0.692383465,1.056783334,0.495165217,0.393516712,0.226340018,0.950712854,0.246703396
14412,2.823661656,3.041852226,1.701296495,3.515820374,5.702568893,3.601418963,2.370787188,4.072727831,2.542733534,4.446881269,3.485625231,2.101638296,1.206569918,3.800074748,1.759350067
14415,41.57147428,40.0119698,50.10632409,36.05189478,40.28606512,40.65468839,49.35637933,48.62485165,41.74541008,35.97286255,39.9965445,44.73917475,46.20404075,46.68421894,44.88847534
14417,29.92765923,28.11534685,37.4254376,21.10418313,23.55465139,23.80698313,28.31109458,33.3092687,21.75006078,18.21877258,25.56829456,32.7513943,28.18672644,32.95543031,27.57035279
14420,2.138587068,2.120333383,1.919993142,2.350037917,2.501053055,2.273035799,2.445939201,2.231321658,2.099199497,1.987997361,2.464142443,1.979392905,2.352948486,2.034350826,2.151295381
14421,5.184522284,5.290068098,4.659326119,5.613334448,5.386744671,5.449524817,5.644450586,5.552952601,5.914981852,5.654450067,4.573216724,4.951177078,5.915034325,5.099514385,6.024206916
14422,0.010023477,0,0,0,0,0,0.011911331,0,0.022816454,0.007689429,0.014041212,0,0.002955767,0.021102095,0.014326248
14423,6.895655667,8.54100753,10.14934987,8.056129181,8.403512894,7.38161245,8.700852873,8.259568942,8.06318985,7.384717561,7.790116041,8.180143819,8.788094472,8.013787535,8.470875309
14425,0.371002497,0.615513788,0.446114195,0.310712364,0.285605122,0.567947619,0.271581037,0.285359229,0.586986525,0.344266121,0.128057115,0.607146358,0.266505367,0.193702699,0.475115168
14426,0.185090629,0.154138773,0.127668922,0.1234601,0.171296746,0.146208641,0.183892443,0.150916015,0.165764982,0.136861258,0.173419588,0.120719283,0.113018463,0.136178797,0.161295244
14430,8.513017671,9.802229509,6.441059721,7.086617374,7.578157013,7.373342862,6.843596154,7.403546469,7.526686617,7.928343442,7.972994501,6.354095015,7.144655452,6.349135409,3.917238755
14431,2.961733768,2.436231275,2.48166107,2.439293609,1.550778133,2.334549655,2.709020681,2.309421181,2.381844365,1.722507885,2.509306165,2.330544012,2.258568426,2.258492474,2.129755612
14433,318.707462,292.7916386,297.181355,296.3956521,286.2534805,298.6843936,313.5311568,286.8019983,338.048506,315.4941098,290.3045662,263.246111,317.9187756,279.0873661,290.9924821
14447,0.266852424,0.366984994,0.323605223,0.30590201,0.43362441,0.323156514,0.356751306,0.238620087,0.314884366,0.327541859,0.383160907,0.297851563,0.086067871,0.140448892,0.281718839
14450,5.427733622,6.129713077,6.225765306,4.892281919,5.339820635,6.015311208,5.512976905,4.602599064,5.235536052,4.776418673,4.759431994,4.742104486,5.145928972,5.716808703,5.300440584
14466,3.222094981,3.092787848,3.632681071,3.964460866,4.142480355,4.044099189,3.459686646,3.648246024,3.357732046,3.672002027,3.315312926,3.831960292,3.775839206,3.215034673,4.176116555
14537,0.660832962,0.769506828,0.743736675,0.506719714,0.63522153,0.56146944,0.566159977,0.471902476,0.468911274,0.722228981,0.556733558,0.5624439,0.579976479,0.462926801,0.675123847
14544,12.20079886,9.14139336,14.10590716,8.728423777,11.19327301,11.16768035,9.513498611,9.958888365,9.811616867,9.707393223,7.79615477,7.292418361,8.826932427,6.599581745,10.138329
14555,8.088422942,8.177030508,9.467202851,8.643963142,6.881718391,10.12668633,10.31781759,8.197859364,11.155457,9.470528319,11.22538113,8.789295943,13.28045637,9.527996208,11.93017676
14571,21.80787403,24.32629598,26.46231487,22.07394299,25.75318959,22.79247093,25.65501172,23.80044751,24.8960938,23.97910909,22.77745826,20.78400089,25.04548851,21.93121053,26.82045653
14583,11.18445748,11.81482193,12.58581964,10.71436694,10.96039612,9.736177042,10.51799842,10.11993659,10.33088982,9.697392993,10.38443201,9.497080422,10.68280187,11.88341567,10.75606133
14584,0.383603713,0.535692609,0.326591165,0.386394684,0.338205517,0.249846042,0.441229277,0.328934331,0.402507281,0.303523493,0.28378077,0.433279291,0.268907324,0.296592124,0.419916244
14590,1.071639801,1.104094239,1.190757655,1.037294972,1.008006957,0.930143932,1.268256742,0.848298322,0.966811125,1.187327658,1.214485498,1.319675973,1.084017543,1.06860364,1.103663925
14593,9.156071,8.878040259,10.10411826,8.911706084,8.410222488,6.511760638,7.956213207,7.565067871,9.162766888,8.957651774,8.975458575,8.379631093,8.935353803,8.275866306,8.044670003
14595,0.961022469,0.991269502,0.836991185,0.86506164,0.858052402,0.528204385,0.768197632,0.834614613,0.928465717,0.892487276,1.07218307,0.922794873,0.727125113,0.505180052,1.016001182
14598,0.246870711,0.32474175,0.125178208,0.318581263,0.206571736,0.290708457,0.304612879,0.540637321,0.277670454,0.282814715,0.20980019,0.348180458,0.224218854,0.239075217,0.179630038
14626,0,0,0,0.005181333,0,0.022064075,0.005455136,0.005254235,0,0.016903655,0,0,0,0.005522463,0
14629,10.15252812,9.450670098,11.58318283,10.13173898,10.27619825,9.628090651,10.70705975,8.916810064,9.825972375,9.834987368,7.879181169,9.771133122,8.698456291,8.737885257,9.440892801
14630,14.8463826,17.51388984,18.19941433,15.45836822,14.09018377,14.04705129,16.06768009,14.56885939,15.8975138,13.1022112,14.91335815,16.80832805,16.87959222,14.58490786,15.70902341
14635,0.957548634,1.260579259,0.835266527,1.061731062,0.862139218,1.246479012,1.081366328,0.872928068,0.940249442,1.160252793,0.86328885,0.887682136,1.024482438,0.996871366,0.995341694
14645,179.5425301,206.3617646,182.6032381,165.4223553,192.4540538,186.314196,170.7494732,187.1112834,148.8710382,171.8823796,240.9378483,197.1131241,268.8738703,235.6261393,156.6212918
14651,12.43511078,10.21157511,10.72367173,11.39412327,10.40089466,11.04843128,10.69393095,9.538530372,11.80701449,11.24519975,10.80019012,9.222408999,13.43083219,9.829886806,10.29306682
14660,50.6012947,47.50938424,44.5263465,53.6342027,50.89577811,50.06312105,51.75897281,42.64865529,49.97423087,54.68543488,46.56520897,47.74455453,49.47296232,44.73975072,51.35343273
14661,63.75238282,67.59297157,65.67459278,62.16834527,66.00478979,61.00232049,68.298634,71.08343835,63.03282326,60.83671095,67.33738314,67.47035556,73.15809457,68.11946098,59.0442067
14664,6.292025627,8.830044406,7.278429623,6.797660898,7.247552498,6.285735651,7.040170826,6.850325508,7.778784087,5.190538,7.998794662,8.086236428,9.417280654,9.646376568,7.713493169
14667,3.014256603,3.178232073,2.392263001,2.796350522,2.708440518,2.659116682,2.735380119,3.173777205,3.058789589,2.985766318,2.929949406,2.756238928,3.011720006,2.593670905,2.872536909
14711,0.217017416,0.397817023,0.117314289,0.118360655,0.182946831,0.061300267,0.121247345,0.168685208,0.179122711,0.114798823,0.09846133,0.099105681,0.160465218,0.034095491,0.091327357
14718,38.37883834,40.12545921,42.29765029,39.86793661,41.01550692,43.56629059,44.23571425,39.44802222,42.70991793,41.38232017,37.49180749,39.00948444,46.55283027,43.49700184,42.32628468
14719,28.69695571,31.55788851,30.98489278,30.49310356,31.06524622,29.20473268,31.11802895,28.71154711,30.51485978,30.32127948,26.00570818,25.56823172,31.31059678,28.95783021,29.56105734
14732,8.371859128,8.270037352,8.029017051,6.950104025,8.260055857,8.417672367,8.145402588,10.67964972,8.397632238,8.424442288,8.059230714,7.739317561,7.82402211,7.531921977,7.82211329
14751,90.4356984,94.53198845,96.34573967,96.50409822,92.92914109,104.5038525,96.60957424,96.69501642,95.21928361,90.53722028,84.14128026,91.43180355,99.59490242,95.66919977,91.56258817
14775,3.602659502,2.953188335,2.415452512,3.180391037,3.262028516,3.721896878,3.286332697,3.658948002,3.583973062,3.782626202,3.86664283,3.935499666,3.31131182,3.326892292,4.127176976
14776,0,0.029178379,0.024785916,0,0,0.035552839,0.03013751,0,0.024148144,0.020752474,0.01736848,0,0,0.027119524,0
14778,6.738240796,6.021594782,8.342254417,4.965801891,4.230975387,4.326658834,4.222897238,4.350583012,2.309719137,2.823012172,3.335391273,9.556282737,5.100528496,7.348037802,4.075979132
14780,0,0,0,0,0,0,0.004594828,0,0,0,0,0,0,0,0
14782,10.70614644,10.68180572,8.874084357,9.052762911,8.700311903,11.69036613,8.522015018,9.298763298,11.65363614,12.11393149,8.006704246,8.520914837,8.924204025,7.484944505,7.923540896
14854,2.220418577,2.653241668,2.493804235,2.729422573,2.260417834,2.476728078,3.026589468,2.147738017,2.265750292,2.570714702,2.607647192,2.316449807,2.54141884,2.82671871,2.632317327
14874,3.673216429,4.44098749,4.221895501,3.819660882,4.02681492,3.104492698,3.733673922,4.205691242,3.577238107,3.632969232,3.368953336,3.851290701,3.661430302,3.657826991,3.383774033
14913,0,0,0,0,0,0,0,0,0,0,0,0.012345822,0,0,0
14917,0.02585324,0.087601987,0.069656571,0.013700602,0.036934353,0.035800984,0.064910697,0.030312812,0.02836947,0.04198813,0.045755896,0.051265452,0.021476571,0.033851543,0.048175898
14919,0.168984687,0.245919347,0.199849184,0.219115538,0.229654378,0.214535146,0.187663417,0.165209794,0.191791288,0.240751133,0.170776011,0.228121696,0.134662219,0.217810938,0.168858121
14923,19.36258931,19.9321078,16.68768819,16.54596279,16.55565218,20.645862,18.06295226,19.95142635,18.19712767,20.81129226,20.34384359,17.60940779,19.83125827,19.15849484,17.37196582
14933,3.961630735,3.731807283,3.387506497,3.686378329,3.592973012,2.41230621,4.397485987,2.636492595,3.510625309,3.070985341,3.679033191,2.872014784,3.90985569,3.100010542,2.772023906
14936,2.194149737,2.823487787,2.554013742,2.480294099,2.897299019,3.097410604,2.949565231,2.921040778,2.906196658,2.302110615,3.171110999,3.062474703,3.241392372,3.10102929,2.800707921
14979,0.164388203,0.057415247,0.088093467,0.056326055,0.150887884,0.137565411,0.087209647,0.178075555,0.106913449,0.075665442,0.328971885,0.328475746,0.256227757,0.180103398,0.204441368
15107,1.287556836,1.524693544,1.504988576,1.609359491,1.442535546,1.794646937,1.529303495,1.697242867,1.452963298,1.488869738,1.925273031,1.638989711,1.923464238,1.64781853,1.619142608
15108,3.441903152,3.257197551,3.097829245,2.884530221,2.604242815,3.757185743,3.726447547,3.715827746,2.720659527,3.30033701,3.506632575,2.929966705,3.933174365,3.894656241,3.250214311
15109,0.024012516,0.030766406,0.015812703,0.017247288,0.01369959,0,0.022698384,0,0.026599116,0,0.100606736,0.17175058,0.018024153,0,0.007941899
15112,0,0,0,0,0.024113641,0,0.065922565,0,0.016206587,0,0.028258277,0,0.011897106,0.003033463,0
15116,0.093666556,0.145214178,0.111103306,0.140609282,0.125402406,0.197947804,0.066228271,0.14071153,0.129056757,0.081484177,0.098277149,0.192425726,0.12084104,0.142964997,0.135456886
15117,0,0.004101067,0.012646706,0.009770793,0.009130565,0.018356352,0.005446124,0.006411234,0.003818317,0.024376052,0.022255834,0.030525095,0.002402564,0.015927425,0.020113982
15118,0.175236605,0.153172256,0.255582888,0.215554724,0.121826757,0.215135979,0.16475373,0.148177186,0.137694075,0.171299328,0.092605138,0.197222989,0.151619927,0.167891655,0.227145807
15186,0.950258586,0.977581597,1.92496505,1.195370452,0.584020995,1.01004584,1.12511207,1.041996751,0.565612951,0.372473132,1.152856238,2.076789736,0.80178725,1.379939996,0.930534895
15203,0.28940389,0.363808185,0.311094178,0.313667394,0.273208222,0.209875678,0.354933947,0.262342307,0.255261125,0.317992125,0.363098554,0.40414622,0.519265345,0.495229125,0.394834444
15211,5.788889591,5.768029505,6.070492667,7.06044891,6.273263954,7.507423172,5.890836689,6.992766172,6.176249772,6.217259265,4.94845083,5.242077919,5.283632674,4.566933131,6.655092917
15212,27.57760079,27.1210231,31.73399007,30.14002441,27.84002967,30.78864767,31.49399228,37.17674056,29.3732949,24.28851946,22.2838996,25.82070157,25.48344277,15.31365437,31.79142749
15233,0,0,0,0,0,0.027871025,0,0,0.03726945,0.002846994,0,0.032443046,0,0,0
15275,75.77873124,73.11148835,74.98706545,73.49570423,72.10517368,79.42161092,70.37415913,68.52412059,76.15282647,69.00419029,64.75295315,67.10313432,72.99269739,70.79604731,72.50247261
15277,1.204847979,1.053815089,0.837565253,0.811193409,0.964807439,1.081533269,1.115397309,0.991280435,1.600455387,1.20773803,0.985814593,1.635412136,1.02423111,0.861873538,1.69208881
15288,3.040321345,2.228830121,3.215247415,2.317433215,3.122949779,3.335948724,3.619314269,3.158110185,2.926417324,3.700674287,3.130350762,3.056525664,3.640770917,2.560275137,2.992173284
15356,3.50217729,3.822656451,2.982397759,3.774195548,3.057306302,3.520007807,3.621865749,3.794772614,3.754433565,3.659597253,3.604025352,3.336058684,3.578268037,3.695055709,3.249355218
15357,18.54448939,15.35374091,19.33064383,18.83731447,17.24795776,16.77502047,15.60599766,14.14285312,17.5276286,17.72383981,13.32546364,14.03208576,14.59408953,13.57395727,12.43357794
15360,0.602516195,0.416248386,0.209468745,0.464617598,0.61124218,0.520041498,0.478399219,0.618985101,0.312305379,0.568299781,0.795656055,0.571241696,0.504254313,0.504293591,0.463217249
15368,1.522340782,1.091944329,1.533497374,1.285005789,1.20168429,0.947853447,1.078371366,1.465078498,1.273054139,1.440836572,2.166864917,3.000605885,5.442738755,1.091680519,9.662066785
15369,8.740082075,9.062612232,10.18029831,9.323227846,8.125210464,8.964170169,9.769369528,7.735133287,9.495505664,8.913030662,9.307036445,8.850662535,10.29417348,9.089055351,9.946939659
15445,0,0,0,0.031537381,0,0,0,0,0,0,0.026839672,0,0,0,0
15450,0.048887338,0.053316575,0.02951048,0.036211249,0.076700642,0.017133466,0.084721784,0.138722828,0.06109617,0.091883632,0,0.028491535,0.176597408,0.038595335,0.003705396
15452,12.0419366,11.76067554,13.06519345,11.30519446,11.4668031,10.63761443,12.61270695,9.23424751,11.96108013,11.2832664,10.85708756,12.0906491,12.83909003,11.19774724,12.37404691
15476,2.202052884,2.056923252,1.998237575,2.885434283,3.788388376,2.411402057,2.655045603,2.670547346,3.011388403,2.178903201,2.352805491,1.975526959,2.011923937,2.485151225,1.959066122
15478,0.131457943,0.199139938,0.108827813,0.281296796,0.25469973,0.214563188,0.048817862,0.075858942,0.126736044,0.098157639,0.200110259,0.15486907,0.113710376,0.15221473,0.130952798
15483,0.71647166,1.676558705,1.478234016,2.068770646,1.527391352,1.857378095,2.462439493,1.120146702,2.440133185,1.750441886,2.324882665,1.589754594,2.991737458,2.253910418,1.726142336
15484,0,0.013490854,0,0.006617463,0.021025111,0,0.008360589,0.017447488,0.001256072,0.001439261,0,0.0210872,0.005532426,0.009874404,0.03047159
15485,0.071818702,0.061177345,0.043352827,0.012730833,0,0,0.011488786,0.073771193,0.0276167,0,0.05597819,0.001609844,0.041813403,0.046522318,0.018424047
15486,0.16336203,0.06435311,0.090037298,0.077161706,0.222872192,0.04480687,0.184634666,0.088917485,0.153119316,0.129680871,0.048753471,0.037255059,0.051314632,0.1644838,0.025840606
15487,0,0,0,0,0,0,0,0,0.008112754,0,0,0,0,0,0
15488,11.34651367,13.38620498,11.73141995,13.17094426,12.76095982,13.03340035,12.84067537,13.44255806,13.91335969,10.36894524,13.44591224,14.65441318,15.13051327,14.28958668,15.30374169
15490,3.016778677,2.930079603,3.625013088,3.58321043,3.562790387,3.047761921,3.308662266,2.550867564,3.172784714,3.701426786,2.57627356,2.591868438,3.391343024,2.802843563,2.578546763
15492,0,0,0.007638456,0.001388575,0.0014706,0,0,0.00844867,0,0,0.00551477,0,0,0.011839963,0.010230399
15493,0.005658743,0,0.006404734,0.01397159,0.001479692,0,0,0.001416817,0.001325986,0,0,0.004946873,0.011680727,0.001489145,0.002573413
15494,0.030317332,0.057450761,0.001614779,0.014090224,0.024249163,0.022500563,0.022252216,0.023218774,0.026744895,0.022984074,0.022733674,0.012472191,0.007362443,0,0.058393427
15497,0,0,0,0.011642838,0.024661209,0,0.022064571,0.085007921,0.013259682,0,0,0.00206117,0,0.009927506,0
15531,23.54290393,21.95187048,20.42110101,20.61841791,20.69823694,20.16279289,20.26945059,20.34897306,19.22644857,21.33327504,18.95855408,20.4137434,19.46847612,18.97651228,21.00414312
15567,0,0.252132056,0.042903406,0,1.090321712,0,0.265698744,0.001694792,0.019033678,0.018174661,0.61895012,0.334334936,1.769261133,2.025350686,0.021548153
15926,10.27434699,10.5277875,10.1829415,10.88136049,10.45347691,10.4570825,10.39200555,9.836119306,10.88132484,8.653886793,8.525131102,8.089997806,9.611868455,8.987726126,8.435867677
15929,18.58894993,19.02588078,19.82510643,19.99443867,19.52250482,18.39973662,23.14034979,19.05974727,22.59727026,19.91135241,19.25684585,19.69437692,20.51024114,19.77226225,18.74687698
15930,0.024556961,0.041717872,0.169545239,0.037894876,0.035317395,0.222691579,0.173952663,0.259773717,0.041718769,0.093957878,0.121905659,0.169058066,0.129893785,0.155096868,0.079569916
16204,0,0,0,0,0,0,0,0,0,0,0,0.036001344,0,0,0
16329,6.395400889,6.88566798,6.743085105,6.286908827,6.14700699,6.260824869,6.665342239,6.575640201,6.60183712,6.769221152,5.755577659,5.940489352,5.832434326,6.654050917,6.396167209
16330,6.432743676,5.580455778,6.534853383,6.801541428,7.246502901,5.772977048,7.5355968,6.153015076,7.598328006,6.400879312,6.539688658,6.942434805,6.379680308,6.332804987,7.277664617
16331,3.919390567,4.342127361,3.452495503,4.430566063,3.406501299,4.470567402,3.480538064,4.756723282,3.701080697,3.269230427,3.464958899,4.431201448,3.309197834,2.425553462,4.881362977
16332,6.366959824,6.242081639,4.487498845,6.55491088,6.354097513,5.842049335,5.553389652,7.144581995,5.499645392,7.421381951,7.985468588,6.575174781,5.805174123,5.848874565,7.647658338
16430,8.763324335,10.83349919,9.08640577,9.100875497,9.195083327,9.023828489,9.115720572,8.599048917,9.275613531,8.949045036,8.801008199,9.286027378,8.901136656,9.502548902,9.591839589
16434,8.892249782,7.709159061,8.97190165,8.066836373,7.170397442,9.037855687,9.250442897,7.821804656,8.296141565,8.096290222,7.359798714,7.327547349,9.453702577,7.484758429,8.465817376
16514,4.540514777,7.246477335,5.935386103,5.356626526,5.551487851,5.926667336,4.451329162,6.867594103,4.905820888,6.187171611,5.793373676,9.472850121,9.592407457,9.673181347,5.740080388
16523,0.170519613,0.134435309,0.163700518,0.187682521,0.197694878,0.267847753,0.161284692,0.261308681,0.223374242,0.266984057,0.301176897,0.161640235,0.213099385,0.246534817,0.148553464
16548,1.688765307,2.054731966,1.551030086,1.513806483,1.769178468,1.727511475,1.733609566,1.529719706,1.29302189,1.929255864,1.679706115,1.939430947,1.440445731,1.709715137,1.555557894
16591,0.969574788,1.278057979,1.790651555,1.948637606,0.372430483,1.611181309,1.193990059,1.503904525,1.383317772,0.685144171,4.175661424,2.548343642,0.636932488,0.779623615,1.541098413
16592,5.657321414,6.249869643,5.379289374,6.020238435,5.252418023,5.613971566,5.977390785,4.681545596,5.284278021,6.177483723,6.21872979,6.921886408,7.650619164,4.428140658,5.818557216
16770,0,0,0,0.01263412,0.066902213,0,0,0.003202971,0,0.017174055,0,0.067099781,0,0,0
16790,2.155642999,2.458868049,1.621300484,2.133228613,2.55017138,1.443950548,1.739826099,2.050075896,1.417598557,2.016427538,1.743021265,1.812275663,1.148299075,2.781479759,1.44675721
16816,2.024802171,2.881855517,2.410685323,2.562250286,2.796245779,2.631165626,2.615498058,2.383003294,3.130932751,2.275275667,2.306190555,2.772378438,2.808509842,2.910815418,2.750744433
16828,36.8724394,33.37809695,41.52243359,39.4318971,37.87023034,46.69389957,36.02047436,35.59412009,38.21954787,37.80763102,33.48334086,37.0689623,39.06483391,34.83170579,39.13717609
16832,70.42097181,72.66564982,72.7684689,76.10958106,70.35216353,74.06045193,82.00379136,83.3018162,81.64941563,69.23343782,79.90179081,75.10504796,85.42212885,81.05223249,77.63796447
16833,0,0.015848532,0.023757742,0,0,0,0,0,0,0,0,0,0,0,0
16889,3.736513655,3.250748281,3.245259324,2.897903338,3.132022486,3.148354319,3.384715646,3.272115868,3.261610189,2.503015613,3.697394444,4.43943946,3.18368391,3.384265327,3.993180015
16890,1.838987304,1.964872082,1.565228401,1.649113055,1.961960446,1.827821488,2.251272786,2.202742755,1.728280243,2.025104875,2.118251839,2.505778603,1.819559435,2.787522531,1.835425289
16891,0.203507088,0.091950569,0.343145335,0.132144212,0.223752775,0.265354498,0.127463901,0.232700701,0.174225879,0.228892294,0.190127705,0.088952931,0.167865616,0.133253944,0.131170972
16922,17.57170376,17.35000715,19.19564423,18.58970333,15.4458632,14.48718762,19.066344,16.37652019,16.71260495,17.56189862,17.91511331,19.5992204,19.49180413,16.43221445,17.10581925
16956,3.685119437,2.927185181,4.088471172,3.697939415,3.51114813,3.856960188,3.735424879,4.174081605,4.087450244,3.905281859,3.020349046,2.333725061,2.387251559,2.048609464,2.739463296
16987,8.749914773,7.487321733,7.823697714,7.603874773,6.58318721,6.586152403,6.217078908,7.76729186,8.574086001,7.371972502,5.746009939,6.768360032,6.263370876,6.122857895,5.881343889
16993,6.186535813,4.859134488,5.433918585,5.871076906,5.636505479,5.008837725,5.923365592,5.246035466,5.66029996,4.843278657,5.302719668,6.926427193,6.132284927,5.69896159,6.109582002
17001,0.839021532,1.082991998,1.124511912,1.47676057,0.777653468,2.06999909,1.248157901,1.514178208,1.113439509,1.034935856,1.690262086,1.517779689,1.200327225,0.813227104,2.009799704
17025,1.877490118,3.95827481,3.695864307,2.043218387,3.60086101,3.891062954,4.154087927,4.326541661,4.404507419,3.693541748,2.023367487,2.362527316,2.025320473,1.826185421,1.78481527
170439,8.226235762,9.215710834,9.668168543,10.49491262,9.414857596,8.914760932,10.69836876,7.627910951,9.365948493,7.893021558,9.641211696,9.555224809,10.73945298,10.90968504,10.31267681
170441,0.559470637,0.781245999,0.496775676,0.566798346,0.834351821,0.417453744,0.529193697,0.751904711,0.740915315,0.802453096,0.545067813,0.612150273,0.33528027,0.455936131,0.489160383
170442,0.448740505,0.588698997,0.657467837,0.44841541,0.171852498,0.31391953,0.492318664,0.339716511,0.4338521,0.349126722,0.611533816,0.46178887,0.80594186,0.621133833,0.350297839
170716,2.031983704,2.012407279,0.958772736,1.886270282,1.956293051,1.838169069,2.11971725,2.292729663,2.269417637,1.463164892,2.018405005,2.629935302,1.862287478,1.656284932,2.028175877
170718,29.72191647,30.52292628,27.68404402,31.48514401,31.41353519,32.71786453,33.61131601,26.39688428,33.10139004,30.08401197,28.85595907,30.31337672,34.02874458,32.05845279,28.52981088
170768,4.956447177,4.834211303,5.60122787,4.506765778,4.378562272,4.654469038,5.552080293,4.893604778,5.600761731,4.71355703,5.011657422,5.362236143,5.544063522,5.204653524,6.000411278
170789,1.590367431,1.51743803,1.182548299,1.538356157,1.31075367,2.233021566,1.577784399,1.678450335,1.764252941,1.348604648,1.433642092,1.647680229,1.446623375,1.750890627,1.592975304
170835,2.695285695,3.240860831,2.349179052,3.198925718,3.028107782,2.808074948,3.284677484,3.367576652,3.550942857,3.077931179,3.559666143,3.340722096,3.136811203,3.481954189,3.097749745
171167,0.64196345,0.448027723,0.821392297,0.76496102,0.495701223,0.423750179,0.859987113,0.734965786,0.426982205,0.44836559,0.807148047,0.687446624,0.853614692,0.635676913,0.792846168
171168,NA,NA,NA,NA,NA,NA,NA,NA,NA,NA,NA,NA,NA,NA,NA
17117,1.249446476,1.265155576,1.118148137,1.576602356,1.59868287,1.066244453,1.369809606,1.010782301,1.39623222,1.328875563,1.289418598,1.223761986,1.226948674,1.353516207,1.021670437
171210,0.536721608,0.711009782,0.681188208,0.626549635,0.702317859,0.722508035,0.768240197,0.552149326,0.577793145,0.634323264,0.648515999,0.632146545,0.541200205,0.436138788,0.50144359
171212,0.990272108,1.040767957,1.286696453,0.833645189,0.671280121,1.17755811,1.125306084,1.17693227,0.975362905,0.880574359,1.06406643,1.497831285,0.975098793,1.335853301,0.964959033
171281,0.241759962,0.140647782,0.207904668,0.159576448,0.166461553,0.121345865,0.140218149,0.226307067,0.267595017,0.251821219,0.146528003,0.199664047,0.223188181,0.107420644,0.160220732
171282,0.972154878,0.875658014,1.525548023,0.563072441,0.638383479,1.04902671,0.817037958,0.516091619,0.935180252,0.694753593,0.953278232,0.562311815,0.784579662,0.665544486,0.734624664
171405,NA,NA,NA,NA,NA,NA,NA,NA,NA,NA,NA,NA,NA,NA,NA
171429,0.75938002,0.639951716,0.568503229,0.615440894,0.592839788,0.515266421,0.739134087,0.509629618,0.620778479,0.443940806,0.545042035,0.644687208,0.449243821,0.545534957,0.675017727
171567,1.939596218,1.906543902,2.191264859,2.021010274,2.129759929,2.277175284,2.074944084,2.204745951,2.144411647,1.971186427,2.388012061,1.8955993,2.597418166,1.948028621,2.171059828
17159,8.465891032,8.408252839,8.679876555,8.442354361,7.548812781,8.59104134,8.49450576,8.879563572,8.305665913,8.267868284,6.015724586,8.842460846,6.748310294,4.392445783,8.778836547
17161,1.617222036,1.550033405,1.403790972,1.32017681,1.158636506,1.162189551,1.389325179,1.264080538,1.293968234,1.222117645,1.398399556,1.498094791,1.372923105,1.464400307,1.212580609
17250,3.027832313,2.720334511,2.554566025,3.124716434,2.961086179,2.94331221,2.976521459,2.857167786,2.687661942,3.126614278,2.957125626,2.725531159,2.400189896,2.783042482,3.050087314
17252,2.251005159,3.340081654,2.693284201,3.138314732,2.748374855,2.954253797,3.083757872,2.578959775,3.001431328,2.667800227,1.886079171,2.385896136,2.842142131,2.410050337,2.523759393
17254,23.41233149,22.4889341,21.97876365,25.22962943,24.82536863,25.34285715,21.5696491,24.30580946,22.5447896,23.30416895,21.75555543,20.53010023,25.1488766,20.79541883,27.21692987
17330,4.593678499,4.120376956,4.576020254,4.022137495,4.914928195,4.483997406,4.257740403,3.601274113,4.99671003,4.624013625,4.212759298,4.393787957,4.825028487,4.940493728,4.431890388
17339,0.0253018,0.018524755,0.04686109,0.002271667,0.007217575,0.001209202,0.022721254,0.006910888,0.003233917,0.011116676,0.014660754,0.01508102,0.014243931,0.016948604,0.040795546
17423,2.471708663,2.311257681,2.12083318,2.207108643,2.516311153,2.213574325,2.34659796,2.167226787,2.060336393,1.917510964,1.973459395,2.976392892,2.18048329,2.303572791,2.450257279
17436,15.04395059,16.65833804,17.3314822,15.36920683,15.16504114,15.19783817,17.38899816,17.12501001,15.81132135,15.12076562,16.66761723,15.39216274,16.02303618,13.83981035,15.38298038
17448,23.39108094,24.34282942,24.53317238,43.8445295,41.92737174,42.9761189,47.80336937,40.8444342,45.20120633,42.67026018,41.08865184,37.54847449,46.80445259,42.752636,44.43324172
17449,92.70417833,100.8642965,103.9712765,105.7711108,97.71275021,93.79708407,109.5506624,88.73577557,102.1369023,92.29725905,90.25752149,90.76877986,107.1478708,98.04937792,95.61282255
17708,1475.140171,1663.09625,1499.370536,1384.458604,1454.728156,1498.756859,1595.499677,1882.525506,1529.58637,1351.311683,2168.79853,1702.935068,1497.487719,1519.032906,1569.669858
17709,6.52853697,7.642923824,6.864482863,3.282571456,7.024600288,7.682830327,8.677574745,8.744307614,7.403185854,7.619495612,9.551398795,7.64537746,6.693426042,7.801851704,7.285525466
17710,4.440911855,5.468063393,5.131725034,2.335829544,4.99696808,5.333863529,5.680508647,5.928037557,4.69899119,4.576995268,6.82192272,4.822561374,4.758732745,5.330163068,4.651332715
17711,795.9820504,889.5808761,800.7402859,740.7793116,784.4800269,799.8880589,859.2003339,1081.386512,818.7025828,659.8491078,1181.763901,901.631821,768.6557605,770.3247606,822.6193913
17716,787.0358352,894.6665236,823.7201392,690.5890253,777.5644131,791.0382488,868.5613973,1132.513067,774.5567668,818.0098588,1074.645161,836.3156627,701.6760831,711.958485,775.4336301
17717,432.9241249,481.2371146,451.8920999,384.2684263,410.9732156,407.4041672,491.6663431,595.953762,421.4238396,387.0792126,636.221288,484.9225356,380.7787267,404.6319371,422.6166907
17718,0.453475939,0.748974999,0.782717855,0.482846643,0.503958219,0.737529754,0.854638031,0.865740983,0.624282249,0.646840066,0.854601406,0.415011179,0.636228934,0.7831424,0.502676157
17719,386.1622614,427.2791956,380.8404615,355.3999311,375.8401262,408.6393614,408.8940615,527.9262105,391.2036961,358.0638657,553.1754519,418.9006135,348.5980516,351.0896713,393.7370245
17720,1.129109284,1.479360719,1.781626037,0.770745102,1.319933352,1.475210009,1.786970428,1.662956682,1.571908624,1.45341081,2.124818277,1.596726263,1.490960735,1.171059689,1.268603076
17721,309.2236489,347.2236363,346.2708082,289.7625868,301.3578975,300.54857,324.2086238,398.7767114,310.8146994,245.6909844,438.6706133,345.2048646,297.4509793,272.459559,307.9581286
17722,287.5835299,312.6189073,296.1364386,272.5154578,276.1106718,266.7257602,301.3957588,322.3232517,291.7376672,232.4990848,393.5394693,310.2748321,260.9936128,279.6550852,285.8308866
17768,1.856632473,1.865015653,2.534489439,1.833630365,2.212719128,1.892532487,2.023057764,2.049829053,2.081442693,1.794184167,2.086331027,2.206523535,1.97049412,2.422716997,2.159587307
17769,2.611148344,2.274742602,2.346366523,2.831461984,2.627550451,2.450359687,2.04059525,2.555573799,2.40256629,2.538468602,2.911658563,2.852610349,2.403654089,2.847614418,2.400451516
17850,7.612737794,7.170628934,6.082756899,5.793903725,6.717054647,5.72447914,7.025554682,7.179725768,6.528491586,6.298100176,5.78596605,6.409120263,5.844620662,5.608629813,5.404245241
17855,2.72359729,3.700142913,2.527038678,3.976948234,2.848749344,3.23563679,3.166240412,2.939827802,2.987253875,3.760129196,2.819763966,2.725152176,2.957606963,3.221055897,2.402414858
17919,9.656647212,7.520605553,11.81923633,8.778684796,7.554242491,11.08021875,10.29898247,10.56779772,10.54085389,9.906681026,9.281730881,7.257636889,9.032215136,4.92362818,7.611984009
17939,4.045191636,4.212996574,3.460341794,4.319373109,3.679352154,3.478168327,3.062020304,4.296183065,3.762092133,3.661711049,4.925764488,5.652592497,3.803670506,4.166176015,3.955663146
17991,14.73430138,14.55540504,10.83547831,12.29108224,13.23356762,17.73072167,10.57838682,15.62427752,13.70945553,16.66261074,15.29784618,13.46107235,15.58538432,15.922748,12.30353299
17992,48.20546387,45.95851602,41.71627166,45.49191691,41.20245763,50.24245254,48.3841982,44.6251618,48.99918188,52.15454135,48.85656582,42.14519407,52.44896967,44.41244601,41.86236557
17993,11.22325426,12.21324284,12.64036194,11.87619624,11.9736767,11.83112784,12.13658821,10.9859623,12.56072255,11.71004342,13.07942375,10.46738757,13.32231968,11.28348628,10.44549202
17995,23.27188122,21.68805891,21.23703793,22.75913194,19.88208916,24.1047357,23.88194684,19.37383843,24.08971986,23.4264736,20.72662681,17.97156868,24.16415238,21.60943768,22.07194146
18010,5.489073982,6.626240421,7.364969771,7.041458542,7.078008367,6.597146499,6.971442773,6.368258619,7.265921517,5.882357817,7.139750449,5.810757572,7.009040616,6.812203836,5.925458674
18102,14.55290926,12.6717541,13.75683278,14.12487112,11.65412179,15.47027048,13.83574836,11.95009107,12.94561816,14.47978501,13.38187687,11.93663081,13.2038368,11.57487716,13.72674252
18103,2.813911409,3.016584366,3.151413077,3.013737429,2.512795038,3.232783719,3.145876285,2.884904531,2.406599209,3.436085609,2.55751339,2.753794019,2.641020561,2.559353732,3.023249689
18104,0.622397917,1.035764009,0.533368187,0.799720244,0.509837509,0.787941796,0.666980872,0.737825932,0.620578858,0.670159727,0.669475572,0.609336651,0.637457967,0.593318076,0.489554639
18115,0.079713845,0.082114854,0.028535491,0.052179031,0.053322357,0.021440162,0.023131111,0.060339615,0.046045801,0.059729691,0.045445358,0.062393126,0.023916366,0.068298397,0.045524845
18125,11.37645451,9.982472701,13.63623465,8.430724972,9.83991998,10.15651938,10.56914066,9.353557378,10.63553643,9.510371982,7.765724961,8.203217743,10.31214388,9.571271238,8.380679737
18126,0.132779282,0.073689891,0.106354517,0.025218127,0.010683125,0.069802406,0,0.027277814,0.067013741,0.053019719,0.038392621,0.15625565,0.06852045,0.091386712,0.069673501
18127,0.447356046,0.499972763,0.260317032,0.248988219,0.391248878,0.308253566,0.231923475,0.487897173,0.412792396,0.30198389,0.506204878,0.452391746,0.229552806,0.47622286,0.417230533
18145,9.833157219,11.85731797,9.855600774,10.59849072,11.30585043,8.814993163,12.25421331,12.3385809,10.04359142,9.74332945,10.76064983,11.45952765,10.42241056,11.62590222,10.84583073
18160,0.826611462,0.937186306,0.869577966,0.94318527,1.102428698,0.773473988,1.162704024,1.154713078,1.263724302,1.065910069,1.379789716,1.318963463,0.786878523,0.960228265,0.639908826
18174,9.976992224,9.992938754,8.187217553,9.61868969,10.38654807,8.396803541,9.102130924,8.326037091,9.055670114,8.748786125,8.285788119,9.920675806,9.191495303,7.984232408,9.94962167
18193,22.38176903,19.68287674,21.86136687,21.12053894,22.83696587,20.49214419,20.00232055,19.39649301,22.24353582,20.90774115,20.77937129,21.79164983,19.71665176,21.46235913,20.91606826
18194,2.340465102,2.576828794,2.847478883,2.948374956,2.823171553,2.199843149,2.623860387,2.527229273,2.567262662,2.311318569,1.532973573,2.096709964,1.877125274,1.964056804,1.736599515
18195,143.6356847,145.7615943,151.2735445,137.950795,147.1261455,143.2301819,157.8888002,107.2593262,146.1874552,137.1677352,121.8019756,125.5348388,167.5786241,143.3458731,142.5411843
18242,26.64182577,23.42944873,24.80100256,25.15242581,26.49587515,23.20416694,25.63689859,25.42539359,25.15078933,24.42909312,25.69911365,23.98556729,23.65594526,20.87636174,22.51023352
18263,9.288941973,12.65477917,14.82701633,10.92584565,7.581637394,11.44029749,9.449188468,8.762788282,11.7914252,8.639854854,18.07059834,11.42649003,9.486476392,9.627369868,10.66493923
18293,26.45982076,28.15200606,29.84841364,25.2776337,25.96739754,27.44362062,27.4935441,27.32687015,26.46444275,24.53118609,26.71389257,26.21000267,28.77534637,28.43929428,26.11629856
18399,0.618455849,0.620111864,0.48823904,0.730629104,1.465342384,0.653502121,0.360480013,0.843830481,0.474071805,0.849723792,0.471074017,0.303069308,0.261328279,0.797630576,0.292233486
18408,0.484049749,0.534806863,0.459078006,0.440891893,0.436918937,0.474735334,0.454243525,0.462424313,0.529017881,0.389730327,0.440255813,0.504553845,0.466674796,0.451793991,0.479703781
18416,0.013202283,0,0,0.008382033,0,0,0,0.004722206,0,0.00405121,0.010171802,0,0,0,0
18451,1.772222531,1.759065511,2.049970038,2.155685828,1.953410251,2.227792368,1.803091287,2.136183551,1.932385246,1.573816132,2.670552352,2.080685047,2.184310079,2.456489928,2.649788981
18452,1.580138287,2.40219415,1.781213528,2.216348314,1.942442264,1.444827922,1.78702405,1.596744016,1.317980936,1.76189804,2.127455632,2.840317549,1.575881035,2.339842267,2.108956758
18472,40.17620799,39.3608081,42.98945806,39.9250149,39.5972833,38.63428619,41.03631586,33.22984582,39.47007241,39.38485261,34.41522899,36.86798004,39.33678552,38.31516037,39.12705595
18475,52.03905866,57.15853828,62.39563434,52.21226335,51.28236798,46.92668106,57.150879,45.92237216,54.52214936,50.14958657,51.07883262,49.50065634,55.54217946,54.47697634,50.10754713
18476,1.934246458,2.188848538,2.579145966,2.10200824,2.506757777,2.363963464,3.04253605,2.576989512,2.216587663,2.141822178,2.491999578,3.097959119,1.996327083,2.71597515,2.003250455
18477,28.91655955,26.70255479,31.02734036,31.59838573,25.27294877,24.85481744,31.07200572,27.10174277,27.69678578,26.38715883,32.00073014,30.37830639,30.64921903,24.56824821,31.10321318
18478,0,0.032147982,0.069395665,0.018922873,0.013360457,0,0,0,0.017958914,0.013718722,0,0.027916481,0.032958683,0.013445815,0.011617946
18534,0.018065067,0,0,0,0.00755807,0,0,0.010855371,0,0,0,0,0,0,0
18563,16.90806514,16.70129089,18.66027305,19.70579014,17.39695199,18.47461179,18.4037982,19.37315185,19.20367279,17.99260141,18.28755809,18.00240329,21.44611241,20.75820271,19.12519444
18573,13.0662258,11.03505868,13.43672005,11.33267105,12.52719914,11.63584381,11.96285653,8.667799092,10.82242033,11.63517329,8.43871031,8.16942448,8.803005459,7.667649983,12.33850774
18574,18.81870104,16.75214814,21.81173779,17.2394805,14.19425959,20.29165349,18.94352538,34.00092406,13.63763056,15.28969129,21.27148263,20.61458929,17.85658886,18.07783797,16.51816067
18575,1.31208962,1.292142046,1.409282739,0.977751363,0.995681839,1.166017966,1.412152845,2.035452589,2.245503803,0.908215503,1.227493525,1.664370288,1.152790895,1.563187244,1.259771104
18576,2.738759412,2.944894158,2.675391299,2.731488992,2.877442447,2.590558936,3.171836317,3.455643084,3.431921684,2.59087773,2.967132778,2.849039571,3.65237059,2.606501733,3.263296007
18577,5.930196485,5.92526431,5.197482886,5.655755258,6.010380142,5.669204394,5.983628816,5.190145203,5.6455133,6.006251304,5.490920548,5.593240002,5.468070729,5.495332021,5.879447321
18578,10.66474632,9.221432089,11.50310181,10.53084146,9.80116461,9.41132367,10.96193819,10.07511832,9.579358354,9.321656438,8.705013696,9.576456504,9.868249681,9.194955447,10.51197339
18582,5.890676639,4.516202958,4.989513417,4.90132492,5.199759785,5.871282864,5.537988597,4.640640114,5.010690636,5.586039609,5.525878028,5.469619885,5.874740006,5.767628395,5.582307581
18583,4.378338415,5.751749353,4.080346258,4.670889047,4.996543789,4.253440666,4.727551353,4.751262476,4.919782852,4.812325297,5.172073079,4.623748323,4.752923174,4.835951969,5.316323004
18584,4.69414657,5.284192644,4.86024785,4.475425258,4.324120654,3.407875043,6.697588766,4.876965888,4.363543776,4.326438769,5.438067307,5.39404097,5.017931559,5.441041764,3.969053591
18585,1.787097964,1.704508598,1.729684224,1.651554697,1.797155993,1.872378745,1.784417046,1.787699756,2.336456928,1.733236399,1.740114145,1.659010735,1.294997576,1.718535515,1.407058687
18587,0,0.009387894,0.008443754,0.003453676,0,0.026962938,0.001212061,0.001167423,0.005462901,0,0,0.028532722,0.004812318,0.00490808,0.004240859
18588,0,0.082247869,0,0.02135848,0.020106817,0.015158747,0.054968593,0.004813111,0.031531808,0.010322995,0.120170089,0.002100645,0.009920233,0.035411734,0.043711066
18597,41.30892283,39.54463496,40.51713395,40.03357524,38.20257579,41.1042748,42.59691134,35.61818825,39.1797381,39.19421537,37.56739333,33.41465437,39.41842319,39.69952672,39.3515027
18598,0,0,0,0,0,0,0,0,0,0,0,0,0,0,0
18605,0.444273569,0.642229939,0.406289717,0.448990313,0.603862949,0.402601919,0.512686391,0.558954977,0.507877341,0.481118815,0.462467161,0.360596014,0.365452895,0.43886634,0.264905903
18606,61.21868384,77.41739914,138.8701322,118.1582036,33.53893826,99.82805508,85.55176433,83.67477713,103.9452262,53.24290691,226.1830303,165.137412,58.41207841,57.92941833,127.9979248
18618,0.976863307,0.474412038,1.004523948,0.921128398,0.349141102,0.505797726,0.566570098,0.63911343,0.487714248,0.637925265,0.327320985,0.875430364,0.709297852,0.599398805,0.687576223
18639,0.096078919,0.086803111,0.049074662,0.111919866,0.072149425,0.126919881,0.099902891,0.108560053,0.009236392,0.11112621,0.021741536,0.038765619,0.106790514,0.121881705,0.078424354
18640,1.868466749,1.369258377,1.671472936,1.805845981,1.627732996,1.340755533,1.658420386,1.817495169,2.08495438,1.737109759,1.661949579,2.119288265,1.713162854,1.55136129,1.446110875
18641,28.02599314,24.46004631,26.59330619,29.02796171,26.41607476,30.41083748,28.10173557,23.97646665,29.01474718,28.3453905,25.16485094,26.44620216,29.00766703,26.77255615,27.56729154
18642,40.54562078,38.87163375,39.86268792,39.96009612,38.09117736,42.28515619,39.99314333,40.12557899,43.38340951,40.19587574,38.23569275,38.43454984,46.31410596,43.12305799,41.06905685
18648,29.54729854,33.65586153,35.54527415,30.81812115,29.33781456,34.78890391,34.90110255,28.68061455,33.48529944,31.86700598,30.95754731,29.15079791,37.85687569,31.2699082,32.73063103
18655,34.80003142,37.36521936,37.95337646,37.45449026,34.07682403,37.98142513,38.01205633,31.65396041,36.93324643,34.98184034,33.56600839,33.98657015,41.69214488,36.10753862,37.69897641
18663,NA,NA,NA,NA,NA,NA,NA,NA,NA,NA,NA,NA,NA,NA,NA
18669,0.778644703,1.295722536,0.962845843,1.28835851,1.391814518,0.699536045,0.927455039,0.992230995,0.836029827,0.942356421,0.843296828,0.937220163,0.596729494,1.088758856,1.062306897
18670,0.744396144,0.57920406,0.756347348,0.571022324,0.554233796,0.578034644,0.53177177,0.802427497,0.597857974,0.585878773,0.480591559,0.630880723,0.6084723,0.562260838,0.741658756
18675,0.052826535,0.011817983,0.03653873,0.011593791,0,0.006171343,0.033567752,0.046292864,0.030258763,0.009455938,0.031656035,0.054519175,0.050735778,0.015446382,0.017350516
18704,2.032628464,2.172342855,1.70298824,1.843260043,1.804922792,1.595262644,2.250665041,1.851435509,2.061005718,1.528366138,2.104012137,2.014298729,1.902264088,1.749955858,1.911245224
18705,0.047367807,0.033777282,0.014296613,0.140342879,0.08670271,0.041502294,0.071827381,0.027672853,0.022198935,0.042394131,0.023224025,0.096620834,0.030555063,0.058171094,0.077189797
18706,8.458893003,7.583587964,7.52828242,7.132745224,7.510626622,6.232072477,6.759566532,6.638807886,7.621604108,6.706964189,7.795889554,7.240735541,7.924081455,8.006528609,7.893219541
18707,4.927300232,3.512709132,3.894353564,4.348184549,4.108231237,3.679644729,3.592898688,3.850025921,3.78911085,4.652847682,3.344774469,4.939416569,4.627538956,3.733392543,4.412714543
18708,27.57427809,25.34674596,24.22498481,23.71947106,24.65119202,23.23009119,22.17861474,23.32625749,22.59945614,24.68440152,26.81609374,24.51715664,24.09017444,24.16418986,25.54845715
18709,27.08911652,28.24004384,26.3406824,27.01894059,25.363299,30.41752583,25.75639067,26.65185425,30.24844108,32.66952795,25.09197868,25.0629733,26.70408455,25.14953409,26.59775788
18710,5.256386978,4.65622446,4.452096256,3.941030816,4.601020226,4.364762224,4.303717792,4.607375246,5.29968111,4.62755578,4.557925516,4.907348139,5.091157271,5.270633692,4.824286427
18711,6.615463945,5.726682492,7.339397933,5.37080418,6.05252943,5.954263034,5.237778572,4.978814524,6.291048185,5.620779026,4.523158901,5.247944192,5.207696098,4.912486327,5.587759932
18717,37.88020445,36.00723322,37.49619065,42.71990559,41.40454999,45.89887468,32.51800504,40.11138497,44.15874545,47.41276574,41.24217614,37.82734715,45.50313492,39.29592274,44.2007545
18718,27.11101646,29.59834191,30.95495995,29.06121218,24.51654368,26.30434647,35.97073533,27.18068901,26.65590861,26.30438605,29.93084909,27.76553613,32.26277628,30.70622451,29.19072041
18719,3.810185489,3.632438114,3.430480154,3.981047224,3.886691853,3.773895794,4.082227022,3.176792437,4.487456924,3.953319413,3.387665735,3.933479096,4.518872713,3.154728625,3.886744691
18720,5.991259674,5.523854733,5.860316715,5.958879088,5.894292988,5.918346231,6.022644083,5.257677107,5.291938747,6.452807008,5.511378076,5.422761803,6.40002026,5.947561165,6.270117727
18746,194.7096384,199.0612971,201.6596202,200.1554182,186.9010863,209.2268277,197.3183786,178.217555,207.042359,195.2861045,177.5953781,172.9744626,208.6161809,205.6125156,195.9945951
18770,0.037187281,0,0.033671741,0.082634766,0.043758084,0,0.053167603,0,0.021784786,0,0.054697806,0.004063639,0,0,0.029595242
18778,0,0,0,0.005957269,0.031545885,0,0,0,0,0,0,0,0,0,0.027431577
18780,NA,NA,NA,NA,NA,NA,NA,NA,NA,NA,NA,NA,NA,NA,NA
18782,0.03182465,0.192228881,0.105178662,0.10372022,0.083217563,0.04851787,0.03640041,0.031872601,0.034303651,0.078613148,0.102982113,0.026430049,0.044342206,0.023449784,0.011578253
18783,1.564115656,1.534542191,1.545983092,1.128090806,1.198892229,1.1256378,1.493941064,1.235639769,1.454855221,1.466135618,1.924010546,1.729192803,1.195333772,1.118574044,1.542074375
18784,0.725133117,1.683557176,1.460894622,1.127935195,0.28916048,1.02925168,0.617332304,1.125649827,0.896311709,0.939417785,2.266481349,1.156888028,0.687598595,1.159260917,0.985178821
18795,22.21867487,17.81483018,26.09032674,19.39388235,19.68413432,20.05198158,18.71802855,19.00758132,18.58324744,19.85852699,18.76891677,19.04284276,20.06201521,15.4973522,20.61014683
18796,0.419927504,0.314901589,0.420321385,0.433063136,0.4108384,0.345402043,0.3148566,0.514971699,0.432422586,0.337484152,0.425779542,0.631812516,0.367067747,0.335281057,0.466380998
18797,3.326295989,3.48486434,3.209168411,4.00100818,3.728681167,3.849424914,2.900523678,4.013651548,4.184220694,4.065187166,3.603625221,3.844374789,3.972873479,3.64383995,3.749387917
18798,14.04702998,17.6728776,16.05806965,15.87852385,17.88157614,12.72687739,16.82165657,13.6142872,19.24876619,14.22359247,16.86793064,16.64078479,16.40541196,19.14824528,16.94668656
18799,0.834365894,0.891554093,1.110756145,1.22259936,1.189292044,0.883991724,0.944173548,1.024881253,1.056745328,1.236663156,0.945365017,1.531605297,0.907425653,0.923796987,1.159448055
18802,1.329035756,1.733795303,1.13645955,1.531590703,1.423008219,1.673518604,1.71719338,1.436576195,1.403446177,1.43076095,1.579298159,1.506958277,1.75641487,1.793021826,1.502064783
18803,10.65334819,9.458755995,9.033534324,8.703299613,10.68296247,9.236740019,9.33141598,10.14460048,8.821565663,10.22557414,10.21637996,10.17754982,9.415113849,9.995775475,9.453362425
18805,1.624818768,1.408094593,1.414080169,1.156345209,1.182486666,1.365568457,1.113567002,1.695727995,1.177940098,1.170898606,1.509051025,1.365254493,1.116169742,1.688198267,1.488988959
18806,3.864574215,5.163585339,4.26538599,4.497379936,5.12993278,4.606722772,4.958994892,6.449634616,3.639571241,4.286034872,5.008461235,5.592129495,4.852385038,4.398341495,4.925429291
18807,94.65838631,75.91554958,94.81719661,84.06858915,87.8325834,100.1159967,76.41651364,100.8101683,75.59965301,79.15112648,73.68892304,81.856496,88.39927396,86.73757594,88.15692699
18946,0.021517488,0,0,0.010625452,0,0,0,0.043099818,0.026891137,0,0,0,0,0,0
18947,0.006274238,0,0,0,0.009843818,0.023088679,0.009785932,0,0.002940423,0,0.029223942,0.008227406,0,0.001651118,0
18948,0.04880444,0,0.237524786,0.036149845,0,0.076969855,0.044403513,0.146633924,0.022872214,0,0.053838887,0,0,0,0.022194673
18950,2.444670041,1.347479556,2.094247966,1.777396585,1.639384834,2.380753275,2.242701474,2.29207561,1.813611202,2.189838925,2.546813641,2.458457503,2.337029545,1.71556096,2.34966969
19012,1.580619671,1.629777168,1.402822347,1.585105983,1.806194647,1.881502174,1.629048423,1.727702888,1.538622517,1.447058892,1.490184335,0.987636083,1.55409488,0.802588269,1.398046595
19025,28.58475906,28.40217898,27.42266375,29.14481187,30.0430735,31.50155232,28.01543752,33.23537964,28.15326938,26.22202383,25.236833,27.17781795,24.59061159,22.22342259,28.65413077
19044,2.174091484,2.6421615,1.506950796,2.277690645,2.855187479,2.543930791,1.595897483,2.38267731,2.35128124,2.337868178,2.351412108,2.862675872,2.438747109,2.336790463,2.301256456
19063,10.95872443,12.95548962,13.43142533,11.30923434,10.90265043,11.84820351,11.5826099,12.19324584,11.15309738,10.57982132,10.18103743,10.91447283,11.66787202,11.46123086,10.26142243
19125,3.900224632,4.285958472,4.350653514,4.150581203,4.188519945,5.008026871,3.272014712,5.154173652,3.84628634,4.656439753,4.376692188,4.013544671,4.122272345,4.832752415,3.867509568
19139,12.71351904,11.41757019,13.98138997,13.89479702,13.46634861,12.64404746,14.97801868,9.832893829,13.85619339,11.72488937,11.32775131,12.22442128,13.14533686,10.01968936,11.35989383
19156,76.93210139,77.5040663,78.88826294,75.35569663,74.79586283,79.85440762,75.35355723,76.98208036,76.21306561,70.69022839,76.94896989,76.15699145,82.33771407,73.69361906,83.82047203
19193,0.255714316,0.522740068,0.434728312,0.368511338,0.226526181,0.186555456,0.360853198,0.54094509,0.359521742,0.269031982,0.281452991,0.150550991,0.401268551,0.365306812,0.249194053
19210,15.42229204,14.71969181,15.63965606,14.37989867,14.22587877,13.56438919,14.3672394,14.49914741,15.76022279,14.4097975,13.77535832,14.07492631,15.26212377,15.83917981,15.37537044
19211,11.02119325,11.56062555,11.18677827,11.74030964,11.44909877,11.39352379,10.89106152,9.196176765,11.34665532,11.1942237,10.55944847,10.07020485,10.89399896,9.840010115,11.34980408
19215,284.1458009,254.6067862,164.1477209,294.8252518,397.6051199,304.12326,182.4561024,322.4698433,220.2796531,371.8938865,233.5776735,144.2295044,131.0069479,360.5203878,116.5631562
192156,1.476434846,1.365937741,1.232299678,1.611560353,1.075531038,1.757574149,1.173554094,1.287287307,1.619661057,1.390799801,1.268480645,1.264260191,1.133643945,1.322614758,0.782715163
192166,3.56799079,3.295043007,3.296619202,2.617669896,2.798957686,2.763789244,2.918784138,3.970812676,2.733436708,3.159458982,3.252372214,2.676728744,3.145161822,3.72895938,3.61609387
192185,13.83733042,12.57944522,11.55797285,12.2898429,12.09053287,11.45211247,13.00444593,13.84710478,12.19583685,11.44484319,12.97587664,12.5477168,12.15482734,12.60622104,12.74981189
192195,8.106971598,7.259771072,8.269345168,7.112812763,7.89006385,7.359189185,7.902019939,7.134829869,8.084498378,7.330652225,6.902455471,7.215895465,6.905468561,7.804274924,7.771992586
19224,3.25001487,3.027772263,3.680875989,2.773013465,2.922889186,2.812090583,3.56218472,3.820519373,2.686684353,2.898268886,2.805524173,3.253363885,2.906165836,2.532155843,3.573855149
19225,2.3812398,1.28101145,2.071902953,1.344900312,1.879670105,2.441056458,2.421851121,1.002372884,2.531853873,2.097906718,2.170822631,1.880016734,2.169659063,1.417780153,2.18274138
192289,NA,NA,NA,NA,NA,NA,NA,NA,NA,NA,NA,NA,NA,NA,NA
19299,8.534409586,7.81346296,9.602900992,8.02535017,8.614928811,7.459345548,8.806919652,8.570222705,8.059848156,6.881171242,9.259502457,8.622883236,8.470701989,8.906840734,8.797070622
19309,4.405949096,6.449522354,4.724752415,4.756200285,5.856910375,5.299248068,6.567702124,5.920458458,6.142594068,4.795666921,7.664976465,6.00402305,8.746151681,8.428999484,6.509329903
19378,1.99091761,1.700562669,1.069985691,1.690890517,2.784130853,1.777210578,1.109821471,2.084450828,1.434274503,2.73011952,1.538952777,0.894984818,0.808213081,1.834316373,1.146119401
194908,0.144274757,0.112966488,0.108862986,0.093012552,0.096411099,0.080059252,0.154184077,0.104355434,0.084518003,0.040889817,0.19059601,0.173421831,0.043430721,0.261551191,0.133045479
195646,1.517370838,1.096911019,1.4543137,1.811040077,1.327082036,1.240655863,0.921480553,1.168842643,1.381381115,1.622719444,1.552805652,1.278506072,1.292842109,0.937950935,1.97618841
19682,1.636638407,1.393050275,1.774484278,2.060341058,0.966126323,1.742925791,1.570309391,1.667243506,1.237751679,1.267388643,3.051298953,2.717195023,1.24693884,1.663629064,2.204120435
19683,0.005204333,0.000873208,0,0.020559422,0.003628985,0,0.000901911,0,0.018699091,0.007452594,0.020413114,0.006066169,0.000895228,0.009130424,0.022089773
19703,1.586257315,1.888224889,1.649802581,1.587775263,1.363938778,1.739168795,1.248187691,1.513508645,1.145237686,1.108899588,1.072003764,1.286763109,1.069322127,0.977780066,1.504496103
19743,0,0,0,0,0.00313542,0.00315177,0.02493586,0,0,0,0,0,0,0.031554519,0
19879,3.022627363,3.207245812,2.074053977,2.964814495,4.313614761,2.87267153,2.081587378,3.545192823,2.409512707,2.890109114,2.788694785,1.97540087,1.303544908,3.129262794,1.54885882
19895,0.968637128,0.877981558,0.954739678,0.898391134,0.964545838,1.134929382,0.639249236,1.068538137,0.84592539,0.729372078,0.725514977,0.792100891,0.900122329,0.876647311,0.851750742
20133,3.411400591,4.565123955,3.706143323,3.459877507,3.286053325,2.98845059,3.787557458,3.033626877,3.178061362,3.358254211,3.595102793,3.715500001,4.151042048,3.584714633,3.895333557
20135,0.225065518,0.154604374,0.225366326,0.10460101,0.094163003,0.16146861,0.071583567,0.074250937,0.17869047,0.039812714,0.43879428,0.409707601,0.429051651,0.128210924,1.29084541
20216,0.041495755,0.058483782,0.187864538,0.081963315,0.098379061,0.087257696,0.074788652,0.047099381,0.031115194,0.106959317,0.075954701,0.060459303,0.062813787,0.02911988,0.025161227
20229,6.789475516,7.254414584,5.839646805,7.345949347,6.709844366,6.442659701,6.536047422,7.885017606,6.736955859,7.931874127,8.273574609,9.893032236,8.300012008,6.300311373,8.640575388
20249,69.981233,77.07476021,64.19371951,62.93926217,58.7866997,50.33868687,58.03394277,63.94923774,60.6644995,59.34025855,63.86816862,76.60113787,74.15042541,75.50312997,52.57464527
20280,18.56124137,18.41569115,17.86723202,20.09464262,17.54038919,18.49370148,19.16051173,19.49971211,17.95623621,19.64982778,18.06930171,17.52391586,19.74764978,17.37947612,17.57343211
20322,1.261193806,1.463849436,1.264420597,1.35221338,1.24567824,1.415309108,1.449832374,1.280943291,1.294138728,1.446848443,1.183247898,1.293164975,1.349281431,1.265775785,1.377854812
20397,8.800869487,8.63157872,8.269690724,9.632003504,9.148476273,9.300301097,8.496781846,9.757929761,9.045520453,9.517308474,7.881317626,8.679519943,8.344801507,7.011116765,9.948489408
20425,0.736263086,0.75070492,0.726488067,0.82657955,0.612126891,0.701331114,0.755751642,0.601872371,0.625218597,0.631920563,0.802185363,0.660144682,0.52932775,0.606101589,0.652486341
20442,3.359853033,2.577920885,3.015159531,3.461899055,3.432951395,2.769900965,3.246995281,2.961764221,2.79430084,2.870087916,3.538876258,2.621862599,2.657327687,3.029054358,2.803963996
20443,6.432887965,7.0240527,6.137629719,6.030621776,6.629464555,5.793080818,6.108129878,6.418877186,7.640091071,6.578464253,7.059922951,6.931257929,6.497676126,8.859219274,7.508486775
20444,20.60023898,19.74747668,22.78382509,20.08918768,20.64595123,24.91726763,19.69628911,20.69289287,23.98553628,22.65322611,21.34646282,18.96549204,22.18044729,22.9319898,23.13365166
20446,0.613473258,0.724479121,0.582183549,0.640827045,0.576879694,0.787655107,0.5152186,0.643935941,0.550128614,0.326267066,1.367973416,0.974618877,0.423123347,0.639553212,0.99523495
20447,3.582029059,3.088187969,3.27764715,2.768108978,3.149223897,2.847490107,3.834720293,2.996466868,3.47797928,3.193047531,3.271387026,3.42570214,3.759458552,3.627226419,3.639855995
20448,3.131492339,3.128632528,3.220073072,3.21952559,3.415908944,3.562511601,3.35268068,2.663305695,4.198096955,3.121321267,3.535649227,3.528589776,3.309485595,3.57291274,3.615509207
20449,6.105255747,7.945732165,6.841707308,6.437926221,8.113942357,6.676746032,6.620247663,5.024362311,7.265451994,5.614088752,6.123808201,6.199368692,8.045249566,8.395245936,7.717511498
20454,17.10056763,15.70068327,17.18439846,16.91486574,17.47355134,16.5927198,15.1894648,14.13665293,16.60187674,18.06728224,15.8023045,16.09320439,16.43834522,13.89918484,16.27149546
20463,16.40332709,22.60356849,19.70996776,23.05636945,18.83710228,21.32055136,17.74789153,13.02285374,23.50193248,14.46926771,28.05504541,24.27325606,24.41470842,25.69654638,23.86586839
20493,0.112686312,0.082718323,0.055268084,0.020866917,0.046654643,0.002468312,0.019528544,0.082290906,0.03520698,0.002521353,0.020718421,0.090301159,0.016960859,0.02718315,0.023487783
20494,NA,NA,NA,NA,NA,NA,NA,NA,NA,NA,NA,NA,NA,NA,NA
20495,0.003620773,0.012393214,0.014425308,0.004291097,0.007574302,0,0.00978869,0,0.008145005,0,0.024143176,0.011395004,0.01345314,0.007622693,0.006586439
20496,3.526757146,3.85796968,3.387155208,3.905378188,2.994855634,3.005590632,4.039821915,3.807345631,3.496675554,3.297062316,4.52043601,3.829104234,3.189029576,3.853136353,3.456437364
20497,0,0.023456184,0.014892138,0.002707201,0.00143356,0.001441036,0.001425131,0.02745292,0.020554339,0.020608028,0.018815551,0.020368747,0.043851683,0.073578685,0.002493183
20498,4.851020785,5.739539221,4.195224294,5.418513673,4.290685051,5.282320611,4.234432321,4.714910617,4.348323482,5.056189062,6.143503431,5.427444514,4.095284932,4.64156238,5.022713675
20499,1.451435932,1.441690622,1.557354046,1.870657296,1.991281675,1.515873481,1.270246329,1.74434742,1.487405272,2.099238063,1.966461131,1.378811616,0.918785911,2.032013901,1.221121876
20500,0,0,0.000925651,0.006057777,0,0,0,0.014333694,0,0,0,0,0,0,0
20501,1.678576896,2.084675284,1.459357446,1.544437622,1.561083624,1.55165135,1.613887181,1.951712239,1.739906696,1.903908166,1.531808006,1.637383978,1.696802156,1.836711843,1.77095978
20502,7.401065768,6.858684543,9.076307146,7.855325174,7.092211782,7.153926575,7.447976235,7.848056702,7.496504555,7.97715638,11.13544388,8.151133531,5.274492854,6.212059169,6.573737151
20503,5.271393798,6.63216946,6.034080862,5.812376699,6.643938251,5.763745031,5.744969718,4.667055282,5.425932858,4.795084862,4.676511251,4.574986995,5.314909136,5.273806381,5.477470423
20504,0,0,0,0,0,0,0,0.014833745,0,0,0,0,0,0,0
20505,0,0,0,0.001927383,0.008164948,0,0,0,0,0,0,0.01706054,0.008056788,0,0
20508,0.160433792,0.139906809,0.145267006,0.05146977,0.051303711,0.098844862,0.201882999,0.390942991,0.043101022,0.049386975,0.088178577,0.292115544,0.105466877,0.411976207,0.123613882
20509,3.387853788,3.350920979,3.007956736,3.768587214,3.481543169,4.01547891,3.009179604,3.429229052,3.68461799,3.097541274,3.13159243,3.928734253,2.348049346,3.080975242,2.85678178
20510,6.527585584,6.842262077,7.560099598,7.998990576,7.253014004,7.2392446,8.910500929,6.098316709,7.207261599,7.365908484,6.154054328,6.524185984,7.364405838,6.536261056,7.409817211
20511,777.7865803,782.773956,710.4539605,749.9617715,827.0440032,890.0520636,771.5170808,1029.982679,752.9876134,777.748656,963.5515146,844.8762672,884.094162,855.3466653,926.4012918
20512,88.34028769,82.05918972,86.41817466,84.12548933,89.39167333,84.58546719,82.22325313,109.2415067,94.28718146,82.73204079,84.69135075,83.98622577,82.35457516,75.07291689,79.87048245
20513,1.572296554,1.951066617,1.651350996,1.477559431,1.663142615,1.514247789,1.494893299,1.371154677,4.771120529,1.342185763,1.250350427,1.330090996,1.892783316,1.711200706,1.63567298
20514,1.065578339,0.891522948,0.563911447,1.109261952,0.843437751,0.586672115,0.63260166,1.031130366,0.691713721,0.510353756,0.815435977,0.878028461,0.378977767,0.867773369,0.517332983
20515,15.99247419,17.10227132,16.14884846,17.35471509,19.33804839,16.38169171,16.70924852,17.51900984,17.53427419,17.15378579,16.94104041,15.72172819,16.18440969,17.85537137,17.4876236
20516,15.05806626,15.31212845,15.62706323,13.56152548,15.16166044,16.21174694,16.58212415,16.50052282,17.08135038,15.98457624,15.24271245,14.84494575,14.08999856,14.1743466,13.22225658
20517,0.016330167,0,0,0,0,0,0,0,0.005102091,0.114000747,0,0.057103317,0,0,0.002475476
20518,0.240614983,0.153928872,0.139521494,0.10418435,0.107859208,0.088482026,0.114619769,0.096153594,0.033329342,0.147668659,0.139473626,0.027976998,0.044040173,0.133501938,0.05174725
20519,0.123611823,0.148674338,0.13018766,0.160632075,0.095267724,0.128598036,0.148149597,0.204592604,0.078663811,0.13066273,0.119935701,0.151286009,0.092662793,0.098615701,0.069232766
20520,1.676543381,1.746639557,1.359257703,1.78047495,1.919891303,1.568506758,1.44907829,1.679069475,1.803741644,1.55952001,2.272236388,1.919428548,1.392487615,2.269361716,1.59293064
20521,0.053557399,0.024884627,0.128696388,0.124097152,0.030163762,0.101792098,0.044979578,0.002063004,0.069506831,0.097342505,0.0908956,0.084635918,0.068032432,0.05420799,0.029976818
20522,0.108639694,0.008634356,0.075071323,0.045176312,0.131573661,0.063123971,0.017836356,0.040085458,0.0911093,0.147383846,0.008410279,0.102470655,0.002950699,0.039122397,0.020802443
20523,4.420757928,4.069386042,5.054462543,4.645804758,4.390891677,4.322828795,5.325341846,4.494566546,4.66253963,4.401784421,4.027402394,4.148233401,4.696577213,4.316495965,4.461473335
20524,7.115150857,7.383505712,6.830562183,6.940425198,5.46568959,6.774290503,7.08437532,7.252683672,5.956940545,6.135297414,7.4879713,7.999657521,5.709947514,8.755862366,6.422754281
20525,17.53139937,22.53058596,18.13441391,16.44509056,15.79165989,17.26817317,14.34802864,17.57280316,17.885472,16.4948012,18.92270617,17.18117872,16.79965839,17.68849694,18.78221954
20526,0.014568576,0.021999465,0.015389873,0.016786098,0.021587191,0,0.030296821,0.001215877,0.002275855,0.026077718,0.026190439,0.006367924,0.002506027,0.023003056,0.002208438
20527,26.70925801,22.5829507,25.13363087,22.89824642,25.55859366,27.47613089,24.10828544,23.41889454,26.94605213,23.58550855,23.04267179,20.2971038,24.3833232,26.21872349,24.86321674
20528,0.464789566,0.394797053,0.405068287,0.381569698,0.659337027,0.445922431,0.323199079,0.866974895,0.699758798,0.57406084,0.319035217,0.271725804,0.311809695,0.501484366,0.486153726
20531,0.014443483,0.041803585,0,0.001783068,0,0,0,0,0.010153413,0.046536841,0,0.003156623,0,0,0.029557919
20532,0,0.015302704,0,0.004289259,0.004542634,0.018265285,0.020321644,0.006524414,0.006106136,0,0.00851747,0,0.007844302,0,0
20533,0.380283884,1.247301221,0.58869891,0.78143308,0.859671194,0.806113734,0.950281884,0.565142449,1.126811213,0.454536783,1.136742904,2.010750646,0.531759682,0.593992856,0.30683036
20535,10.02557382,12.36549305,12.98500865,13.60179754,8.399665703,12.82796881,11.7001611,10.31151891,11.7480562,9.866656704,20.04997113,14.55129608,9.732495465,11.88581922,12.41243176
20536,25.41577881,22.82849666,20.43691879,23.24853299,26.24563801,23.72138158,20.83723931,27.58053972,22.54547608,22.66761929,22.4877973,21.70096268,24.5544401,24.63928878,22.91875141
20537,0.006008225,0.000604853,0,0.002373515,0.004399016,0.030321975,0.007496825,0,0.082783228,0,0.027101181,0.005252389,0.007441274,0,0.001092938
20538,0,0,0,0,0.005923404,0.000425307,0,0,0.001516599,0.002606675,0.002776606,0,0.005427443,0.000425804,0
20539,24.20014215,25.61574298,23.17050771,22.70189147,20.84685823,24.91530565,20.09665696,23.59432569,25.68832175,22.22294441,19.99406828,21.72738891,24.06837268,21.08593875,24.12103783
20540,0.662715326,1.144608261,0.961241238,0.54283577,0.479632672,0.60431827,0.359242073,0.73291625,0.606443906,0.374430527,0.60980919,0.788019879,0.602944574,0.347145085,1.036980506
20541,9.653629967,10.9666594,10.27601079,9.886926264,11.27316573,9.417857648,11.39992447,7.050249219,9.311454125,9.590168513,7.155084297,8.490082922,8.710335608,8.631618447,10.80602507
20544,10.14097554,10.65435637,9.327713765,9.904024973,10.66590759,9.566124075,9.943967058,11.29632944,9.481372175,9.012106051,9.214630883,10.18061494,9.719059086,10.22982599,9.797642644
20597,11.98508111,11.75382879,13.86740863,13.11634613,12.0385386,12.52910216,11.78380402,11.744031,12.06474501,11.07178572,12.84303422,11.90784357,12.31269235,11.34965215,11.30108474
20598,1.654267567,1.700798567,0.958217979,1.863195974,1.772005969,1.418582372,1.610313835,1.529859324,1.477967106,1.640594829,1.856839598,1.612315028,1.501509955,1.64253808,1.423514452
20603,17.65161042,17.68215777,19.18369002,17.76910975,17.81148821,17.32621341,18.9561737,13.89314142,18.0120033,17.76102885,15.12635464,15.23773359,19.06794771,16.81050394,15.46729123
20652,7.58553248,7.78507673,7.627062695,8.496557382,7.648696266,7.34431537,7.473540538,8.098496317,7.982491373,6.516101888,8.750872631,7.868846577,7.302201771,7.940857017,9.865746472
20655,21.23353149,19.25074853,19.01178499,20.77410917,18.69968415,21.47713775,19.96019922,20.32138456,20.36703842,20.1104356,20.08301582,18.33971861,21.61530033,19.62101944,18.37799331
20656,34.59222497,40.1668832,38.82355216,36.98715464,35.16962068,33.93217963,37.66365975,32.83867781,35.58989794,35.23021992,34.11031573,32.60621137,37.87869127,37.05984497,34.86915125
20657,0.432731053,0.570441526,0.522031596,0.613041247,0.551970101,0.632527099,0.482877347,0.755777777,0.616436346,0.641868601,0.880352422,0.802720169,0.518106174,0.663818387,0.717570887
20698,1.601982628,1.01190875,1.007656248,1.218731763,1.663861491,1.403610577,0.800209422,1.25160894,0.948451198,1.474737502,0.886643129,0.876754152,0.495556586,1.82328288,0.581599278
207151,0,0,0,0,0,0,0,0,0.004067554,0,0.004255384,0,0,0,0.000986765
207182,13.08605285,15.32336915,14.64369218,15.39283636,14.04392734,12.96133567,13.19746658,14.44757638,15.67128922,13.98061104,11.75398944,12.61337752,13.55787687,12.29496981,13.07994687
207728,2.726969722,2.14174472,2.216050867,1.816990586,1.898576199,3.249499134,1.935421809,3.048791367,1.940538579,2.765264874,2.048575973,2.338591925,1.884780595,1.910653668,2.080512615
20773,4.622762991,5.000836097,5.651938107,5.393469714,5.630120603,5.398609949,5.472091645,5.47197258,5.182365943,4.84983615,5.969732225,4.801515685,4.973299571,5.869531045,5.715357392
20775,4.457368406,4.529778322,5.310404878,4.805256575,4.802609556,4.450865767,4.819398538,3.779887873,4.466094304,4.326742456,3.068172142,3.439484085,3.849521751,3.932962323,3.367775847
207839,0.760809037,1.224428682,0.883152037,1.000880102,0.83329803,0.950817461,1.35071487,1.181434167,0.922440242,1.086069219,1.277380492,1.054940682,1.285536219,1.338095158,1.224788931
208043,3.791097801,3.312398516,3.530076806,3.414774661,4.170952948,3.779256811,3.302682917,3.595546387,3.981027486,4.122966615,4.042365305,3.326522126,3.435169812,3.941468028,4.032046803
20810,8.156806098,8.973580762,9.039780953,9.856088264,9.917199866,9.343571625,9.718327737,10.02184101,8.952188087,7.963998416,8.290031912,7.3332546,8.829169277,9.073974995,8.739689613
208211,3.352344612,3.103265237,3.630655252,2.902133551,2.646227377,3.27684368,3.365945719,3.139689555,3.306626484,3.110982195,3.0715252,3.097755961,3.24369358,3.004985274,2.756077682
208266,5.402864985,5.12750314,3.627182329,5.318136233,5.70594757,4.251409758,4.575719737,6.285229939,6.445647204,5.362939965,5.699437753,6.326689469,4.408281044,5.080413933,5.429486285
208449,6.955676029,8.886008331,7.822353258,6.999289223,7.563297325,7.553388849,7.063332602,7.135374709,7.912626857,7.325884858,7.977327969,7.88597223,7.472795991,7.710427541,7.783530335
20860,0,0,0,0,0,0.058446705,0,0,0,0,0,0,0,0,0
208665,0,0,0,0,0,0,0,0.04119327,0,0,0,0,0.003537619,0,0
208715,33.22957174,30.96392395,34.05848435,37.93553795,31.04999878,33.77486851,30.17126784,24.79885767,29.86117474,31.51124519,24.24226977,25.66627687,26.63199095,26.71793949,22.85384139
20887,1.317892202,1.880612273,1.566356054,1.698352294,1.664847233,1.576668355,1.263910201,1.937529508,0.99540453,1.855154754,1.437843099,0.805352252,1.465836496,1.562348144,1.249874343
208890,2.417711984,1.526607777,1.156104837,2.076926097,3.213382142,1.789925255,1.108215147,1.264405696,1.602376699,2.734900764,1.199411447,0.703478944,0.524162684,2.16472571,0.403365696
208967,2.361253601,2.783306421,2.79883446,2.457455342,2.594806512,2.367406318,2.79192024,2.247568609,2.047447368,1.80300904,2.330058833,3.002681581,2.331639861,2.572056276,1.71041169
208982,2.48550366,1.999227429,2.06280084,2.758156978,2.118963741,2.158903447,2.37403694,2.539283785,2.036992529,2.232124243,2.53767089,2.417406386,2.163082956,2.363894996,2.097067626
209027,0.274861272,0.201550691,0.122902201,0.405508305,0.482701653,0.538735452,0.289329246,0.764653924,0.308517018,0.379023017,0.50577381,0.522097866,0.406262195,0.321475741,0.435178122
209039,7.500159343,6.701999334,4.910416703,5.736245461,6.530729351,5.512692425,4.194738171,6.901311979,5.417404391,7.305922148,5.116595961,5.41419352,4.453612802,6.177042749,4.590837559
20905,NA,NA,NA,NA,NA,NA,NA,NA,NA,NA,NA,NA,NA,NA,NA
20916,26.57021729,27.78237798,28.99317377,27.89501511,27.15485009,24.64769569,29.3170116,23.66072451,28.84535954,27.18738362,26.18763661,25.27359222,28.51992201,28.23614407,26.66944734
20917,5.422067476,4.904045547,5.097802636,4.912267802,4.840909135,4.573566821,4.727158523,5.001920138,5.021703443,4.810272684,4.788266514,4.650343797,4.404919126,5.288101554,4.851632017
209176,0.098322556,0.126605083,0.231885645,0.128719816,0.241555775,0.26204826,0.244890468,0.185491322,0.180029158,0.169448414,0.221975027,0.171907124,0.259595572,0.238285197,0.284921146
20927,4.485982122,4.396353091,3.460874624,4.299295209,4.677653556,3.832588346,3.246762945,3.49558538,5.28570318,4.339709074,3.181184933,4.069129602,3.830708388,3.481889878,3.715408688
20928,0.332262417,0.343564412,0.20945366,0.291355641,0.320507067,0.368294064,0.229907881,0.476579263,0.326635166,0.2794137,0.486064892,0.39026142,0.220142721,0.320657359,0.352480594
20937,1.535322823,1.346658797,1.473084617,1.041009882,1.134037935,1.547328389,1.242312159,1.442582266,1.322887579,1.386304246,1.120100156,1.13133484,1.264222524,1.336394365,1.226827071
209558,0.116872627,0.085301086,0.063494366,0.144280842,0.213925324,0.076800297,0.075952622,0.158015775,0.150624064,0.13807314,0.177635074,0.071519022,0.102530156,0.07073882,0.103642249
20975,5.417768646,5.080165603,5.474452419,5.521688477,5.531798684,5.373531165,4.959029253,4.683095853,4.436600657,5.491567791,5.57023441,4.381205326,5.061581603,5.760758347,6.269283257
209837,0.49420262,0.405585319,0.175101897,0.403196412,0.52533964,0.672100554,0.491529784,0.508396902,0.548810702,0.643273699,0.363454896,0.530647811,0.476799241,0.409951411,0.288262824
210004,0.319793905,0.357428617,0.287281818,0.412819686,0.472761671,0.373297988,0.481763878,0.437542064,0.448434399,0.359684575,0.404943587,0.355508268,0.301470165,0.41216776,0.320637198
210044,3.519190283,3.175550328,3.519465083,3.68088743,3.785631757,3.898951578,3.471117132,3.122196233,3.597657626,4.078955185,3.400902854,3.703544191,4.030406805,3.480673035,4.234571202
211347,1.679508638,1.687073728,1.858540876,1.644504261,1.609477578,1.602053473,1.6323401,1.450022248,1.620264834,1.588010107,1.596414959,1.453029558,1.570215771,1.539880742,1.641288399
211389,0.635946885,0.560683567,0.625898847,0.804590269,0.630051655,0.655140446,0.700276096,0.561742372,0.678449941,0.623614227,0.64199659,0.581842702,0.554438991,0.599774439,0.525424417
211429,0.079878065,0.086444974,0.018081676,0.114388243,0.045951699,0.037792892,0.058140067,0.027999447,0.069254521,0.077210037,0.039163524,0.097761148,0.024732538,0.071469975,0.101712653
211488,2.252089311,2.214915271,2.564779131,2.145115091,2.025126896,2.207460377,2.526226018,2.324290255,2.287340832,2.292661779,2.160617178,2.052956286,2.506948588,2.415611151,2.024736194
212032,0.376426276,0.496304277,0.536548758,0.393348892,0.528351461,0.449397836,0.520194078,0.3234847,0.45981005,0.279084503,0.35006588,0.794018375,0.416079395,0.429471825,0.993985743
212111,10.49822005,11.64946043,11.30828236,12.74844222,12.41786119,11.66974645,11.10807624,11.9779783,19.18416088,10.88175702,12.47356311,12.20115104,12.07245511,12.6784114,11.49293025
212647,1.587691255,0.880609656,1.598582216,1.771705813,1.898679584,1.570232477,1.342150337,1.385313484,1.69478419,1.731911087,2.078141261,1.899312898,1.842333269,1.957597679,1.405250597
212862,9.775114325,11.05140789,9.586894028,9.895207122,9.273343681,9.045500744,9.357521033,9.532918477,9.783550183,9.414007653,11.7406436,10.03811282,10.09308794,9.61991251,8.842275804
21351,12.42395916,10.62878835,13.36315936,12.51508747,12.08651062,12.79641026,12.72625303,11.75803975,11.24155007,11.80422434,13.93303846,12.53211987,14.62317076,12.19571134,12.01160241
21366,38.6910679,36.75476432,30.3471675,32.70869814,37.58602517,33.9875527,33.33200622,37.66902169,33.72258235,36.53238676,29.7887247,31.19576439,26.13073897,27.02643629,29.73694274
214084,0.392326662,0.588469994,0.642392615,0.283862311,0.746502644,0.383166993,0.841733784,0.445144886,0.215407892,0.488436958,0.869310912,0.575683902,1.078322602,1.648074895,0.479824262
214111,0.00283803,0.010475921,0.002569734,0.013547203,0.010389543,0.005967839,0.012787601,0.013737815,0.013300437,0.007620102,0.010204053,0.043004099,0.012692847,0.007468514,0.026243094
214162,13.7572123,13.88652048,14.2956365,13.69450751,16.00086678,12.7929552,12.51665964,13.40599519,14.30542453,13.85374956,15.2905247,16.97261173,14.4087529,16.8810898,14.89948142
214253,0.980721651,0.775153558,1.017662107,1.035277353,1.234900367,1.238499122,0.606796182,0.952435715,0.840729098,1.244801611,1.292835224,1.51157545,1.065178493,1.487366481,0.75930634
214579,2.392417838,2.616389519,2.414937497,2.402452114,2.548480267,2.412562248,2.671973515,2.546894577,2.484295655,2.126282471,2.59216334,2.688845178,2.765291831,2.952234266,2.479410722
214593,0,0.034837147,0,0.000833568,0,0,0.011409018,0,0.001582209,0.007251848,0.016552713,0.026562454,0,0.015103621,0
214663,1.665801863,1.709666547,1.567127466,1.731751563,1.745743534,2.420595877,1.69496075,1.739857306,2.331382892,1.537971471,1.818135734,1.910432776,3.002851643,1.910710761,2.093975625
215015,9.632674667,10.06627534,11.85973193,10.04298425,10.05705045,10.3146853,10.43511261,9.833108602,9.857073998,9.51218315,9.562323497,10.69428505,10.89655825,9.991029282,10.17841027
215113,9.095957314,10.26655294,8.544577826,10.51071394,12.1356786,10.13049464,10.18812309,10.85741201,10.40850793,8.744409315,11.08670828,11.73326712,13.04214313,11.74851083,13.84328029
215335,8.873413825,9.160134662,10.36767582,10.18650424,10.30057887,10.80016947,9.391615232,9.229538291,10.89259964,10.27315286,9.535236259,9.504552261,10.71188127,12.18070141,12.23910322
215446,1.151774219,0.950680854,0.836948028,1.047654417,1.031511976,1.025412267,0.934631777,1.095196346,0.990874456,0.674196432,1.015219909,1.072097437,1.472311127,1.570560458,1.064128377
216019,0.789075067,0.990762309,0.846301669,1.18188903,0.983700511,0.936786303,0.448085299,0.880663189,1.522867386,1.138293157,1.087822962,0.60326495,0.528909766,0.61912389,0.971928915
216134,21.90618175,22.62521869,22.80355553,20.65831399,22.17411395,22.3898955,19.81680537,22.5280495,18.27589771,19.63952149,20.34381073,21.71467632,21.71425789,27.09081891,22.02473563
216152,7.923526838,7.099764437,8.330612402,7.510102378,8.474368269,7.514533947,7.226253891,9.458077782,6.242608041,7.45229851,7.496448043,8.797369217,8.448662732,9.596353237,6.85733772
216188,1.97478723,1.064752904,1.330470314,1.317258196,1.059841597,0.730982497,1.043355125,1.483939301,1.233979397,0.987643791,0.887233793,1.060385096,0.903308372,0.703289686,1.298332015
216225,0.007863099,0.009312764,0.007538561,0.004568048,0.005321681,0.02528822,0.00673322,0.005558786,0.002601207,0.007948195,0,0.01374784,0.009070231,0.00194752,0.005048304
216227,0.231798593,0.098254156,0.214133945,0.202975587,0.125642091,0.113470183,0.242975866,0.265043294,0.069489597,0.121955931,0.205212079,0.195254709,0.269264144,0.243998951,0.166443892
216343,0.528534961,1.487942353,0.203286084,0.133961229,5.146623054,0.275393306,2.003744959,0.327904357,0.157825304,0.396849721,4.320464046,1.619202554,9.263820671,9.763266721,0.102100044
216453,0,0,0,0,0,0,0,0,0,0,0.015359852,0,0,0,0
216454,0,0,0,0.00192508,0,0,0,0,0.001827014,0,0,0,0.012070747,0,0
216456,3.229607546,3.561416364,3.175036247,3.681880263,4.06954414,3.133583954,4.096003507,3.185939245,4.292465456,3.156308968,4.025659261,4.868945006,5.166022443,5.21052289,3.268021231
216558,13.64395009,13.18385515,13.04610107,14.25247623,11.10662997,12.13181562,15.13758067,13.59230051,13.05338769,12.42348808,13.88522375,12.58303666,12.97459862,13.24492643,14.3402148
21672,27.48140884,28.55797356,27.51758955,28.18836325,24.59203809,28.5895101,29.36396926,24.62645376,28.25731641,26.80712416,27.45815006,24.82047254,29.84824971,25.36419935,26.21894274
216739,18.96814401,20.33503298,20.23043048,21.1202918,22.09837612,19.81459268,21.02043044,21.70984148,21.27805934,19.34003453,21.25146916,22.8511509,23.86770241,22.67734603,21.16693957
217119,4.318945151,6.244056066,6.446948304,5.832610433,6.350345765,5.795891018,5.380400065,6.142695499,4.956719831,4.994211884,5.151782024,5.955951843,5.66808444,6.350973968,5.69781852
217214,0,0.001197051,0.00861331,0.001174342,0.008705993,0.001250199,0,0.009526926,0,0,0,0.043658514,0.018408571,0.020026548,0.007570532
217480,12.04547602,10.47338046,18.46275004,10.38495536,10.87541525,14.40192012,13.47988956,15.32253342,10.1377679,10.5563335,13.7529356,12.72545317,12.72859576,10.52496365,10.94765842
217593,0.175870103,0.194754925,0.135357423,0.147637538,0.156358786,0.018491072,0.221729621,0.044033773,0.175145835,0.073192644,0.094850347,0.138371053,0.11117778,0.064794363,0.099975007
217700,0.340874925,0.296366917,0.36030416,0.417336908,0.28066355,0.34210683,0.434264509,0.339272486,0.332044687,0.321471396,0.394339261,0.312769304,0.351815479,0.342506512,0.307475375
217707,1.895095069,1.924918752,2.413601918,2.117808141,2.61623609,1.629154551,2.31808612,2.246900994,2.583429303,2.214827845,1.861075118,2.369886459,2.464633497,2.40931402,2.362618651
217837,15.55711656,18.32800558,13.76037438,16.80143829,15.02862493,16.71466966,15.8480505,17.49231197,17.1429674,16.03553851,18.32152431,16.97631985,17.42076852,17.15995101,19.87872726
218103,0.003227852,0,0,0,0,0,0,0,0,0,0,0,0,0,0
218121,0.612832342,0.738267169,0.675628405,0.709067626,0.742907751,0.555368281,0.943836978,0.945029717,0.860410417,0.861969353,0.548131153,0.800244522,0.60339056,0.564114451,0.599371802
21823,0.937425867,2.281051124,2.572803544,0.438921211,2.176916621,1.36351827,2.760067739,1.121255083,0.610046978,1.134599525,3.314920215,1.781239459,1.882389336,5.629166657,1.6831546
218232,2.258707411,2.512784304,1.832378851,2.039780368,2.23656203,1.651781626,2.536396781,2.0650021,1.979276182,1.962065123,2.251176973,2.524119281,2.034872692,2.225259398,2.127029363
218271,1.909624303,2.067174387,1.812546421,1.946039867,2.128475208,2.166706355,2.250122825,2.235559287,2.182078577,2.474582302,2.018950016,1.941717043,2.317156433,2.132372306,1.492098841
218461,7.375466808,6.691084445,8.096323477,6.816231339,6.702025182,7.900592566,6.395090417,7.846707094,5.864208316,6.715071934,6.665608201,8.082745552,7.468878123,6.959784283,7.536561066
218476,0.323308867,0.233738925,0.195748199,0.277655081,0.315857485,0.291003335,0.210173418,0.206316795,0.20717411,0.221771172,0.279956975,0.189836848,0.260144719,0.203583155,0.210736172
21871,19.42166358,22.48062258,22.08868261,21.86194066,22.44087588,21.72859841,23.01721695,25.11385477,20.6426482,19.10410047,22.89162566,23.09906198,22.47134625,24.05607824,23.82309763
218756,2.01314203,2.046800357,2.002957654,2.210622381,2.487779207,2.054799623,2.74245133,2.002391614,2.611664864,2.268268836,2.032942507,1.981925307,2.075172182,1.536973542,1.983513532
21877,0.207371562,0.219896731,0.17524963,0.174764718,0.187980429,0.063955911,0.178250015,0.179992812,0.116621683,0.106904047,0.352464599,0.568023777,0.279662283,0.136792711,0.711694778
21881,21.07269757,22.21793274,18.94961038,24.32992941,17.0728252,21.77978406,21.55522222,20.85287218,20.71226745,19.96416376,19.44685001,18.15557046,21.866882,22.00554676,15.50617022
21884,NA,NA,NA,NA,NA,NA,NA,NA,NA,NA,NA,NA,NA,NA,NA
218865,1.476031409,1.02205711,0.997211863,1.102685044,1.207544744,1.275065907,1.569001123,1.23483769,1.048885716,1.375882266,2.068027274,1.646685638,1.126222508,1.292545816,1.743180393
219135,15.86064991,14.97120186,17.25367464,14.96715021,15.32782121,14.58350715,16.69315378,12.68140203,15.2455005,15.54357683,15.36289483,15.75556697,16.21434164,14.81867855,16.08657181
21915,3.85062606,3.337834435,3.312884391,3.626784811,3.315322937,3.210443274,3.042950505,3.279993417,3.652250851,4.016578722,3.603625123,3.550472717,3.385751319,3.020773491,3.035308565
21990,0.04103161,0.335618334,0.099847724,0.045588671,0.005364632,0.008088908,0,0,0.064899477,0.082627297,0.140822102,0,0.100577784,0.002699453,0.011662402
21991,97.15936404,102.0336283,103.818501,96.98091162,97.47007054,114.9478048,109.8358064,92.11076669,101.558736,94.4079894,96.44789995,88.15875147,104.3046731,100.2416665,96.31330393
22117,3.000676383,2.886963449,2.396450816,2.693258603,2.774739733,2.711188708,3.092777255,2.772956658,2.663287122,2.976991715,3.016691624,2.721847625,3.004442059,2.530469933,2.56470765
22169,5.851661514,5.864186205,6.41045528,5.834890857,5.981684555,6.082671286,5.587579091,4.730267002,4.682116781,6.972675378,5.712000298,6.075951235,6.769143376,5.932554459,6.363805526
22171,0.268551181,0.135176382,0.448501376,0.471509437,0.374521839,0.26353234,0.195467724,0.630551964,0.282478103,0.403793025,0.231151047,0.45649216,0.378799639,0.232430673,0.301249922
22173,0,0,0.018844672,0.008221732,0,0,0,0,0,0.031293144,0,0,0,0,0
22227,0.024115163,0.015173088,0,0,0.00945873,0,0,0,0,0,0,0.002635184,0,0.001586527,0
22228,12.69541498,16.65729754,13.72774516,13.63408179,11.30714243,15.28358401,12.86064978,14.08351896,13.81090315,11.965525,13.70640544,17.08596679,12.41644912,10.0217468,18.40155251
22229,0.165239291,0.132225177,0.10230305,0.21201027,0.217148154,0.149975014,0.204123127,0.219236586,0.145612616,0.301845183,0.250663011,0.271619447,0.323593899,0.286920735,0.200387888
22232,3.2960778,4.081789747,3.311648299,4.00435649,3.363871862,3.233512113,3.372770736,3.57728209,3.495305157,3.003801402,3.87578748,3.481829175,3.065950511,3.71344723,3.8157347
22234,14.74047647,15.36299149,16.47511963,14.9891043,16.96262037,15.54209717,15.72777486,13.02627802,15.21262803,15.7174563,12.75097718,13.90219177,16.79094046,14.91134767,14.23633692
22235,5.04306733,4.976103602,3.991350886,4.936350788,5.010234541,5.125009057,4.802691597,4.662762053,4.66759853,4.383368299,4.666108092,5.408310826,4.514200134,3.910651443,4.800132116
22236,NA,NA,NA,NA,NA,NA,NA,NA,NA,NA,NA,NA,NA,NA,NA
22240,7.265298484,7.791962849,7.122820883,6.379980889,7.599146308,6.225307476,6.574110013,6.40753938,6.258748638,6.730763344,6.658703896,6.655798324,6.994767119,7.075578422,6.555582343
22245,4.262456967,5.241213234,5.408313549,5.193722454,5.969518362,5.299309788,5.422132616,5.926535067,5.756724504,4.91080898,5.528591884,5.792608145,6.256094349,5.515273629,5.910943222
22247,0.78776091,0.604330138,0.547515397,0.613036144,0.641620175,0.625026391,0.681836605,0.62604473,0.655644067,0.553068703,0.743139652,0.84169611,0.670008891,0.835365874,0.715169262
22271,0.155294669,0.328306581,0.478086631,0.613482796,0.292375109,0.832715788,0.488463229,0.365492341,0.320227102,0.567073269,0.753782347,0.424245541,0.893555037,0.46997154,0.81569527
22272,28.38720005,29.7263405,23.89769178,34.02992503,25.73006343,38.34519842,30.35950878,29.85603189,27.37576406,34.00979632,34.80322289,27.47749642,33.12820973,29.41702272,29.04163982
22273,50.55608962,51.66094099,49.392329,49.04060358,47.11557216,48.00182315,53.1170013,48.71625941,51.56546302,45.50742928,45.92902345,43.25982388,55.30270723,50.18200961,47.03079839
22275,10.60506989,9.401119862,11.04094018,11.24224676,9.688994983,10.7213697,11.0829606,8.997791377,10.77015911,10.3119464,11.71482947,11.92649578,12.98386796,11.10110762,10.12406105
22276,3.651212263,4.400059581,4.661032445,4.188073715,3.943086297,3.991815449,4.246225719,3.848365303,4.519996609,3.781640546,3.985634226,4.309384919,4.119959087,3.919933597,3.136410551
22348,5.50457695,5.237982037,6.880808223,4.387238673,4.820676369,5.122955616,5.570577742,7.890539198,5.432123183,4.032481695,5.105505068,6.247869411,6.16621164,7.284636287,5.562271146
22361,0.16054631,0.013468612,0.032304197,0.127726695,0.062971341,0,0.162298992,0.013399017,0.060610056,0.064659942,0.028424668,0.079921276,0.057534419,0.253494623,0.032449441
223646,1.920123888,1.290548587,1.175964606,1.34070344,1.686316009,1.621536801,1.69677259,1.376386797,1.411452502,1.695461571,1.281758575,1.313984186,1.27109409,1.143178436,1.277992369
223753,4.28119323,4.558951717,3.812068102,3.835724085,4.158529128,3.866474105,4.255452684,3.989568186,5.759020101,4.094025967,4.483847607,4.048758903,4.819928575,4.97524505,4.586471146
223920,0.030260527,0.074172075,0,0.0051975,0.041283951,0.029049457,0.027360788,0.026353149,0.016031378,0.005652133,0,0.006900978,0.013579024,0.001384924,0.011966525
224020,36.01509847,32.88564898,39.03538831,35.73513209,35.8979483,34.44119905,33.72484608,31.83739038,34.94226319,31.86558669,30.91379606,31.37597297,35.38355744,33.25986441,34.40471184
224024,1.088646084,1.135540238,0.788260053,0.967466266,1.385475897,1.264895251,0.624537686,0.88619336,0.877969777,1.215281379,0.627533139,0.836053216,0.549801062,0.982238806,0.583691379
224129,53.80857325,48.30374512,66.42641835,43.52590227,38.56434282,55.65822775,44.80418728,104.0199577,34.05065277,38.33047437,65.31795993,63.72302801,48.23525185,60.8660943,53.44449383
224143,5.689520896,5.717413469,6.928024986,5.675484964,6.48690955,5.10411739,6.138849227,5.291232815,5.837942229,5.707114791,5.843284599,6.463948563,6.205030427,6.169487432,6.045643481
22436,3.485133017,5.413442026,2.587771985,2.748636996,2.515913012,2.536525591,2.082412536,2.416145274,2.715500621,4.282666949,1.970805764,3.161966495,2.361214383,2.749550126,2.813323263
224530,0.462347276,0.623817465,0.364788963,0.687770804,0.46151991,0.324748544,0.400956509,0.785829701,0.366826148,0.583097807,0.673470386,0.598728863,0.469266438,0.345322228,0.404816918
224661,0.537450585,0.384982215,0.30134376,0.244980935,0.449717587,0.228204691,0.393338296,0.366431102,0.499877691,0.561680601,0.39526105,0.458996767,0.471495285,0.267637809,0.368502698
224674,1.156114909,0.75099916,1.165267859,1.030056662,1.353460792,1.126330782,0.863915093,0.807313039,1.090254792,0.831574332,0.922187225,1.591736576,0.948738414,0.777815688,0.903605732
225010,6.344221796,6.429536121,7.119940385,6.746352275,5.996772837,6.388694956,7.007745326,5.961168194,5.67392262,6.238276217,5.324077489,5.894534893,5.603766618,6.282678592,6.572546437
225326,1.735103378,2.029375039,2.073759672,2.030710107,1.84709316,1.786879323,2.169269318,1.836721677,1.936899108,1.673241664,1.771981375,1.789219909,1.989950721,1.839747278,1.989575005
225579,0.033736968,0.05294278,0.019766098,0.005879823,0.038400793,0,0.008254049,0.0168939,0.008370444,0.014919658,0.007783973,0.005204621,0.008192888,0.00626694,0.016244975
225600,0.055319525,0.024569399,0.010312612,0.018479202,0.046799753,0.030792298,0.017763918,0.028516186,0.03660072,0.072518921,0.001595452,0,0.026028618,0.035109977,0.004439563
225742,4.672867937,3.928610489,4.623725431,4.352154886,5.222384119,5.063737014,4.686632326,4.083504542,6.957924119,5.116588279,4.319358673,4.031334307,3.628178461,3.765020465,4.971187565
225791,1.907388056,1.90646068,1.840056962,1.922074344,1.90180856,2.087022108,1.938599368,2.091941641,2.291012668,2.038396413,2.579830883,2.196361849,1.672071066,1.934930806,1.911276348
225887,13.27183271,13.06646935,13.86453886,13.29882844,12.09623803,12.81715344,14.03695167,14.15683736,13.79426157,13.60751776,14.11114397,11.61412448,12.89762006,14.51802223,11.811401
225888,7.622016801,7.216161183,6.794402303,7.045904327,7.278824491,6.677449429,6.838655101,6.134289944,7.581475032,7.124798597,7.227644196,7.822298236,6.820668238,6.94083703,6.765419822
225913,0.984852326,0.774739741,0.814712377,0.860617757,0.765838926,0.810492529,0.857842741,1.186443711,0.825234389,1.042500914,0.666150852,0.831658127,0.924660806,0.906423971,0.730441116
22598,NA,NA,NA,NA,NA,NA,NA,NA,NA,NA,NA,NA,NA,NA,NA
225994,0.75370264,0.590442645,0.646405602,0.757469917,0.627337835,0.641770291,0.637446333,0.667128185,0.587046573,0.735368655,0.983688768,0.990650104,0.594376074,0.698391377,0.83034686
226413,0.284468448,0.42736232,0.606294059,0.983304436,0.894908954,0.496952155,1.30830363,0.092043667,1.148570442,1.548744859,1.281000498,1.034900828,1.472509941,1.568610171,0.573195336
226518,31.93063075,33.74382164,38.34708492,35.37219654,37.25723433,34.42353212,34.95828766,29.01056052,37.53917029,33.74982606,31.22847019,32.2135745,33.74088647,36.21651662,32.6583882
226646,28.52792828,31.7637162,31.81653673,30.74032511,26.98832807,31.84553168,32.29400614,28.76650177,31.00487355,28.8592831,29.77586437,26.58688654,33.41984556,28.45026537,29.51585737
226999,1.122247368,1.16339158,0.876811164,1.605879576,1.595964264,1.019660604,0.883110235,0.785157408,1.134890628,1.629405222,0.765906215,0.635854202,0.761189348,1.20423843,0.831896045
227095,2.69066458,2.739235705,3.788274331,2.747154741,3.198792672,2.888745589,2.943552357,2.846533814,2.916239763,3.085134698,2.928273563,3.180410391,3.527992382,3.410707616,2.564445991
227120,8.610755568,9.903605109,11.72750504,8.610135479,8.148673412,8.016665924,12.68576938,9.836136061,9.690529174,8.070102781,11.20382888,11.90861797,11.09714723,11.19807844,10.52525392
227197,22.05138724,24.39112654,24.02288676,22.3331889,23.71291335,22.88445157,23.44992658,23.37746461,23.62145908,20.0791249,21.67044118,22.19404163,25.53650157,22.94836984,22.51574506
227231,0.015979823,0.008490374,0.028938305,0.013151539,0.01578555,0.030335621,0.010615666,0.021338533,0.019554475,0.009057884,0.006093709,0.014745645,0.013743919,0.00327073,0.004844736
227327,0.115355601,0.12395842,0.107971129,0.049922823,0.074562887,0.119922709,0.080863006,0.062307997,0.100833683,0.038977181,0.085154519,0.131436924,0.121733459,0.154171567,0.135570729
227333,14.35272891,13.50893741,14.88604619,13.90134002,16.46389363,14.63115075,15.03680768,13.59929485,18.67763225,14.87194921,13.49438636,14.1299019,14.15023303,14.23942806,15.06985698
227399,2.003014419,2.995938117,2.49311927,2.200300194,2.265681891,1.7862235,2.506793962,2.457652278,2.278249902,2.633041148,1.867000642,2.649471602,2.381185764,2.59783353,2.225598921
227620,4.453221298,5.351287504,4.467587645,5.51734763,4.60596438,4.690163779,5.047083421,4.509613268,4.420798797,4.864720039,4.553844701,4.153206171,4.832455599,4.306013331,4.352315464
227659,3.315066892,3.016411287,2.934712956,3.455325024,2.640556614,2.681137084,3.043972904,2.903777123,3.582856663,2.829130476,2.315496595,2.394219386,3.187226849,2.461475077,2.834259156
227671,0.347674892,0.420008734,0.217943349,0.274693995,0.369245535,0.357111449,0.144604987,0.308021966,0.185498565,0.226913733,0.15997202,0.22444603,0.184937366,0.346267915,0.267572866
227721,1.845529976,2.678526434,1.946806507,2.148302913,2.445249331,2.879302653,2.09516719,1.912519991,2.699886829,2.414911732,2.133014872,1.895600256,2.835875732,2.051128104,2.290857923
227733,0.629982282,0.393560237,0.261539289,0.425441418,0.50005801,0.510519696,0.328822469,0.356613453,0.326749331,0.3717289,0.339396087,0.596443205,0.609082398,0.369576281,0.493723406
228033,32.11380568,35.88261589,29.82459584,31.76664769,33.03904065,37.50949559,32.40099767,31.90188691,32.78609367,34.5039671,36.62534083,32.64626857,36.81730305,34.73968992,32.67000413
228550,6.937536457,5.655532228,7.178195641,7.787902717,7.030760155,8.865650028,7.858156945,7.094691849,8.014098981,8.999352349,6.808147967,5.820541502,7.466765977,6.009187142,7.00445641
228677,0.016007513,0,0.068847569,0.031618387,0,0.016830381,0.045772697,0.014027678,0.005626444,0,0.043165898,0.014868375,0.036140305,0,0.022749052
229211,5.260870362,5.349310695,4.837622155,5.756191325,5.455676199,5.353682415,5.171078733,4.864318409,5.242761667,5.049146043,4.441726376,5.284409949,4.917534278,5.537768077,4.727324622
229363,1.489200578,1.371782661,1.553641234,1.460835468,1.261378693,1.232130915,1.247318108,0.992061891,1.280055979,1.15012985,1.274131602,1.142018812,1.404492054,1.358464606,1.37246597
229665,NA,NA,NA,NA,NA,NA,NA,NA,NA,NA,NA,NA,NA,NA,NA
229709,49.17528823,52.48548164,49.43837909,49.92375427,52.16238374,47.17193247,55.82099092,53.11512878,54.75763641,50.44636571,55.84495681,54.50438129,58.37428984,58.57441827,49.6796381
229782,3.336563847,3.547213627,2.936471871,3.040708109,3.716498072,3.333035887,3.649586688,3.649940288,3.510000058,2.657593565,3.135359495,3.742226795,2.871671993,3.951501106,2.750540514
229791,7.576753285,6.37427578,8.759877537,6.899828433,6.90513907,7.700526352,9.542570454,6.814346225,7.893216947,7.570850707,6.927237339,6.329630203,7.334616861,5.410548501,7.214127211
229949,32.70935989,25.69591814,32.08733474,28.88311788,31.21735201,32.20122126,31.40189715,22.64670687,32.13221608,30.29871252,24.97460864,21.28507383,30.84680906,20.74845675,26.3819309
230075,11.16055698,10.71700717,7.287684029,10.95213731,9.709256473,12.91982875,8.941289707,9.456751052,11.21393985,12.17713723,12.17144046,10.1834549,12.51302131,12.50967797,11.25322423
230099,0.211293194,0.267019765,0.354142492,0.404031191,0.103447899,0.103987325,0.121537682,0.081042723,0.33288452,0.11587843,0.282131671,0.208292791,0.218074757,0.250807595,0.171734025
230101,6.370682787,6.696057824,7.05360782,6.972962876,7.263420133,6.539642573,7.06032772,6.041828207,6.695720598,6.157149388,5.580817784,7.540303674,6.392708692,7.098210466,6.101731007
230103,7.373189334,6.912132485,5.357066124,6.562460131,9.319330169,5.974920419,5.845057583,7.830619401,6.94546306,6.68756923,7.118512429,7.490807306,5.789057926,7.683620657,5.778099594
230145,0.098522292,0.107163492,0.142528328,0.107367376,0.185962875,0.183360613,0.121283698,0.115682935,0.11038942,0.184868346,0.153242263,0.156416679,0.098178056,0.145429412,0.217328718
230163,0.37312218,0.185915543,0.255945955,0.465277161,0.208931098,0.281348301,0.09797287,0.437852397,0.275542968,0.287394156,0.129350506,0.550228474,0.178934297,0.253906027,0.147402122
230379,0.343555032,0.604475652,0.501646171,0.434057765,0.408980532,0.778837046,0.410866569,0.804902747,0.557964735,0.850975414,0.923649235,0.829756429,0.54411772,0.692867073,0.763828563
230612,0,0,0,0,0,0,0.010396097,0,0,0.016107026,0,0,0.010319063,0,0
230718,0.685162187,0.671446439,0.730193091,0.700626654,0.52004406,0.624756948,0.498071836,0.491873962,0.657358103,0.586085753,0.487543097,0.379876883,0.6570889,0.548896622,0.46324809
230801,1.124787181,1.978116154,0.997669397,1.441840579,1.325332051,1.532562093,0.930869574,1.719609148,1.316753731,1.171039649,1.433830871,1.250181427,1.255654149,1.304803765,1.094019275
231050,3.652209549,4.135632266,4.311666043,4.051942526,4.489046155,4.631349602,4.122759622,4.034632002,4.122104191,4.338055948,4.108005167,3.975891017,4.232629356,4.084366544,3.681795891
231051,7.375560449,7.796476055,8.017946804,7.38312386,8.339351224,6.601194732,7.332467111,8.027822465,8.514000689,7.244281364,8.103295305,9.322857846,7.817815712,9.299281098,8.357354956
231086,12.49733396,12.74980493,12.65927351,11.50351961,10.68442101,11.06092338,14.15486481,12.51017258,13.28661974,10.27058752,14.51318887,13.20799897,14.55628417,12.59464975,12.66994082
231327,0.693601613,0.665890595,0.970792167,0.734221135,0.802812296,0.752071933,0.843219062,0.681767948,0.823376217,0.782044036,0.828297272,0.800264848,0.845265943,0.659889267,0.741236271
231396,NA,NA,NA,NA,NA,NA,NA,NA,NA,NA,NA,NA,NA,NA,NA
231583,0.139361663,0.076248138,0.085039034,0.061836055,0.087670538,0.222973682,0.098705656,0.114286925,0.10128074,0.065075752,0.091103755,0.135072327,0.099016536,0.127562389,0.137776422
231605,3.620655909,3.852688162,4.205344725,4.529963033,4.340646903,4.881746499,4.657879356,3.271820588,5.194709861,5.134881978,3.710657049,3.247176179,5.19039442,4.776018779,6.322972377
231691,0.036393295,0.106248577,0.194421605,0.039536654,0.034259043,0.011479229,0.026489232,0.043737756,0.051167181,0,0.024980644,0.139986054,0.165269967,0.080448479,0.003310098
231727,0.017328007,0,0.017258873,0.022247326,0.001812425,0.018218755,0.034233568,0.008677058,0.014617395,0,0.008495772,0.037870352,0.003576832,0.020064044,0.018912514
231871,3.102346446,3.203468411,2.791673244,2.923846492,3.190820701,3.299100825,2.975435712,2.885090777,3.042145028,2.966991611,2.075875994,2.975529037,2.642344575,2.937515192,2.844534901
232087,27.46593484,28.45209067,28.05520138,27.43028729,27.47651158,26.57558084,30.08872453,28.95006939,28.46976491,27.5252642,29.405515,30.49417178,32.01728089,28.49410469,29.46077016
232156,0.708361688,1.06840174,1.634304217,1.635686103,0.118651328,1.804953142,0.796842112,1.045208556,1.495654601,0.55501704,3.364271879,2.415294075,0.372052879,0.443141454,2.03601568
232333,55.72048191,54.5480925,58.00577652,48.16862022,58.43197259,53.52007094,52.03071433,62.50936017,61.31790738,54.75030654,51.88371443,52.12434035,64.65709156,62.58863044,59.47522
232449,0.765437631,1.343685953,1.338503285,0.699257918,1.090831487,1.332925194,0.890415699,1.293622206,0.968550869,0.714181077,0.919454229,1.083179193,1.318320412,0.876226207,1.340170185
232493,0,0.026519173,0,0.017344062,0,0,0,0.035176193,0,0.099021153,0.021525795,0.069085705,0,0.027728948,0
232714,0.026872472,0,0,0.008846515,0,0,0,0.013456481,0,0,0.00219589,0,0,0,0
232811,2.207034141,2.289918752,1.310921388,1.867005396,2.128403387,1.984371834,1.16022223,2.521287553,2.376935587,1.690278548,2.357086803,2.590432969,1.732196425,2.721183107,1.848014928
232975,154.1862652,166.8978676,160.9471203,153.1906362,173.5920975,161.7707627,169.5128896,146.6962324,165.2156907,144.3236518,138.5860622,147.0808519,184.460126,182.434066,166.6265529
232984,0.150952422,0.300476429,0.225214605,0.315105663,0.272717086,0.196586635,0.237224208,0.206154363,0.324778776,0.219234091,0.179980481,0.1844477,0.184124102,0.140841026,0.337000522
233011,0.804807123,0.839579226,0.981905768,0.737204611,0.521349575,0.534293855,0.771105156,0.703745339,0.927549475,0.697234375,0.906007161,0.520763599,0.622350993,0.875320474,0.780652817
233016,1.723861773,2.158457334,1.62980164,2.454090098,2.12492904,1.878575057,2.022981878,2.084343212,2.077870014,2.128605843,1.664432921,1.972694385,2.007991778,1.421026059,1.808666923
233549,0.058455141,0.159728354,0,0.016494552,0.00436723,0.026340014,0.021707741,0.0501799,0.01956787,0.053812062,0,0,0.034475022,0,0.04557171
233781,5.626056601,4.371478847,5.524194033,4.476155811,5.420456863,5.291126909,3.742070851,4.886928584,4.135462425,4.649330866,4.81393287,4.619904564,4.938160873,4.608392827,5.401903299
233799,0,0,0,0,0,0,0,0,0,0,0,0,0.003491049,0,0
233801,0.020624516,0,0.018674754,0.004526443,0,0.043369441,0.008339869,0.005737664,0.040810668,0,0,0.001001664,0,0,0
233836,0.329020826,0.592195642,0.02256943,0.482493402,0.39628204,0.29876133,0.471705344,0.294567844,0.621455379,0.44438691,0.513278376,0.309420098,0.231532444,0.451289332,0.512362464
233904,4.911069223,4.608767971,4.608670635,4.34823903,4.355777687,4.529600283,4.494185015,4.476122629,4.977707929,5.090006345,5.290061932,4.41583278,4.211247721,4.50168305,4.387082109
234129,0,0,0,0.00372125,0,0,0,0,0.001765842,0.004046753,0,0,0,0,0
234135,6.052333179,5.969857428,6.370942338,5.834037927,6.651925885,5.64145358,5.822741469,5.381727509,5.942735991,5.917302515,6.37401388,6.307785661,6.138093179,6.340819926,6.519098618
234309,1.56017178,2.005070085,1.913629282,1.98069302,1.924094085,2.187163405,2.234931844,1.670569305,1.975727946,2.266843636,1.578703294,2.038598061,1.687332546,1.490872276,1.587603626
234356,4.975702407,4.445119711,3.621163239,4.080319963,4.020241502,4.217087326,3.778162906,4.652025117,4.47776273,3.81468202,5.294897234,4.356560011,4.199865921,3.53404286,4.185891878
234515,1.570798059,2.028235046,2.124862607,2.008494537,2.432718368,1.398228381,1.595836857,2.156451781,2.217355513,1.532186288,2.304865259,1.940379148,1.77002067,1.288032725,1.744458263
234724,0.021456116,0.073440185,0.046626571,0.010595146,0.002244205,0.013535442,0.026772091,0.008595378,0.024132994,0,0.033663193,0,0,0.013551255,0.019515088
234779,0.351106226,0.483988311,0.318952943,0.243069378,0.330035869,0.352265435,0.3770111,0.459653918,0.376950204,0.362299843,0.318973338,0.365114605,0.393757321,0.346637995,0.457621173
234889,0.723508736,0.797556843,1.005595438,0.794038214,0.719862904,0.570525577,0.747602718,0.674782695,0.682383521,0.615810036,0.602154288,0.653837793,0.639387663,0.670198753,0.640782524
234967,7.509700129,7.811036132,7.445880779,6.444186198,7.665742295,7.304375741,7.460280247,6.951477742,7.42437597,7.011215111,6.464021597,7.203770062,8.117359713,6.793018778,7.204444625
235033,0,0,0,0,0.007342577,0,0,0,0.009869776,0,0.015488306,0.010739547,0.014490623,0.001847372,0.001596234
235044,10.29649587,8.907241688,9.229874148,10.20516511,11.15956518,11.25135365,10.28789267,9.399337745,10.83009693,10.78005489,8.363901997,8.599762342,10.48893872,8.143776483,9.833274374
235293,6.001965021,6.521478789,7.258241314,7.099383817,6.122636721,6.945781474,6.952887942,4.575187865,6.040960994,6.74303956,6.413279643,7.018831659,6.604676935,7.483918763,6.713001086
235339,19.18942731,19.08048953,20.88580552,19.38886499,20.42617027,21.44412509,21.78662469,17.10883027,20.24059343,19.71404527,18.5346762,17.15592015,20.12893812,19.11218932,18.83912966
235504,1.604110694,1.582624086,1.453579872,1.776487091,1.864675334,1.823879242,1.68076554,1.665754478,1.913483473,1.589168943,1.396578655,1.67695991,1.665768073,1.636665275,1.572173347
235534,2.43230063,2.327819305,1.794189597,2.184370052,2.028469667,2.103832834,2.893298402,2.783496514,2.860384853,2.371957005,2.458214064,2.18018349,2.102013597,2.652492539,2.442337818
235582,0.578598837,0.174432628,0.521098747,0.36669336,0.359228077,0.377367083,0.453633389,0.641446096,0.379914704,0.35224556,0.47027497,0.324584602,0.533300891,0.416891541,0.202622586
235626,8.387522678,7.801017285,7.589452352,8.594220281,7.52447368,6.67327571,8.035776351,7.172488427,8.08893646,8.320415372,7.812218863,8.140637673,7.473684434,6.806716099,8.080231929
235674,0.10851355,0.091992856,0.04654189,0.087427472,0.104539343,0.072057915,0.154402266,0.208774334,0.123122398,0.104275674,0.145608905,0.104848056,0.111996348,0.159313804,0.059737579
236149,NA,NA,NA,NA,NA,NA,NA,NA,NA,NA,NA,NA,NA,NA,NA
236293,0,0.027946282,0,0.032556653,0,0.010945148,0.010824342,0.00695047,0.006504878,0,0,0.00151674,0.01969758,0.016436902,0.01262437
236539,15.21714143,14.95413132,16.89317947,16.01267335,13.22661513,14.68214648,17.54447871,18.41355533,14.74373383,15.1353505,19.24657738,19.45465729,19.41453177,16.49622335,17.77544234
236899,7.425093199,6.46653594,8.041037797,7.351667383,6.757930817,7.705137357,7.835097238,6.570283533,7.943696178,6.936263227,7.457345059,6.24686853,7.070288258,6.863294258,7.249199948
237523,0.002638928,0.005313262,0.011947268,0.004169974,0.00993668,0,0.008780664,0.000528581,0.002968162,0.003401045,0.012420895,0.00369112,0.004902525,0.003888953,0.003360276
237625,0.259991029,0.135508288,0.0634445,0.151148274,0.175506008,0.132800557,0.203233392,0.168048451,0.189248405,0.159418546,0.19979552,0.187791484,0.202678997,0.164981535,0.167709884
237823,3.209247601,3.353123416,3.935404358,3.753340738,3.981521669,3.53881533,3.090665849,3.247090334,3.73590306,3.614860447,3.655935819,3.61404755,3.327131776,3.725084208,3.535306572
237831,0.743975705,0.56046271,0.607035724,0.823920176,0.870842127,0.689056582,0.648421676,1.138574691,0.515553213,0.942674496,0.798384174,1.028921209,0.878286916,0.94328015,0.965588036
237928,0.352784643,0.374523197,0.328145584,0.532123107,0.382413471,0.431615499,0.450195039,0.20877775,0.444895035,0.602779878,0.446570002,0.333637352,0.453479273,0.421991946,0.417130967
237940,0.130747767,0.129535608,0.077045757,0.163971952,0.141097212,0.098192048,0.069054767,0.167318315,0.123522568,0.101416551,0.129226527,0.086178327,0.164931779,0.169306096,0.217075585
238011,0,0.001551384,0,0,0,0,0,0,0,0,0,0,0,0,0
238023,1.98206647,2.05609166,1.999518321,1.89580621,2.620724972,1.755505384,1.886220364,2.295756836,1.904236728,1.927432157,1.78302343,2.322224388,1.936727105,1.78703792,1.734175581
238024,1.54600205,1.705115464,1.672730992,1.702725863,1.582245295,1.464984547,1.532243898,1.436616399,1.80491573,1.750780445,1.978453537,1.818557161,1.76932237,1.833370099,1.761238543
23827,7.298527207,10.02151677,8.494476806,7.109176539,8.93813221,10.02702775,8.465356791,6.292486669,8.4434936,8.306030844,8.941777876,8.696388635,9.161967477,9.384278804,10.20401676
23831,2.550349979,2.931615956,2.111078194,2.566786733,2.521287398,1.994309171,3.084875127,2.706409148,2.606980437,2.249369254,3.380143138,2.450075456,2.478476472,2.530996052,2.062509971
238384,1.859726699,1.571713168,1.654598019,1.528906405,1.475291152,1.736176403,1.298281083,1.995277045,1.475679584,1.495291156,1.903981876,1.787642414,1.85675783,1.583768682,1.862659774
238505,1.722211026,1.76410885,1.741764082,1.734702334,1.616484453,1.660926716,1.698154864,1.716572964,2.076538391,1.692203697,1.66593092,1.821759401,1.5526491,1.737862043,1.858010395
23887,0.30183319,0.466569128,0.4743061,0.411561668,0.464388533,0.219073148,0.307771806,0.501212957,0.26465625,0.305345738,0.551845308,0.258755507,0.297452004,0.391512674,0.402050458
238871,5.140931903,4.856572315,4.31791982,4.942930929,5.350960258,4.742956557,4.426399597,4.451554427,5.091981882,4.46243756,4.107635089,4.611523459,4.044550183,5.468024155,4.509850646
23900,0.307307746,0.291171133,0.16368004,0.511785095,0.19537832,0.380123446,0.332069625,0.030173605,0.152491611,0.265332776,0.23634561,0.115887536,0.155475953,0.050742339,0.115091178
23908,7.031430833,6.681285116,7.919191985,6.59498711,7.072189822,7.011200415,7.570673042,5.68097724,6.97793606,6.927932935,6.560833451,6.506541915,6.463572129,6.586313519,6.886369235
239122,0.710490093,0.524521385,0.799075037,0.556426053,0.740530332,0.526840678,0.956509931,0.873846361,0.507051133,0.85677514,0.542688174,0.477274245,0.666396671,0.511711222,0.573658055
23917,6.054186307,5.619553116,4.820205646,5.16575365,6.644930411,6.534371927,5.443955679,5.364179443,5.100307253,5.280499068,5.618992176,5.74916519,5.369924881,5.022146015,5.757723767
23918,9.139290142,8.609258312,8.330048692,8.957812061,8.452436834,9.263967971,9.20662837,8.28360632,9.416410203,7.514767143,7.267721911,9.299764078,8.75504078,8.60646048,8.006088559
23923,0.008854882,0.015599999,0.052115543,0.017490355,0.002315443,0.037240272,0.029923755,0.044341119,0.002074921,0.011887663,0.039073247,0.030963745,0.02284771,0.013981417,0.04228258
239273,2.039591683,2.038852743,2.13214333,2.267218536,1.981602405,2.123726977,1.506322559,2.30091214,2.005701368,2.202057761,2.319564973,2.163407192,1.491464536,1.834042992,2.058666468
23945,29.51491275,27.3109944,23.44959249,30.01981025,26.60373816,30.50918884,22.89880081,32.41249178,24.63642794,31.53501906,28.92732552,26.08175578,29.730323,22.89631317,30.52881761
239559,0.626176617,0.714161669,0.724873567,1.076361866,0.812469703,1.216725714,0.280219673,0.694595041,0.635206197,1.213076895,0.703400301,0.374174539,0.584918941,0.921953879,0.652435738
23956,0.64181275,0.171814247,0.28948086,0.543648772,0.201139984,0.394268203,0.277440595,0.450186592,0.252344567,0.369178863,0.367710383,0.4665098,0.275384788,0.189773473,0.15741604
23959,1.426920179,1.078064162,1.679382196,1.193903148,1.385676076,1.323256558,1.374657799,2.106289093,1.197757737,1.29833558,1.272012007,1.121948203,0.87736386,1.751877004,1.17984893
239606,16.35653986,13.71475991,17.81159624,15.00083533,16.60516528,14.39187443,16.30286121,14.68773802,13.30586824,13.69944415,14.2646333,17.10860635,14.14602782,15.15266639,16.266273
23971,9.408245631,7.624012376,10.50927782,8.543125175,7.839949486,9.306885728,8.499004469,7.851667285,7.643491413,7.840470154,10.0943838,8.083356477,10.23028169,8.851428942,8.818750193
23972,1.071086396,1.09548285,0.927259701,0.877996171,1.022847297,0.929317354,1.12793742,1.076980759,0.857306403,1.138410334,1.077950001,1.008082557,1.136342327,0.999688405,0.913546604
239827,2.582644622,3.827465661,2.903554433,3.271276965,2.796719527,3.139372396,3.693720628,2.245190139,2.911156228,3.330570296,3.473945115,2.916606888,3.076761717,2.849959195,3.003932858
23984,15.57412016,13.40250725,22.95003022,13.98509223,8.088016193,19.05169701,17.93262496,40.96549525,7.715148885,9.864960165,21.2950963,24.07850629,14.79712404,13.35306428,17.28711355
23985,1.026924778,1.363908903,0.766712899,1.281097323,1.206021627,1.606311265,1.476182134,0.757821528,1.182063138,0.986819368,1.014051205,0.84733817,1.491276017,0.682721282,1.012678665
23986,4.214425339,5.096308458,4.173285791,5.035558148,4.428571547,5.098965002,5.377312918,5.058764587,4.750186927,5.845702506,5.655559822,5.174095997,4.967772828,4.165239376,5.485043492
240215,0.034194315,0.023831798,0.001190835,0.005195489,0.022009587,0,0.00547004,0.013171476,0.004930823,0.005649946,0.021923692,0.0321921,0.038006552,0.029072141,0.023923789
240332,9.929742333,9.876423979,8.505604949,10.57149251,11.8532758,10.86918731,7.93416923,7.871647627,9.494188998,9.081163353,7.479389982,8.555603719,9.467667306,8.15749543,10.00664939
24059,0.122974039,0.113951365,0.079715441,0.09384811,0.144702924,0.191739396,0.148211154,0.19873437,0.131636306,0.15908907,0.131548596,0.151482746,0.129084379,0.189021436,0.122652806
24060,3.591241775,4.528223589,3.590598396,3.411702756,3.790137087,3.537494634,4.018540363,3.704768613,3.31885332,3.582593626,3.373309672,3.019924281,3.175412178,2.837089811,3.387457548
240752,2.842559207,2.713486874,2.577792432,2.65193842,2.525143731,2.391251353,2.878430854,3.019024319,2.601513519,2.272074555,2.957377821,2.970239804,2.330793704,4.036596117,3.004160825
241159,0.631951203,0.573369329,0.390142496,0.479341242,0.358467932,0.524884174,0.470683546,0.52477412,0.392719161,0.341484983,0.547805246,0.61826092,0.653256309,0.358672824,0.380184779
241391,0.030761527,0.030348534,0.013926726,0.012152167,0.021235533,0.000646857,0.003198585,0.027727089,0.013839742,0.023787242,0.013272257,0.011294523,0.016509394,0.009066571,0.007274458
241447,7.022943944,6.664696397,8.652192636,6.763154286,7.069721264,7.270090139,7.210059776,5.973907869,8.0506167,7.086316093,6.55436585,5.882128456,6.835631528,6.413338445,7.663115255
241489,0.566676809,0.631239385,0.703369318,0.394077416,0.494514685,0.396029427,0.440470311,0.283205623,0.311144972,0.350521001,0.413193087,0.488549083,0.478735315,0.557677323,0.389354916
241612,0.010979698,0.01842226,0.001656954,0.007229113,0.024882491,0,0.001902782,0.007330828,0.008576064,0.001965363,0.005383251,0.003199483,0,0.013483864,0.00998642
242202,1.397533869,1.259696239,1.30731766,1.296126755,1.475304633,1.51608281,0.860345445,1.015897331,2.453260446,1.578481892,1.884069677,1.396487021,1.127164468,1.506163252,1.198711832
242285,0,0,0,0,0,0,0,0,0,0,0,0,0,0,0
242341,0.128590422,0,0,0.082174721,0.027691029,0.03976489,0,0.022726619,0.003544938,0.016247757,0,0.033062861,0.085876092,0.039811347,0.006879852
242585,1.573143441,1.781085225,1.727888945,1.877894257,1.721740817,1.486212804,2.000836632,2.080134806,1.889080023,1.914827684,1.826524516,1.797779767,1.835412664,1.941533632,1.808236063
242607,0.019648577,0,0.010674646,0.005821544,0,0.008263445,0.004086119,0,0.006445817,0.005275636,0,0,0,0,0
243078,0,0.096113059,0,0.014506116,0,0,0.010181786,0.026968737,0.032123358,0.031549974,0.009601924,0.008560217,0.017686096,0,0.002226555
243085,0,0,0,0,0,0,0.007632968,0,0,0,0,0,0,0,0
243328,3.854424992,3.778722761,4.712187541,3.287892626,3.038209088,4.670687502,4.847017491,4.807870877,4.744185794,3.325167725,6.737071466,4.877922769,5.349657705,5.163166308,2.895078477
243537,0,0,0,0,0,0,0,0,0,0,0,0.00820481,0,0,0
243616,21.47697507,29.60367416,24.55825505,21.1765789,27.8250434,20.88627435,24.52143173,23.12514495,21.51941431,18.58343702,29.01464686,32.44352193,39.25602007,43.09030333,21.77916494
243755,3.704204166,3.463179871,2.884950409,5.161430428,5.772667497,4.775714397,2.166983485,4.781350459,3.068901328,5.207440585,3.974257115,2.455300781,1.069347624,4.239544552,1.767701355
245650,0.027930478,0.009474493,0.021441555,0.017690023,0.030166539,0.037027006,0.017046462,0.029492809,0.010244055,0.01728105,0.023220382,0.018578014,0.024753551,0.017256847,0.023194725
245847,2.03173865,1.684004419,1.450914393,2.124736782,1.911607619,2.047378407,2.290685638,2.067695075,2.071475067,1.972947024,1.75993084,2.13916841,2.072734152,1.597833029,1.745511291
246049,0.074606499,0.193824513,0.086076223,0.091508523,0.090620992,0.050607519,0.058807508,0.057846899,0.065417181,0.080127276,0.083777528,0.033662446,0.080726889,0.064599969,0.051440152
246221,4.05472745,4.122078812,4.586252257,5.015463115,3.851704329,5.191272221,4.357104609,5.160591314,5.201075161,5.008701201,4.648655714,4.771901721,5.589883294,5.233721311,5.141318302
246277,5.03624,5.032958133,5.175066158,5.086979007,4.715647183,4.667111528,5.491924494,4.945492027,5.080928701,4.670736221,5.319564822,6.012108316,3.977582133,5.559705285,5.269034315
246696,3.817697909,3.494279932,2.658515423,3.786052788,3.251278213,3.707745561,2.933457396,4.007975755,3.819732892,4.100202176,3.494903792,4.170489632,3.977034326,3.964415136,3.07049818
246787,0,0,0.052356658,0,0,0,0,0,0.027098774,0,0,0.041070961,0,0.057062293,0.078888091
257635,0.611559031,0.837549915,0.466607141,0.692893436,0.63316677,0.685427506,0.755332142,1.029091575,0.733249129,0.820183403,0.666654,0.521055644,0.733715221,1.146981565,0.700234086
26357,3.979351806,3.927897188,3.160022716,4.040052426,4.23281277,3.591278778,3.176121154,3.468165091,3.429309403,3.751825167,3.736600684,3.039110376,2.66489348,3.581263086,3.168090919
26363,1.561285671,1.497025113,1.579633317,1.846665355,1.487438879,1.234206707,1.799517554,1.570608257,1.34597445,1.460053055,2.076932122,1.707615621,1.345623346,1.316234403,1.181611598
26378,4.134403487,3.917562155,3.451544242,4.04708495,3.9803218,4.093757379,4.09999055,3.137234604,4.08475657,3.530569549,3.946604753,3.708270251,3.943128135,3.768122171,4.34311712
26384,2.846945311,3.947445023,3.39232132,2.707537987,2.739957684,3.169980218,2.600501499,3.161438677,2.671531792,3.096543226,1.922500954,4.378442875,3.132166935,4.467436709,5.448521506
26457,12.41598862,12.18105379,12.83501102,12.84318698,14.03045786,13.4512153,14.47446226,15.37481877,10.90776756,12.07735172,15.11387106,17.18430796,14.69346072,16.67422252,13.3692412
26458,1.501870845,1.229339421,1.329387615,1.236515354,1.391773269,1.543656156,1.333966597,0.981201272,1.023545759,0.883385236,1.037777788,1.283486223,1.127063263,1.235185684,0.937053263
26459,0.047071186,0.066899244,0.03509986,0.013672945,0.046338028,0.064047027,0.086372885,0.022184522,0.054500988,0.03568545,0.040726932,0.053252453,0.002857762,0.023317037,0.015110432
26462,1.964173945,2.006334625,2.774905635,2.082010136,2.041045821,2.895908276,2.704282581,2.271494454,2.242807656,2.267562269,2.286774387,1.703097789,2.334268862,1.902554849,2.336396401
26464,0.057185294,0,0,0.016136233,0,0.028630909,0,0,0,0.001462308,0,0,0,0,0
26565,0,0,0,0.007863522,0.004164019,0,0.016558127,0,0.003731472,0,0.015615126,0,0,0.004190622,0
26568,0.611145697,0.443165401,0.502485729,1.001331775,0.815567347,0.423450621,0.440689574,0.429150094,0.550879777,1.03107871,0.782965897,1.052151038,0.894181877,0.749298733,0.543080038
26569,8.887765988,10.03492903,10.22064499,9.858469787,9.5802291,9.723250605,9.929698952,9.074425771,8.977262791,8.940485388,8.099721025,8.54172767,9.851968277,11.6002164,8.987619262
266645,0,0.051594539,0.017046984,0.012395699,0.033913839,0,0.016313424,0.004190037,0.012744597,0.004493323,0.007179368,0.005486127,0.004318011,0.009908857,0.008561815
266744,0,0,0,0,0,0,0,0,0,0,0,0,0.014592283,0.004464798,0
268510,9.689994805,8.514339489,9.879882541,9.671913432,9.34024743,10.49992009,7.549321147,10.76943832,8.507964253,9.111764101,9.295045129,8.676477219,9.184777031,10.50062506,10.37786078
268512,0.732846538,0.638567852,0.772301694,0.973132354,1.37845057,0.870880245,0.640347959,1.39080581,0.779253398,0.658101486,0.7427718,1.208629367,0.921624412,1.24788331,0.72816339
268656,3.364103661,4.966731426,5.07069501,4.798425502,3.832532841,4.189233556,5.099994303,4.759028321,4.013133226,4.462076616,4.065479763,4.204526914,4.180784818,3.887388559,4.663131423
26874,9.81684729,11.91775782,10.1503371,10.5267265,9.633179645,9.629490011,9.087706715,10.93165215,10.1867643,9.372824591,10.92956415,9.72887756,9.867267735,10.27955721,9.702307381
268756,0.015254466,0.019744458,0.009865977,0.006456632,0.013676078,0.009164927,0.004531885,0.010912464,0,0,0.014958265,0.007620258,0.022491522,0.036702539,0.032704108
26876,0.060075507,0,0,0,0,0.015790923,0,0,0,0.005376751,0,0,0.005166972,0.00526979,0
26877,6.989783151,6.812560164,7.671302353,6.925671589,6.670632393,7.160246094,6.791864389,6.455592557,6.430597985,6.732677801,6.025520226,6.19450552,6.417776438,6.452282815,7.60455298
26878,0.816350067,0.534521348,0.577157851,0.690085731,0.784164811,0.56495245,0.736490396,0.522719494,0.603671908,0.766130391,0.552669532,0.588792809,0.646366949,0.46696564,0.636255194
268782,0,0,0,0.007434167,0,0,0,0.037693836,0,0,0,0,0,0,0.02053937
26879,2.974007239,2.958461798,2.906435105,2.859109668,2.945340223,2.783005556,2.767459541,2.481667648,3.064468969,2.492844614,2.109102166,2.682783564,2.972833029,2.851529825,2.839880047
268860,49.44381511,55.89285816,55.67539454,42.57939745,46.0296978,43.00030308,48.89185888,54.40384291,45.30877036,40.49124216,53.37382167,57.7872974,56.25001912,60.51796544,48.21008389
26887,0,0.011300764,0,0.011086384,0.035223837,0.001967084,0.011672235,0.014989829,0,0,0,0,0,0,0.01531492
269060,8.317958562,7.968218482,7.949811267,8.886730049,9.130787336,8.512825943,8.305326212,8.043793685,9.564004226,9.920801555,8.940691898,7.637909295,8.869721267,8.883129175,9.200164344
26912,0.238939586,0.259969928,0.149468119,0.367582917,0.245957381,0.185020601,0.229937531,0.199634414,0.351777022,0.272623246,0.224477656,0.182426147,0.202517241,0.252446557,0.230875889
269180,12.59418401,12.35336437,13.28516934,12.34813976,12.49345523,12.95410732,10.77099666,11.99743864,12.5997881,12.07919529,11.1585485,12.14123878,11.76013205,11.72377569,12.98015479
26922,2.390319049,2.119084331,2.912641398,2.100844463,2.752110399,2.337854529,2.940157842,3.06570298,2.646854,2.415953441,2.918071435,2.954620549,2.555009437,2.352288759,2.669566525
269346,0.077038178,0.019388748,0,0.002717277,0,0,0,0.008266527,0,0.020684724,0.048562909,0.028862898,0.01135868,0.020273241,0.025024614
269378,6.32368053,6.099774905,7.441305514,6.860597938,4.065850817,4.270991843,5.208824979,6.299021231,5.607232816,4.619404165,6.133945377,4.368067397,4.210168701,4.972176103,5.08408054
26938,9.625842035,9.35232838,9.142364401,8.746317553,10.63155645,10.56088737,12.39894855,6.355551781,9.514915684,9.996190501,8.380421865,7.547491301,10.69328939,7.469664802,10.43305638
269437,1.062024216,1.439595013,1.126368731,1.053914115,1.358863294,1.077928317,1.392323387,0.856836978,1.126691586,1.096700577,1.241865021,0.927527818,1.351412371,1.389064069,1.061706276
269614,2.455149818,2.619556649,2.383693227,2.837114113,2.860377216,1.912465237,2.918093073,2.794472982,3.033570098,2.644526212,2.539273585,2.605315952,2.583888244,2.429687716,2.294983116
269615,5.97684832,5.722524427,5.452847221,6.738114928,6.097824235,7.07086302,5.19107606,5.488063983,6.734620986,6.090280995,5.50131035,5.828716914,5.382182453,5.623697624,6.100529673
26970,0,0.083867513,0,0,0,0,0,0,0,0,0,0,0,0,0.056829088
26971,0,0.020140504,0.000905749,0.02568596,0.049175162,0,0.045765607,0,0.057193317,0.049419476,0.056891686,0.156530994,0.037167126,0.035800795,0.010917853
269823,0.893363398,0.908032014,0.824514245,1.183013419,0.910377969,1.026873056,0.722824862,1.14212107,1.12813389,1.052024506,1.523874659,1.908499612,0.554407709,0.801291993,1.481392813
269941,0.549721484,0.595019027,0.628740572,0.544077195,0.592892023,0.497273849,0.482575785,0.594901249,0.565063986,0.546009114,0.703482865,0.549218775,0.563099172,0.572439802,0.627808149
269951,6.374178825,7.975016,7.717788289,7.687081512,7.104595327,7.222835484,7.444229153,8.011148145,6.903421927,7.830750465,7.351566752,8.047636345,7.352537912,6.960312796,6.330174697
270076,3.75643352,3.345291307,3.828872314,3.727295488,3.490437182,4.375608689,3.495560536,3.610339203,4.042767611,4.083604361,4.312382789,4.275812834,4.346165861,4.718269866,4.352488988
270198,2.183057928,1.529905056,1.562862943,1.871172743,1.77054123,1.954718648,1.582501855,1.910831904,2.270762206,1.667907315,1.716450885,1.807576938,1.790592673,2.076103908,1.749478733
27053,13.76215989,15.17813719,16.21691093,14.20505861,15.03278302,15.54651937,15.492004,11.95317902,14.85681082,12.98222176,11.10865771,11.56729691,15.1073026,12.98395013,12.11743586
27060,4.039821028,3.88578062,3.100816258,4.213335816,3.997790301,2.95981591,2.957324058,3.685496598,3.125516357,3.310176252,3.602805459,3.475795168,3.172040609,3.882805213,4.197004385
270685,1.42683869,1.234437492,1.230973876,1.165294697,1.008142692,1.129933201,1.078073357,1.178880424,1.284775793,1.08339425,0.737399655,1.049876964,1.259775231,1.242015694,1.343698103
271424,0.291639535,0.235300771,0.162064049,0.224598178,0.235663187,0.22914324,0.193771475,0.312113253,0.275327562,0.280428417,0.065041627,0.085597345,0.070631735,0.085336439,0.05937146
271639,0.180679756,0.126865745,0.04674257,0.067477797,0.069875762,0.03192733,0.085252327,0.066906619,0.046962946,0.065226825,0.041687397,0.050437883,0.045444405,0.047946946,0.099429313
271786,2.80687098,2.536428191,3.285044568,2.250669881,2.463034824,2.14551552,2.51170809,2.580643767,2.842184227,2.152730554,2.081171275,2.929610919,2.412324105,2.204581367,2.388275343
27222,0.046025572,0.067395397,0.015154362,0.198350634,0.043764085,0.065988437,0.030454712,0.134094312,0.082357785,0.013481291,0.045131878,0.065839986,0.095005572,0.066065531,0.053278741
27226,19.12887239,24.14023509,21.65062899,22.37139745,21.50473958,16.51703867,22.71584411,23.37271537,24.49819163,19.39748688,22.83083715,25.48718281,25.35785811,25.11211578,18.69257557
272411,0.056158529,0.079568158,0.052732836,0.043137712,0.05765131,0.063419094,0.071370025,0.104153972,0.025343942,0.029040161,0.049969184,0.020910312,0.0440074,0.050356665,0.039727448
272428,0.024810524,0.012488483,0,0.021780571,0.005766798,0.008695304,0.020065104,0.016565271,0.090435788,0,0.043251147,0.043378712,0.029874635,0.043527312,0.005014675
27357,2.672334506,3.582557614,3.519567121,3.404002411,3.362891964,3.643837606,3.635195238,2.685865108,3.182565587,2.833392086,3.216000584,2.956695376,3.480931529,3.222550229,3.374848913
27369,1.932974233,1.996529379,2.466107093,2.451626516,3.083502243,2.120395231,2.685681949,2.194228597,2.019017494,2.460991225,2.529444723,3.133608577,2.008844278,2.412034508,2.321799063
27376,2.918144674,3.403277731,2.886095355,2.960039236,2.519549187,3.028146173,2.422560764,3.224469082,2.545883313,3.410712485,2.775379342,3.520795599,2.857739816,3.392158552,2.363981292
27388,9.143485973,8.89604346,8.890800307,10.2035575,10.6113746,10.42177714,9.018909117,10.11770598,9.552764171,9.244646227,8.471008607,10.26392326,10.06207366,10.76499483,9.806548481
27399,62.20149366,58.09256954,65.25708493,61.2143965,67.66545895,62.01519592,61.72538814,62.65929468,65.32172351,63.21003189,62.28854557,61.54105849,68.02161517,64.97452937,60.43034576
27402,4.50672021,4.41546368,4.44252308,4.333654346,4.376516735,4.623984988,4.98642674,3.469340244,4.415146612,4.149663033,4.215516752,3.851570146,4.118439242,3.658944329,4.349135472
27404,0.547933349,0.554499342,0.612368815,0.544790355,0.69193769,0.494600749,0.498523616,0.559027627,0.562398895,0.566015227,0.523620301,0.617756424,0.619277769,0.616059149,0.590502307
27409,0,0.036651359,0,0.003995119,0.008462237,0,0,0,0,0,0.007933376,0,0.033400557,0.002129075,0
27410,8.888917084,9.520289731,10.0466754,8.650341685,9.218772684,8.063475887,8.28552134,8.084588702,8.331586592,8.146731678,6.130188928,6.789089094,7.020486599,7.278841013,7.030644432
27411,0.070169976,0.160259528,0.095778721,0.103433775,0.026290516,0.028629908,0.090386708,0.007342238,0.051045649,0.015747379,0.096535843,0.134587454,0.073503044,0.052916965,0.086683677
27413,0,0,0.002897394,0,0,0,0.009981771,0,0,0,0,0.008392056,0.001651301,0,0
27416,23.58687697,23.84669021,18.99267155,25.81617964,24.87540102,20.63613017,21.27314927,24.73096076,22.05640478,23.98914332,24.10932689,26.48958653,19.96680285,25.36262427,23.53054091
27425,17.40257634,19.11635107,21.07528317,18.77510936,18.54679289,22.57636802,22.99871209,20.34589609,19.08621745,19.91929649,23.60576555,20.82123148,22.81039984,19.76941645,18.56025166
277973,0.874165924,0.878695899,0.931347879,0.782173023,0.865810525,1.018050612,0.686370116,1.161558259,1.015653786,0.656271751,0.844844237,0.877173839,0.729165598,0.920873917,0.91925993
28042,6.335244131,7.104147839,8.067442059,6.800905725,7.459007488,6.930972604,7.398834548,6.442975776,6.524295268,6.464999333,7.275481507,7.521487429,7.392578718,8.084573842,7.629333261
280645,1.696634836,1.262447166,1.290273291,1.289379354,1.153671707,0.906082796,1.096969962,1.361463758,0.955910004,1.05256558,0.93001345,1.260052862,1.209689636,1.278132606,1.115028799
28080,29.41416077,29.26613956,30.33556198,27.91911268,27.50311419,31.51335161,30.17423557,28.17211828,28.66537642,28.42055191,28.7960791,28.78598693,32.89013363,30.64741544,27.33369555
28169,40.05192506,41.76289643,38.25054985,40.59815298,38.34470607,44.03293612,38.97708745,41.45529381,39.55863724,41.58110394,41.54715663,39.96819694,43.15126258,42.5349473,42.20784815
28200,2.477810524,2.223145778,2.506585102,2.191340895,1.552072618,2.910592426,2.419950213,2.243203533,2.210922856,2.589749567,2.494901836,1.759192635,2.138338378,2.022480501,1.954441227
28253,0,0.02586262,0,0.016914663,0.022392308,0.027010887,0.037843073,0,0.012039755,0.01379566,0.004198573,0.033687652,0,0.009014148,0.001947184
29807,0.739846992,0.553664275,0.397200153,0.371806659,0.462251774,0.182422927,0.653558779,0.560639193,0.466397183,0.450035895,0.523245249,0.406380196,0.614928681,0.396285769,0.598479032
29859,28.90223734,30.57403199,30.11698492,29.89077523,28.45332082,32.76049211,28.66196083,26.33246239,29.3752633,29.9134192,26.72777003,27.33292999,34.15058446,30.8438018,30.48484177
29863,3.788542504,3.41951409,5.015408646,3.519434033,3.29569885,4.011487638,3.291809457,7.504947522,2.756460729,3.044866835,5.565894828,4.592179227,3.713323852,3.997355769,4.363159446
30805,1.964941664,1.807437983,1.962859083,2.308384317,1.643552826,1.41337697,2.084072891,2.149834711,3.079027445,2.042059161,1.998040307,1.770687006,2.609223783,1.937696288,1.610943242
30955,0.865244693,0.86491506,0.55310313,0.839480587,0.718585575,0.752763481,0.598731846,0.944354661,0.795288424,0.83110909,0.649776621,0.543327253,0.67605021,0.474634697,0.942147564
30956,1.88544477,0.87394225,0.859742092,1.577414326,0.911556289,2.517177265,1.456260352,2.227905337,1.296815056,1.292918317,1.30016957,1.304374854,1.616965997,0.945936668,1.039413452
30962,0,0,0,0,0.002864861,0,0,0,0,0,0,0,0,0,0
30963,0.634127206,0.769616438,0.654204274,0.704827535,0.8481485,0.764294023,0.753560774,0.85636582,0.689632278,0.612234652,1.063800518,0.78420795,0.884802015,0.853567198,0.683270727
319415,0.390003803,0.644803099,0.389806006,0.522945042,0.69817911,0.425823215,0.416444093,0.530302984,0.500523358,0.462360903,0.498631153,0.517968451,0.510892259,0.644217949,0.409294734
319446,0.004742114,0.007638282,0.002576288,0.00374669,0.000992004,0.004985883,0,0,0,0,0,0,0.007830903,0.003993366,0.00690099
319518,3.021904102,2.815355259,3.574067427,2.991259719,2.682241668,3.038003531,3.331744749,3.007509632,3.050063674,2.571294753,2.760843647,2.867281466,2.632509553,2.607045267,2.706290595
319554,2.855169524,3.867949699,3.759278779,3.51755879,3.094308448,3.038107724,3.051349477,2.302947841,3.375572476,2.944244834,2.895735333,2.648662721,3.632302284,2.963665918,1.973529922
319800,0,0,0.001010679,0,0,0,0,0.020121876,0,0.002397595,0,0.002927346,0,0,0.004060893
319848,NA,NA,NA,NA,NA,NA,NA,NA,NA,NA,NA,NA,NA,NA,NA
319945,2.609761088,2.990978579,2.380363154,2.233211536,2.87639156,2.415450569,2.463923401,3.041504646,2.665246338,2.668213686,2.54033099,2.521116705,2.476373881,3.102815905,2.59209295
320011,8.277388065,8.320542743,8.812656385,7.584851379,8.678313247,7.650890511,7.640575394,7.831910937,8.723879676,7.942034032,8.316747405,9.00911627,7.622018818,8.945955694,9.167553757
320127,3.237961104,3.289952887,3.586972867,3.186709649,2.977901495,3.234484731,3.487984295,3.685130809,3.188186967,2.9709673,3.095849557,3.293907847,3.712343649,3.54685801,3.715910954
320207,0.788987361,0.596191027,0.762833434,0.566013904,0.541502705,0.887794275,0.572087466,0.822701561,0.667894218,0.775560186,0.901050822,0.728143877,0.518555962,0.617355801,0.976507805
320208,2.386366322,2.707184212,2.774008349,2.411885095,2.683536466,2.576057073,2.340500225,2.769004301,2.274083666,2.297673347,3.019770924,3.59767003,3.112619664,3.702952626,3.10897325
320404,2.147152055,2.646334317,2.028165516,1.763288973,1.767495119,2.138425656,1.824961884,1.902481101,2.237985657,1.901505297,2.475721221,2.35750677,2.506184924,2.562435239,2.228081108
320452,1.094166031,1.549403525,1.28860229,1.395490043,0.906460335,1.278404565,1.0894932,1.242407063,0.95900271,1.403933462,1.143974576,0.786753338,0.682057529,0.645288324,0.937184906
320581,0,0,0,0.014051463,0.011447316,0,0,0,0.011284021,0,0.004292759,0,0.009036541,0.016128632,0
320634,6.022790768,5.998189804,6.965600707,5.627864916,6.598864548,5.403518485,6.154157352,6.045093247,5.71119023,5.49441575,5.913039517,6.30044284,5.866212746,5.941236864,6.126642199
320635,0.061145706,0.085577719,0.047263,0.048605106,0.120111384,0.081537149,0.03566645,0.029872115,0.051720496,0.030432625,0.071657623,0.108210876,0.046176738,0.069073577,0.074604359
320685,0.409107152,0.745005547,0.901305285,0.91873759,0.899420339,0.528767562,0.875164903,1.05953992,0.620368865,0.607296622,0.873871835,0.945357849,0.77186119,0.567786325,0.815295923
320707,3.683848362,3.804671079,4.343930052,3.830168698,3.773000974,3.666453016,3.895853351,2.844913597,4.877638537,3.753836557,4.004156835,3.959057134,3.872885647,3.788681488,3.619405612
320718,0,0.056394601,0.002305591,0.002514763,0,0.016063213,0.047657752,0,0.054893105,0.016408393,0,0,0.023652307,0,0
320940,1.012719908,1.002153624,1.02486146,1.07294118,0.828055702,0.834845969,0.987823614,0.967929622,0.942610661,0.956332415,1.46575621,1.161468013,0.686029157,0.764038043,0.921104185
320951,3.298112314,3.215815631,2.657600122,2.775398327,2.961447065,3.061712611,2.308888339,3.112630252,2.9364862,2.908827519,2.994859731,2.025131232,3.053062922,2.828720408,2.732444208
320981,2.10231778,2.194112646,1.920439935,1.416595596,0.943587796,1.287061145,2.304975024,1.708374862,1.27958015,1.511926419,1.218631413,1.540068292,1.516108344,1.938449671,1.585374909
320997,0,0,0.01683466,0,0,0.003258007,0.003222047,0.068274499,0.023235435,0,0,0,0.003198172,0,0.008455175
327655,11.72361459,11.98960027,13.28813429,11.80899935,12.76610095,11.66641183,12.33439145,10.51525988,12.92770593,11.02753925,11.44051505,12.67939869,11.31469636,13.07427219,12.44186991
327951,3.896388596,3.798096985,2.731299208,2.63032073,3.115057989,3.007534509,2.986579271,2.962062453,3.0231778,3.675849357,3.621614501,3.079492471,3.356266551,3.457129407,2.427733292
328035,1.755809263,2.630512353,2.059096825,2.223651213,1.950564065,2.118996593,2.426444623,2.546509733,2.667960321,1.850887332,2.407574323,2.342577731,2.46335074,2.852032847,2.295439355
328779,0.149092262,0.076046842,0.008999844,0.164914551,0.166339416,0.13376543,0.045474347,0.220989017,0.089436323,0.087534934,0.06237751,0.11122042,0.020516994,0.039758007,0.050625728
328845,0,0.003805776,0.005990301,0.001866789,0,0,0.003930876,0.004732638,0,0,0,0,0,0,0
329502,2.400616414,2.590937383,2.084813696,1.586141298,2.642267975,2.072470311,2.128595063,2.387324593,2.342081079,1.647818933,1.861473036,1.388316828,1.387492635,2.287045896,2.205518998
329506,1.727479439,1.897392058,2.092287949,1.851613782,1.957106631,1.704309252,1.836149992,1.468399583,1.744522267,1.94042867,1.760722434,1.70069166,1.765030628,1.332191745,1.88319096
330064,2.904009895,3.250957041,3.150720802,3.719775778,3.71343627,3.386295238,2.935033009,2.859090777,3.48013892,3.914142239,3.361746582,3.161663653,2.802849343,4.237251118,2.703584191
330406,0.034266605,0.006605709,0.02772641,0.03024185,0.02058962,0.110383914,0.025017108,0.021905257,0.064919577,0.016443574,0.047899639,0.031867936,0.008277245,0.020721164,0.087531941
330671,11.77207815,10.0613735,13.06972261,11.79801959,11.94914628,12.2749318,10.9990762,11.99059368,11.92100374,12.06692148,9.684625903,9.706102196,10.46115379,10.02072248,10.95381232
330836,2.788121107,2.467289972,2.891008898,3.702104003,4.095500275,3.590006619,3.18966616,2.927434402,3.519534911,3.20832658,2.875722019,3.585861605,3.315215752,3.161408984,2.699499732
330962,0,0.080526508,0,0,0,0.065818786,0,0,0,0.037351754,0.013641166,0.030403109,0,0,0
331487,0.470894612,0.381397685,0.52134409,0.422782387,0.492532696,0.466970254,0.559743398,0.3890734,0.351089585,0.503441331,0.404032211,0.400429008,0.379970058,0.501312136,0.462364054
333182,0.811120317,1.014030918,1.497681889,1.020973126,1.203275095,1.025608822,1.245811222,1.42823608,1.063375083,1.651184331,1.668718565,1.005690391,0.924699115,1.445342511,1.060805929
333424,0,0,0,0.005299731,0.009354662,0,0.000929965,0.010748599,0,0,0,0.009382287,0.007384594,0.003765771,0.010574979
338366,12.12727256,12.31976872,13.37991198,12.36583694,13.83925691,12.20315481,12.72256944,12.24776623,13.67464095,12.23943482,11.89792106,11.91275458,11.39642482,13.06377222,12.45678885
338375,0,0,0,0,0.016401147,0,0,0,0,0,0,0,0,0,0
338403,0.075056992,0.033057725,0.084951745,0.097291818,0.014719863,0.066584787,0.060972098,0.108056993,0.039572414,0.090687492,0.232298694,0.084068975,0.021787308,0,0.091733728
353169,1.578013396,2.227455699,2.802358586,3.351533641,1.533390698,2.840147377,2.110128325,2.735945765,2.217018761,1.800480381,5.327620495,3.453197604,1.467545733,1.578909237,2.003188591
353371,0,0.025753146,0,0.019650243,0,0.040344829,0,0,0.026641759,0.029000892,0,0,0.005867241,0.001495999,0.011633649
380660,0.097966201,0.19724682,0.109576589,0.222910132,0.101463261,0.083815485,0.102863967,0.181799118,0.148538453,0.122751489,0.226032846,0.221661741,0.16950874,0.15063973,0.2105293
380921,3.242919326,3.014942824,3.788137656,4.2158092,3.810450844,3.523434026,4.283155771,3.511088782,4.261948418,4.282855371,4.419581525,3.657339994,3.767289689,3.236583477,3.693235673
381022,21.14397013,19.06815598,16.50576476,19.72822375,20.76828187,19.28727317,16.65684887,20.26427076,19.75562019,21.66423638,20.3944819,21.94679384,17.44428358,23.27800675,20.44256048
381290,42.88413058,33.07471274,46.75391422,30.37814647,45.81287379,37.52581468,30.93307129,38.65802842,34.65695038,32.25659534,30.62603742,28.1599199,30.43821142,30.40298764,36.71392962
381694,2.009251425,2.372955969,3.122175284,2.842143618,3.252619825,2.319063192,2.625674972,3.273212071,2.499938748,2.757782711,2.534156602,2.513700841,2.454779822,2.618222038,2.69925267
381925,1.755463117,1.35488376,1.39649672,0.99069395,1.801154551,1.234863104,1.638451987,1.184629996,1.112601436,1.189575482,0.995939389,1.381163003,1.678077091,1.676272259,0.889564995
382985,10.59889267,10.16207092,10.82910308,10.10965533,8.815222338,8.595951086,10.62911371,8.518934086,9.824447004,9.898762958,9.950608976,9.383582662,9.710578648,8.325485415,8.460505103
394430,NA,NA,NA,NA,NA,NA,NA,NA,NA,NA,NA,NA,NA,NA,NA
394432,0.144907574,0.081044272,0.089294725,0.206717754,0.119989927,0.05078552,0.192529094,0.124969534,0.062251724,0.07133066,0.02368231,0.211130294,0.072702027,0.093215563,0.161087065
394433,0,0,0,0,0,0,0.006982971,0,0,0,0,0,0,0,0
394434,0,0,0,0,0,0,0,0,0,0,0,0,0,0,0
394435,0.004334135,0.002181605,0.018640911,0,0.001133324,0.009113862,0,0,0.010155966,0.008145995,0,0,0,0,0
394436,0,0,0,0,0,0,0,0,0,0,0,0,0,0,0
407785,8.375474985,5.623965757,4.780770612,7.077421354,5.967895765,8.640372596,6.229441815,6.767618728,6.389623594,8.258982457,5.791162657,5.687732436,6.776560936,9.026964103,7.877264767
432530,13.74399244,13.10772876,12.59323427,17.41470223,16.93614484,15.83647898,13.04646606,13.681393,19.72349947,19.09185118,15.56690729,15.75324894,16.8218928,15.72363952,18.35008354
433022,1.799946988,2.50143863,2.014094027,2.226151774,2.504669859,2.146642921,1.802280789,1.463017583,2.073257756,2.217251359,1.753821681,1.907718892,2.155693331,2.646450956,2.358927823
433182,0.041822897,2.944435816,3.543287637,0.028913323,0.046661015,3.742085895,3.234017621,3.35785403,0.037893936,0.080851919,0.068351348,0.043873884,0.046042906,0.039621763,3.497087764
433256,16.35139122,14.05111446,14.45911634,14.11638384,13.39325272,12.3149998,12.8050109,11.91748635,12.48312841,14.28364946,11.17430414,12.14451468,13.09542832,11.00311858,13.15744957
433323,0.86443851,1.280235526,0.912705924,1.134856949,1.105872512,1.094148225,1.232626366,1.100842419,1.503243935,0.985976162,1.091738947,1.296472302,1.154814338,1.419060514,1.075401946
434203,0.006867844,0.02419871,0,0.007630603,0.008979286,0,0,0.018915028,0.001609309,0.009220069,0.004209056,0.000750484,0.012404474,0.011747649,0.009369817
434264,NA,NA,NA,NA,NA,NA,NA,NA,NA,NA,NA,NA,NA,NA,NA
434437,3.192306791,4.29367256,3.472800032,3.409078498,4.09909329,3.774821571,3.29837201,4.077984479,3.930069808,3.264384623,4.340598309,3.912545811,3.735258089,4.009931758,3.755946758
434674,0,0,0,0,0.001286966,0,0,0,0,0,0,0,0,0,0
435818,0,0,0,0,0,0,0,0,0,0,0,0,0.00290614,0,0
436008,0.009692513,0,0,0.028717294,0.002027579,0.014267061,0.016125246,0,0.018169596,0.014573644,0,0.059312355,0.034012239,0,0.003526272
50493,8.292475583,6.780064739,8.153887084,7.608429493,7.911291836,7.817827475,8.395610446,6.901426129,8.198511474,7.452575371,8.274769443,8.581174192,8.709466922,8.509765347,8.875218222
50770,14.38539425,16.82738708,14.53579393,15.05210881,14.44703729,12.49421744,12.82908213,15.39053278,13.47335076,13.60642358,16.77321541,15.11342947,13.54204425,15.74292484,14.41273123
50773,5.486841476,5.209756798,6.348392673,6.894403316,5.929209413,7.112084426,6.948029831,5.790031608,6.13322814,6.82771784,5.299618403,6.163266064,7.669781112,5.97164878,6.372997142
50784,0.978770754,0.942000288,0.949837612,0.812249986,0.713304687,0.855188322,1.175567939,0.95528554,0.645579421,0.627799051,0.742041031,1.091338694,0.738931547,1.116144063,0.849012064
50785,2.273753353,2.5449207,2.390639445,2.52244578,2.654464358,2.711367122,2.312852756,2.647751311,2.47999058,2.239518423,2.321003028,2.482174283,2.57994609,2.883264095,2.550391054
50786,6.8047912,7.249853317,9.014166929,5.694496608,7.772712149,6.408121438,8.12868978,7.714305842,7.241763555,4.451721452,7.486586714,7.650997214,7.535049804,8.498276474,7.193426484
50787,1.341162392,1.421373631,1.453588824,1.605424526,1.359000158,1.744037253,1.220411099,1.532587888,1.171824037,1.314816716,0.809740568,1.167395738,1.235207931,1.375280849,1.590117453
50790,9.442444567,9.826633437,11.29787284,9.821255056,9.715105968,9.757004586,9.874571696,7.593709507,8.889456978,9.409611762,8.503336233,8.092514625,8.999488724,8.189671734,10.01865865
50798,5.847888363,6.828521714,7.318991793,5.930677529,6.392478957,6.266147429,7.191495072,5.749971526,5.9581831,5.877176044,5.917209846,5.904093549,6.269303344,6.994201841,5.815608986
50799,0.963222589,1.223294157,0.976822865,0.828353256,0.672689078,0.875628107,1.02929465,0.795484942,0.816713032,0.763938243,1.011362294,0.971595028,1.235789644,0.901609137,1.029736411
50877,0.228452638,0.278562954,0.209586381,0.227856187,0.251568104,0.194218103,0.253224674,0.231817274,0.222609123,0.217825911,0.170045679,0.198395018,0.105830865,0.085714534,0.158410854
50917,1.167307943,1.458096126,1.345215696,1.359621798,0.983957227,1.441414889,1.440416583,0.990977964,1.44627928,1.229044588,0.944962393,1.331362347,1.151490929,1.11704307,1.426913892
50934,2.602736453,2.453905094,2.728625248,3.213545013,3.103534837,2.81371926,2.415518835,2.803601675,2.64925873,2.823495142,2.467353538,2.869735054,2.813460125,2.181294069,3.176511188
50935,19.6185355,18.94702895,14.96538941,16.4115394,16.04705852,20.53287986,15.53511401,19.02033457,17.51609241,20.78176529,18.80654617,17.0200531,19.31560883,17.6005867,16.99968345
51797,6.307998404,5.642860957,5.945563855,5.264234965,6.14754121,5.431971224,5.61173548,4.962758724,5.584452411,5.268280031,4.583980619,4.688861796,5.337943903,5.57573721,5.353339737
51798,8.321489816,9.306545154,8.213677812,8.459391954,7.771709453,9.09134415,10.11625341,8.156934364,7.736755419,9.03982093,8.430402963,7.525068377,9.585036452,7.132664998,9.231674091
52123,1.421848887,1.564976193,1.75265633,1.618144751,1.694805074,1.639071357,1.750407846,1.769966725,1.603042946,1.485250542,2.038397726,1.775548833,1.769696105,1.735070257,1.796445484
52466,1.996355632,1.40761345,1.892859901,1.632689336,1.550683878,2.084545422,1.731202107,1.781358331,1.676346634,1.602796922,2.115275955,1.997223992,1.770998007,2.103494974,1.883533973
52538,4.781622309,4.63978986,4.692598685,4.278149789,3.480825422,4.564775842,3.785718163,5.216459034,4.191583517,3.71419115,6.462648309,4.875350938,4.91827056,4.432868336,4.621795005
52633,1.675636572,1.587198491,1.517228408,1.485628082,1.653052306,1.537547192,1.619572569,1.632393264,1.513463209,1.35381356,1.915705453,2.004169106,1.611502187,1.378995218,2.074786364
52710,0.414389903,0.428462662,0.576564593,0.51939013,0.494167168,0.609135783,0.443919019,0.605339293,0.473140161,0.451432337,0.465871597,0.609726718,0.48285379,0.420919754,0.439919187
52815,0.626789314,0.737777771,0.805463263,0.789652313,0.56397629,0.508620134,0.687664756,0.75006131,0.702728362,0.663677405,0.629590225,0.677196544,0.709108978,0.784122432,0.589089703
52858,16.41430924,16.43188175,17.47471321,16.39252527,15.96102317,17.10458201,15.50450286,14.94704448,17.83064552,15.96506994,14.52871327,14.81974179,16.1235179,15.12095975,15.91795944
53332,8.00610819,7.145711977,7.175614352,8.515916017,8.299577193,7.68027137,8.610113668,6.87805038,8.669603532,7.972670622,7.069904914,7.517268604,7.563697312,6.194905912,8.301847146
53357,2.887970009,3.061185553,3.26458651,2.944279162,3.416207508,3.118123943,3.191435798,2.570664125,3.48133503,3.201819511,2.491558193,3.344329229,3.713128212,3.740667325,3.288687732
53374,0.072596285,0.117836555,0.041729576,0.095058783,0.115604577,0.12006668,0.089904247,0.122129183,0.129590435,0.040736251,0.108379689,0.100900088,0.120808135,0.082427625,0.092366216
53415,0.694284026,0.960533844,0.757319985,0.826026791,0.717693664,0.755586874,0.555158209,0.74209209,0.721155855,0.815429428,0.977409994,1.19258971,0.923994837,1.004352322,0.677636108
53418,8.454068655,7.613246862,7.775178825,8.800322554,7.723008674,8.728609388,7.155035011,8.89510751,7.507307723,8.69560828,8.851419249,7.439125704,7.949870036,9.72561055,8.245254517
53625,0.324671293,0.233463827,0.271070745,0.326895297,0.346205662,0.410076586,0.317863837,0.472960704,0.448567582,0.219633517,0.523031574,0.294885807,0.335091783,0.264087165,0.276124581
53881,6.885186565,7.350703051,7.904547125,6.672555421,6.545465352,5.87836373,7.1179706,5.631664237,6.720738209,6.499969578,9.452578775,9.237703019,6.85795317,9.575571599,10.04180853
53893,2.500574024,2.781495818,2.922537611,3.028452849,3.488406093,2.851810053,3.306824625,2.586658881,2.797139225,2.60073267,2.935603705,3.067587282,3.184439027,3.284411377,2.947178944
53896,3.939426785,5.054784081,5.280986607,4.599504879,4.75248217,4.198095188,4.228129347,5.52016387,5.44789407,3.911825635,7.788067095,7.173706801,6.705231094,7.123311529,6.31587854
53897,1.332963806,1.605137062,1.414113754,1.187330795,1.101399999,1.31482595,1.814528676,1.268081287,1.325309945,1.585750212,1.464544092,1.3975867,1.453480005,1.563179938,1.554893166
53945,2.9387958,2.269064321,3.002425824,3.026529982,3.286919501,2.975931797,3.006183598,3.919957314,3.034863593,2.644184554,3.553286372,3.59597486,3.386534345,2.614396792,4.088254105
54122,1.710853357,1.932370985,3.124902444,2.062981903,1.930675091,1.703311268,2.169446198,2.131341182,1.997002417,1.998264281,2.724649555,2.716592089,2.91338404,2.446848895,1.774869986
54150,NA,NA,NA,NA,NA,NA,NA,NA,NA,NA,NA,NA,NA,NA,NA
54195,17.90049519,15.60360271,18.37831417,17.29749952,16.80636957,16.90069567,17.41765477,16.20906348,15.70863618,16.19100211,14.82015114,15.99532669,15.56367264,15.51170625,15.48250263
54200,0.90708327,0.878650066,1.027369543,0.831196647,0.818350278,0.989762937,0.635272696,1.027079207,0.663221937,1.225290215,0.672451652,1.29709516,1.79196388,1.125448046,1.017813074
54218,0.535291753,0.254516061,0.278377284,0.25277035,0.357480117,0.326527366,0.423532644,0.381364382,0.31595777,0.303374252,0.296880982,0.31515132,0.359187474,0.428759843,0.430089133
54325,2.736856522,2.874619473,2.725131769,2.459888746,2.713749317,2.830780881,3.040025277,3.26957662,2.818169703,2.82155008,2.95702842,2.270728199,2.702283573,3.483306477,3.764914831
54326,0.553420592,0.490823323,0.518643868,0.492354196,0.582228021,0.509220445,0.48614185,0.568482681,0.648855717,0.503517797,0.56230465,0.590495911,0.62516869,0.522050933,0.535072065
54338,43.02335815,42.42064364,44.18470237,42.8239987,47.98166258,41.55215898,36.14712554,36.38713211,38.37486028,40.71840376,39.32059495,37.56687997,33.31017498,41.72742336,39.51623957
54342,0.215546611,0.220733863,0.117774803,0.267930353,0.206015748,0.296959261,0.220261206,0.230759063,0.149782308,0.187592199,0.247802872,0.220918882,0.218629091,0.176036564,0.209567679
54369,0.694446478,0.908033178,0.957649399,0.630660113,0.404923154,0.885405188,0.850733124,0.539606498,0.841687557,0.488650215,0.990134672,0.924583467,0.897978447,0.667980553,0.980105224
54371,3.181146401,3.303432962,2.904177973,3.338799278,2.65369343,3.381113271,2.856413026,3.136401431,2.83503416,3.375348707,2.786454325,2.870381287,2.649101699,2.798158512,3.38915933
54384,5.882322616,7.178936281,8.380252209,6.370892232,7.829478054,6.839937445,6.74218283,6.953647787,6.512311078,7.061004264,6.106306251,6.31094124,6.876345989,6.705211163,7.455201824
54391,14.17318032,13.28165593,12.77081124,12.80612859,13.571275,13.56077025,15.83094774,12.61029921,13.11116279,13.85514071,12.72311704,12.07645499,13.95565155,14.94241121,11.87659638
54397,1.845978714,1.643936067,1.790517427,2.082810676,1.650259236,1.73904291,1.875701142,1.780287504,2.045721579,1.349960885,1.851391379,1.843633805,1.891656352,1.829650756,2.157324734
54403,25.81975555,31.13335976,29.18954381,27.94822359,29.80720072,26.03342314,31.09151425,31.72057251,33.8790508,26.3991241,33.45249533,34.19808545,38.59192553,36.61157383,30.48814681
54405,11.4696809,11.4873817,8.717539634,11.10672537,9.87929327,14.14444132,9.080784043,10.70898461,12.00265283,14.32198167,12.85697795,9.342563497,11.47945285,12.56894155,10.3089679
54447,3.513539785,3.970907023,3.306732024,3.079104318,3.868733059,2.997143503,4.208888187,3.100947817,3.317000795,3.467800725,3.934772936,2.943697265,3.817484726,3.575323989,3.009479156
54486,1.856396981,1.80106852,1.857264336,2.481736647,2.369276794,1.896203275,1.937783288,2.610578195,2.179510093,1.905959319,1.865152097,2.135787198,1.355083584,1.146644833,2.215554344
545975,0.124106714,0.029055648,0.039200284,0.02850445,0.019622373,0.010620989,0.036012894,0.070818509,0.03787335,0.006199555,0.025471443,0.026492738,0.011915347,0.042533588,0.011812961
54611,0.410784906,0.357931979,0.25219398,0.223593613,0.555792399,0.319836031,0.401247354,0.336603147,0.452846497,0.320024362,0.260910091,0.211520109,0.295493724,0.322666546,0.274556474
54616,14.37866017,15.19666869,15.4656408,17.72983146,15.37805114,16.02919077,13.83215808,16.19065382,15.20800208,15.58393775,16.01610593,16.64624248,15.33969589,15.76743406,17.95104373
54667,15.16989766,13.64702007,14.05488486,13.71014811,16.38025217,13.55690521,12.35934768,14.56274672,14.32062416,13.05588975,13.03772099,16.18389382,14.81377798,17.95831728,14.63331407
54670,1.038969481,0.860867041,0.575042496,0.852788829,0.571033221,0.647226526,0.689319979,0.736464397,0.699693131,0.810712672,0.6883015,0.874176496,0.632465045,0.665574967,0.833507026
54710,0.078326403,0.178933062,0.100927077,0.142315215,0.155448538,0.065459901,0.119033275,0.168454363,0.146360145,0.138586338,0.135394335,0.170743392,0.148725477,0.155384637,0.138827843
55936,8.337097963,7.601009504,8.055747995,7.796991298,7.909586284,6.473424686,7.513061575,7.444133222,7.715310896,7.79379077,7.760695945,7.394363323,8.200705714,8.359773513,8.035007171
55951,18.1057977,19.63944736,20.43271352,20.43352867,16.52569785,17.8995417,20.4024323,20.07730606,22.00597763,20.86822257,19.12551066,17.05439171,19.51614704,17.8153081,18.4547434
55961,0.001075131,0.006494059,0,0.001061811,0.031486952,0.012434376,0.001117921,0.040916523,0.027208454,0.006928133,0.018976581,0.011278549,0.0088771,0.016975777,0.032269675
55963,2.533565027,2.515543819,2.439505741,2.314794147,2.771040133,2.664468122,2.494987576,2.766038198,2.272752145,2.268669795,2.10855165,2.345322081,2.605742709,2.473187779,2.657556427
55979,14.01100475,12.67904446,15.02831513,14.07631328,14.46263816,15.96862691,13.68833731,15.01510899,12.74229601,12.89204723,12.69666774,13.71643885,13.06359605,13.14972385,13.79487996
55980,8.222801311,9.823353064,10.95740047,8.897604083,9.077729942,9.55171769,10.65651605,9.218121029,10.94757728,9.581293665,11.0428572,10.06207014,10.8307902,9.900623941,9.607586727
55981,2.08494167,1.722197789,1.890864777,1.829770916,2.051439747,1.81973922,1.929937893,1.627968642,1.993363882,1.693772315,2.073945052,2.225742962,1.929431208,2.092683011,1.879612965
56012,0.349318185,1.119997852,0.502350886,0.710274409,0.641699741,1.166637975,0.900422211,0.77318577,0.795153424,0.734571147,0.351170705,0.610747795,0.630169611,0.429502995,0.563347144
56017,3.535074143,2.839971607,3.382717479,4.161829517,3.717518967,3.341428826,2.886922239,4.089497823,3.429949502,3.200975155,2.853789755,3.73407036,3.414949003,3.912394993,2.745594323
56050,0.329662451,0.234834819,0.413706985,0.304634584,0.375057334,0.368905251,0.344787704,0.274167258,0.294536983,0.318858358,0.495289225,0.401107745,0.459626691,0.440362441,0.485704973
56077,2.564739311,2.50790891,2.768124616,2.396359367,2.830322707,2.273095041,2.362457324,2.256430041,2.603878692,2.167110312,1.996286508,2.201220935,2.374106557,2.087087415,2.484661452
56078,0.306480022,0.343991294,0.341285614,0.374468447,0.388751326,0.34429473,0.286732309,0.421763554,0.375760826,0.371008192,0.468795849,0.396319056,0.321730387,0.183785797,0.280798955
56174,5.157970483,4.946417961,5.311248183,4.537380559,5.440750288,5.436647158,4.413181016,5.286894773,4.856280542,5.567296012,4.166893732,5.076109108,4.962241489,5.009509561,4.136538715
56185,0.001203404,0,0,0.007130971,0,0,0,0,0.001127951,0.010339636,0,0,0,0.003800231,0.00656723
56189,0,0,0.002742292,0,0.009503315,0,0,0.021232172,0,0,0,0,0,0,0
56219,11.85381682,10.21041859,8.62784402,11.54763258,11.0045962,12.2861717,9.499465932,9.911796842,11.26837216,13.7027558,10.75359334,8.388191224,11.98089863,10.41410042,11.49278235
56248,13.42731145,15.90486071,14.88002975,13.98754723,14.72328933,14.00530703,15.17069886,15.96426164,14.05381583,14.82063379,15.80895988,16.07123193,14.7783806,15.57355868,15.21721585
56315,0.02401318,0,0.202935297,0.08300487,0.163257966,0.04628723,0.066583767,0.216444253,0.052517655,0.09456378,0.094187634,0.146946226,0.239577656,0.286473534,0.072802758
56318,0.206513861,0.143450492,0.072926429,0.124412751,0.103681623,0.013027783,0.133134572,0.012409501,0.102589741,0.286116319,0.085051644,0.028885501,0.025577043,0.245643238,0.018783158
56336,12.11202273,12.80537992,12.75028355,12.81048562,14.56264842,13.4434093,11.99393055,12.8098146,11.88533929,13.45783629,12.44713534,13.1343031,14.31971869,16.59431909,15.28818355
56348,9.515900085,9.537567222,11.35775936,10.1311839,10.84649174,8.842824115,11.46751777,9.418364286,9.863752764,8.912874952,9.44522712,9.952448272,9.802102642,10.2886695,9.484776798
56351,14.9591896,15.54919019,16.95026298,15.92900373,16.17045377,14.52884583,16.43359766,13.98140069,15.79867494,14.74466353,16.14212391,15.71455122,16.70923843,16.24024171,16.42346381
56356,8.129055583,8.424143273,6.441566595,6.327344024,5.493526922,6.793267464,8.324674142,7.359397488,6.787801364,7.167929675,8.514070037,6.670023664,7.48894433,6.888366992,7.873516753
56357,12.76795331,13.20533281,12.77711968,14.12416831,12.07968828,13.38755697,14.02691521,11.85799117,13.5756777,14.8676546,13.26232832,17.83028146,16.73561884,13.08037666,11.88477414
56362,NA,NA,NA,NA,NA,NA,NA,NA,NA,NA,NA,NA,NA,NA,NA
56375,2.743759628,2.300921565,3.118582386,3.302690778,3.442704129,2.882034319,3.104855176,3.15664951,3.265254556,2.895889665,3.041640269,2.992487967,2.954117565,2.691378234,2.806889803
56386,4.358410894,4.054707765,5.0780955,4.108186932,4.242071986,4.262853022,4.221982504,4.001017084,4.321510713,3.980566346,4.033574508,4.109260811,4.205595946,4.0041661,4.624815049
56421,31.45169721,31.57280139,31.37195782,31.74895268,35.72825832,33.17470876,32.05601229,32.6686826,30.75270383,29.08760992,30.98615058,33.08035718,31.32131658,31.01951774,34.72522188
56451,13.24314975,14.4820464,17.09739163,15.71380663,14.2315626,15.21528791,16.34163594,14.98257848,15.77983644,15.2124664,14.08354874,14.44330715,17.41664089,15.24001481,15.897981
56454,6.042972441,3.566719426,4.5478124,3.677542655,4.186202052,4.964130492,4.208564539,3.823555538,3.94897624,4.019441137,3.027426761,4.394075962,4.20069509,4.946150486,4.277178979
56473,42.39869538,43.75771785,41.18512436,37.87853186,39.11346639,39.87488063,39.87288971,43.2573234,37.05476219,37.49990619,36.1284428,40.63789969,44.32484325,41.62905971,37.4325513
56485,1.53980513,0.6235837,0.854532932,1.618839745,0.929052113,1.422349138,1.47652691,1.422149612,1.561021411,1.044968243,1.306484332,1.330771796,1.477648425,1.011878127,0.967332856
56520,0.167741929,0.157609415,0.118976003,0.25677881,0.347975517,0.229274134,0.101743899,0.19039396,0.275143045,0.40534784,0.230278761,0.107535975,0.184667404,0.200113533,0.264449731
56529,2.556949283,3.339779009,2.794884177,3.159511319,3.414249298,3.030661307,3.178766616,2.460029611,2.973596344,2.908259646,3.15153702,3.22615733,2.437424382,3.308339358,2.839750859
56632,2.95125559,2.830516496,2.490549901,3.274450762,3.054927782,3.451561388,3.771822316,3.169788675,2.298022067,3.310205072,3.507818308,2.845041247,3.439951097,3.501515339,3.336986319
56690,1.39760146,1.35766265,1.36233467,1.366463748,1.366668255,1.952953756,1.588361965,1.714090727,1.354950172,1.472032304,1.166560728,1.381715921,1.573496953,1.401708033,1.3730063
56720,0.191053275,0.126536158,0.095600754,0.248271429,0.354965387,0.195588218,0.585516128,0.005035293,0.336942496,0.221390233,0.182413438,0.246132881,0.311345095,0.023815547,0.089171261
56727,NA,NA,NA,NA,NA,NA,NA,NA,NA,NA,NA,NA,NA,NA,NA
56749,2.711348337,2.87186563,3.134925687,2.770842433,2.947666249,2.820995981,3.08060605,2.83500078,3.321715842,2.851247658,1.947044221,2.463642468,2.658938311,2.377828754,2.866123251
56752,5.640735459,7.781990466,6.811898993,7.039845106,6.746111947,7.779227224,7.50127916,6.587052096,6.502103885,6.981743474,7.901724957,7.815743566,7.130116265,8.019651756,7.424807289
56773,0.143516718,0.097836514,0.02455733,0.092632357,0.075646718,0.108121047,0.095177379,0.220692338,0.075203141,0.059470086,0.117459691,0.037539898,0.073478319,0.154639091,0.130533476
56774,0.005744381,0,0,0.014892183,0.016522937,0.011324383,0,0,0,0.007711821,0.000704105,0,0,0.018140182,0
56794,0.927611799,0.494574479,0.430202408,0.58733792,0.439479948,0.47235579,0.420091922,0.479071079,0.508946939,0.527632656,0.551464845,0.525542726,0.386956588,0.340221324,0.44389548
56847,0.213338786,0.120962399,0.11545827,0.070231899,0.089769738,0.051564479,0.081592548,0.019646917,0.14020363,0.079008812,0.105800437,0.143626999,0.101234944,0.061949666,0.073601034
57028,7.490978903,7.136816843,6.781695115,7.30081162,7.60448464,7.736126766,6.96779852,7.715769956,7.646158162,6.769487339,6.131138258,7.744361762,7.906917113,7.023960406,7.384912375
57138,89.94064752,82.27777388,78.6817086,83.41840701,95.44184373,92.6963987,80.66206089,83.30727336,86.27233824,86.89955582,79.33362765,82.97725612,87.9540598,98.84571046,88.09183649
57274,0.136689705,0.259608501,0.339403912,0.182314503,0.054535229,0.300767002,0.159713093,0.231452455,0.206047585,0.072645551,0.619050819,0.224205457,0.103262423,0.102350585,0.265310126
57279,1.187778265,1.109695784,1.054528747,1.312001156,1.015120007,1.080327495,1.222090663,0.952367723,1.216790823,1.277584736,1.520939403,1.097512247,1.134004016,1.372137977,1.352431957
57370,3.270236707,3.938544647,3.84475471,3.894829624,3.524973155,3.396339328,3.762389687,3.720997914,4.062853873,2.896210286,3.357840273,3.866668918,3.481223738,3.340231151,4.329223689
57394,0.144508867,0.062347847,0.168232578,0.125728224,0.017993952,0.04702823,0.003577628,0,0.061274202,0,0.128207378,0.054141269,0.042613415,0.021730695,0.087623913
57423,23.25587501,27.06251962,21.80572838,25.29752065,23.65452851,28.046812,26.1903222,24.58428018,24.51883032,24.96937976,28.10944188,23.1842887,26.54717316,24.9620424,23.79564437
57738,4.806425702,6.183073686,4.442601536,4.322738484,7.147114434,4.80917577,5.80824726,5.570774524,6.112441723,7.00705352,7.767669712,7.007246665,4.748176105,4.975803499,4.280648544
57813,9.021611846,7.220689194,8.194451835,7.760184703,8.716016202,8.07487715,7.380546784,8.558919564,8.695469417,8.16072927,7.729321396,8.482381858,7.78372375,7.688314231,7.450129202
57874,7.86972842,7.921606375,8.788925549,7.760542922,8.767349751,7.46368858,9.018655368,7.577115713,8.362537333,7.667087875,8.531810327,8.54115932,8.375957445,8.917259216,8.21415976
58176,0.001272987,0,0,0,0,0,0,0,0.001193171,0,0,0,0,0,0
58193,20.92570199,21.32851902,19.41555317,22.12828738,19.07278688,18.59619144,22.13528349,20.79792804,22.59547947,20.09673328,20.26375512,18.22758103,20.50742435,19.75741007,19.76406508
58246,4.372479138,4.028582467,4.970335222,4.172974732,4.623511886,4.302197854,4.811016246,4.431620649,4.616899511,4.290508634,4.1041276,4.49156849,4.291472637,4.384074474,4.188582604
58807,1.768848968,2.002711815,2.104217786,2.216940754,2.042337801,2.385904401,1.82847097,2.589789452,2.06690823,1.629506389,3.246301451,3.240944196,1.99194031,2.050426092,2.515671872
58810,49.44885377,45.66396954,47.76056967,44.79468889,44.21781697,48.91474131,43.97684811,42.69982862,45.54981883,48.70638522,44.33816295,42.88378511,47.77685135,41.25674228,43.80885584
58865,0.035562087,0,0.016100093,0.029267919,0.0185981,0,0.015407279,0.032647697,0.002777697,0.003182803,0.072649097,0.03108837,0,0.015597434,0.040431203
58875,5.654071787,6.168154434,6.033191017,6.660343459,5.32228777,6.551831374,6.811483915,5.934963726,6.673867633,6.282006454,6.133691212,6.772430105,6.398959721,6.103101625,6.130223159
58994,2.646627311,2.457398389,3.256647831,2.814094363,2.487191375,3.052521853,2.850748617,3.89249176,2.458091179,2.610233293,2.750269794,2.538045618,2.828161373,2.718761644,3.012708012
59012,1.219060898,1.066451002,1.48454347,0.914235307,1.598961425,1.706684395,1.382814461,1.423292494,1.512299662,1.169240843,1.463873312,1.601403718,1.032790092,1.022462118,1.088025995
59027,10.17557571,9.913392407,10.72940485,9.728278282,10.88660415,9.980179577,11.25077297,9.497567189,10.76542994,10.22348598,8.400826579,8.339844726,10.9856968,8.86104333,10.12897862
59033,26.63486096,28.24944992,28.22895752,25.07502962,27.64232105,25.39322001,25.88139523,22.23039394,25.1518977,23.32754036,23.15009409,25.88137316,23.59966561,30.70505937,27.64000811
59045,4.007656893,3.160516736,3.146752123,3.665638777,4.163190849,3.544086914,3.577396875,3.644963551,3.679432575,3.334366161,3.649310381,3.468697266,3.109274207,3.354449714,4.041065184
595136,10.53132607,8.753250092,9.601894589,8.899896342,8.778574358,11.39022305,10.56047322,8.864131047,9.729481056,9.892877022,9.28555457,8.486827723,10.57271513,10.21395329,9.343796215
60525,5.545865544,5.979348519,5.915806243,5.792306262,5.968804713,5.468506588,5.689091357,5.320949007,6.451285816,4.968129373,5.257744482,6.31833188,7.723969578,6.720415729,5.410659974
60527,5.030147328,5.286546999,5.677710025,5.723481042,5.064341095,6.080616793,4.518673334,4.073883313,4.571888193,4.41049195,5.586035635,5.622760357,4.981831155,4.857592157,5.82012973
60596,15.28350985,11.57766521,16.26642086,12.77842017,14.23168916,15.52371051,11.70454598,17.78089341,13.23959492,13.51276743,13.76282328,13.44615712,11.19901309,12.63028494,12.35919888
621603,0.08748783,0.07764484,0.114656287,0.126195213,0.175791654,0.104088459,0.13525784,0.092231211,0.06258077,0.067998676,0.033864099,0.074469166,0.06890995,0.132080199,0.059679932
622127,0,0,0,0,0,0.001522094,0,0,0,0.012438415,0,0,0,0,0
625249,77.00588154,77.09507135,69.70581227,71.50135617,66.32021708,80.03871973,72.97027711,73.67556928,76.07326043,83.23697871,80.96215841,75.60881454,84.12679156,75.26332767,75.63262618
628779,2.867072832,2.674581904,2.439905002,3.040787741,2.442402792,3.061606643,2.54944233,2.220915412,2.553233302,3.116601505,1.810579249,2.705121661,2.939142259,2.213020163,2.905886995
631304,0,0,0,0,0,0,0,0,0.002554834,0,0.03207372,0.016679869,0,0,0
63828,1.802598016,1.975801355,1.962840389,2.330581434,2.191297884,2.19660566,1.816856137,1.818427701,1.902307181,1.789108919,1.828941539,2.285527112,1.914510072,2.10422162,2.129134195
63959,3.046162678,4.484117192,3.900869148,4.74594124,4.083457138,3.170069818,3.687759682,4.006447304,3.650538604,3.602070209,4.26106741,4.728103591,3.464740087,4.364756396,4.186985763
63993,1.03581872,0.781315618,1.279695443,0.170000556,0.600142774,1.000161804,1.689358656,1.787438003,0.393444332,0.382714886,1.258527708,1.818945032,1.439963551,2.450875084,0.911899815
64008,0.294017928,0.32634834,0.07167532,0.320157376,0.244445611,0.190235044,0.286122506,0.328437194,0.144857813,0.51819461,0.6653282,0.369069325,0.396825224,0.376946729,0.291418786
64292,2.084542505,2.023194985,1.51320883,1.844047171,1.509458777,1.539808763,1.207876243,1.434613169,0.975251434,1.438952459,1.12860411,1.152570052,0.989297832,1.594119897,1.481120857
64385,1.000086494,0.839923401,0.69208106,0.558421278,0.903487025,1.140573043,1.127984099,0.903831938,0.923571179,0.6132014,1.058326241,1.083586322,1.123427632,1.252412558,0.968244368
64436,3.124770975,3.377939543,2.742673575,3.156976855,3.077172116,3.370051787,2.538671802,2.896293728,3.275579543,2.823152888,3.134510753,3.465954383,3.043147027,3.170129513,2.865838563
64580,1.944612,1.819445624,2.946377451,1.746479108,2.048971823,1.702017089,3.189616724,2.113770559,1.982098823,1.474501652,2.360961102,2.810608857,2.766268818,2.247561744,1.953203259
64602,6.730619772,6.356831651,6.631817509,6.2362399,6.514287849,5.608781389,6.157570218,5.960682249,6.318916784,6.489954699,5.914682186,6.151606569,5.873689267,5.916185081,5.848927052
64705,0.11757558,0.029591085,0.002217926,0.048382882,0.07173734,0.012877038,0.101879272,0.044157275,0.03903046,0.078922504,0.05524436,0.012848069,0.078371376,0.082509325,0.017823184
64707,0.214809415,0.299025769,0.275467186,0.283202498,0.260155934,0.251786837,0.276794044,0.331449042,0.295749663,0.21193953,0.171332662,0.307286761,0.254588133,0.287783457,0.288858342
64898,12.80677393,11.41958169,12.27692175,10.75737568,12.14436826,11.39702746,11.68326333,10.17957262,11.29453148,10.6292599,10.0300953,10.51329614,11.69523996,11.99329772,11.82407191
64899,0.058256044,0.148160478,0.188784979,0.136265449,0.046501476,0.122501402,0.062168724,0.109010821,0.08190513,0.097143359,0.081177443,0.115256801,0.09177096,0.132326982,0.175690123
64918,0,0.013080715,0.012670202,0.014806809,0.020908636,0.010508832,0.006235705,0,0.016863035,0.016101982,0.040183933,0.021844147,0.018568497,0.001052111,0.019090754
654821,0.027319994,0.021252528,0,0.006132164,0.027276495,0.03525265,0.010329942,0.04974756,0.016295392,0.010669686,0.041401975,0.060793433,0.015380096,0.011764612,0.011294768
66043,26.01752893,25.24385629,23.48744944,26.37172021,24.52350821,29.54837914,27.43075777,29.09975719,27.50170937,26.53826504,26.20440515,25.41887744,27.84880073,28.66517763,27.71835552
66046,20.31623649,21.18323054,19.62348918,17.8196014,19.56106325,21.78869982,22.31029384,21.04540607,21.04024685,20.68261683,22.01530391,21.20854074,22.07554528,19.59658794,19.55714273
66052,22.6211712,22.76887307,20.78156407,22.57549558,18.68343941,21.8453994,22.30335623,21.58680121,22.9914356,21.25983915,24.37683022,23.37575482,23.47601566,20.83267755,21.07272943
66054,11.16096037,12.15239346,12.34521031,12.01580083,12.07652661,11.83470212,11.89718347,13.11937125,11.88345205,11.25713641,11.46835998,10.69933843,12.55235001,10.68989979,13.0887293
66065,0,0.032632838,0.097836516,0.138726378,0.163873675,0.278333837,0.123586912,0.04869633,0.217744485,0.017407036,0.095357877,0.103904235,0.234190368,0.136486047,0.073707303
66091,24.63490322,20.56636436,19.08121456,22.05463512,19.56097019,26.58643912,22.37701647,23.41982705,22.64284851,27.67046897,27.69347788,21.44308703,25.43339383,25.15780481,22.42009058
66108,10.11856257,11.07724842,10.78753897,10.87761207,10.04511168,10.78183987,11.24452624,9.933560848,11.38016324,11.4887034,9.423584146,10.39460991,11.21169865,10.89519325,10.58260058
66142,37.4254815,40.90896853,34.51671493,41.56058831,34.90721408,41.26383161,43.7134641,37.63500078,38.94835319,43.35975075,48.64547503,38.85375126,42.99503588,40.2585719,36.45449184
66144,14.71802622,15.69818134,15.34704572,18.00177121,16.77379663,18.86550443,15.48435042,15.50977107,16.98778061,16.98156545,15.90299707,14.20352648,16.68123452,17.3670528,15.10692084
66152,23.99607001,26.88892706,23.014645,25.06932414,22.21333129,26.55870698,27.13602419,27.32955268,24.31360074,26.51394269,27.63454339,26.33098308,29.74731706,23.65634818,26.34770948
66171,3.981933724,3.737402875,3.914231388,4.511894239,3.533936578,3.579940754,3.758605178,4.412994578,3.884241155,3.859175421,3.745624905,3.772826629,3.720910599,2.913982499,3.54363528
66190,2.607754708,2.5193209,2.29294743,2.173628629,2.369897856,1.692655305,2.722485201,2.402678919,2.061257094,2.420263265,2.515847497,2.075798299,2.114065801,2.224436332,2.451596799
66194,1.539498321,1.913182441,1.762459169,1.962367023,1.438814775,1.936167911,1.832461379,1.353701384,1.940073174,1.257864237,1.446404201,1.841660971,1.623120269,1.872523306,1.368404227
66204,2.590576449,3.36201279,1.629980736,3.715111163,2.268113124,3.241517932,2.926044609,2.059834555,2.804395324,3.120059697,2.641723044,2.590274678,3.839738601,2.278247655,3.161700838
66218,32.96821393,30.85449561,25.80829476,28.25064299,29.02717954,36.90996659,32.79272143,34.21044788,29.48933411,36.01385205,36.7938628,28.17214466,33.41643935,30.39591453,31.35571257
66234,12.49782427,12.56541087,14.34035178,15.47125885,13.79552556,11.88962964,14.10336318,11.7565998,12.03708965,12.06130498,10.47651709,11.13262696,12.43509723,10.59475622,9.668491214
66237,50.78523788,44.90549793,44.23959819,48.62397674,50.81742871,51.64241471,54.73428198,40.90452412,53.11433607,53.21165409,43.32344026,42.07345043,51.83546141,45.11582546,49.14257584
66248,1.312923438,1.650018356,1.981984563,1.926041468,1.47357245,1.754650106,1.40950219,1.673511198,1.763998656,1.833559117,1.573757749,1.566987033,1.55744183,1.370809364,1.640017418
66286,11.30140593,13.53485458,11.69833427,12.08600333,10.53023042,12.46944254,13.37134223,11.34857191,11.58001372,11.88273065,12.3573722,11.72116729,11.78836364,12.93803853,9.9140883
66290,9.519848365,10.65756072,8.962156183,10.05201442,9.05064038,12.98548583,9.885187728,10.78307997,10.08159951,9.587326344,10.204163,8.384923089,9.504755783,9.081021586,9.117056712
66335,45.03394995,43.70377528,49.74028868,45.03667169,44.04903321,44.69162841,49.56344391,37.53551089,43.6936472,42.03141115,39.4812414,37.93763957,48.57415827,40.35213428,44.768783
66350,2.919763983,2.713024148,2.998675458,2.974681293,2.894148955,3.875956747,3.095911758,3.114681313,2.95282236,2.940800873,2.823501391,3.50238448,3.590587048,2.7275653,2.9439977
66355,8.570666424,8.289727355,8.656132207,10.42604502,8.026822134,10.56728641,11.79665972,9.291783487,10.53961864,9.881347163,8.654328307,8.934894827,9.073071636,8.830596429,6.776095039
66377,12.37919799,13.04400567,11.44489395,13.31692258,12.8058137,14.23669052,13.16644549,14.35540534,14.01922002,14.08017764,16.83880316,13.94711674,13.85243167,15.40432374,12.27960843
66411,14.79479871,14.1290335,13.16290892,14.28501329,13.56612635,16.15117786,14.91935966,14.12482359,16.38628161,14.5247295,13.34557425,13.2563878,14.93731118,15.41532447,14.84654191
66414,14.3969623,16.65389654,12.01964471,13.37154563,12.72904331,17.29311201,13.74418317,15.13269437,14.31141365,15.92099347,14.80961146,12.45314479,16.49466382,13.99926451,14.67397557
66416,17.88315565,18.99035764,15.53906299,18.83686194,19.02183938,20.56915208,22.20390496,19.28398087,18.04769232,19.78634701,23.12730805,19.72723903,21.27743696,18.743218,18.48518089
66422,1.247478098,1.230142369,1.007343985,1.527420201,1.003399584,1.311604824,1.225065462,1.494114919,1.094046192,1.425975023,1.065877522,1.09373387,1.573631329,1.558870434,1.622314653
66435,4.368023983,3.371988722,3.893289735,3.629489782,4.329868735,3.750776833,3.360003235,3.932938512,3.914539946,3.270343666,4.576649622,4.371569528,2.888077115,3.92094952,3.440448661
66445,28.05219215,28.89859189,26.42765866,27.45865896,26.50804894,30.39624824,29.09673712,22.44022838,29.21481583,27.80961785,26.45251393,24.5504394,28.95254154,26.80121498,27.01215373
66454,0.875925811,0.879037713,0.509684747,0.718635,0.809910621,0.97291885,0.582447464,0.769996131,0.715484606,0.793291193,1.004314398,0.760933354,0.753838243,0.864221353,0.866613648
66461,6.156899221,6.088638746,5.566403173,5.512481662,5.717775115,6.025488553,5.735884802,5.141594221,5.080109799,5.834363335,6.052594543,5.156736061,5.622776806,5.793583682,5.687590678
66495,5.438925339,6.061018127,5.916723407,7.235463408,7.020641915,9.330385549,6.182964523,5.709281187,6.627582708,8.253621393,7.69417181,5.376238014,8.268474593,7.579164462,7.142572598
66514,51.248678,51.96818489,49.38127169,50.21241127,47.66162583,52.24382546,51.0118107,56.68315815,48.1831061,52.07496612,56.96678186,54.66888199,56.775271,55.12023636,50.9308791
665563,1.604580679,2.018003948,1.798110049,1.478438512,2.02571864,1.613285974,1.816803656,1.344631268,1.457934273,1.720805265,1.518377112,1.500873953,1.897491666,2.270102815,1.414746071
66576,33.41199695,39.34522662,32.83590776,37.07049057,31.35645955,39.11960305,39.1383742,35.8181037,39.16755197,40.66084706,44.23992596,38.24154155,40.65194886,38.02252536,37.59153762
66586,3.617915416,4.151534188,4.28418029,4.307789681,4.165961555,3.857333823,4.93660556,3.618739085,4.740141108,4.575423305,3.778739157,4.019115118,4.03447379,4.039368247,3.696169674
66588,22.53159406,22.93159268,23.24793251,23.57390126,23.62876962,21.8253813,25.5627813,21.7744305,22.49389335,20.49952154,22.28378487,18.53210624,23.93138007,21.61330872,20.48349806
66594,16.97665852,18.27585123,12.21679357,18.47747168,14.8181532,25.0655733,15.26352179,19.49960616,17.54966085,22.00080164,22.16629896,18.94977524,19.01335793,19.92071182,18.57518193
666168,NA,NA,NA,NA,NA,NA,NA,NA,NA,NA,NA,NA,NA,NA,NA
66624,10.14207305,10.19483444,11.18940413,10.59092929,9.912367607,10.67140488,11.17163712,9.790068511,9.835685962,10.00975772,10.63956495,11.34696532,11.42820461,10.90218209,11.01197452
66646,2.592785712,2.109849096,2.339401553,2.454194553,2.232227309,2.403320079,2.323596089,2.267302185,2.327461701,2.384318228,2.202015281,2.068543773,2.466674599,2.108006506,2.451295445
66659,1.603564961,1.305495601,1.12790726,1.35188146,1.696696776,1.673778999,1.488566118,1.454693022,1.679464014,1.175606791,1.087026327,1.822387081,1.280851002,1.423762714,1.598006977
66681,1.844814682,1.91326925,0.96130344,1.967586258,2.022123647,1.557230359,1.822838043,1.509579724,1.296091491,1.974289902,1.696533697,1.890597175,1.325715416,1.327951593,1.910388914
66694,11.08784854,11.83972393,12.60811859,11.91349274,11.5746399,11.73009927,13.22964623,10.14248627,11.6982976,11.57608945,12.16931114,10.3904355,13.43782727,12.01040515,11.65616333
667034,0.008789168,0.017696261,0.061013437,0.115737036,0.07660866,0.021562278,0.012185307,0.067485151,0.002746031,0.037758217,0.140768931,0.171597927,0.039308797,0.024671393,0.029311538
66775,0.738973322,0.608272785,0.44633817,0.563247826,0.597429342,0.578606916,0.311873791,0.470172761,0.396842021,0.61344964,0.433922163,0.487927819,0.334686777,0.619549009,0.54560499
66812,2.761650402,3.759161641,2.318828683,2.929088415,2.135645503,2.645271761,2.979518567,3.341155694,2.92260052,3.430608993,2.786077432,3.330917266,2.039491058,2.925219889,2.609394532
66834,24.73927814,28.51367221,23.93692252,26.50520263,25.82356476,26.92941098,29.99382797,26.43569769,25.72904623,28.31683781,28.42348463,23.50539806,25.0462585,24.9528106,25.92573758
66841,3.349512446,3.376478714,3.586865463,3.222006431,3.169432663,3.12256907,3.234382687,2.92964841,2.902990771,3.470264517,3.823127593,3.593807769,3.675961147,3.177929012,3.21913368
66853,2.505386284,2.229610717,2.806377882,2.933179788,2.358682079,2.451277993,2.380105418,2.997820896,2.795689761,2.597367254,2.945589801,2.917186791,2.872622258,2.958815189,2.747604353
66865,14.34195152,13.9719619,13.64368444,13.91479836,14.10194746,12.73690816,14.05550074,14.57788999,14.80737814,13.26682803,13.0348544,13.10511914,13.70150833,13.13216342,12.57544049
66885,15.73595758,14.96544391,14.77689839,16.55254689,16.78492528,17.52385207,16.87985816,15.54446937,15.16555147,15.65036696,16.24160996,15.17145562,15.87139323,16.27392595,15.05180213
66902,1.587787768,1.926119577,1.82825544,1.620386966,1.854502183,1.713925694,2.941500029,1.770400546,2.056243722,1.85875719,2.29132198,1.901620002,2.174073175,2.245191589,2.033842503
66916,6.484198535,7.263853234,7.034005097,7.409135596,7.098481432,7.064307385,8.155027633,7.863736947,7.42728971,7.184599913,7.750345008,6.660914108,7.924554841,7.958709412,7.322227118
66925,8.05032609,7.99342416,6.990018281,7.92091559,8.114360681,8.527334884,8.351986607,7.211875684,8.377296551,7.770463407,8.155245275,6.745163209,8.854487494,8.364400706,7.766586926
66945,118.7133308,122.3762122,114.5116,111.9911055,105.7067948,120.6023626,117.378217,110.0981345,118.142507,112.1717283,109.572218,107.8356253,127.7938161,128.0348319,110.4779048
66948,4.004459281,3.309107453,3.14832556,3.693165874,2.860289798,3.127507843,2.872060596,2.786316235,3.847099158,2.971889809,4.225740735,3.229732265,3.036531015,3.252198194,3.478501616
67003,32.42539314,32.89940243,33.51241101,35.15450575,31.0373818,33.44933496,35.97148467,29.50348798,32.80762293,32.06901752,29.38673728,28.26991101,35.24289762,29.47332867,32.26280379
67041,49.50120054,48.02127857,54.27537019,52.2533954,49.3069652,50.65509733,52.75348644,47.24069401,52.38030497,48.20759176,49.13672023,46.75971082,50.20409,45.58654913,50.42374515
67044,10.33875281,11.17425786,8.152004085,10.65035807,10.83770934,11.81440994,10.90850487,9.973236249,10.98520301,9.840988122,9.753675725,9.424011462,10.76876382,9.597154588,10.82245536
67053,1.415176397,1.753440178,1.934175283,1.847972831,1.981842212,1.891757815,1.944559585,1.824604936,1.909773594,2.032780126,1.893230205,1.804546736,2.178176527,1.83018706,2.014795224
67054,18.33192327,17.90185339,16.66955219,17.29096852,18.4266497,17.22312415,17.43548306,15.81803083,18.68339525,17.9854566,17.19546723,18.06411699,18.38551463,17.14796112,18.91634611
67092,25.15897295,29.93143169,25.66360659,26.30454078,21.75998407,21.77923639,32.76638407,27.2250755,23.93147563,25.51616523,33.47484359,30.08862815,32.05808484,27.36353832,31.60636677
67115,54.51758067,60.63011968,45.71718294,52.82207484,47.25878798,61.76671743,54.32937599,58.22839298,53.68913994,68.51806949,62.91624026,56.71429125,53.55352327,52.28009064,49.97386824
67126,31.12225516,28.99869297,22.73071247,26.41716678,23.51081486,35.02607244,27.62677621,28.04550112,28.23844497,33.86322775,34.85505165,27.62624318,28.21295215,30.30742955,27.84213294
67130,21.74858872,22.90541388,16.78772942,23.08159569,21.8413569,26.51744958,22.88347166,23.96214028,24.90284603,25.83849453,24.35809473,20.73137122,20.76653345,20.07266022,22.80475074
67184,9.070742196,9.230806821,8.032973928,8.913591012,7.81764388,10.33281276,8.845606096,9.242330397,9.362927768,9.295298874,10.07360303,8.236350577,9.60192029,9.160181539,8.936774109
67216,4.417900758,4.057461907,5.54457385,4.150568622,4.352451736,3.746644382,4.299308638,4.343296719,4.63600836,4.101031879,5.372929151,4.842135858,5.200582272,4.673089597,4.476085196
67260,6.85927905,6.525713146,6.574070713,7.207299232,7.01855298,6.301464504,6.307133413,5.921172664,6.653169835,7.17144247,6.272525158,7.385762467,5.470778014,6.246522767,6.073264778
67264,35.5188642,34.53245161,32.65109727,32.6144057,30.66359519,39.01656543,32.87871373,31.41843291,33.70934471,36.16166223,35.55244263,29.99128111,37.39539881,36.34977915,30.57623443
67273,29.7310165,29.37166257,30.15637259,31.77477395,29.7395041,27.82947894,34.12873524,28.99752811,31.97709443,28.44584607,29.4216844,29.46973394,32.9900576,28.86428655,29.3210638
67283,5.369851224,5.354108766,5.124938457,5.034892439,5.639651674,7.433882468,4.911405585,6.345383151,5.194969209,4.007857765,5.762608024,7.43963506,5.47396432,6.901289796,6.905176214
67305,1.497985485,1.215853025,1.246166558,1.160425326,0.851958068,1.176320332,0.744730273,1.303335707,0.829274457,0.990438616,1.289876597,0.826646277,0.961458607,0.901749437,1.170872832
67311,0.156896901,0.033252515,0.029908311,0.07747654,0.107964784,0.121551095,0.145968665,0.090971911,0.096749702,0.137466278,0.210532103,0.021656723,0.115057364,0.095616009,0.116415785
67375,0.309895067,0.323528598,0.498842297,0.358954249,0.380158402,0.398230862,0.171059835,0.337183401,0.455420129,0.509512732,0.270113541,0.220741656,0.232970828,0.277879109,0.121791533
67460,3.823367133,4.921082724,3.887127791,4.261693086,3.654842085,3.117955466,3.756383963,4.143901475,3.451943346,3.125387766,4.735358425,4.383246262,3.827773972,4.662935897,4.09630382
67464,0.014227398,0.05729137,0.009201711,0.010036523,0.012755281,0.014958759,0.02113379,0.024426573,0.028575744,0.008731546,0.01395114,0.012437589,0.014684033,0.029952469,0.020334782
67469,2.22229221,2.70643743,2.259987062,2.331375523,2.044473224,2.908805138,3.014280818,2.418388905,2.56493861,2.218794978,3.19056945,2.678808247,2.423972272,2.763427865,2.830847562
67470,0,0,0,0,0.007734555,0,0,0,0,0,0.003625586,0,0,0.000972996,0
67512,0.763308022,0.872270409,0.510577691,0.641792306,0.884694452,0.632637566,0.450471529,0.482090706,0.654216883,1.052435342,0.623738852,0.706358917,0.333575844,0.86501157,0.450327794
67530,10.08579846,12.31242441,9.384196514,11.303431,10.79327294,13.46759871,11.27562385,10.57728748,11.82519068,10.52856377,12.72760325,11.15460738,12.76646424,11.20226461,10.94032444
67555,0.026928461,0,0,0,0,0,0,0,0,0,0,0,0,0.001771613,0.001530774
67556,0.353839099,0.341096795,0.319797404,0.298197585,0.3475647,0.351436262,0.304452071,0.343911065,0.367144175,0.293781382,0.342167266,0.361546258,0.308934039,0.289998765,0.342314468
67569,1.544682591,1.975250345,1.686612546,1.141354647,1.731491053,1.316585348,1.671116525,1.120444747,1.461139071,1.59799476,1.213978674,1.519156416,1.667525588,1.602073014,1.68644795
67582,1.73800274,2.04078733,1.267338071,1.796439023,1.594035337,1.958086747,1.545571333,1.587122374,1.997663478,2.124397581,2.362137653,2.386484933,2.217607526,1.783818912,1.804344703
67680,14.01815631,13.50589888,14.08458343,13.81890053,13.33696249,15.03153889,15.13722011,12.36381737,14.1711015,13.88934115,13.29086704,13.08875734,14.45916451,13.49942684,13.73560595
67689,0.705730504,1.318755947,1.08140744,1.389312078,1.04675466,1.278041647,1.08968412,1.115741458,1.015451637,1.112848214,0.895700636,0.70773804,0.740561573,0.727968329,1.006838821
67712,4.628357992,4.971756842,3.67752117,5.591661874,5.092359661,4.517987001,4.181888866,5.54884713,4.539327132,4.645139028,4.906782278,5.3696608,3.87160648,4.700070498,4.659475362
67717,NA,NA,NA,NA,NA,NA,NA,NA,NA,NA,NA,NA,NA,NA,NA
67758,NA,NA,NA,NA,NA,NA,NA,NA,NA,NA,NA,NA,NA,NA,NA
67760,4.949137618,5.561429775,4.408244872,5.214229235,6.134147575,4.488961159,4.575132217,4.395435465,4.519985744,5.792483208,4.738763422,4.028645346,4.528721977,6.486886978,4.441208404
67800,9.535345336,9.584724825,10.7661457,9.664090219,9.189113781,10.27310114,9.662463383,11.07360279,10.38065691,9.984145584,9.613079851,10.00168989,10.91451707,8.370708708,9.858969861
67821,NA,NA,NA,NA,NA,NA,NA,NA,NA,NA,NA,NA,NA,NA,NA
67834,12.12397025,12.54701002,12.65965258,12.58019313,12.3507077,12.86244562,13.38713873,10.49565259,12.44638623,12.45152386,12.00296823,11.11701738,13.39133523,11.99664367,12.01122746
67861,2.773120696,2.236145764,2.343010352,2.480944829,2.047868607,2.378765599,2.290602083,2.550253117,2.614272018,1.89865318,2.342033773,1.997863847,2.803039425,2.639465023,2.136935423
67863,18.8856984,20.89322941,19.4359711,19.45601913,17.6413346,19.49619627,20.84433432,18.8477238,20.8861314,17.85318556,18.79722518,16.45188843,19.52987737,18.73930073,18.92341276
67870,4.5739337,4.708425868,6.006666086,6.258220559,5.503139553,5.831272235,5.782227395,5.542233165,5.170814285,6.056778857,4.887167954,5.129625139,5.59494688,5.424586167,5.207448275
67880,0.941546677,1.247926228,1.056842604,1.502116607,1.083875599,1.435130223,1.13543211,0.942965331,1.422985629,1.436051794,1.22373501,1.341799023,1.472024383,1.002832555,1.289621739
67881,5.085344642,4.05341044,4.513070605,4.746623763,4.714873187,5.597267883,4.406869605,4.056569125,4.721380257,5.875218754,4.561807599,4.527660754,4.751773731,4.357390721,4.137157996
67883,6.970983958,7.92790073,8.283119789,9.050259004,8.083480528,8.008895984,7.986468511,6.834550452,8.741609202,8.879427868,7.928237556,7.442485117,8.344730716,7.150060866,7.974130956
67895,14.04685888,15.56341589,16.46344299,14.83133204,15.01123645,14.54769835,17.62445727,14.92388937,16.5472188,13.53662795,15.53850592,12.72650321,17.50715832,16.91529678,15.24462112
67909,0,0,0,0,0.001677046,0,0,0,0,0,0,0,0,0,0
67916,12.45064379,12.03204813,11.32802926,12.3295389,13.15502401,12.18956339,12.0923571,15.72062596,11.26248519,11.59977448,12.75078837,12.19516742,13.48104462,12.18490669,11.45350568
67942,13.95778974,14.18938391,13.0689175,13.28728783,13.60846157,15.79405438,13.84695081,16.01731419,14.57111066,14.07294017,12.96349845,14.00240842,14.94240063,11.96014375,13.79120963
67956,7.817438537,7.088815269,6.393646482,6.887947625,6.711831931,7.10905674,7.356782821,6.4322448,6.166894417,7.734111471,8.813706256,6.574453329,6.547759714,8.603340067,7.622292958
67972,55.90872371,49.21816673,59.78780688,61.54253862,55.7870275,59.22250317,69.55853951,60.5538228,57.24050117,61.83440174,56.27121127,56.95434364,56.27221821,48.42888718,63.91107623
67980,1.375557263,1.429879994,1.319876679,1.502293006,1.503187849,1.283391063,1.414779196,1.557076889,1.366284299,1.284910647,1.634356752,1.355885224,1.456306776,1.461710226,1.425968333
67993,0.587261142,0.656625434,0.733956173,0.758532308,0.724242218,0.669628174,0.753156627,0.736070025,0.64457984,0.700515366,0.894491861,0.722042515,0.708550644,0.634340173,0.61473836
68018,14.56316101,14.82184384,14.47951779,13.31889149,12.36104169,11.92343405,12.45693964,11.29305652,12.51966616,11.94350431,13.48545585,11.72341919,14.01737904,14.20747391,12.76896411
68055,3.200259388,3.163350546,4.102094157,3.289469305,3.131236485,2.655995474,3.870302145,3.085299105,3.240796108,3.226879283,2.885789986,2.823013133,3.422673395,3.58997367,3.276651625
68133,12.02844483,10.62772264,11.91456936,12.57396129,10.08534002,11.31755391,11.32366935,11.51324619,11.12186112,12.44702163,11.7032042,10.29849149,14.0843155,11.45058798,12.30459267
68194,6.923599959,6.030621275,5.576022663,6.772240059,6.832319032,7.591854641,6.79940999,5.600429631,6.859666877,7.698690546,7.094177537,5.786796147,7.567856061,5.650877206,6.646927357
68197,14.10404568,15.36219555,14.41866618,15.72240626,15.47006295,18.18131885,14.72064555,12.9633413,16.34099666,15.80404735,14.12980063,13.65370284,16.28433319,14.80909937,14.74932066
68198,13.74562596,11.50725546,9.798340525,12.02225143,11.66508846,15.44506069,12.78029258,11.95497676,13.50120459,12.88983151,13.63180513,12.50906397,14.78020786,12.28070345,11.95494316
68202,20.01924956,20.74565567,18.14150086,21.22879129,17.86321764,23.80821587,20.00625862,21.71837949,22.39843975,22.07968933,23.84927744,21.63322819,22.49413324,23.48061145,16.9401716
68262,9.882087253,10.33951992,9.019963662,9.825706422,9.320215702,9.315241317,10.37142933,9.364332605,9.220695368,8.910013209,9.540306761,8.368865778,9.426835829,9.983176865,9.677491369
68263,17.48138458,19.3137282,17.54114677,19.75407596,20.79798317,18.16948202,19.806483,18.89242608,20.88978173,17.74065156,20.24619288,17.52176381,20.47655019,18.48513315,17.87152227
68267,45.06263082,41.73084784,44.75869926,47.16106276,43.76145329,48.44654575,42.80032586,37.73044232,50.33818589,44.75785917,35.37223169,37.8917297,44.24752794,36.68335829,43.85892932
68273,10.80283358,9.97826353,10.27990926,10.5292271,8.722504829,10.29177731,8.701188302,10.66425182,9.874943256,9.767038169,11.37431691,9.709600663,10.28940105,9.597570047,10.73612325
68292,3.057538155,2.984543824,3.229729141,3.049081331,3.351399062,3.120738924,2.925328186,2.77371601,3.072802777,2.950016897,3.101277545,3.189707538,3.123113841,3.167428938,3.428619104
68342,23.26938803,22.2352514,18.12071061,21.47554494,21.19495561,24.94821612,24.65033721,21.70397563,22.35435045,22.18657233,26.25314506,23.89334859,25.59406999,24.8588356,22.53509937
68349,15.80193032,15.00953447,15.22061776,17.13334261,15.61071438,15.86197907,15.10694481,15.18238545,17.52245018,15.00063584,15.45737979,15.04479952,15.58257611,14.92492652,14.90420155
68375,13.19089615,10.0503572,10.42950193,11.86218366,10.41517096,14.17610423,11.40509986,11.53002613,10.22177141,12.28770745,12.53318559,10.36230836,13.64973389,12.23620044,10.34615585
68393,0.068215271,0.263246098,0.144121751,0.074855713,0.099096989,0.04383004,0.059108551,0.064522606,0.142084909,0.01628069,0.10033607,0.053007803,0.078227417,0.139622147,0.099960061
68401,7.404322352,7.960167062,7.292399544,7.253473539,8.189072329,8.109052588,7.649225275,7.007837137,7.846156134,8.167591326,6.268607631,7.804581024,7.950859028,8.134278239,6.919593423
68556,3.202581795,3.467137373,3.534442936,3.103289558,3.311160237,2.979364535,3.814732869,3.298087835,3.488981728,3.061395901,3.321256742,3.77006246,3.637637877,3.180524997,3.233122297
68603,3.903846813,3.803175265,3.556186489,4.698138793,4.269957352,4.311544814,3.775321398,4.177914685,3.944520148,4.776380502,3.583482192,4.181584618,3.923469214,4.300000985,3.641422332
68671,9.121178451,10.46900347,9.118294661,10.9742715,11.52936284,11.5678669,9.986560779,11.22819812,10.23216489,10.4842909,10.52322536,10.66359438,11.87526969,11.02593692,8.819597088
68738,8.027184642,7.113910379,6.078713369,6.033928562,6.469797666,6.782998555,6.526510991,8.199000204,5.925859699,6.569881282,7.201101888,7.611548909,7.853728345,7.934068472,8.661741338
68775,0.176968182,0.193783042,0.626897202,0.180908176,0.337726405,0.355808982,0.506838896,0.72137683,0.197882826,0.3967994,0.313575248,0.233415398,0.42617882,0.307202928,0.372746585
68801,22.24872568,22.10972955,22.04434228,21.88901184,25.34321482,19.13703652,22.89283159,25.82415716,24.17220717,20.43342729,23.09915838,23.60702244,23.18644766,23.28941668,21.68946666
68977,6.708389742,6.942563826,6.659080818,6.402580024,7.024017474,6.220973143,6.609031559,6.998434851,7.485449028,7.129120449,5.859511437,6.197121862,6.894607753,6.586754349,6.189106939
69019,11.32519855,10.11015365,11.0725945,11.00777534,10.63520666,10.06452159,11.46632965,10.13585517,10.09181185,10.538816,10.83985476,9.752585746,12.0728382,10.55355863,10.86078407
69051,3.167861313,2.888557752,2.578098482,2.885211566,2.900559143,2.477488732,3.185603546,2.757242055,2.796455065,2.485535591,2.727143386,2.657238823,3.74931546,2.976037966,2.465763931
69060,0.170347845,0.212499257,0.147537569,0.080461356,0.139441697,0.10123303,0.092414476,0.211401244,0.124956879,0.087499426,0.08715138,0.097120472,0.126128329,0.113045681,0.212196771
69083,0.013357397,0.041685716,0.036283921,0.064640358,0,0.095499437,0.015277928,0.045483577,0.010015916,0,0.121811695,0.103925602,0.048251382,0.002812088,0.072894117
69156,0.827698913,0.807808758,0.620728895,1.001525419,0.763298517,0.561342435,0.962473242,0.66442239,0.873518218,0.905912113,0.780649077,0.695956912,0.81187717,1.027558927,0.709720673
69188,13.85373737,14.9576881,14.7757022,14.39674094,15.55451446,12.57858435,12.7133512,13.18724915,15.28289281,14.06170918,13.85135517,14.76199895,13.77107361,12.20320206,14.35351409
69215,1.44747592,1.276051869,0.736777485,1.201452581,1.193776038,0.84423596,1.172794237,0.895613615,1.271138339,1.266166487,0.75840168,1.324074447,1.03383517,0.870663748,0.952591272
69354,0.174990642,0.044813794,0.079223854,0.116731092,0.081882575,0.03550608,0.102150359,0.084552515,0.087764456,0.075835319,0.069239197,0.053676066,0.050696717,0.046858149,0.05305337
69367,9.628456615,10.41175972,9.59919474,9.864826035,9.723963547,9.711563615,9.758752808,8.83305633,9.844920695,10.19845545,9.794624636,9.336790276,8.998511697,8.376200144,8.398272053
69519,2.709852273,2.191788088,2.648895442,1.868385449,2.706140578,1.780164692,2.714404076,1.86080274,1.9019876,2.145325086,1.46748971,2.934396573,2.995353037,2.540977726,2.059047997
69590,0.91952143,0.849951785,1.074802454,0.974175106,0.93554416,0.9257742,0.704051031,0.491150345,0.840974145,0.849904183,1.691308301,0.930512038,0.580923804,0.654078602,1.051757022
69634,1.145241371,1.763974107,1.465590918,1.225307198,1.305674346,1.172002939,1.484558535,1.275044913,1.678137234,1.223837681,1.471135041,1.343236165,1.627217902,1.764076673,1.727381512
69675,2.932159728,3.409238863,3.033300536,4.224712645,3.69188808,3.007620355,2.875681718,3.903731582,3.705500716,3.199345847,5.068533215,4.450960625,3.243400286,3.088027248,3.349905117
69698,0.098046942,0.213160134,0.066111251,0.140097685,0.148373538,0.065800248,0.121471438,0.180719982,0.132960906,0.187079579,0.149328696,0.051974674,0.063515263,0.146027619,0.08443366
69719,3.193739282,3.15439685,4.755098834,3.793677122,4.043605864,3.519462857,3.32941005,3.522803148,3.507839444,3.497847816,3.368488157,3.7801881,3.556771843,3.61888443,3.443855927
69726,4.590105151,4.840613794,4.440251767,4.313199346,4.686884862,3.967934363,4.609681054,4.31696492,4.321486131,3.804148665,3.395239659,4.688403423,5.171515064,4.810160153,4.259640469
69772,0.296272828,0.443248068,0.473188501,0.570980795,0.477742249,0.603536597,0.436424827,0.278174278,0.350977742,0.351342079,0.324817503,0.480232237,0.254818213,0.515446329,0.366779294
69875,21.64635795,21.50813621,21.49498743,22.51358943,19.75016363,22.02890552,23.01533008,19.63467367,21.35791808,20.16889835,22.41779415,21.13430415,22.01662274,22.14355184,20.52890883
69888,NA,NA,NA,NA,NA,NA,NA,NA,NA,NA,NA,NA,NA,NA,NA
69923,3.305209347,2.726981642,3.668641838,3.002055727,3.324276967,2.528458917,3.510774084,2.604991888,3.15748151,3.204729087,2.529815253,3.245965051,3.165075091,3.074147826,2.570496501
69976,2.827860711,2.90954904,3.867767357,3.252946649,2.95497063,3.249475267,2.960125893,2.474037195,2.604856081,3.464758657,3.150115087,3.45243696,3.041629412,2.791369768,3.392429758
69983,0,0.00931893,0,0,0.012909588,0,0,0.006180519,0.005784288,0,0.001512848,0,0,0,0.001403235
70008,0.081651938,0.05830444,0.075652251,0.071263556,0.061570273,0.072872049,0.021719043,0.081774965,0.044495584,0.069339495,0.067032399,0.093790145,0.060754664,0.040975953,0.047495246
70025,42.76181196,42.11777216,42.80667812,46.18944075,40.56330996,43.796087,48.06509589,36.62237885,40.509372,39.34796114,35.05774331,39.1353011,46.1422433,45.94402323,39.14959836
70059,0.421326993,0.325408751,0.159461449,0.352259985,0.417370602,0.358607185,0.310607708,0.397403194,0.33013641,0.268150872,0.338823398,0.459917781,0.216274453,0.319134349,0.316301671
70061,0,0.020941413,0,0,0,0,0.010814892,0,0.006499199,0,0.050994866,0,0.019680383,0.007298912,0
70266,0.745356933,0.840860787,0.657133425,0.823295002,0.786445496,0.86960103,0.601662114,0.864345243,0.884003782,0.768913126,0.759734784,0.975957429,0.791210758,1.125263843,0.779022764
70316,19.64479145,20.76792061,21.674717,22.27419799,20.27219397,21.24626568,24.58371489,21.53320942,21.88812075,22.1170928,21.25686891,21.25956195,24.23762597,21.25198036,20.45139346
70456,9.382083958,10.09532772,8.638171227,10.81758486,9.990227283,11.22272377,10.39784311,9.489447881,10.79267074,11.073073,11.14721384,9.163544502,12.18115962,10.46678624,10.76287865
70484,0.230707085,0.193545658,0.235678593,0.169426045,0.191809169,0.146161928,0.172228217,0.118489589,0.097031609,0.196952605,0.136316493,0.22754103,0.198426455,0.115198074,0.177553678
70503,1.459923527,1.467760448,1.057878468,1.288245223,1.226080054,0.866614803,0.994500999,0.952034969,1.508687752,1.271484806,1.322920838,1.453004646,1.231908438,1.195033778,1.184634514
70750,3.207070384,3.586533092,3.937930087,3.342051356,3.369094719,3.233811747,3.73538833,3.473275302,3.968036466,2.964695347,3.486586153,3.703963796,3.971641976,3.456993654,3.355041699
70757,9.385970918,10.51226654,10.28314259,10.27468014,9.678045643,10.36504057,11.17926681,10.06663521,10.55214113,11.26564924,7.894316513,8.678158825,9.98855917,8.370418887,10.27470362
70789,0,0.020570787,0.085109124,0.050451376,0.025647187,0.025780924,0.074364412,0.030696742,0,0.03950239,0.024044327,0,0.008435815,0.006452761,0.033453308
70881,0,0.007080501,0.006368415,0.002778472,0,0.001478973,0,0,0.007910799,0.012086037,0.00137935,0.013526755,0.008710867,0.001480701,0.00127941
71147,0.638663017,1.193613131,0.804158124,0.798455954,0.839335206,0.696773305,0.842212249,0.785610378,0.994412091,0.89896285,0.864978187,1.027307145,0.851481214,1.058244741,0.779071114
71279,2.231939203,2.300054274,2.555675493,2.376980976,2.360380435,2.159354724,2.862798961,2.899449544,2.331657532,2.147290959,2.279186025,2.617410927,2.152045881,2.121939187,2.958767795
71336,0.654488173,0.914627842,0.452259126,0.221129869,0.382814594,0.140342751,0.470107808,0.508855055,0.395515172,0.55031188,0.620668588,0.730248482,0.457736272,0.258351052,0.54045148
71412,0,0,0.00658582,0,0.002535881,0.025491038,0.01512581,0.009712506,0.013634761,0,0.073699297,0,0.045041188,0.005104164,0
71522,0,0.047962345,0,0.02352624,0.029068646,0.016697271,0.039218319,0.033797783,0.011163889,0.031980142,0,0,0.065562467,0,0.014444244
71562,0.158237453,0.199971077,0.182908468,0.229427973,0.133815484,0.205309713,0.206544383,0.178706837,0.145160386,0.188026249,0.165069048,0.409107033,0.187639849,0.127582495,0.232725744
71679,40.03635808,42.43278868,35.45005253,41.12769565,37.33473578,46.52517978,45.60415642,40.36128831,44.47659974,43.88337532,43.37398202,43.92679943,41.27135254,43.44147683,38.388988
71685,1.518057888,1.342425816,1.216513533,1.226433977,1.137342502,1.380904969,1.325189617,1.046259053,1.23457187,1.252799172,1.193081263,1.335867327,1.518831277,1.286032771,1.17972766
71743,2.414291666,2.347377071,2.242574081,2.255118962,2.268284892,3.126951341,2.460131767,2.480444616,2.525256646,2.452377474,2.489830914,2.543601761,2.984316501,2.689734029,2.783771271
71760,1.413421764,2.926847032,2.754541521,1.793421646,1.662431877,1.895488639,2.279458387,1.60491656,1.672232196,1.692936334,3.708176595,4.094707142,6.96353068,3.667316219,2.451922412
71761,0,0,0,0.016094021,0,0.012850205,0.013767403,0.002040058,0,0.015314065,0,0.009794046,0.016818939,0.006432609,0.014821703
71780,10.95834752,10.62169795,11.39456268,11.49448645,13.0056925,11.39234172,9.755860497,13.24989964,8.653657692,11.83117149,11.89135738,10.83312122,8.180058338,13.0280941,11.13115728
71803,5.892829067,5.945350888,5.528517684,5.914121613,6.303968643,5.834885666,5.632292707,5.740176644,5.212534705,5.688656433,5.284957797,5.830557493,8.096853839,6.2831239,6.235223949
71854,0,0,0,0,0.001518893,0,0,0,0,0,0,0,0,0,0
71910,2.118633473,1.589230657,2.344125362,2.125557357,2.283547401,2.577972412,1.950421826,2.183927891,2.109303093,2.317032707,2.034425256,2.145736063,2.069300614,1.66172958,2.284165936
71934,0.368954652,0.502078064,0.277748496,0.382390945,0.410588686,0.295451307,0.223046028,0.292171145,0.289524882,0.57134698,0.37125599,0.191273777,0.231355976,0.70675037,0.301434138
71949,5.379284916,3.896997321,4.300979331,4.251079349,4.527808975,3.943876726,3.551555849,3.49432444,4.358111252,3.810365073,4.727422554,3.48037267,4.108988446,4.523231073,4.284685667
72017,3.715322339,4.016025232,4.204337633,4.846171746,4.97843574,5.231213569,4.902873085,3.936973754,5.10641136,4.486733796,3.639822951,3.726892191,4.534331892,3.254855212,4.157836762
72039,2.458821836,2.617862578,2.41970671,2.9566493,2.839801723,2.112600284,2.657174979,3.011755579,2.730194566,2.339037734,3.889902045,3.194780304,2.456549884,3.17733433,2.802635395
72054,0.103636366,0.137986972,0.33297705,0.079240567,0.059444373,0.115993726,0.086904135,0.187496161,0.144140881,0.043085927,0.118014997,0.303944675,0.262230958,0.042228815,0.316230118
72077,0,0,0,0.0022648,0,0.003616641,0,0,0.002149428,0.00862017,0,0.006014175,0,0,0
72090,0,0.002399004,0,0,0,0,0,0,0,0,0,0,0,0,0
72102,9.67243148,8.292238992,7.536797149,10.72605817,11.51081684,9.629423589,9.6900954,11.58131,10.86291631,11.13314671,12.43203014,13.02033494,8.222944269,11.96633397,10.83028358
72157,3.686600395,3.980416316,4.614866236,3.79034896,3.370706134,3.676737305,4.481480667,3.863883241,3.860085473,3.359264203,3.699086631,4.162779453,4.194264742,4.554840143,3.698951321
72269,0.602235043,0.599893309,0.364491393,0.431993645,0.464142997,0.356587632,0.543808907,0.199989338,0.404045419,0.398292378,0.441351881,0.554182918,0.529965166,0.857477451,0.394959348
72297,0.046813412,0.039002037,0.034348779,0.027899486,0.061627778,0.007637564,0.020981294,0.033950445,0.027234767,0.016470228,0.026909488,0.020462139,0.027490088,0.014443365,0.04551488
72303,NA,NA,NA,NA,NA,NA,NA,NA,NA,NA,NA,NA,NA,NA,NA
72401,0.03868885,0.041944426,0.037726076,0.035270334,0.034241005,0.001564525,0.029397881,0.037256869,0.033473612,0.047944351,0.023346225,0.052033517,0.018429502,0.012530824,0.017594431
72469,4.092516888,2.333856769,2.331698769,3.424361046,3.608971263,3.144558537,2.818192506,2.440256469,2.996514135,3.615009036,3.791024383,2.95136242,3.648361884,3.617799157,2.981518303
72472,0.554438121,0.512634092,0.373847434,0.611646336,0.394835822,0.522991429,0.290296814,0.340646514,0.556531531,0.401200335,0.456916179,0.587815181,0.434247809,0.285601329,0.345128395
72535,1.42864078,1.225154505,1.353470722,1.211711014,1.349010244,1.262164604,1.255110927,1.261880248,1.506448961,1.339011656,0.716664324,1.084129798,1.477906912,0.85983162,1.386626927
72727,14.07151113,14.11159617,12.62363927,14.5582895,13.08996467,16.83277562,13.49087353,13.12411421,13.36716386,16.45409092,13.19281731,12.89000085,15.42233267,16.01949482,13.66364115
72900,21.20744189,23.49650396,19.79448214,20.4965338,20.63521684,21.09314762,23.85310938,17.36526384,22.45652917,20.81025186,22.38574098,20.75607572,23.25386044,21.37499875,20.45784774
72961,45.40371274,38.62434617,44.3846617,48.88067485,43.85847262,53.43321623,38.23954498,34.25342209,50.23356157,58.71697,34.68618845,32.12014405,48.21825422,30.33412098,48.47202585
73068,0.839582228,0.759305364,0.784580949,0.881693118,1.045692374,0.787496102,0.839552297,0.927627419,0.836163116,0.810058592,0.942362478,0.899233353,0.85365645,0.981201493,0.89139852
73132,5.860927134,5.900245316,6.630525231,7.032656728,6.124610846,7.461452435,7.171945303,5.783477634,6.606271111,7.760578856,6.114073627,6.116808586,6.34356936,4.862978392,5.391934603
73166,1.986926784,2.316086049,1.973900862,2.386021195,2.734510634,2.466844561,1.943329237,1.302444618,2.370031979,2.335544906,1.598642857,1.978412378,1.618972271,2.311664061,1.429159434
73251,23.59998286,24.73454214,24.68841964,27.13380137,24.9293406,29.59274318,26.55100804,24.64226691,27.13491484,22.72483787,28.59435184,25.27713067,31.89559661,28.22562049,29.97744187
73333,0,0,0,0.018309974,0.001211974,0,0.014458162,0.0046419,0.009774696,0.009955787,0.042040496,0.008103686,0.031093895,0.012197169,0.007377332
73458,0.05080269,0,0.007263158,0,0.019576836,0.039357837,0,0,0.008771624,0,0.010487629,0.023374581,0.013798218,0.009850955,0.023103412
73649,0.290036892,0.312439992,0.265545202,0.281882376,0.312059538,0.248133027,0.277569272,0.265034305,0.233324971,0.329355856,0.197000383,0.162708171,0.100576366,0.121537632,0.228933585
73834,31.7921963,28.30262836,32.03669159,35.75744044,29.69582557,30.71379851,31.0214639,26.69357686,31.43767846,31.32418517,32.44333827,31.35303571,37.2653525,29.84439867,30.78761381
73836,7.601524531,5.434986164,7.606374386,5.806068608,6.317721852,6.462418629,6.737893781,5.348172074,6.788248726,5.644751301,5.243622972,5.850640866,6.616093696,5.428292109,5.710428797
74011,3.064798668,2.742853224,2.531394161,3.237522098,3.508982723,2.808923055,3.185328808,3.312400318,3.04253859,2.950150691,3.189871711,3.130257028,2.891173051,2.856237135,3.429259559
74032,0.710823648,0.773744191,0.723533458,0.776497517,0.84082809,0.728806041,0.800846587,0.735999451,0.642191974,0.711724482,0.810306992,0.749048806,0.851218686,0.842821975,0.683004245
74035,0.762570297,0.912620651,0.96801745,1.093449759,1.012315278,1.035172363,0.959038245,1.172090494,0.906288177,1.061407293,0.948138263,0.970320821,1.030540538,1.012916502,0.992645099
74055,3.572961983,3.419069788,3.865085595,2.592384171,2.780170552,2.590665218,2.794986597,3.102812578,3.58698733,3.305378288,3.243716094,2.984201629,3.060820958,2.884278354,3.332950066
74080,0.50363483,0.178788963,0.201610236,0.358648132,0.396469276,0.479358771,0.429968564,0.321219127,0.417397934,0.449803628,0.574432027,0.268800989,0.347444759,0.245539853,0.311007795
74104,0.46409919,0.229471681,0.20453432,0.243371359,0.446762848,0.285000996,0.38221291,0.384589877,0.358009188,0.233782473,0.243653109,0.341088196,0.284005701,0.272364236,0.240941433
74114,2.209792231,2.33941754,2.455462418,2.418648466,2.138238893,2.036801647,2.124219011,2.9457222,2.262851859,2.098493272,2.803721498,2.405935926,2.755806132,2.334884466,2.811812882
74129,0.032090889,0.191144844,0.070221423,0.171672092,0.145450487,0.050610785,0.127911112,0.056243671,0.035091941,0.134990144,0.125871076,0.135593604,0.024840646,0.106969817,0.162965136
74147,0.217544091,0.246483017,0.293595061,0.1789046,0.201585277,0.192200225,0.160835939,0.212073,0.245770449,0.159018732,0.231975325,0.166314493,0.184401811,0.180234967,0.240747025
74156,0.010633897,0.117757577,0,0.023629841,0.055612674,0.033541599,0.077399903,0.063899513,0.109638724,0.068524739,0.002606853,0,0.109751968,0.039177583,0.082211157
74182,10.59131157,13.1384686,9.840989114,12.55165682,11.12630529,8.858100414,11.01525065,9.985081479,11.47932041,11.5635631,8.766436293,10.15331937,10.33772569,8.785793775,10.32635322
74185,1.099965691,1.043199864,1.088593134,1.558298934,1.355707937,1.202346796,1.319839524,1.286346415,1.343755553,1.543333679,1.389364587,1.209316466,1.567918144,1.20375149,1.271922819
74205,24.65540407,26.39382436,24.92994722,26.84557303,26.34782268,22.30741963,26.73537371,25.55548612,22.96874682,25.62805341,26.48916744,28.11178429,31.163204,28.29129518,23.41235027
74241,7.84080039,7.517925276,7.946117706,7.773391978,8.437259401,8.614901379,8.302428799,7.912915985,8.915277799,8.347360674,7.460586118,8.401351093,8.589602267,9.234118652,8.728763911
74246,2.08665526,2.206214125,1.81660038,2.226496097,2.145980737,2.355615909,2.129727014,1.459709045,2.260499011,2.860454581,1.974163295,2.02276337,1.745989482,1.545264498,1.913781152
74302,5.422328453,5.5560278,6.043395669,5.837216883,5.813252402,5.181879299,4.888160982,5.211228167,5.748627,5.843931704,4.891380631,5.412990305,5.519081958,5.568049136,5.13437956
74338,0.070799711,0.158997347,0.244098138,0.153291772,0.011392774,0.011452181,0.158560905,0.027271687,0.089331585,0.035094826,0.128169176,0.014283022,0.11241856,0.19778092,0.126312905
74411,2.070768376,2.026487654,2.416969401,2.330458143,2.275977473,2.230717358,2.437467123,1.851902064,2.117968577,2.180467079,1.986582461,1.837408033,2.013501014,1.966414099,2.117198886
74419,0.018365884,0.005882893,0.009070715,0.011542583,0.008731734,0.000877727,0.008680387,0.030098546,0.008607176,0.006276115,0.011460442,0,0.000861607,0.014060031,0.003796458
74442,1.834816859,1.804883814,2.093106878,1.906268242,1.643827367,2.033413398,1.959406502,1.581618942,1.608936917,2.413051841,3.299137733,2.597740834,1.653548068,1.762744341,1.700055635
74450,6.150531819,6.018465288,5.473148469,6.113571796,5.951083941,5.88185676,5.431344063,5.740656771,6.047927765,5.695321423,5.568772184,5.504151178,6.058151064,5.844116917,5.986820758
74451,4.013001866,4.378362042,4.23694769,4.279349843,4.000996567,5.38477011,3.916583844,4.619630687,4.383082414,4.726316591,4.327103183,4.015636038,4.955573968,4.737502543,4.267016376
74551,3.252324251,3.771131163,3.056613788,3.207516252,3.636047067,3.707873759,3.983023806,3.206866963,3.241206661,3.051151538,3.435700582,3.256771281,3.977098947,3.724234827,3.035017515
74559,1.00793964,0.935166251,1.253015267,0.979025517,0.896813043,0.942585474,1.438915126,1.219345706,1.045296607,0.932472679,1.701917762,1.653956276,1.019690174,1.155534723,1.068036293
74577,1.941674254,1.587989133,1.083729747,1.377987199,1.381145457,1.008774586,1.109240799,1.713332511,1.182803562,1.729063534,1.5435888,2.01869686,1.074167251,1.458440793,1.810393041
74596,15.24207897,15.86980355,13.69902691,15.05842343,15.01516555,15.06036801,16.25509613,11.66353436,17.37184006,15.40090059,12.11687569,13.85430584,13.54660667,15.02826448,15.75027933
74729,0.536598185,0.344838703,0.367397801,0.400729456,0.530501694,0.412703044,0.296556888,0.478512808,0.351378652,0.498938629,0.268134993,0.39712345,0.385398429,0.318787085,0.478694867
74754,4.671995534,4.371786938,5.173166519,4.53733248,4.567815008,4.692683147,3.94389566,3.781484227,4.260292058,4.534485265,3.535603607,3.202867185,4.311446126,4.299295125,3.524416094
74769,3.205448296,3.675807865,3.486361626,3.269530105,3.495978753,2.837819571,3.833062908,2.985415041,3.477601219,2.655951674,3.047958368,3.166920199,3.50390312,3.466352293,3.613557416
74776,4.84971813,4.706529491,5.059756106,4.861851466,4.374349386,3.722580993,4.900482263,4.072719686,4.275911564,4.476449079,3.728572921,4.175698493,4.720533508,4.265733408,4.49036893
74782,1.563155758,1.249558798,1.180986772,2.022331571,1.836320001,1.294569388,1.508039562,1.362759051,1.791771764,1.971106956,1.646706048,1.453549384,1.5242677,1.533638602,2.046588126
74915,0,0,0,0,0,0,0.011118129,0.017133876,0,0,0.004193976,0,0.035314383,0,0.007780207
75320,17.77182249,16.3412752,15.79949451,16.00704538,16.30870164,14.93234764,17.42210235,16.43266608,15.36192815,16.32774562,17.18767892,18.5788749,15.41297044,16.52910448,16.47160327
75406,21.7496808,21.41802767,18.15228479,22.23612281,20.2682145,21.21635348,22.69822599,19.81021353,22.37750672,21.54810921,21.01073333,20.60616261,23.51747192,21.14882412,21.27590485
75410,8.934592037,9.025306814,9.254884867,8.353392632,9.177268724,7.995642585,7.73520384,10.35902463,8.840040052,9.122382291,8.631200971,9.068959202,7.893498617,8.442106916,8.719520194
75454,2.476267579,2.553995444,2.262422739,2.294119995,2.389534227,2.600200908,1.960188473,2.876798421,2.869063995,2.728140353,2.337323969,2.03626415,2.153420973,2.364440324,2.20866002
75475,5.70459323,5.330901403,5.67962137,6.511578834,5.896453145,5.156599796,5.109210603,6.676600904,5.905081494,4.893508479,5.408162998,5.48084446,5.276223115,5.715532916,5.299630479
75483,NA,NA,NA,NA,NA,NA,NA,NA,NA,NA,NA,NA,NA,NA,NA
75497,0,0.068943814,0,0,0,0,0,0,0,0,0.018314891,0,0,0,0.011325263
75512,0.123046649,0.063705657,0.019099594,0.03472063,0,0.055445089,0.043866496,0.154920287,0.201006655,0,0.034473546,0.046100297,0.021770725,0.037006576,0.079939451
75572,2.122909777,2.574361344,2.413767871,2.714586254,2.062068837,2.781786441,2.89962938,2.79284229,3.061031587,3.016476547,3.552599033,2.410353579,2.586200582,2.845188359,2.073791181
75578,1.873834294,2.837773695,1.983143323,2.106981884,2.265383897,2.742017714,2.011673693,2.051324921,2.144110524,2.400183898,1.909038385,2.464249798,2.084675384,1.814493015,2.261356794
75612,23.47675061,25.17472286,24.36567836,22.63150037,22.91266189,21.93969455,21.44217349,22.56342205,22.16919287,19.17063762,18.60407994,21.9082684,19.36414417,20.18980546,24.64950947
75735,2.011630884,1.650309831,1.763091926,2.215015307,1.891335689,2.199173101,2.025823414,2.056958632,1.874043815,1.760619274,1.830894069,1.826578271,1.867428612,1.964253697,1.822572676
75750,0,0.004674797,0.008409305,0.006879171,0.014571075,0.010985292,0.01448539,0.006975962,0.008704981,0,0.006830217,0.001014868,0.008387199,0.019552223,0.029564902
75769,1.167345087,1.17748278,1.423667477,1.331076014,1.558284594,1.515220344,1.606297476,1.383650022,1.250384052,1.359537106,1.265998549,1.200255851,1.430639904,1.226374727,1.424337796
76025,3.349484472,3.884335516,3.347751958,3.352269217,3.664370401,4.005830263,3.78142835,4.075439897,3.610848899,3.908399724,3.490021422,3.595526432,3.710883879,3.905910428,3.956888268
76051,1.900771917,2.01827822,1.651985867,1.904627673,1.910718134,1.517095272,1.865820502,2.160696179,1.790264063,1.641584945,2.267474468,1.485785946,1.778010619,2.030025079,1.709889886
76113,0.819741928,0.331084788,0.288898422,0.281173587,0.421003664,0.21676045,0.617583947,0.486686997,0.832756651,0.268865183,0.370625775,0.394783709,0.663669504,0.7698819,0.803623432
76187,2.171141623,3.366490908,3.135883823,2.957576569,2.99017359,2.760873105,2.69580176,3.251899815,2.66656767,3.237126322,2.642876519,3.386363038,3.548689199,2.965495454,2.696022454
76238,6.940176997,7.494237158,6.338992423,6.180379248,6.759552265,7.627710674,7.787877163,6.259746251,6.309631862,6.688419084,7.091609103,7.488612512,8.813801843,7.445108049,6.539867381
76257,12.53720383,12.39832814,10.2960429,12.89054227,12.39036683,11.52064237,9.353978712,15.73921615,11.15331592,11.33542672,16.54346138,13.61254262,11.51012218,12.64088125,13.37149158
76267,42.72186431,45.42048376,42.30939913,39.51829775,38.9076673,41.52546263,40.61857399,46.07029768,41.07319732,39.17150562,42.53255197,42.76979532,44.65560138,43.51307275,35.27010505
76282,1.313909451,1.522519896,1.071559762,1.308520435,1.299323925,1.663537602,1.509511536,1.396866948,1.23669526,1.205880623,1.551482075,1.722125898,1.887132368,1.650006249,1.352157635
76376,48.40834797,52.5812522,52.19874413,55.9680834,51.7091884,47.73772184,57.48833075,45.07950631,53.41951824,57.47521732,47.03754954,49.8468608,55.72635248,49.41756155,60.55651609
76408,0.436339717,0.544690973,0.517567713,0.65932877,0.58646111,0.66521621,0.410604094,0.884919253,0.494867546,0.339755475,0.410752481,0.783875859,0.567433771,0.459305778,1.006055913
76429,2.123777128,2.573604865,2.1299264,2.509736126,1.848483165,2.84484889,3.073249686,2.133080315,2.507549613,2.634363821,2.482912422,1.790012865,2.471829982,2.120092375,2.383384008
76459,1.903616904,1.860624398,3.612823867,2.810019775,1.37889261,3.325433949,2.40367179,2.531501601,2.959346751,1.725217488,5.721266609,3.641419391,2.199108132,1.805567649,3.355334171
76485,4.474426041,3.744817868,3.422140856,4.837357759,4.991570938,4.22772759,3.995239441,4.41819279,4.172167963,3.721440123,3.553521748,4.672441653,3.876826738,4.2500852,4.093727771
76500,12.32378994,11.75429085,11.84627835,12.4389325,11.80592709,12.14944455,12.37251711,11.65130716,12.97450588,12.15163265,10.53921598,12.97029163,13.34752001,10.45406859,11.24180489
76507,0,0,0.019506559,0.001773022,0.001877758,0,0,0.017979688,0.011778912,0.007712443,0.04577052,0,0.020381721,0,0.001632855
76654,6.857762865,5.926154434,6.327300339,4.65362286,5.001821311,6.448908578,4.805851655,4.635546792,4.945171578,6.13948174,6.070140837,5.035262851,5.917165073,6.140294892,5.766916281
76668,0.193647284,0.158845192,0.303923747,0.120415507,0.057012828,0.045244831,0.06711817,0.017239027,0.139826613,0.166381528,0.129404591,0.144206953,0.149526754,0.11022438,0.08741216
76687,2.804410476,2.804602977,3.479126926,3.008551665,3.127488314,2.992702787,3.307345617,3.054445041,3.075339856,3.231982793,2.885989176,2.640679345,2.843021852,2.644233735,3.102004325
76722,0.00663735,0.010022815,0.015024701,0.013110237,0.005206757,0.012212451,0.027606074,0.004985513,0.031105957,0,0,0,0.001712595,0,0.007546127
76893,9.819543382,11.03033934,11.02335395,12.09648621,10.72852911,9.235500955,12.98248158,11.10607371,11.28672101,10.69513304,13.40063649,12.53687489,11.43574084,11.53353107,12.02602832
76898,9.630287016,8.831392015,9.229237592,9.53442203,10.28549262,10.45416194,10.04148053,10.97522103,9.452158771,9.913899899,9.76110546,8.905154401,10.13326306,9.603684501,9.629358396
76952,11.29367143,10.81895486,12.39245768,11.24331959,12.02466289,10.90667353,11.52405369,12.26170465,12.05814255,13.31539719,12.38740123,12.33765932,11.56805197,13.10947597,11.66940679
76969,9.402148891,7.859127212,9.683792198,9.843585514,9.878454952,10.8383183,9.146859195,9.511224895,9.361111329,10.32418078,9.22680192,8.265203265,9.663083041,8.784219422,9.371678431
77116,8.642881529,10.82426943,9.903156915,9.396160666,9.345837734,9.256554238,10.71165542,9.534342302,10.14230059,9.433037962,11.18111112,9.287370183,11.02025519,9.182577373,9.64377117
77337,0,0.01521357,0,0,0,0.007944517,0,0,0.004721555,0,0.017288543,0.028623993,0,0,0.002290844
77559,3.263770348,3.497716621,3.40261883,3.229974197,3.862581496,3.369110202,3.640651262,4.250528662,3.33637747,2.930095565,3.912328359,3.834613457,3.962899882,4.130212653,3.576890397
77626,4.678329554,5.502786821,4.489248176,5.50726742,6.161625314,4.839666096,5.890552745,6.968827364,5.622377355,5.243981115,5.647357041,6.802222096,4.670308481,5.462306121,5.424035377
77683,6.003288253,5.268418278,5.684756114,5.77640708,5.920716409,5.382229938,5.221646543,4.730634555,5.710158335,5.672820736,3.976336547,4.275386222,5.115274954,5.600050694,5.433265237
77974,0.124536425,0.259101887,0.310098899,0.354631327,0.1432849,0.205136563,0.120860148,0.103936723,0.167310213,0.142668741,0.158753739,0.3520121,0.201369126,0.211930783,0.235979657
78038,3.004400099,3.583440394,3.776806321,3.659128748,3.477816172,3.483465595,3.651841755,4.159573861,3.739860311,3.287302213,2.978085109,2.761401783,3.38272129,2.875029106,3.078233179
78070,9.38035382,8.556219989,9.394435614,9.469029752,9.606063023,9.902424153,9.5124621,9.095114965,9.779112604,10.22063273,7.905431579,9.850115118,9.741282392,9.155532704,10.13057729
78174,0.136482034,0.054959051,0.024715911,0.161749365,0.152270424,0.090882007,0.293289066,0.168581467,0.085283121,0.219872269,0.049071703,0.063633371,0.422587484,0.153243257,0.132410864
78330,8.042583993,8.029219724,7.05934277,8.651384059,7.474286471,9.398766618,7.540951629,8.146025126,8.638012328,7.857521306,8.667311071,8.598545547,8.269344016,8.472291882,7.641228952
78600,0.204280102,0.127307465,0,0.009607107,0.015261927,0.040910693,0.025286966,0.068195965,0,0.057460999,0.124003613,0.182833574,0,0,0.013271421
78752,1.249800859,1.425188388,1.057818643,1.200994492,1.271939663,1.152932115,1.210373329,1.170021797,1.398084108,1.263770541,1.273782404,1.413343143,1.205757495,1.123202334,1.269719282
78754,0.276408752,0.156284725,0.212075218,0.208344168,0.186705097,0.170048245,0.130487474,0.261656719,0.464413912,0.272462944,0.222773946,0.181109146,0.127287461,0.099073453,0.191381476
78801,0.871564989,1.324672013,1.026581286,1.294747072,0.088876045,0.283333797,0.822948917,0.340398184,0.766856469,0.260740827,1.173644217,1.589636635,0.716623835,0.707884267,0.658022888
78830,40.98636545,40.26697239,44.0218599,38.44839692,40.51653104,38.93927705,44.15380235,36.30919762,39.30277282,38.88749173,37.18554385,38.96680643,43.44325288,40.95311387,37.92735634
78894,21.88046939,18.84857566,19.75985774,22.52703671,20.77877951,20.8611938,19.60495117,17.54886692,20.73978811,21.58324165,15.45674667,15.80693644,18.6449707,17.80423078,17.6948102
78914,0.855529498,0.887467132,0.606760912,0.70999839,0.996915171,0.752440211,0.639279819,0.690667423,0.750055162,0.775596653,0.918662405,1.140339926,0.547251213,0.989587603,0.508893724
78920,17.32061582,18.74516719,18.83641242,17.57860246,17.98058,18.00601693,19.00200524,17.00060728,17.37525389,16.153308,19.21449836,17.63344622,17.91616057,18.90384335,17.72291929
78923,0.330189917,0.374268041,0.289421333,0.446240932,0.388857377,0.466582335,0.316226459,0.369847776,0.300761038,0.296630564,0.250137159,0.368953645,0.324132501,0.253490136,0.398544008
78925,0.87672013,1.033635064,1.006094681,0.634345392,0.617875908,0.734472798,1.162673317,0.955515324,0.780003563,0.687314862,1.091860618,0.913976339,0.967763539,0.885851629,1.112959312
79059,0.068550726,0,0.107588359,0.040620864,0.023900234,0.124929276,0.080782943,0.018307737,0.077103157,0.019632902,0.035850482,0.027965949,0.037733812,0,0.112228711
791260,0.006757496,0.013605657,0.00978987,0.012012797,0.06502569,0,0.00140529,0,0.025335218,0.004354525,0.02783039,0.041351813,0.006974382,0.002845267,0.015980065
79235,0.036864518,0.010205752,0.005424167,0.00182039,0.002409905,0.004844943,0.00287488,0.019383033,0.004751056,0.01534207,0.005422306,0.008459576,0.012365503,0.011641447,0.007544153
80286,9.097988591,7.962942798,10.95790192,9.604114737,8.87037919,8.701509789,9.009208044,7.718047272,8.090602411,8.476470691,8.323990754,8.14147313,8.786470732,7.361910531,8.996061879
80707,3.559056253,3.788932487,3.460817634,3.584732514,3.36078536,3.485883249,3.247301491,2.932533452,3.833665263,4.076202973,3.439785367,3.405209356,2.976845033,3.513034112,3.330144092
80721,0.168784957,0.158672731,0.126982656,0.136051601,0.185627456,0.255753141,0.126465148,0.144180554,0.179140758,0.210598672,0.322496436,0.19962888,0.147303328,0.270422198,0.164803752
80879,0.800085155,1.310409337,0.760670627,1.048498491,0.775695464,1.326529148,0.94711895,1.032432204,1.023929546,0.62463797,1.004827042,0.707504703,0.711427701,0.803325788,1.251093582
80911,5.520955399,5.214089393,5.010553095,5.19899693,4.953503585,4.992718779,5.17368215,4.413644137,5.214569872,5.2048325,4.835342998,5.191831186,5.295209306,4.420077702,4.905710337
80914,4.118505728,3.928746302,4.230724327,4.150932277,4.47469712,4.099887153,4.188054092,3.91158022,5.241881451,5.203055436,5.01748125,4.221438133,5.168013696,4.12773701,4.838960922
81535,2.163756773,2.003919236,2.287906083,2.113048085,2.040108519,1.784364239,1.858250483,1.804963798,2.011077353,2.075320608,1.82954859,1.976183256,2.293307346,1.879592627,2.014788033
83398,1.545504651,1.830851114,1.374161526,1.472680031,1.479504046,1.462309789,1.849010574,1.694381995,2.829280978,1.366511401,1.537359758,1.256053544,1.389427162,1.220504148,1.71116523
83493,9.275395386,10.97488995,11.76296601,10.01243708,11.53514712,10.09751894,10.40164061,9.23785133,10.195967,9.995760764,10.81035989,11.3222189,10.97393488,12.92509557,10.02709997
83553,0.0358104,0,0.010808342,0.029472283,0.018727962,0.031376031,0.046544583,0,0.022376738,0,0.035115058,0.015652723,0.033879774,0.021988881,0.005428469
83603,5.403763381,6.162282154,6.429708256,5.853028052,6.396257768,5.242734362,5.775889538,4.589868997,7.002261078,5.289226073,4.608955103,4.948092606,6.608951133,5.696550096,6.102516506
83702,NA,NA,NA,NA,NA,NA,NA,NA,NA,NA,NA,NA,NA,NA,NA
83885,0,0.024774455,0,0.019443578,0,0.012937204,0.010235529,0.002464644,0.025373005,0,0.002413152,0.0172108,0,0.054399738,0.00895323
84095,3.900947264,3.805574984,4.37938466,3.824420076,3.954773276,4.081748935,4.009553938,4.168260306,3.963732682,3.981971127,3.349250914,4.122628437,4.20127337,4.119147932,4.001384967
84505,2.340989989,2.127251224,2.248273171,2.120829654,2.514446783,2.054318455,2.07332501,2.372045801,2.49264102,2.159965867,2.441532001,2.584148026,2.009497521,2.449737396,2.417760143
84682,0.216181222,0.265238366,0.409839608,0.360286177,0.346238545,0.351595465,0.456595153,0.426248055,0.269113681,0.341011919,0.460401797,0.262808083,0.303303299,0.394673653,0.509994497
93683,4.53854255,3.939958623,4.591513621,4.248395873,5.204814886,4.724412882,3.752825475,4.900065191,5.184271748,4.09913768,3.674026494,5.247398266,3.715704859,4.062707987,4.827583238
93692,3.410571939,3.18154098,2.395833556,3.306534829,3.291019982,3.347157997,4.008876495,3.007310543,3.507282824,3.122963022,2.803617617,3.171917478,3.608515146,2.758412249,2.929230943
93732,0.046423911,0.32047095,0.198165824,0.058948403,0.062430604,0.09413422,0.141366822,0.00332099,0.037296991,0.1424549,0.097548177,0.046381457,0.075293287,0.045376835,0.099528403
93747,6.023177362,5.451956195,5.589182875,5.992864819,5.521742539,6.030114338,6.645829068,5.801971123,6.183446839,5.294365957,5.413121548,6.58917978,6.583078389,5.191012448,5.852351335
93898,4.273822575,3.784600874,5.035805731,4.458623344,4.530570671,5.088147271,4.029018896,4.407414907,4.070765821,3.421309201,3.101089572,4.066261416,4.509695863,5.409977478,4.662529817
93961,7.219715422,10.07604211,11.458789,8.41826097,8.471752807,7.356052931,10.78342038,9.11819671,9.077842724,8.694129353,9.262729007,8.624835174,10.0282083,9.278091784,8.120384117
94180,37.27642802,45.4743363,43.62295664,41.07816796,42.45835661,40.74188524,45.43185263,51.52233511,48.46407284,41.64384607,52.07443522,49.2036838,58.72142621,49.42670749,48.79894141
94181,2.655672267,2.340397616,2.417755314,3.004004072,2.929490152,2.898992324,2.688939548,2.270169523,2.445636645,3.123379945,2.669564625,2.704713737,3.331026285,2.810725119,2.573815479
94192,0.632229351,0.50159757,0.615706929,0.571630657,0.624025667,0.523016733,0.604363204,0.591429234,0.533026506,0.542080506,0.543352024,0.45043564,0.569807135,0.380471602,0.537484431
94224,0.015363087,0.001546615,0,0.010620926,0.001606904,0.011306979,0,0,0.031679624,0,0.018077732,0.008058245,0,0,0
94229,29.50781847,28.36338979,30.49832075,32.58715711,33.26983837,30.12405917,28.26273611,23.28850454,30.62914709,30.15491986,27.28310527,24.64740884,27.28544598,25.88332248,30.56717492
94249,14.71169597,16.2535484,17.42420878,15.91087759,16.64970258,14.44879591,16.82609838,12.46049755,15.13677317,15.0579839,12.52502219,13.18275433,15.04879499,15.70559147,14.51725895
94284,0.033038554,0.017505366,0,0.010303968,0.003637549,0.010969549,0.034353499,0.008707456,0.024447674,0.028013179,0.018756177,0,0.019741493,0.001830394,0.006326257
96979,4.830485375,5.465423162,5.053805995,4.823615869,4.890040311,5.375629,4.875962364,5.482421752,5.096545456,4.572416836,4.587198004,4.259830033,5.326437576,4.894535969,4.840291587
97212,11.38256708,11.84183702,12.70965352,10.96329058,10.39088422,12.34390098,12.65881549,12.86982958,12.47784318,11.70137067,13.71157503,13.25109741,12.77729124,12.23969189,13.1639986
97287,1.804123503,1.545500998,1.482268546,2.013840641,1.856985337,2.028629475,1.74018811,1.785923252,2.187784762,1.996511988,2.229926703,1.629660528,2.018319532,2.259109063,2.020864457
97440,0.752813847,1.020353513,0.631942417,0.629253421,0.35474299,0.665777283,0.515735285,0.716643407,0.575147941,0.416893646,0.346029476,0.670106529,0.615105834,0.604645963,0.624085119
97884,2.98647124,2.69344586,2.447933301,2.628515774,2.777926906,2.795357902,2.371239863,2.584131638,2.835983794,2.566574499,2.337840664,2.57648483,2.278490582,2.152787463,2.390140214
98256,0.061256547,0.002803068,0.105888857,0.184242784,0.119405694,0.096608169,0.028952081,0.145006359,0.091343308,0.074760734,0.259380699,0.068155135,0.043106323,0.275508404,0.200067403
98660,108.7818188,124.0455345,107.1822025,120.5655889,152.2372376,123.7973798,95.66372412,131.9605391,110.9380976,111.2521855,124.2422846,122.545194,122.0443953,166.2276904,111.7994109
98711,0.808609054,0.587749913,0.451987138,0.640987057,0.546541578,0.76219119,0.651588475,0.814700015,0.741492869,0.593594165,0.995190223,0.820021667,0.617635969,0.572567308,0.538096991
99439,0.013108356,0.038174993,0.001271694,0.018031865,0.014200366,0.008859981,0.006815037,0.007970636,0.026328148,0.004022387,0.01836261,0,0.00386545,0.010841517,0.01319992
99586,1.391104796,1.220161017,1.237843909,1.061136782,1.139809588,0.750824169,1.164897548,1.32539983,1.133989511,1.308754917,1.295567385,0.93546429,0.980459279,0.889628206,0.981220861
99712,6.678465,4.765740526,6.414031306,5.863555611,6.541780968,6.07056309,7.189246705,4.67190194,6.18611948,5.128149691,5.640088967,6.126658624,6.90902449,6.884482219,6.314298028