reaction_id,reaction_name,subsystem,genes,minimum,maximum
UAGDP,UDP-N-acetylglucosamine diphosphorylase,Aminosugar metabolism,107652;227620,0.0,1.1368683772161603e-12
AMY1e,"Alpha-amylase, extracellular (strch1 -> strch2)",Starch and sucrose metabolism,17254;109959;20532;11722;30962;100043684;100043686;100043688,0.0,1.4400332778071363e-12
EX_n5m2masn_e,EX n5m2masn[e],Exchange/demand reaction,,-100.0,8.591107623281211e-13
BTNt2i,Biotin uptake,"Transport, extracellular",20501,-1000.0,100.0
HMR_3708,Steryl-Ester Acylhydrolase,Cholesterol metabolism,16889;12613,0.0,2.2737367544323206e-12
EX_3octdece1crn_e,Exchange of 3-Hydroxy-Octadecenoyl Carnitine,Exchange/demand reaction,,0.0,9.265477274311706e-12
NDP7ex,"Nucleoside-diphosphatase (UDP), extracellular",Nucleotide interconversion,72090;215446;76025;12495,0.0,1.0800249583553523e-12
r0795,Spontaneous reaction,Miscellaneous,,0.0,0.0
ACOAD8m,Isovaleryl-coa dehydrogenase,"Valine, leucine, and isoleucine metabolism",56357,0.0,0.0
HMR_3714,Steryl-Ester Acylhydrolase,Cholesterol metabolism,16889;12613,0.0,1.9326762412674725e-12
DHPM1,"Dihydropyrimidinase (5,6-dihydrouracil)",Pyrimidine catabolism,22240;64705;12934,483.63403934672965,483.63403934675273
ARGORNt7,Arginine/ornithine antiporter,"Transport, extracellular",330836,-1000.0,1000.0
RE1526M,3-Hydroxyacyl Coenzyme A Dehydrogenase,Fatty acid oxidation,15107;74147;15108;15488,-1.1937117960769683e-11,4.415281151183765e-12
PE17_HSABCt,Transport of 1-Heptadecanoylglycerophosphoethanolamine (C17:0 Pe),"Transport, extracellular",50770;320940,0.0,1.4691522385237226e-12
HMR_0810,Globoside Alpha-N-Acetylgalactosaminyltransferase,Glycosphingolipid metabolism,227671,0.0,1.8189894035458565e-12
EX_M01111_e,EX M01111[e],Exchange/demand reaction,,0.0,3.4094682632712647e-10
HMR_0272,Palmitoyl Coenzyme A Hydrolase,Fatty acid oxidation,171210;217700;12012;70025;171281;171282,0.0,1.9773930122822857e-11
NTD6,5'-nucleotidase (dAMP),Nucleotide interconversion,76952;107569;23959;70881;230718;50773,0.0,3.281980018433142e-12
CYTK10,"Cytidylate kinase (CMP,dGTP)",Nucleotide interconversion,66588,-1000.0,1000.0
PRPPS,Phosphoribosylpyrophosphate synthetase,Pentose phosphate pathway,19139;110639,999.9999999999746,1000.0
DPGase,Diphosphoglycerate phosphatase,Glycolysis/gluconeogenesis,56012;18648;12183,0.0,0.0
AMY2e,"Alpha-amylase, extracellular (glygn2 -> glygn4)",Starch and sucrose metabolism,17254;109959;20532;11722;30962;100043684;100043686;100043688,0.0,1.6910917111090384e-12
HMR_0003,Triacylglycerol Lipase,Glycerophospholipid metabolism,116939;67717;12613;67758;69060;16890;16891;66853;18946;231871;18947;15450;269060,0.0,1.517719283583574e-11
PHYTt,Fatty acid transport via diffusion,"Transport, extracellular",,0.0,2.2737367544323206e-12
HISDC,Histidine decarboxylase,Histidine metabolism,15186;13195,0.0,7.531752999057062e-12
EBP2r,"3-beta-hydroxysteroid-delta(8),delta(7)-isomerase",Cholesterol metabolism,13595,0.0,8.810729923425242e-13
ACS2,Acetyl-CoA synthase (propionate),Propanoate metabolism,78894;60525,0.0,1.8189894035458565e-12
PCHOLPALME_HSPLA2,Formation of 1-Palmitoleoylglycerophosphocholine (Delta 9) by Phospholipase A2,Glycerophospholipid metabolism,66350;237625;329502;53357;18780;18783;18784;211429;26971,0.0,1.7053025658242404e-12
EX_fvs_e,Exchange reaction for fluvastatin in intestinal lumen,Exchange/demand reaction,,-100.0,-99.99999999999315
C160CRNt,C160 transport into the mitochondria,Fatty acid oxidation,57279,-1000.0,1000.0
ACGAMtly,N-acetyl-glucosamine lysosomal efflux,"Transport, lysosomal",,0.0,1000.0
GLUDym,"Glutamate dehydrogenase (NADP), mitochondrial",Glutamate metabolism,14661,-1000.0,283.63403934703103
C4DCCACT,Transport of succinyl carnitine into cytosol,Fatty acid oxidation,57279,0.0,8.321304214721048e-13
R00100,R01803,,12764,-500.0,-499.99999999996436
EX_aracheth_e,Exchange of O-Arachidonoyl Ethanolamine,Exchange/demand reaction,,0.0,0.0
HMR_2964,Long-Chain-Fatty-Acid Coenzyme A Ligase,Fatty acid synthesis,328845;216739;14081;26458;74205;433256;94180;50790,0.0,1.9772338467022763e-12
GLUDC,Glutamate Decarboxylase,Glutamate metabolism,14417;14415,0.0,3.069544618483633e-12
ACOADH120_m,Acyl-CoA dehydrogenase (12:0),Fatty acid oxidation,11363;11370;11364;229211,0.0,2.708588908717502e-11
HMR_0389,Long-Chain-Fatty-Acid Coenzyme A Ligase,Fatty acid synthesis,328845;216739;14081;26458;74205;433256;94180;50790,0.0,1.9326762412674725e-12
CHSTEROLt1,Cholesterol intracellular transport,"Transport, mitochondrial",59045,-1000.0000000000009,1000.0
MTHFD2i,Methylenetetrahydrofolate dehydrogenase  NAD,Folate metabolism,17768;665563,-1000.0,813.0021682347794
OCT11EFATP_1,Uptake of Vaccenic Acid,Fatty acid oxidation,26459;225579;26568;26569;26457;26458,0.0,2.8421709430404007e-12
RE3113C,RE3113,Fatty acid oxidation,,0.0,2.7300551307694565e-12
HMR_2673,HMR 2673,"Transport, mitochondrial",319800;30805;20517;57279;171405;236149;236293;214663;207151;434674,-1000.0,1000.0
HMR_2193,Very-Long-Chain (3R)-3-Hydroxyacyl Coenzyme A Dehydratase,Fatty acid synthesis,67044;30963;70757;66775;57874,0.0,3.937369317512761e-12
LDH_Lm,"L-lactate dehydrogenase, mitochondria",Pyruvate metabolism,16828;52815;16832,752.06342324401,752.0634232442728
PPMI12346Ptn,5-diphosphatidylinositol pentakisphosphate nuclear transport (diffusion),"Transport, nuclear",,0.0,1.3642420526593924e-12
NABTNO,N4 AcetylaminobutanalNAD oxidoreductase,Arginine and proline metabolism,56752;11671;19378;110695;11668,0.0,2.254071686962248e-12
UMPK5n,"UMP kinase (dATP),nuclear",Nucleotide interconversion,66588,-1000.0,1000.0
HMR_2884,HMR 2884,"Transport, endoplasmic reticular",20520,-1.7621459846850485e-12,0.0
ACNMCT,CTP:N-acylneuraminate cytidylyltransferase,Aminosugar metabolism,12764,0.0,4.161424155686732e-12
r2113,Major Facilitator(MFS) TCDB:2.A.1.13.1,"Transport, extracellular",20501,-1000.0,1000.0
HOXG,Heme oxygenase 1,Heme degradation,15368;15369,0.0,0.0
HMR_0629,Phospholipase D,Glycerophospholipid metabolism,18807;194908;18805;104759;18806,0.0,0.0
GALASE20ly,"Beta-galactosidase, lysosomal",Keratan sulfate degradation,19025;50917;12091;18010,0.0,0.0
HMR_3072,3-Hydroxyacyl Coenzyme A Dehydrogenase,Fatty acid oxidation,74147;15488,0.0,0.0
PCHOLN201_HSABCt,"Transport of 1-Eicosenoylglycerophosphocholine (Delta 11) , Sn1-Lpc (20:1)","Transport, extracellular",54667;11982;54670;11303;18670,0.0,1.1937117960769683e-12
HSD17B4x,Hydroxysteroid (17-beta) dehydrogenase 4,Bile acid synthesis,15488,0.0,9.606170421037326e-13
HMR_3235,Enoyl Coenzyme A Hydratase,Fatty acid oxidation,93747;97212,0.0,3.637978807091713e-12
ALAPAT4te,Transport of Alanine via Pat4,"Transport, extracellular",234967,-1000.0,1000.0
DATPtn,DATP diffusion in nucleus,"Transport, nuclear",,2.2578615901513786,2.257861590151427
HMR_7758,HMR 7758,"Transport, mitochondrial",13167,-1.3642420526593924e-12,9.322977446422955e-13
r0221_1,Propinol Adenylate:Coa Ligase (AMP-Forming),Miscellaneous,380660;60525;68738,0.0,2.9558577807620168e-12
HMR_3625,Acyl Coenzyme A:Cholesterol O-Acyltransferase,Cholesterol metabolism,20652;223920,0.0,1.0231815394945443e-12
HMR_0271,Long-Chain-Fatty-Acid Coenzyme A Ligase,Fatty acid synthesis,328845;216739;14081;26458;74205;433256;94180;50790,0.0,0.0
C226CPT1,Carnitine C22:6 transferase,Fatty acid oxidation,12894;12895;78070,0.0,2.3055021943839488e-12
r1664,Y+LAT2 Utilized transport,"Transport, extracellular",330836,-1000.0,1000.0
CPK1,Adenylate kinase,Nucleotide interconversion,66588,-1000.0,1000.0
SPTc,Serine-pyruvate aminotransferase,"Glycine, serine, alanine, and threonine metabolism",11611,0.0,4.904933167571513e-12
HMR_2700,HMR 2700,"Transport, mitochondrial",319800;30805;20517;57279;171405;236149;236293;214663;207151;434674,-2.3742347097813194e-12,0.0
MI4PP,1D-myo-Inositol 4-phosphate phosphohydrolase,Inositol phosphate metabolism,114663;55980,0.0,3.0677682616442326e-12
LDH_L,L-lactate dehydrogenase,Glycolysis/gluconeogenesis,16833;54122;16828;16832;106557,-1000.0,247.93657675597626
PCHOLSTE_HSABCt,Transport of 1-Stearoylglycerophosphocholine,"Transport, extracellular",54667;11982;54670;11303;18670,0.0,1.0231815394945443e-12
HMR_0298,Palmitoyl Coenzyme A Hydrolase,Fatty acid oxidation,171210;217700;12012;70025;171281;171282,0.0,1.5916157281026244e-12
G5SDym,"Glutamate-5-semialdehyde dehydrogenase, mitochondria",Urea cycle,56454,0.0,2.5011104298755527e-12
HEXA2l,"Hexosaminidase A, Lysosomal",Sphingolipid metabolism,15211;15212,0.0,0.0
PEDH14_HSPLA2,Formation of 1-Myristoylglycerophosphoethanolamine (C14:0 Pe) by Phospholipase A2,Glycerophospholipid metabolism,66350;237625;329502;53357;18780;18783;18784;211429;26971,0.0,1.4779288903810084e-12
MI14PP,"D-myo-Inositol-1,4-bisphosphate 1-phosphohydrolase",Inositol phosphate metabolism,16329,0.0,1.9326762412674725e-12
ADNtm,"Equilibrative nucleoside transporter, mitochondrial","Transport, mitochondrial",63959,-1.7337242752546445e-12,2.3305801732931286e-12
r0358,Glycolysis / Glyconeogenesis EC:2.7.1.1,Fructose and mannose metabolism,15275;212032;15277,0.0,5.935649632623321e-12
LNLNCGCPT1,Carnitine O-palmitoyltransferase,Fatty acid oxidation,12894;12895;78070,-3.4853466053751294e-12,2.1032064978498966e-12
HMR_2757,HMR 2757,"Transport, mitochondrial",319800;30805;20517;57279;171405;236149;236293;214663;207151;434674,-1000.0,1000.0
ACONT,Aconitate hydratase,Citric acid cycle,11428;64602,-1000.0,1000.0
KHK,Ketohexokinase,Fructose and mannose metabolism,16548,0.0,6.049336470344937e-12
ESTRONESt,Estrone 3-sulfate transport via bicarbonate countertransport,"Transport, extracellular",108115;108116;28253;58807;101488;108096,-1000.0,1000.0
RE3247X,Acyl Coenzyme A Oxidase,Fatty acid oxidation,80911;11430;93732,0.0,0.0
PCHOLN183_HSABCt,"Transport of 1-Octadeca-Trienoylglycerophosphocholine, Sn1-Lpc (18:3, Delta 9, 12, 15)","Transport, extracellular",54667;11982;54670;11303;18670,0.0,9.094947017729282e-13
HMR_2985,Long-Chain-Fatty-Acid Coenzyme A Ligase,Fatty acid synthesis,328845;216739;14081;26458;74205;433256;94180;50790,0.0,1.1368683772161603e-12
HMR_3716,Steryl-Ester Acylhydrolase,Cholesterol metabolism,16889;12613,0.0,2.1600499167107046e-12
EX_cyan_e,Hydrogen cyanide exchange,Exchange/demand reaction,,-6.889422365929931e-11,0.0
HMR_0188,Long-Chain-Fatty-Acid Coenzyme A Ligase,Fatty acid synthesis,328845;216739;14081;26458;74205;433256;94180;50790,0.0,1.1368683772161603e-12
HPYRDCm,"Hydroxypyruvate decarboxylase, mitochondria",Glyoxylate and dicarboxylate metabolism,,0.0,4.458365082051617e-12
DEOXFVShc,Formation of deoxy-fluvastatin-dinor,Drug metabolism,11430;74147;15488;235674,99.9999999999942,100.0
IMPC,IMP cyclohydrolase,Purine synthesis,108147,-2.1799451133119875e-12,0.0
HPDECECOAm,Dehydrogenation of Heptadecanoyl Coa,Fatty acid oxidation,11363,0.0,1.0231815394945443e-12
PCHOLOLE_HSPLA2,Formation of 1-Oleoylglycerophosphocholine (Delta 9) by Phospholipase A2,Glycerophospholipid metabolism,66350;237625;329502;53357;18780;18783;18784;211429;26971,0.0,1.1368683772161603e-12
3HCO3_NAt,Bicarbonate transport (Na/HCO3 1:3 cotransport),"Transport, extracellular",232156;54403,-1000.0,1000.0
PHPYRte,Transport of Phenylpyruvate via Proton Symport,"Transport, extracellular",20501;80879;20503,99.99999999997934,100.0
RE1522M,Enoyl Coenzyme A Hydratase,Fatty acid oxidation,93747;74147;97212;231086,0.0,2.9013828376870756e-12
EX_M00234_e,EX M00234[e],Exchange/demand reaction,,-1.6768808563938364e-11,0.0
HMR_2705,Carnitine O-Palmitoyltransferase,Fatty acid oxidation,12894;12895;78070,0.0,3.183231456205249e-12
APNPT,ATP:pantetheine 4'-phosphotransferase,CoA synthesis,74450;75735;211347;269614,0.0,1.5347723092418164e-12
CERT1rt,Ceramide transport protein,"Transport, endoplasmic reticular",68018,0.0,0.0
AKGDm,2-oxoglutarate dehydrogenase,Citric acid cycle,78920;13382;18293;27402,889.4473112559695,889.4473112560772
PGESc,Prostaglandin E synthase,Eicosanoid metabolism,96979;56351;64292,0.0,1000.0
PCHOL2STE_HSPLA2,Formation of 2-Stearoylglycerophosphocholine by Phospholipase A2,Glycerophospholipid metabolism,66350;237625;329502;53357;18780;18783;18784;211429;26971,0.0,1.5916157281026244e-12
SMPD3g,"Sphingomyelin phosphodiesterase 3, neutral membrane (neutral sphingomyelinase II)",Sphingolipid metabolism,238011;77626;58994,0.0,1.3642420526593924e-12
RE3228C,RE3228,Fatty acid synthesis,,0.0,3.069544618483633e-12
TRYPTAOX,Tryptamine:oxygen oxidoreductase(deaminating)(flavin-containing),Tryptophan metabolism,17161;109731;237940;76507,0.0,1.8758328224066645e-12
RE2649M,Palmitoyl Coenzyme A Hydrolase,Bile acid synthesis,171210;70025,0.0,1.8189894035458565e-12
GLNS,Glutamine synthetase,Glutamate metabolism,14645;266744,0.0,0.0
PA_HStn,"Phosphatidate transport, nuclear","Transport, nuclear",,-4.073186232744774e-12,0.0
HMR_2215,Very-Long-Chain 3-Oxoacyl Coenzyme A Synthase,Fatty acid synthesis,170439;74559;12686;54325;54326;68801;83603,0.0,0.0
HPDECEm,Hydrolysis of Heptadecenoyl Coa,Fatty acid oxidation,171210;70025;170789;66834,0.0,9.094947017729282e-13
r0750,"3alpha,7alpha,12alpha-Trihydroxy-5beta-cholestane:NADP+ oxidoreductase (B-specific); 3alpha,7alpha,12alpha-Trihydroxy-5beta-cholestane:NADP+ oxidoreductase Bile acid biosynthesis EC:1.1.1.50",Bile acid synthesis,83702,0.0,1000.0
ADMDC,Adenosylmethionine decarboxylase,Arginine and proline metabolism,100041585;11702,0.0,0.0
HMR_0290,Palmitoyl Coenzyme A Hydrolase,Fatty acid oxidation,171210;217700;12012;70025;171281;171282,0.0,4.547473508864641e-12
HMR_2621,HMR 2621,"Transport, mitochondrial",319800;30805;20517;57279;171405;236149;236293;214663;207151;434674,-6.208602193470748e-12,1.0231815394945443e-12
HMR_2989,Long-Chain-Fatty-Acid Coenzyme A Ligase,Fatty acid synthesis,328845;216739;14081;26458;74205;433256;94180;50790,0.0,2.0463630789890885e-12
GUACYC,Guanylate cyclase,Nucleotide interconversion,230103;60596;18160;54195;234889;245650;14917;14919,0.0,2.0383694732117874e-12
PEAR_HSABCt,Transport of 1-Arachidonoyl-Sn-Glycero-3-Phosphoethanolamine,"Transport, extracellular",50770;320940,0.0,9.663381206337363e-13
MDRPD,5-Methylthio-5-deoxy-D-ribulose 1-phosphate dehydratase,Arginine and proline metabolism,,0.0,0.0
GK1,Guanylate kinase (GMP:ATP),Nucleotide interconversion,14923,7.881021093133983,7.881021093163221
HMR_8476,HMR 8476,"Transport, nuclear",13340;63959,-297.5525557158654,702.4474442845684
RE3120C,RE3120,Fatty acid oxidation,83603;170439;68801;54326,-4.007461029686965e-12,1.8189894035458565e-12
PGL,6-phosphogluconolactonase,Pentose phosphate pathway,66171,0.0,7.034373084024992e-12
DM_pcreat_c,"Demand for  Phosphocreatine,  Cytosolic",Exchange/demand reaction,,0.0,2.0463630789890885e-12
GASNASE2ly,"Glycosylasparaginase, lysosomal",N-glycan degradation,11593,0.0,0.0
EX_didecaeth_e,"Exchange of C12:0-Ethanolamide, Didecanoyl Ethanolamide",Exchange/demand reaction,,0.0,1.5234036254696548e-11
HMR_3670,Acyl Coenzyme A:Cholesterol O-Acyltransferase,Cholesterol metabolism,20652;223920,0.0,2.3874235921539366e-12
RE3241C,RE3241,Fatty acid synthesis,83603;170439;68801;54326,0.0,3.979039320256561e-12
RE2999M,Dodecenoyl Coenzyme A Isomerase,Fatty acid oxidation,23986;13177;74147,0.0,1.3585577107733116e-11
PNTK,Pantothenate kinase,CoA synthesis,74450;75735;211347;269614,0.0,0.0
HMR_0814,"Alpha-N-Acetylneuraminate Alpha-2, 8-Sialyltransferase",Glycosphingolipid metabolism,20449,-3.4412997270287507e-12,0.0
RE3178M,3-Hydroxyacyl Coenzyme A Dehydrogenase,Fatty acid oxidation,231086;15488;15107;74147;15108;97212,0.0,1.2428818761973025e-12
r2225,Resistance-Nodulation-Cell Division (RND) TCDB:2.A.60.1.5,"Transport, extracellular",101488,0.0,1000.0
PHYHx,"Phytanoyl-CoA dioxygenase, peroxisomal",Fatty acid oxidation,16922,0.0,9.306905528735686e-13
GARFT,Phosphoribosylglycinamide formyltransferase,Purine synthesis,14450,0.0,0.0
r2093,Major Facilitator(MFS) TCDB:2.A.1.13.1,"Transport, extracellular",20501,-1000.0,1000.0
HMR_8579,Alpha-Amylase,Starch and sucrose metabolism,11722;100043684;100043686;109959;100043688,99.99999999999113,100.0
THYOXt2,T4 transport via facilitated diffusion,"Transport, extracellular",20502,-1000.0,1000.0
GLYOXm,Hydroxyacylglutathione hydrolase  mitochondrial,Pyruvate metabolism,14651,0.0,6.59383658785373e-12
ACNAMlt,N-acetylneuraminate transport into lysososme,"Transport, lysosomal",235504,0.0,8.753886504564434e-12
RE3168C,RE3168,Fatty acid oxidation,,0.0,5.440496538126768e-12
PPM,Phosphopentomutase,Pentose phosphate pathway,66681;72157,890.3557470877807,890.3557470878329
PCHOLMYR_HsABCt,Transport of 1-Myristoylglycerophosphocholine,"Transport, extracellular",54667;11982;54670;11303;18670,0.0,9.663381206337363e-13
PI3P4K,Phosphatidylinositol 3-phosphate 4-kinase,Inositol phosphate metabolism,84095;18719;18720;224020;107650;18717,0.0,0.0
HMR_3651,Acyl Coenzyme A:Cholesterol O-Acyltransferase,Cholesterol metabolism,20652;223920,0.0,2.1600499167107046e-12
EX_hepdeceth_e,Exchange of Heptadecanoyl Thanolamide (C17:0),Exchange/demand reaction,,0.0,1.659827830735594e-11
HMR_2263,Very-Long-Chain 3-Oxoacyl Coenzyme A Synthase,Fatty acid synthesis,170439;74559;12686;54325;54326;68801;83603,0.0,3.6218892219089407e-12
r1150,Facilitated diffusion,"Transport, lysosomal",,0.0,2.5011104298755527e-12
NDPK3m,"ATP:CDP phosphotransferase, mitochondria",Nucleotide interconversion,54369;56520,0.0,7.503331289626658e-12
FAOXC164C165x,"Fatty Acid Beta Oxidation (C16:4->C16:5), Peroxisomal",Fatty acid oxidation,11430,0.0,3.2081004519568523e-12
HMR_2264,Very-Long-Chain 3-Oxoacyl Coenzyme A Reductase,Fatty acid synthesis,56348,0.0,3.8718167018375345e-12
HMR_3627,Acyl Coenzyme A:Cholesterol O-Acyltransferase,Cholesterol metabolism,20652;223920,0.0,2.6716406864579767e-12
PCHOLN1836_HSABCt,"Transport of 1-Octadeca-Trienoylglycerophosphocholine, Sn1-Lpc (18:3, Delta 6, 9, 12)","Transport, extracellular",54667;11982;54670;11303;18670,0.0,1.0231815394945443e-12
RE3169C,RE3169,Fatty acid oxidation,,-1.0771827874123119e-11,1.7656040857306445e-12
BUTt,Butyrate transport (diffusion),"Transport, extracellular",225579;14077;14080;12140;26457;11770;16592;16204;12491;26568;26569;75497;21884,-1000.0,1000.0
HSD3A2r,3 alpha-hydroxysteroid dehydrogenase (type 3),Steroid metabolism,83702,-1000.0,1000.0
NAt5,Sodium/ammonium proton antiporter,"Transport, extracellular",105243;226999;20544,-1000.0,1000.0
HMR_3205,Acetyl Coenzyme A C-Acyltransferase,Fatty acid oxidation,97212;52538;231086,0.0,2.4036645689713103e-12
PGDI,Prostaglandin-H2 D-isomerase [Precursor],Eicosanoid metabolism,19215;54486,-1000.0,1000.0
GALASE18ly,"Beta-galactosidase, lysosomal",Keratan sulfate degradation,19025;50917;12091;18010,0.0,0.0
EX_strch1_e,"Starch, structure 1 (1,6-{7[1,4-Glc], 4[1,4-Glc]}) exchange",Exchange/demand reaction,,0.0,0.0
R01115,R01115,Aminosugar metabolism,12764,0.0,2.010670699704395e-12
3MOX4HOXPGALDOX_NADP,3-Methoxy-4-hydroxyphenylglycolaldehyde:NADP+ oxidoreductase,Tyrosine metabolism,56847;67689;11670;73458;621603,0.0,4.774847184307873e-12
HMR_3664,Acyl Coenzyme A:Cholesterol O-Acyltransferase,Cholesterol metabolism,20652;223920,0.0,1.5290879673557356e-11
HMR_2348,Very-Long-Chain 3-Oxoacyl Coenzyme A Reductase,Fatty acid synthesis,56348,-3.581135388230905e-12,0.0
HMR_2622,Carnitine O-Acetyltransferase,"Transport, mitochondrial",12908;12896,-5.7885652161729165e-12,0.0
MI1345PP,"D-myo-Inositol 1,3,4,5-tetrakisphosphate 5-phosphohydrolase",Inositol phosphate metabolism,104015;16332;16330;170835;64436;16331;212111,0.0,1.5631940186722204e-12
r0220_1,Propinol Adenylate:Coa Ligase (AMP-Forming) Ec:6.2.1.17 Ec:6.2.1.1,Miscellaneous,380660;60525;68738,0.0,1.5774048733874224e-12
ADRNCRNt,Transport into the mitochondria (carnitine),Fatty acid oxidation,57279,-1000.0,1000.0
RE3103C,RE3103,Fatty acid oxidation,83603;170439;68801;54326,0.0,3.617861224730593e-12
RE2998M,Acyl Coenzyme A Oxidase,Fatty acid oxidation,11430,0.0,2.000888343900442e-11
BILIRED2,Nadh biliverdin reductase,Heme synthesis,109778;233016,0.0,0.0
r0541,"Glutaryl Coenzyme A: (Acceptor) 2, 3-Oxidoreductase (Decarboxylating)",Tryptophan metabolism,270076,0.0,8.252573245015809e-13
GLCNACT3g,Alpha-N-acetylglucosaminyltransferase II,Chondroitin synthesis,54616;14043;56219;14042,0.0,0.0
HMR_2364,Very-Long-Chain Enoyl Coenzyme A Reductase,Fatty acid synthesis,243078;106529,0.0,2.6592332514400803e-12
ST6GALNAC31_1,"Alpha-N-Acetylgalactosaminide Alpha-2, 6-Sialyltransferase 3",Sphingolipid metabolism,20447;26938;50935,0.0,0.0
CHOLK,Choline kinase,Glycerophospholipid metabolism,12660;12651,0.0,1.8189894035458565e-12
HMR_3704,Steryl-Ester Acylhydrolase,Cholesterol metabolism,16889;12613,0.0,1.4779288903810084e-12
SPHS1Ptr,Sphingosine-1-phosphate transport,"Transport, endoplasmic reticular",,0.0,1.5916157281026244e-12
HMR_3425,Enoyl Coenzyme A Hydratase,Fatty acid oxidation,231086;15107;15108;97212;229211;235674;11370;93747;11364;11363;52538,0.0,2.4868995751603507e-12
HMR_3696,Steryl-Ester Acylhydrolase,Cholesterol metabolism,16889;12613,0.0,2.5011104298755527e-12
EBP1r,"3-beta-hydroxysteroid-delta(8),delta(7)-isomerase",Cholesterol metabolism,13595,0.0,1.864286502950563e-12
PEPALM_HSASBCt,Transport of 1-Palmitoylglycerophosphocholine,"Transport, extracellular",54667;11982;54670;11303;18670,0.0,1.1368683772161603e-12
HMR_0428,HMR 0428,"Transport, extracellular",225579;14077;14080;12140;26457;11770;16592;16204;12491;26568;26569;75497;21884,0.0,2.2737367544323206e-12
HMR_0824,"Lactosylceramide Alpha-2, 3-Sialyltransferase",Glycosphingolipid metabolism,20454,0.0,0.0
r1448,Acyl-CoA Oxidase,Fatty acid oxidation,80911;11430,0.0,9.598126217902137e-12
r1253,Long-Chain-Fatty-Acid---Coa Ligase,Fatty acid oxidation,328845;74205;433256;50790;216739;14081;26458,0.0,2.320345243806363e-12
RE2626M,RE2626M,Bile acid synthesis,104086,0.0,1000.0
TPI,Triose-phosphate isomerase,Glycolysis/gluconeogenesis,21991,231.11486972755156,231.11486972757328
HMR_3694,Steryl-Ester Acylhydrolase,Cholesterol metabolism,16889;12613,0.0,1.8189894035458565e-12
HMR_2261,Very-Long-Chain (3R)-3-Hydroxyacyl Coenzyme A Dehydratase,Fatty acid synthesis,67044;30963;70757;66775;57874,0.0,4.774847184307873e-12
CPPPGO,Coproporphyrinogen oxidase (O2 required),Heme synthesis,12892,0.0,0.0
HMR_0192,Long-Chain-Fatty-Acid Coenzyme A Ligase,Fatty acid synthesis,328845;216739;14081;26458;74205;433256;94180;50790,0.0,2.0463630789890885e-12
HMR_0847,Exo-Alpha-Sialidase,Glycosphingolipid metabolism,18010;241159;23956;50877,0.0,0.0
HMR_2689,Carnitine O-Acetyltransferase,"Transport, mitochondrial",12908;12896,-1.8697660419849476e-12,3.410605131648481e-12
HMR_0305,Long-Chain-Fatty-Acid Coenzyme A Ligase,Fatty acid synthesis,328845;216739;14081;26458;74205;433256;94180;50790,0.0,1.8189894035458565e-12
HMR_0245,Long-Chain-Fatty-Acid Coenzyme A Ligase,Fatty acid synthesis,328845;216739;14081;26458;74205;433256;94180;50790,0.0,2.0463630789890885e-12
PAPStg,3'-Phosphoadenylyl sufate Golgi transport,"Transport, golgi apparatus",73836,0.0,9.266589096628654e-13
S6T2g,"Galactose/N-acetylglucosamine 6-O-sulfotransferase, Golgi apparatus",Keratan sulfate synthesis,54371;26887;56773,0.0,0.0
OCTAt,Octanoate transport via diffusion,"Transport, extracellular",,0.0,1.9326762412674725e-12
HMR_9803,3-Oxopropionyl Coenzyme A:NAD+ Oxidoreductase,Propanoate metabolism,,0.0,4.092726157978177e-12
G14T21g,"Beta-N-acetylglucosaminylglycopeptide beta-1,4-galactosyltransferase, Golgi",Keratan sulfate synthesis,14595;57370;53418;56336,0.0,0.0
PE161_HSABCt,"Transport of 1-Hexadecenoylglycerophosphoethanolamine (C16:1 Pe, Delta 9)","Transport, extracellular",50770;320940,0.0,1.2505552149377763e-12
r2520,Mitochondrial Carrier (MC) TCDB:2.A.29.2.1,"Transport, mitochondrial",67863,-1000.0,1000.0
HMR_0244,HMR 0244,"Transport, extracellular",225579;14077;14080;12140;26457;11770;16592;16204;12491;26568;26569;75497;21884,0.0,0.0
r0443,Palmitoyl-CoA:L-carnitine O-palmitoyltransferase Fatty acid metabolism EC:2.3.1.21,Fatty acid oxidation,12894;12896,0.0,1000.0
NDP7er,"Nucleoside-diphosphatase (UDP), endoplasmic reticulum",Nucleotide interconversion,67464;12499;100862375;76025,0.0,1.2505552149377763e-12
CBPS,Carbamoyl-phosphate synthase (glutamine-hydrolysing),Pyrimidine synthesis,69719,0.0,0.0
HMR_2857,HMR 2857,"Transport, endoplasmic reticular",20520,0.0,1.3642420526593924e-12
RE3247M,Acyl Coenzyme A Oxidase,Fatty acid oxidation,11430,0.0,1.1368683772161603e-12
PCHOLEIC_HSABCt,"Transport of 1-Eicosadienoylglycerophosphocholine (Delta 11, 14)","Transport, extracellular",54667;11982;54670;11303;18670,0.0,1.0231815394945443e-12
DUTCP,DUTP:cytidine 5'-phosphotransferase,Nucleotide interconversion,80914;22245,-1000.0,-99.99999999999861
FAOXC184C164x,"Fatty Acid Beta Oxidation (C18:4->C16:4), Peroxisomal",Fatty acid oxidation,11430;74147;15488;235674,0.0,2.1032064978498966e-12
FVStu,Uptake of fluvastatin by enterocytes,Drug metabolism,101488,-900.0000000000057,1000.0
PROPAT4te,Transport of Proline via Pat4,"Transport, extracellular",234967,-1000.0,1000.0
r1167,EC:2.3.1.26,Miscellaneous,20652;223920,0.0,1000.0
HMR_3662,Acyl Coenzyme A:Cholesterol O-Acyltransferase,Cholesterol metabolism,20652;223920,0.0,1.5916157281026244e-12
HMR_3686,Steryl-Ester Acylhydrolase,Cholesterol metabolism,16889;12613,0.0,1.8189894035458565e-12
HMR_0209,Long-Chain-Fatty-Acid Coenzyme A Ligase,Fatty acid synthesis,328845;216739;14081;26458;74205;433256;94180;50790,0.0,1.8189894035458565e-12
HMR_3680,Acyl Coenzyme A:Cholesterol O-Acyltransferase,Cholesterol metabolism,20652;223920,0.0,1.8189894035458565e-12
FAOXC164C143x,"Fatty Acid Beta Oxidation (C16:4->C14:3), Peroxisomal",Fatty acid oxidation,74147;15488;235674,0.0,2.279657943896988e-12
EICOSTETCPT1,Carnitine O-palmitoyltransferase,Fatty acid oxidation,12894;12895;78070,0.0,3.637978807091713e-12
HMR_3647,Acyl Coenzyme A:Cholesterol O-Acyltransferase,Cholesterol metabolism,20652;223920,0.0,1.8189894035458565e-12
HMR_1665,Cholate Coenzyme A Ligase,"Transport, peroxisomal",26459;26458,-3.751665644813329e-12,1.1368683772161603e-12
IND3ACt,Transport of Indole-3-Acetate,"Transport, extracellular",,0.0,1.7053025658242404e-12
BILIRUBt2,Bilirubin transport via bicarbonate countertransport,"Transport, extracellular",101488,0.0,0.0
HMR_0306,Palmitoyl Coenzyme A Hydrolase,Fatty acid oxidation,171210;217700;12012;70025;171281;171282,0.0,1.8189894035458565e-12
HMR_0382,Palmitoyl Coenzyme A Hydrolase,Fatty acid oxidation,171210;217700;12012;70025;171281;171282,0.0,1.8189894035458565e-12
C12DCACOT,Thioesterification of Dodecanedioyl Coenzyme A for Release into Cytosol,Fatty acid oxidation,170789,0.0,1.8189894035458565e-12
HMR_3646,Acyl Coenzyme A:Cholesterol O-Acyltransferase,Cholesterol metabolism,20652;223920,0.0,1.8189894035458565e-12
NDPK1,Nucleoside-diphosphate kinase (ATP:GDP),Nucleotide interconversion,54369;171567;79059;18102;18103,-1000.0,1000.0
RE3176C,RE3176,Fatty acid oxidation,,0.0,3.865352482534945e-12
RE3628M,Dodecenoyl Coenzyme A Isomerase,Fatty acid oxidation,23986;13177;74147,-4.073778351691241e-12,0.0
PGMT,Phosphoglucomutase,Glycolysis/gluconeogenesis,66681;72157,336.3769352262575,336.37693522627643
CYSO,Cysteine oxidase,Taurine and hypotaurine metabolism,12583,0.0,1.5916157281026244e-12
HMR_0309,Long-Chain-Fatty-Acid Coenzyme A Ligase,Fatty acid synthesis,328845;216739;14081;26458;74205;433256;94180;50790,0.0,1.8189894035458565e-12
ORNt4m,Ornithine mitochondrial transport exchange with citruline,"Transport, mitochondrial",18408;83885,-1000.0,1000.0
HMR_3650,Acyl Coenzyme A:Cholesterol O-Acyltransferase,Cholesterol metabolism,20652;223920,0.0,1.8189894035458565e-12
UGALNACtg,UDP-GalNAc Golgi transport via CMP antiport,"Transport, golgi apparatus",22232,-2.0479455451234147e-12,0.0
r0009,Pyrophosphate phosphohydrolase EC:3.6.1.1,Purine catabolism,67895;74776;76429,0.0,1.5916157281026244e-12
LNLNCACRNt,Transport into the mitochondria (carnitine),Fatty acid oxidation,57279,-1000.0,1000.0
HMR_0345,Long-Chain-Fatty-Acid Coenzyme A Ligase,Fatty acid synthesis,328845;216739;14081;26458;74205;433256;94180;50790,0.0,1.3642420526593924e-12
AMACR2p,Alpha-methylacyl-CoA racemase (reductase),Bile acid synthesis,17117,136.7480225556083,136.74802255575997
H2Ot,H2O transport via diffusion,"Transport, extracellular",11833;11826;11827;17339;11829;11830,-1000.0,1000.0
RE3167C,RE3167,Fatty acid oxidation,,0.0,0.0
PRAGSr,Phosphoribosylglycinamide synthase,Purine synthesis,14450,0.0,0.0
DHCRD1,Dihydroceramide desaturase,Sphingolipid metabolism,70059;13244,0.0,0.0
r0145,"L-Arginine, NADPH:Oxygen Oxidoreductase (Nitric-Oxide-Forming)",Arginine and proline metabolism,18125;18126;18127,0.0,1.8767210008263646e-12
HMR_2334,Very-Long-Chain 3-Oxoacyl Coenzyme A Reductase,Fatty acid synthesis,56348,0.0,1.1368683772161603e-12
SSALxm,"Succinate-semialdehyde:NAD+ oxidoreductase, mitochondria",Glutamate metabolism,214579,-1000.0,-999.9999999999848
EX_profvs_e,Exchnage reaction for des-isoproylpropionic-acid-fluvastatin in hepatic vein,Exchange/demand reaction,,0.0,4.604316927725449e-12
HMR_0981,Leukotriene-B4 20-Monooxygenase,Arachidonic acid metabolism,106648;320997;631304;72054;170716,0.0,0.0
UDPGALtg,UDP-Gal Golgi transport via CMP antiport,"Transport, golgi apparatus",22232,0.0,2.346567384847731e-12
PCHOLHEP_HSPLA2,Formation of 1-Heptadecanoylglycerophosphocholine by Phospholipase A2,Glycerophospholipid metabolism,66350;237625;329502;53357;18780;18783;18784;211429;26971,0.0,9.094947017729282e-13
EX_glygn4_e,"Glycogen, structure 4 (glycogenin-1,6-{2[1,4-Glc], [1,4-Glc]}) exchange",Exchange/demand reaction,,0.0,1.2423395645555502e-12
HMR_3108,Enoyl Coenzyme A Hydratase,Fatty acid oxidation,93747;97212,0.0,2.7284841053187847e-12
HMR_6595,1-Phosphatidylinositol-4-Phosphate 5-Kinase,Inositol phosphate metabolism,18719;18717;227733;18720,0.0,0.0
HMR_3246,3-Hydroxyacyl Coenzyme A Dehydrogenase,Fatty acid oxidation,15107;15108;97212,0.0,4.952482868247898e-12
NTD4l,"5'-nucleotidase (CMP), lysosome",Pyrimidine catabolism,11433;66659;11432;56318,0.0,1.9326762412674725e-12
HMR_2368,"Linoleoyl Coenzyme A, Ferrocytochrome B5:Oxygen Oxidoreductase (6, 7 Cis-Dehydrogenating)",Fatty acid synthesis,60527;56473;76267,0.0,6.235012506294879e-12
ETFQO,Electron transfer flavoprotein-ubiquinone oxidoreductase,Fatty acid oxidation,66841,0.0,1.737419097480597e-10
NTD9l,"5'-nucleotidase (GMP), lysosome",Purine catabolism,11433;66659;11432;56318,0.0,2.7284841053187847e-12
HMR_2773,Carnitine O-Acetyltransferase,"Transport, mitochondrial",12908;12896,-1.764372647521887e-12,0.0
PCHOLN2254_HSPLA2,"Formation of 1-Docosapentenoylglycerophosphocholine (Delta 4, 7, 10, 13, 16), Sn1-Lpc (22:5)-W6 by Phospholipase A2",Glycerophospholipid metabolism,66350;237625;329502;53357;18780;18783;18784;211429;26971,0.0,0.0
HMR_3636,Acyl Coenzyme A:Cholesterol O-Acyltransferase,Cholesterol metabolism,20652;223920,0.0,1.5916157281026244e-12
CHOLtu,Choline uniport,"Transport, extracellular",20520;20518,-1000.0,1000.0
MI134PP,"D-myo-Inositol 1,3,4-trisphosphate 1-phosphohydrolase",Inositol phosphate metabolism,16329,0.0,0.0
GSNt,Guanosine facilated transport in cytosol,"Transport, extracellular",13340;63959,-1000.0,900.0000000000043
UMPK5,UMP kinase (dATP),Nucleotide interconversion,66588,-1000.0,1000.0
GLCURtly,Glucuronate transport into lysososme,"Transport, lysosomal",235504,0.0,0.0
HMR_0240,HMR 0240,"Transport, extracellular",225579;14077;14080;12140;26457;11770;16592;16204;12491;26568;26569;75497;21884,0.0,0.0
r0403,"L-Tryptophan, Tetrahydrobiopterin:Oxygen Oxidoreductase (5-Hydroxylating)",Tetrahydrobiopterin metabolism,216343;21990,0.0,2.5295321393059567e-12
4HOXPACDOX_NADP,4HOXPACDOX LPAREN NADP RPAREN,Tyrosine metabolism,56847;67689;11670;73458;621603,0.0,2.0469621257089564e-12
HMR_2946,Long-Chain-Fatty-Acid Coenzyme A Ligase,Fatty acid synthesis,328845;216739;14081;26458;74205;433256;94180;50790,0.0,3.183231456205249e-12
HMR_2955,Long-Chain-Fatty-Acid Coenzyme A Ligase,Fatty acid synthesis,328845;216739;14081;26458;74205;433256;94180;50790,0.0,3.183231456205249e-12
HMR_0820,"Lactosylceramide Alpha-2, 3-Sialyltransferase",Glycosphingolipid metabolism,20454,0.0,3.486663227307311e-12
HMR_2659,Carnitine O-Acetyltransferase,"Transport, mitochondrial",12908;12896,-2.4686284762408053e-12,0.0
PTRCAT1,Putrescine acetyltransferase,Arginine and proline metabolism,69215;20229,0.0,1.8474111129762605e-12
HMR_3063,Enoyl Coenzyme A Hydratase,Fatty acid oxidation,74147,0.0,1.2789769243681803e-12
SMS1,"Sphingomyelin Synthase, Formation of Sm (D18:1/14:0)",Glycerophospholipid metabolism,208449;74442,0.0,3.865352482534945e-12
ACP1_FMN,Acid phosphatase (FMN),Vitamin B2 metabolism,11433;66659;56318;11431,0.0,0.0
PAN4PP,Phosphatase (pan4p),CoA catabolism,,0.0,0.0
RE2649C,Palmitoyl Coenzyme A Hydrolase,Bile acid synthesis,171281;217700;12012,-5.9117155615240335e-12,4.092726157978177e-12
GLCAT9g,Heparan glucuronyltransferase II,Chondroitin synthesis,14043;14042,0.0,0.0
r0450,L-2-Aminoadipate:2-oxoglutarate aminotransferase Lysine biosynthesis / Lysine degradation EC:2.6.1.39,Lysine metabolism,23923,0.0,5.229594535194337e-12
G14T2g,"Beta-N-acetylglucosaminylglycopeptide beta-1,4-galactosyltransferase, Golgi",Keratan sulfate synthesis,14595;57370;53418;56336,0.0,0.0
r0097,Acetate:CoA ligase (AMP-forming) Pyruvate metabolism EC:6.2.1.1,Miscellaneous,60525;68738,0.0,2.5721647034515627e-12
HMR_0302,Palmitoyl Coenzyme A Hydrolase,Fatty acid oxidation,171210;217700;12012;70025;171281;171282,0.0,2.3874235921539366e-12
FAOXC12DCTc,Transport of Dodecanedioyl Carnitine into Cytosol,Fatty acid oxidation,57279,-1.3737243132678556e-12,0.0
CSNATm,Carnitine O aceyltransferase  mitochondrial,Fatty acid oxidation,12908,-483.6340393469822,-483.6340393467248
UMPK2,UMP kinase (CTP),Nucleotide interconversion,66588,-1000.0,1000.0
RE1527M,3-Hydroxyacyl Coenzyme A Dehydrogenase,Fatty acid oxidation,15107;74147;15108;15488,0.0,3.202179262492185e-12
r0649_1,(5-Glutamyl)-Peptide:Amino-Acid 5-Glutamyltransferase Cyanoamino Acid Metabolism,Miscellaneous,207182;23887;71522;14598,0.0,7.958078640513122e-12
SQLEr,Squalene epoxidase  endoplasmic reticular  NADP,Cholesterol metabolism,20775,0.0,0.0
HMR_2634,HMR 2634,"Transport, mitochondrial",319800;30805;20517;57279;171405;236149;236293;214663;207151;434674,-1000.0,1000.0
PIK5,Phosphatidylinositol 5-kinase,Inositol phosphate metabolism,18719;18717;18720,0.0,0.0
r1174,EC:3.1.1.13,Miscellaneous,16889;12613,0.0,1.3642420526593924e-12
HMR_3635,Acyl Coenzyme A:Cholesterol O-Acyltransferase,Cholesterol metabolism,20652;223920,0.0,1.5916157281026244e-12
PRFGS,Phosphoribosylformylglycinamidine synthase,Purine synthesis,237823,0.0,0.0
HMR_2259,Very-Long-Chain 3-Oxoacyl Coenzyme A Synthase,Fatty acid synthesis,170439;74559;12686;54325;54326;68801;83603,0.0,2.22281452503618e-12
HMR_2736,Carnitine O-Palmitoyltransferase,Fatty acid oxidation,12894;12895;78070,0.0,9.594652049554395e-13
PEOLE_HSPLA2,Formation of 1-Oleoylglycerophosphoethanolamine (Delta 9) by Phospholipase A2,Glycerophospholipid metabolism,66350;237625;329502;53357;18780;18783;18784;211429;26971,0.0,0.0
r2122,Major Facilitator(MFS) TCDB:2.A.1.13.1,"Transport, extracellular",20501,-1000.0,1000.0
r2121,Major Facilitator(MFS) TCDB:2.A.1.13.1,"Transport, extracellular",20501,-1000.0,1000.0
HMR_7330,HMR 7330,"Transport, golgi apparatus",,0.0,0.0
PCREATtmdiffir,Phosphocreatine transport to/from mitochondria via diffusion,Urea cycle,,0.0,4.547473508864641e-12
4HATVLACthc,Uptake of 4-hydroxy-atorvastatin-lactone into hepatocytes,Drug metabolism,101488,-1000.0,1000.0
SERt2r,L serine reversible transport via proton symport,"Transport, extracellular",215335,0.0,1000.0
DURIK1,Deoxyuridine kinase (ATP:Deoxyuridine),Nucleotide interconversion,57813;21877,0.0,1000.0
R01803,R01803,Aminosugar metabolism,12764,0.0,3.637978807091713e-12
AMETt2m,"S-Adenosyl-L-methionine reversible transport, mitochondrial","Transport, mitochondrial",67582,-1000.0,1000.0
HMR_2537,Very-Long-Chain Enoyl Coenzyme A Reductase,Fatty acid synthesis,243078;106529,0.0,2.9558577807620168e-12
RE1834X,Palmitoyl Coenzyme A Hydrolase,Bile acid synthesis,171282;12012;170789,0.0,0.0
PCHOLN203_HSPLA2,"Formation of 1-Dihomo-Linolenoylglycerophosphocholine (20:3, Delta 8, 11, 14), Lysopc A C20:3 by Phospholipase A2",Glycerophospholipid metabolism,66350;237625;329502;53357;18780;18783;18784;211429;26971,0.0,1.2505552149377763e-12
HMR_3175,Enoyl Coenzyme A Hydratase,Fatty acid oxidation,93747;97212,0.0,3.751665644813329e-12
PYRt2,Pyruvate transport in via proton symport,"Transport, extracellular",20501;80879;20503,-1000.0,1000.0
GND,Phosphogluconate dehydrogenase,Pentose phosphate pathway,110208,0.0,5.7980287238024175e-12
HMR_1102,Carbonyl Reductase (NADPH),Leukotriene metabolism,109857;28200;12408,0.0,1000.0
r2094,Major Facilitator(MFS) TCDB:2.A.1.13.1,"Transport, extracellular",20501,-1000.0,1000.0
HMR_2965,Long-Chain-Fatty-Acid Coenzyme A Ligase,Fatty acid synthesis,328845;216739;14081;26458;74205;433256;94180;50790,0.0,1.8189894035458565e-12
HMR_3058,Enoyl Coenzyme A Hydratase,Fatty acid oxidation,74147,0.0,1.9781509763561188e-12
HMR_2434,Very-Long-Chain 3-Oxoacyl Coenzyme A Reductase,Fatty acid synthesis,56348,0.0,2.0463630789890885e-12
HMR_3099,Enoyl Coenzyme A Hydratase,Fatty acid oxidation,74147,0.0,4.240135327721314e-12
DESAT24_1,Fatty acyl-CoA desaturase (n-C24:5CoA -> n-C24:6CoA),Fatty acid synthesis,56473,0.0,4.4716822837168974e-12
S3T3g,Heparin-glucosamine 3-O-sulfotransferase,Chondroitin synthesis,628779;54710;328779;15478,0.0,0.0
XSERtg,Xyl-L-Ser (protein) transport from endoplasmic reticulum to Golgi apparatus,"Transport, golgi apparatus",,0.0,0.0
PCHOLN225_HSABCt,"Transport of 1-Docosapentenoylglycerophosphocholine (Delta 7, 10, 13, 16, 19), Sn1-Lpc (22:5)-W3","Transport, extracellular",54667;11982;54670;11303;18670,0.0,8.526512829121202e-13
DIHOLINETH,Formation of Dihomo-Gamma-Linolenoyl Ethanolamide,Glycerophospholipid metabolism,18805;18806,0.0,1.6768808563938364e-12
FACOAE140,Fatty-acid-CoA thioesterase (tetradecanoate),Fatty acid oxidation,171210;217700;12012;70025;171281;171282,0.0,1.9326762412674725e-12
GLCNACT5g,Alpha-N-acetylglucosaminyltransferase II,Chondroitin synthesis,54616;14043;56219;14042,0.0,0.0
r1380,Delta24-sterol reductase Biosynthesis of steroids EC:1.3.1.72,Cholesterol metabolism,74754,0.0,1.0089706847793423e-12
r1259,EC:6.2.1.3,Fatty acid oxidation,328845;74205;433256;50790;216739;14081;26458,0.0,2.1600499167107046e-12
r2261,Resistance-Nodulation-Cell Division (RND) TCDB:2.A.60.1.5,"Transport, extracellular",101488,0.0,1000.0
DHAAt1r,Dehydroascorbate transport (uniport),"Transport, extracellular",20527;20525;20528,-1.4376648020212694e-12,3.785771696129814e-11
HMR_1651,3-Hydroxyacyl Coenzyme A Dehydrogenase,Steroid metabolism,15107;15108;97212,0.0,1.3642420526593924e-12
RE3242C,RE3242,Fatty acid synthesis,,0.0,3.637978807091713e-12
L_LACt2r,L lactate reversible transport via proton symport,"Transport, extracellular",20501;12215;80879;20503;57274,-1000.0,1000.0
HMR_2668,Carnitine O-Acetyltransferase,"Transport, mitochondrial",12908;12896,-3.110147060527067e-12,0.0
3HLYTCL,3-Hydroxy-L-tyrosine carboxy-lyase,Tyrosine metabolism,13195,0.0,3.211653165635653e-12
PCHOLDEIC_HSPLA2,"Formation of 1-Eicosadienoylglycerophosphocholine (Delta 11, 14) by Phospholipase A2",Glycerophospholipid metabolism,66350;237625;329502;53357;18780;18783;18784;211429;26971,0.0,1.2505552149377763e-12
OCTDECCACT,Transport of Octadecenoyl Coenzyme A into Mitochondrial Matrix,Fatty acid oxidation,57279,0.0,0.0
HMR_0963,Glutathione Peroxidase,Arachidonic acid metabolism,11758;14775;14776;14778;14780;625249;67305;69590;75512,0.0,0.0
RE0915E,Alpha-Amylase,Starch and sucrose metabolism,11722;100043684;100043686;109959;100043688,-200.0,-199.9999999999901
TYROXDAc,Tyramine:oxygen oxidoreductase(deaminating)(flavin-containing) (cytosol),Tyrosine metabolism,17161;109731,0.0,2.2168933355715126e-12
MALTly,"Alpha-glucosidase, lysosomal",Starch and sucrose metabolism,14387,0.0,2.2737367544323206e-12
41R1H2MAE12BOOX,"4-[(1R)-1-Hydroxy-2-(methylamino)ethyl]-1,2-benzenediol:oxygen oxidoreductase(deaminating)(flavin-containing)",Tyrosine metabolism,17161;109731,0.0,3.069544618483633e-12
HMR_2712,HMR 2712,"Transport, mitochondrial",319800;30805;20517;57279;171405;236149;236293;214663;207151;434674,-1000.0000000000031,1000.0
r2102,Major Facilitator(MFS) TCDB:2.A.1.13.1,"Transport, extracellular",20501,-1000.0,1000.0
4AABUTNt,Diffusion of 4-Acetamidobutanoate,"Transport, extracellular",,-1.3204467313695585e-12,0.0
PEDH161_HSPLA2,"Formation of 1-Hexadecenoylglycerophosphoethanolamine (C16:1 Pe, Delta 9) by Phospholipase A2",Glycerophospholipid metabolism,66350;237625;329502;53357;18780;18783;18784;211429;26971,0.0,1.3642420526593924e-12
DADK,Deoxyadenylate kinase,Nucleotide interconversion,11636;78801;11639;229949;11637,-1000.0,1000.0
HMR_3629,Acyl Coenzyme A:Cholesterol O-Acyltransferase,Cholesterol metabolism,20652;223920,0.0,1.3642420526593924e-12
PCHOLDOC_HSABCt,Transport of 1-Docosahexaenoylglycerophosphocholine,"Transport, extracellular",54667;11982;54670;11303;18670,0.0,1.2505552149377763e-12
HMR_2288,Stearoyl Coenzyme A 9-Desaturase,Fatty acid synthesis,20249,0.0,0.0
HMR_3408,Enoyl Coenzyme A Hydratase,Fatty acid oxidation,231086;15107;15108;97212;229211;235674;11370;93747;11364;11363;52538,0.0,3.819877747446298e-12
HMR_3710,Steryl-Ester Acylhydrolase,Cholesterol metabolism,16889;12613,0.0,1.1368683772161603e-12
RDH1a,"Retinol dehydrogenase (all-trans,NADPH)",Vitamin A metabolism,242285;17252;108841;105014;77974;235033;98711,0.0,1000.0
HEPDECETH,Formation of Heptadecanoyl Thanolamide (C17:0),Glycerophospholipid metabolism,18805;18806,0.0,1.3528733688872308e-11
RE1520M,Enoyl Coenzyme A Hydratase,Fatty acid oxidation,93747;74147;97212;231086,0.0,3.789561257387201e-12
GCC2cm,Glycine cleavage complex  lipoamide   mitochondrial,"Glycine, serine, alanine, and threonine metabolism",68133;13382;104174;434437,0.0,513.7369671154416
LNELDCCPT2,Carnitine transferase,Fatty acid oxidation,12896,0.0,3.3878677641041578e-12
HISt4,L-histidine transport in via sodium symport,"Transport, extracellular",67760;56774,0.0,1000.0
r0355,Glycolysis / Glyconeogenesis EC:2.7.1.1,Glycolysis/gluconeogenesis,15275;212032;15277;103988,0.0,2.97652811489322e-12
HMR_2775,HMR 2775,"Transport, mitochondrial",319800;30805;20517;57279;171405;236149;236293;214663;207151;434674,0.0,0.0
GLPASE2,Glycogen phosphorylase (amyls -> glc-D),Starch and sucrose metabolism,110078;19309;110095,112.12564507542139,112.12564507542565
O2St,Superoxide anion transport via diffusion (extracellular),"Transport, extracellular",,-100.0,-99.99999999999655
PCHOL2PALM_HSPLA2,Formation of 2-Palmitoylglycerophosphocholine by Phospholipase A2,Glycerophospholipid metabolism,66350;237625;329502;53357;18780;18783;18784;211429;26971,0.0,3.751665644813329e-12
HMR_3110,Acetyl Coenzyme A C-Acyltransferase,Fatty acid oxidation,97212;52538;231086,0.0,3.296918293926865e-12
DIDECAETH,Formation of C12:0-Ethanolamide,Glycerophospholipid metabolism,18805;18806,0.0,1.1027623258996755e-11
NTD3,5'-nucleotidase (dCMP),Pyrimidine catabolism,107569;23959;70881;14913;230718;50773,0.0,0.0
HMR_7711,HMR 7711,"Transport, lysosomal",,0.0,5.026154930850393e-12
SMVthep,Uptake of simvastatin by hepatocytes,Drug metabolism,101488,-1000.0,1000.0
DESAT18_6,Fatty acyl-CoA desaturase (n-C18:1CoA -> n-C18:2CoA),Fatty acid synthesis,56473,0.0,5.314859663485549e-12
HMR_3203,Enoyl Coenzyme A Hydratase,Fatty acid oxidation,93747;97212,0.0,2.4842941098312076e-12
3M4HDXPAC,3-Methoxy-4-hydroxyphenylacetaldehyde:NAD+ oxidoreductase,Tyrosine metabolism,56847;67689;11670;73458;621603,0.0,3.069544618483633e-12
HMR_3116,Enoyl Coenzyme A Hydratase,Fatty acid oxidation,93747;97212,0.0,4.917305152628161e-12
ACONTm,Aconitate hydratase,Citric acid cycle,11429;11428,-1000.0,1000.0
EX_no_e,Nitric oxide exchange,Exchange/demand reaction,,0.0,3.0482283364108298e-12
C226CPT2,C226 transport into the mitochondria,Fatty acid oxidation,12896,0.0,2.2737367544323206e-12
FORtr,"FOR transporter, endoplasmic reticulum","Transport, endoplasmic reticular",,0.0,0.0
NAGLCAly,"N-acetylglucosaminidase, lysosomal",Keratan sulfate degradation,,0.0,0.0
HMR_2961,Long-Chain-Fatty-Acid Coenzyme A Ligase,Fatty acid synthesis,328845;216739;14081;26458;74205;433256;94180;50790,0.0,1.5916157281026244e-12
SPHK21c,Sphingosine kinase,Sphingolipid metabolism,56632;20698,0.0,0.0
HMR_3242,3-Hydroxyacyl Coenzyme A Dehydrogenase,Fatty acid oxidation,15107;15108;97212,0.0,2.7284841053187847e-12
C161CRN2t,C161 transport into the mitochondria,Fatty acid oxidation,57279,-1000.0,1000.0
HMR_3736,Steryl-Ester Acylhydrolase,Cholesterol metabolism,16889;12613,0.0,1.5916157281026244e-12
HMR_0434,Palmitoyl Coenzyme A Hydrolase,Fatty acid oxidation,171210;217700;12012;70025;171281;171282,0.0,1.5916157281026244e-12
C181CRNt,C181 transport into the mitochondria,Fatty acid oxidation,57279,-1000.0,1000.0
SUCCtp,"Succinate transporter, peroxisome","Transport, peroxisomal",,0.0,0.0
EX_ditp_e,EX ditp[e],Exchange/demand reaction,,-2.5011104298755527e-12,0.0
r0319,Propanoate:CoA ligase (AMP-forming) Propanoate metabolism EC:6.2.1.1 EC:6.2.1.17,Miscellaneous,380660;60525;68738,0.0,3.524291969370097e-12
HMR_0293,Long-Chain-Fatty-Acid Coenzyme A Ligase,Fatty acid synthesis,328845;216739;14081;26458;74205;433256;94180;50790,0.0,1.5916157281026244e-12
CMPSASn,"CMP sialic acid synthase, nuclear",Aminosugar metabolism,12764,0.0,6.480149750132114e-12
S23T4g,"Beta-galactoside alpha-2,3-sialyltransferase",Keratan sulfate synthesis,20443;20444;20442,0.0,0.0
HOCTDACBP,Transport of 3-Hydroxyoctadecenoylcoa from Mitochondria into the Cytosol,Fatty acid oxidation,13167,0.0,0.0
HMR_2354,Very-Long-Chain 3-Oxoacyl Coenzyme A Reductase,Fatty acid synthesis,56348,0.0,1.0231815394945443e-12
S3T2g,Heparin-glucosamine 3-O-sulfotransferase,Chondroitin synthesis,628779;195646;319415,0.0,0.0
PETHCT,Phosphoethanolamine cytidyltransferase,Glycerophospholipid metabolism,68671,0.0,2.3874235921539366e-12
GLCATg,"UDP-D-glucuronate:galactosylgalactosylxylose glucuronosyltransferase, Golgi apparatus",Chondroitin synthesis,76898;280645;72727,0.0,0.0
DAGK_hs,Diacylglycerol phosphate kinase (homo sapiens),Glycerophospholipid metabolism,110524;56077;320127;227333;110197;217480;380921;13139;104418,2.9948393965980813,2.994839396606068
r0548,Aldehyde:NADP+ oxidoreductase Phenylalanine metabolism EC:1.2.1.5,Miscellaneous,56847;67689;11670;73458;621603,0.0,1.3642420526593924e-12
DPCOAKm,Dephospho CoA kinase  mitochondrial,CoA synthesis,71743,0.0,9.094947017729282e-13
r0968,Postulated transport reaction,"Transport, endoplasmic reticular",,0.0,0.0
r1454,TCDB:2.A.1.13.5 TCDB:2.A.1.13.1,"Transport, mitochondrial",20501;20503,19.53543179366131,19.535431793679457
HMR_3230,Medium-Chain Acyl Coenzyme A Dehydrogenase,Fatty acid oxidation,11363;11370;11364;229211,-9.826806035562186e-12,5.502442945726216e-11
C02712te,"Transport of N-Acetylmethionine, Extracellular","Transport, extracellular",114644,-1.0118128557223827e-11,100.0
PHEACGLYsec,Secretion of Phenylacetylglycine,"Transport, extracellular",,0.0,1.700565614252507e-12
PE224_HSPLA2,"Formation of 1-Docosatetraenoyglycerophosphoethanolamine (22:4, Delta 7, 10, 13, 16) by Phospholipase A2",Glycerophospholipid metabolism,66350;237625;329502;53357;18780;18783;18784;211429;26971,0.0,7.048583938740194e-12
CRVSthc,Cerivastatin uptake by hepatocytes,Drug metabolism,101488,-1000.0,1000.0
r2107,Major Facilitator(MFS) TCDB:2.A.1.13.1,"Transport, extracellular",20501,-1000.0,1000.0
PROFVSCOAhc,Beta oxidation (4 cycles) & CYP oxidation of fluvastatin-CoA to des-isoproylpropionic-acid-fluvastatin-CoA in hepatocytes,Drug metabolism,69888;15488;74147;11430;235674;72303,0.0,2.9558577807620168e-12
HMR_2731,HMR 2731,"Transport, mitochondrial",319800;30805;20517;57279;171405;236149;236293;214663;207151;434674,-1000.0,1000.0
HMR_3645,Acyl Coenzyme A:Cholesterol O-Acyltransferase,Cholesterol metabolism,20652;223920,0.0,2.7426949600339867e-12
CLS_hs,Cardiolipin synthase (homo sapiens),Glycerophospholipid metabolism,66586,1.9966737781980828,1.9966737781980846
FAOXC13BRC11BRx,"Fatty Acid Beta Oxidation (C13Br->C11Br), Peroxisomal",Fatty acid oxidation,74147;80911;235674;15488,0.0,0.0
EX_diholineth_e,Exchange of Dihomo-Gamma-Linolenoyl Ethanolamide,Exchange/demand reaction,,0.0,0.0
r1671,Y+LAT2 Utilized transport,"Transport, extracellular",330836,-1000.0,1000.0
B3GALT41g,"Beta-1,3-galactosyltransferase 4",Sphingolipid metabolism,54218,-2.9558577807620168e-12,1.3568420702180595e-12
DOCOSACTDr,Transport of Docosanoic Acid by Diffusion,Fatty acid oxidation,,-1.8189894035458565e-12,0.0
CMPACNAtn,CMP-Sia nuclear export,"Transport, nuclear",,0.0,2.0747847884194925e-12
LNLCCPT1,Carnitine O-palmitoyltransferase,Fatty acid oxidation,12894;12895;78070,-1000.000000000002,3.456079866737127e-12
LTDCL,L-Tryptophan decarboxy-lyase,Tryptophan metabolism,13195,0.0,2.1032064978498966e-12
PEAR_HSPLA2,Formation of 1-Arachidonoyl-Sn-Glycero-3-Phosphoethanolamine by Phospholipase A2,Glycerophospholipid metabolism,66350;237625;329502;53357;18780;18783;18784;211429;26971,0.0,0.0
ALDD20x,"Aldehyde dehydrogenase (indole-3-acetaldehyde, NAD)",Tryptophan metabolism,56752;11671;19378;110695;11668,0.0,1.9895196601282805e-12
HMR_0597,Phosphatidate Phosphatase,Glycerophospholipid metabolism,381925;14245;67916;216152;50784;64899;71910;64898;229791;235044;19012,0.0,0.0
HPROb,L hydroxyproline reductase  NADP,Arginine and proline metabolism,69051;209027,-1000.0,1000.0
r2244,Resistance-Nodulation-Cell Division (RND) TCDB:2.A.60.1.5,"Transport, extracellular",101488,0.0,1000.0
AICART,Phosphoribosylaminoimidazolecarboxamide formyltransferase,Purine synthesis,108147,0.0,2.167781407108928e-12
HMR_2704,Carnitine O-Acetyltransferase,"Transport, mitochondrial",12908;12896,-1.1226575225009583e-12,5.338445439093376e-12
HMR_9804,HMR 9804,Propanoate metabolism,108841;70061;234309;114664;76668;105014;66065;74032;67861;98711;77337;80707;71412;13016;436008;14187;14979;77974;69772;11532;15484;53415;101502;83702;242285,-2.9558577807620168e-12,0.0
HMR_0243,HMR 0243,"Transport, extracellular",11303,0.0,2.0463630789890885e-12
HMR_0823,HMR 0823,Glycosphingolipid metabolism,26938;20448;20447;50935,0.0,1.7053025658242404e-12
HMGLm,Hydroxymethylglutaryl-CoA lyase,Cholesterol metabolism,208982;15356,0.0,3.865352482534945e-12
CHAT,Choline O-acetyltransferase,Glycerophospholipid metabolism,12647,583.634039346716,583.6340393470473
PE203_HSPLA2,"Formation of 1-Eicosatrienoylglycerophosphoethanolamine (Delta 11, 14, 17), Lpe (20:3) by Phospholipase A2",Glycerophospholipid metabolism,66350;237625;329502;53357;18780;18783;18784;211429;26971,0.0,0.0
CYTK12n,"Cytidylate kinase (dCMP,dCTP),nuclear",Nucleotide interconversion,66588,-1000.0,1000.0
r2086,Major Facilitator(MFS) TCDB:2.A.1.13.1,"Transport, extracellular",20501,-1000.0,1000.0
r0860,Utilized transport,Purine catabolism,,-1000.0,1000.0
TAURt4_2_r,TAURt4 LPAREN 2 RPAREN r,"Transport, extracellular",21366,-1000.0,1000.0
SMS16,"Sphingomyelin Synthase, Formation of Sm (D18:1/23:0)",Glycerophospholipid metabolism,208449;74442,0.0,4.709121981250064e-12
MALTSULtm,"Malate:thiosulfate antiport, mitochondrial","Transport, mitochondrial",27376,-1000.0,1000.0
DPGM,Diphosphoglyceromutase,Glycolysis/gluconeogenesis,56012;18648;12183,0.0,1.7053025658242404e-12
HOMOVALte,Transport of Homovanillate by Oat3,"Transport, extracellular",19879,0.0,0.0
RE3146R,Long-Chain-Fatty-Acid- Coenzyme A Ligase,Fatty acid oxidation,74205;433256;50790;216739;14081;26458,0.0,1.7195134205394424e-12
AGPAT1_1,1-Acylglycerol-3-Phosphate O-Acyltransferase 1,Triacylglycerol synthesis,68262;52123;67216;67512;102247;28169;55979,0.0,1.3713474800169934e-12
PACCOALm,"Phenylacetate Coenzyme A Ligase, Mitochondrial",Phenylalanine metabolism,,0.0,1.5695510110095551e-12
OCTDECE1CRNe,Transport of 3-Hydroxy-Octadecenoyl Carnitine into Extra Cellular Space,Fatty acid oxidation,,0.0,0.0
VACCCPT2,Carnitine transferase,"Transport, mitochondrial",12908;12896,-2.2737367544323206e-12,2.869971374217926e-12
HMR_3725,Steryl-Ester Acylhydrolase,Cholesterol metabolism,16889;12613,0.0,2.0463630789890885e-12
HMR_1637,Acyl Coenzyme A Oxidase,Bile acid synthesis,80911;11430,0.0,1.0231815394945443e-12
MLTHFte,Transport by Pcet into Extracellular Space,"Transport, extracellular",52466,0.0,1000.0
RE3165C,RE3165,Fatty acid oxidation,83603;170439;68801;54326,0.0,1.983764623207552e-12
HMR_3065,Acetyl Coenzyme A C-Acyltransferase,Fatty acid oxidation,17919;235674,0.0,1.3612032935884825e-12
PI5P4K,Phosphatidylinositol-5-phosphate 4-kinase,Inositol phosphate metabolism,224020;107650;84095,0.0,1.8189894035458565e-12
HMR_2540,Very-Long-Chain 3-Oxoacyl Coenzyme A Synthase,Fatty acid synthesis,170439;74559;12686;54325;54326;68801;83603,0.0,2.6627589022609754e-12
PEAMNO,Phenethylamine oxidase,Phenylalanine metabolism,17161;109731;237940;76507,0.0,4.746425474877469e-12
PEDH203_HSABCt,"Transport of 1-Dihomo-Linolenoylglycerophosphoethanolamine (20:3, Delta 8, 11, 14)","Transport, extracellular",50770;320940,0.0,0.0
CYTK3n,"Cytidylate kinase (dCMP,CTP),nuclear",Nucleotide interconversion,66588,-1000.0,1000.0
GTHPm,Glutathione peroxidase  mitochondria,Glutathione metabolism,625249;11757;14775,0.0,9.702461056804168e-12
ACACT1x,Acetyl-CoA:acetyl-CoA C-acetyltransferase,Cholesterol metabolism,110460;224530,0.0,8.526512829121202e-12
TAUPAT1c,Transport of taurine into the intestinal cells by PAT1,"Transport, extracellular",215335,0.0,1000.0
HMR_2265,Very-Long-Chain (3R)-3-Hydroxyacyl Coenzyme A Dehydratase,Fatty acid synthesis,67044;30963;70757;66775;57874,0.0,1.5802470443304628e-11
CORE2GTg,"Core 2 acetylglucosaminyltransferase, Golgi apparatus",O-glycan metabolism,14537;72077;218476,0.0,0.0
PCHOLN264_HSABCt,"Transport of 1-Lignocericylglycerophosphocholine (24:0), Lysopc A C24","Transport, extracellular",54667;11982;54670;11303;18670,0.0,9.094947017729282e-13
HMR_6975,HMR 6975,Lysine metabolism,234135;231051;84505;73251;107823;20937;192195;69188;208043;18193;225888;74729;208266;77683;232811;69726;235626;239122;75410;214162;67956;64707;381022;110147;233904,0.0,0.0
RE3012M,Aldehyde Dehydrogenase (NAD+),Eicosanoid metabolism,110695;11669;72535,0.0,0.0
DOCO13EFATP,Absorption Or Uptake of 13-Docosenoic Acid into Cells,Fatty acid oxidation,26459;225579;26568;26569;26457;26458,0.0,1.8189894035458565e-12
RE3189M,Acetyl Coenzyme A C-Acyltransferase,Fatty acid oxidation,97212;52538;231086,0.0,0.0
LDH_D,D-lactate dehydrogenase,Pyruvate metabolism,52815,99.99999999998914,100.00000000000955
LCADi_D,Lactaldehyde dehydrogenase,Pyruvate metabolism,56847;73458;621603;11671;56752;19378;11670;110695;11668;67689,0.0,2.9226225672534695e-12
CYTK8n,"Cytidylate kinase (CMP,dATP),nuclear",Nucleotide interconversion,66588,-1000.0,1000.0
FACOAL150,Fatty-acid--CoA ligase,Fatty acid oxidation,74205;50790;14081,0.0,2.2737367544323206e-12
LYSt5r,LYStiDF,"Transport, extracellular",11989;11987;69354;11988,0.0,1000.0
HMR_3446,"2, 4-Dienoyl Coenzyme A Reductase (NADPH)",Fatty acid synthesis,26378;67460,0.0,1.4779288903810084e-12
CSNATr,Carnitine O acetyltransferase,Fatty acid oxidation,12908,-1000.0,1000.0
HMR_3654,Acyl Coenzyme A:Cholesterol O-Acyltransferase,Cholesterol metabolism,20652;223920,0.0,2.4584778657299466e-12
CK_cho,ATP Creatine kinase,Urea cycle,76722;12716,0.0,4.092726157978177e-12
TRIODTHYt2,T3 transport via facilitated diffusion,"Transport, extracellular",20502,-1000.0,1000.0
HMR_2611,Carnitine O-Palmitoyltransferase,Fatty acid oxidation,12894;12895;78070,0.0,7.0912165028858e-12
HMR_2764,HMR 2764,"Transport, mitochondrial",319800;30805;20517;57279;171405;236149;236293;214663;207151;434674,-1000.0,1000.0
GALT2g,"UDP-D-galactose:galactosylxylose galactosyltransferase, Golgi apparatus",Chondroitin synthesis,117592,0.0,0.0
MINOHPtn,Inositol hexakisphosphate nuclear transport  diffusion,"Transport, nuclear",,0.0,0.0
PEOLE_HSABCt,Transport of 1-Oleoylglycerophosphoethanolamine (Delta 9),"Transport, extracellular",50770;320940,0.0,0.0
HMR_2690,Carnitine O-Palmitoyltransferase,Fatty acid oxidation,12894;12895;78070,0.0,3.0027178358296585e-12
RE3006M,Acetyl Coenzyme A C-Acyltransferase,Fatty acid oxidation,97212;52538;231086,0.0,1.2278178473934531e-11
HMR_0241,Long-Chain-Fatty-Acid Coenzyme A Ligase,Fatty acid synthesis,328845;216739;14081;26458;74205;433256;94180;50790,0.0,1.5916157281026244e-12
HMR_3219,Enoyl Coenzyme A Hydratase,Fatty acid oxidation,93747;97212,0.0,3.619031000804777e-12
PCt,Phosphatidylcholine transporter,"Transport, extracellular",11303;18670,0.0,1.4779288903810084e-12
HMR_6977,S-Adenosyl-L-Methionine:Cytochrome-C-L-Lysine N6-Methyltransferase,Lysine metabolism,234135;231051;84505;73251;107823;20937;192195;69188;208043;18193;225888;74729;208266;77683;232811;69726;235626;239122;75410;214162;67956;64707;381022;110147;233904,0.0,0.0
HMR_0642,Phospholipase D,Glycerophospholipid metabolism,18807;18805;104759;18806,0.0,0.0
HMR_3171,Enoyl Coenzyme A Hydratase,Fatty acid oxidation,93747;97212,0.0,3.524291969370097e-12
HMR_0854,"Alpha-N-Acetylneuraminate Alpha-2, 8-Sialyltransferase",Glycosphingolipid metabolism,20449,0.0,0.0
HMR_3128,Medium-Chain Acyl Coenzyme A Dehydrogenase,Fatty acid oxidation,11363;11370;11364;229211,0.0,1.6370904631912708e-11
r1435,Transport reaction,"Transport, mitochondrial",,0.0,358.46062274321616
PCHOLN261_HSPLA2,Formation of Lysopc A C26:1 (Delta 5) by Phospholipase A2,Glycerophospholipid metabolism,66350;237625;329502;53357;18780;18783;18784;211429;26971,0.0,3.353761712787673e-12
CO2ter,CO2 endoplasmic reticular transport via diffusion,"Transport, endoplasmic reticular",,0.0,0.0
H2Otg,"H2O transport, Golgi apparatus","Transport, golgi apparatus",,0.0,2.2657431486550195e-12
HMR_3296,"2, 4-Dienoyl Coenzyme A Reductase (NADPH)",Fatty acid oxidation,26378;67460,0.0,2.9937533933358886e-12
GLXO1,Glyoxylate oxidase,Glyoxylate and dicarboxylate metabolism,52815;16833;54122;16828;16832;106557,0.0,2.7100881896000557e-12
2HATVACIDthc,Uptake of 2-hydroxy-atorvastatin-acid into hepatocytes,Drug metabolism,101488,-1000.0,1000.0
GLPASE1,Glycogen phosphorylase (glygn2 -> dxtrn),Starch and sucrose metabolism,110078;19309;110095,112.12564507542163,112.12564507542561
GAPD,Glyceraldehyde-3-phosphate dehydrogenase,Glycolysis/gluconeogenesis,14433;14447,1000.0,1000.0
ATVACIDOATPtu,Uptake of atorvastatin by enterocytes,Drug metabolism,101488,-1000.0,1000.0
EX_lineth_e,Exchange of Linoleoyl Ethanolamide,Exchange/demand reaction,,0.0,0.0
EX_trideceth_e,Exchange of Tridecanoyl Thanolamide (C13:0),Exchange/demand reaction,,0.0,0.0
ALR2,Aldose reductase (methylglyoxal),Pyruvate metabolism,11677;58810;110198,0.0,1000.0
ASP1DC,Aspartate 1-decarboxylase,Beta-Alanine metabolism,14415,0.0,4.092726157978177e-12
ADSL1r,Adenylsuccinate lyase,Nucleotide interconversion,11564,0.0,1.6674069532503684e-12
r2437,Mitochondrial Carrier (Mc) Tcdb:2.A.29.8.3,"Transport, mitochondrial",57279,-1000.0,1000.0
HMR_6580,1-Phosphatidylinositol-4-Phosphate 5-Kinase,Inositol phosphate metabolism,18719;18717;227733;18720,0.0,1.7053025658242404e-12
FOLOATPtc,Folate Transport by OATP,"Transport, extracellular",108096;101488,-1000.0,1000.0
ACGAMPM,Phosphoacetylglucosamine mutase,Aminosugar metabolism,109785,0.0,0.0
HMR_3177,Acetyl Coenzyme A C-Acyltransferase,Fatty acid oxidation,97212;52538;231086,0.0,2.8800665556142726e-12
NOS2_2,Nitric Oxide Synthase (No Forming),Arginine and proline metabolism,18125;18126;18127,0.0,2.3305801732931286e-12
HMR_3451,Acetyl Coenzyme A C-Acyltransferase,Fatty acid synthesis,97212;52538;231086,0.0,4.476419235288631e-12
HMR_3457,"2, 4-Dienoyl Coenzyme A Reductase (NADPH)",Fatty acid synthesis,26378;67460,0.0,2.084047168211043e-12
ACACT8p,Acetyl CoA acyltransferase  hexadecanoyl CoA   peroxisomal,Fatty acid oxidation,235674,0.0,1.6025698479505052e-12
RNDR2,Ribonucleoside-diphosphate reductase (GDP),Nucleotide interconversion,20133;20135;382985,0.0,1000.0
RE0570C,RE0570,Fatty acid synthesis,,0.0,3.0127011996228248e-12
UDPG4DOPA,Dopamine 4-O-Glucuronidation,Tyrosine metabolism,78923;269941;74241;234356;78752,0.0,4.511300424135037e-12
PHACCOAGLYACm,Glycine N-phenylacetyltransferase,Phenylalanine metabolism,107146,0.0,1.2908187510312735e-12
NACHEX25ly,"Beta-N-acetylhexosaminidase, lysosomal",Keratan sulfate degradation,15211;15212,0.0,0.0
DCK2n,"Deoxycytidine kinase, nuclear (UTP)",Nucleotide interconversion,13178,-1000.0,1000.0
KHK2,Ketohexokinase (D-xylulose),Glyoxylate and dicarboxylate metabolism,16548,0.0,0.0
HMR_3675,Acyl Coenzyme A:Cholesterol O-Acyltransferase,Cholesterol metabolism,20652;223920,0.0,2.3874235921539366e-12
HMR_3426,Enoyl Coenzyme A Hydratase,Fatty acid oxidation,231086;15107;15108;97212;229211;235674;11370;93747;11364;11363;52538,0.0,4.0017766878008846e-12
HMR_6397,Dihydrolipoyl Dehydrogenase,Lipoate metabolism,13382,0.0,100.0
EHGLATm,L erythro 4 Hydroxyglutamate2 oxoglutarate aminotransferase  mitochondrial,Arginine and proline metabolism,14719,0.0,4.888534022029489e-12
GLCNACT2g,Alpha-N-acetylglucosaminyltransferase II,Chondroitin synthesis,54616;14043;56219;14042,0.0,0.0
PAILAR_HSPLA2,Formation of 1-Arachidonoylglycerophosphoinositol by Phospholipase A2,Glycerophospholipid metabolism,66350;237625;329502;53357;18780;18783;18784;211429;26971,0.0,1.8189894035458565e-12
HMR_9647,HMR 9647,"Transport, extracellular",,0.0,0.0
HMR_3247,Acetyl Coenzyme A C-Acyltransferase,Fatty acid oxidation,97212;52538;231086,0.0,2.5011104298755527e-12
MLTHFte1,Transport by ABCa11 into Extracellular Space,"Transport, extracellular",12780;26357;27416;239273;18670;17250,0.0,0.0
DHCR72r,7-dehydrocholesterol reductase,Cholesterol metabolism,13360,0.0,0.0
HMR_3197,Acetyl Coenzyme A C-Acyltransferase,Fatty acid oxidation,97212;52538;231086,0.0,1.9782073539270452e-12
HMR_3678,Acyl Coenzyme A:Cholesterol O-Acyltransferase,Cholesterol metabolism,20652;223920,0.0,1.8189894035458565e-12
PI45P3K,"Phosphatidylinositol 4,5-bisphosphate 3-kinase",Inositol phosphate metabolism,23900;18706;30955;18707;18708;320207;18709;18710;74769,0.0,0.0
IPDDI,Isopentenyl-diphosphate D-isomerase,Squalene and cholesterol synthesis,320581;319554,-1000.0,0.0
SPHS1Pt2e,Export Mediated by ATP Binding Cassette (ABC) Transporters,"Transport, extracellular",11303;17250,0.0,0.0
FACOAE180,Fatty-acid-CoA thioesterase (octadecanoate),Fatty acid synthesis,171281;217700;12012,0.0,2.0463630789890885e-12
r2380,Mitochondrial Carrier (MC) TCDB:2.A.29.7.2,"Transport, mitochondrial",13358,-1000.0,1000.0
CGLYt3_2,Cys-Gly transport in via proton symport,"Transport, extracellular",57738,0.0,1000.0
ACNAMPH,N-Acetylneuraminate 9-phosphate phosphohydrolase,Aminosugar metabolism,11433;66659;67311,0.0,0.0
D_LACt2,D lactate transport via proton symport,"Transport, extracellular",20501;57274;80879;20503,99.99999999998653,100.0
GLCNACT4g,Alpha-N-acetylglucosaminyltransferase II,Chondroitin synthesis,54616;14043;56219;14042,0.0,0.0
BGAL3l,"Beta-Galactosidase, Lysosomal",Sphingolipid metabolism,12091,0.0,0.0
r0398,"NADPH:6,7-dihydropteridine oxidoreductase Folate biosynthesis EC:1.5.1.34",Tetrahydrobiopterin metabolism,110391,0.0,2.6645352591003757e-12
ETF,Electron transfer flavoprotein,Fatty acid oxidation,110842;110826,0.0,1.298303686780855e-10
FBA4,D-Fructose 1-phosphate D-glyceraldehyde-3-phosphate-lyase,Glyoxylate and dicarboxylate metabolism,230163;11674;11676,0.0,4.449773882697628e-12
RE3119C,RE3119,Fatty acid oxidation,,0.0,2.0463630789890885e-12
RE3161C,RE3161,Fatty acid oxidation,83603;170439;68801;54326,0.0,1.8337077887866013e-12
ADSK,Adenylyl-sulfate kinase,Nucleotide interconversion,23971;23972,0.0,0.0
RE3012R,Aldehyde Dehydrogenase (NAD+),Eicosanoid metabolism,11671;11670,-3.595346242946107e-12,0.0
r0318,Propanoate:CoA ligase (AMP-forming) Propanoate metabolism EC:6.2.1.1 EC:6.2.1.17,Miscellaneous,380660;60525;68738,0.0,1.8189894035458565e-12
HMR_2603,HMR 2603,"Transport, mitochondrial",319800;30805;20517;57279;171405;236149;236293;214663;207151;434674,-1.0610907264443164e-12,3.970354909041716e-12
SEBACACT,Activation of sebacic acidd,Fatty acid oxidation,,0.0,3.183231456205249e-12
HMR_3649,Acyl Coenzyme A:Cholesterol O-Acyltransferase,Cholesterol metabolism,20652;223920,0.0,2.0463630789890885e-12
EX_M01807_e,EX M01807[e],Exchange/demand reaction,,0.0,1.3528733688872308e-11
HMR_2670,HMR 2670,"Transport, mitochondrial",319800;30805;20517;57279;171405;236149;236293;214663;207151;434674,-3.4094208937555473e-12,0.0
CITt4_1,Citrate transport via sodium symport,"Transport, extracellular",13358;237831,0.0,1000.0
EX_4aabutn_e,Exchange of 4-Acetamidobutanoate,Exchange/demand reaction,,0.0,0.0
DESAT14_9,Desaturation of Myristic Acid to 9-Tetradecenoic Acid,Fatty acid synthesis,56473,0.0,1.4779288903810084e-12
HMR_2862,Carnitine O-Acetyltransferase,"Transport, endoplasmic reticular",12908,-2.2737367544323206e-12,3.410605131648481e-12
HMR_0614,Ethanolaminephosphotransferase,Glycerophospholipid metabolism,99712;28042,0.0,0.0
FACOAL1831,Gamma-Linolenic acid:CoA ligase (AMP-forming),Fatty acid oxidation,328845;74205;433256;50790;216739;14081,0.0,3.410605131648481e-12
r2110,Major Facilitator(MFS) TCDB:2.A.1.13.1,"Transport, extracellular",20501,-1000.0,1000.0
HMR_2395,Very-Long-Chain 3-Oxoacyl Coenzyme A Synthase,Fatty acid synthesis,170439;74559;12686;54325;54326;68801;83603,0.0,2.5703883466121624e-12
2HBt2,2 hydroxybutyrate cotransport with proton,"Transport, extracellular",20501;80879;20503,-1000.0,1000.0
URIK1,Uridine kinase  ATPUridine,Pyrimidine synthesis,80914;22245;68556,0.0,909.1537336378258
GDRm,"Glutathione-disulfide reductase, mitochondria",Glutathione metabolism,14782,-1000.0,1.4779288903810084e-11
PAFHe,Platelet-activating factor acetylhydrolase,Glycerophospholipid metabolism,27226,0.0,1.5916157281026244e-12
HMR_2211,Very-Long-Chain 3-Oxoacyl Coenzyme A Synthase,Fatty acid synthesis,170439;74559;12686;54325;54326;68801;83603,0.0,0.0
SO4tl,Sulfate transport (lysosome),"Transport, lysosomal",,0.0,0.0
AG13T17g,"N-acetyllactosaminide beta-1,3-N-acetylglucosaminyltransferase, Golgi apparatus",Keratan sulfate synthesis,210004;231727;108902;53625;72297;232984;227327,0.0,0.0
HMR_1744,HMR 1744,"Transport, mitochondrial",,0.0,0.0
HPROxm,L hydroxyproline dehydrogenase  NAD   mitochondrial,Arginine and proline metabolism,69051;209027,-1000.0,3.751665644813329e-12
ELAIDCRNt,Transport into the mitochondria (carnitine),Fatty acid oxidation,57279,-1000.0000000000016,1000.0000000000061
r0444,Palmitoyl-CoA:L-carnitine O-palmitoyltransferase Fatty acid metabolism EC:2.3.1.21,Fatty acid oxidation,12894;12896,0.0,3.623423215756041e-12
HMR_3644,Acyl Coenzyme A:Cholesterol O-Acyltransferase,Cholesterol metabolism,20652;223920,0.0,1.5916157281026244e-12
HMR_3734,Steryl-Ester Acylhydrolase,Cholesterol metabolism,16889;12613,0.0,1.8189894035458565e-12
ACS,Acetyl-CoA synthetase,Glycolysis/gluconeogenesis,78894;60525,0.0,1.4779288903810084e-12
HMR_2945,Long-Chain-Fatty-Acid Coenzyme A Ligase,Fatty acid synthesis,328845;216739;14081;26458;74205;433256;94180;50790,0.0,1.5916157281026244e-12
r1170,EC:2.3.1.26,Miscellaneous,20652;223920,0.0,2.1600499167107046e-12
GPAM_hs_1,Glycerol-3-Phosphate Acyltransferase,Triacylglycerol synthesis,67216;14732,0.0,5.400124791776761e-13
MEVK1,Mevalonate kinase  atp,Squalene and cholesterol synthesis,17855,0.0,0.0
PEDH17_HSPLA2,Formation of 1-Heptadecanoylglycerophosphoethanolamine (C17:0 Pe) by Phospholipase A2,Glycerophospholipid metabolism,66350;237625;329502;53357;18780;18783;18784;211429;26971,0.0,0.0
HMR_3182,Medium-Chain Acyl Coenzyme A Dehydrogenase,Fatty acid oxidation,11363;11370;11364;229211,0.0,2.7249313916399842e-12
PGPPT,Phosphatidyl-CMP: glycerophosphate phosphatidyltransferase,Glycerophospholipid metabolism,74451,2.495756587399422,2.4957565873994243
HMR_2954,Long-Chain-Fatty-Acid Coenzyme A Ligase,Fatty acid synthesis,328845;216739;14081;26458;74205;433256;94180;50790,0.0,0.0
DOCTETETH,"Formation of Docosatetraenoyl Ethanolamide (22:4, Delta 7, 10, 13, 16)",Glycerophospholipid metabolism,18805;18806,0.0,6.536993168992922e-12
EICOSTETCPT2,Carnitine transferase,Fatty acid oxidation,12896,0.0,0.0
RDH3a,"Retinol dehydrogenase (11-cis,NADPH)",Vitamin A metabolism,17252;108841;105014;77974;242285,0.0,1000.0
PCHOLET_HSABCt,"Transport of 1-Eicosatrienoylglycerophosphocholine (Delta 11, 14, 17)","Transport, extracellular",54667;11982;54670;11303;18670,0.0,9.094947017729282e-13
r1670,Y+LAT2 Utilized transport,"Transport, extracellular",330836,-1000.0,1000.0
HMR_3406,Enoyl Coenzyme A Hydratase,Fatty acid oxidation,231086;15107;15108;97212;229211;235674;11370;93747;11364;11363;52538,0.0,3.995280297073935e-12
HMR_1280,Carbonyl Reductase (NADPH),Leukotriene metabolism,109857;28200;12408,-1000.0,1000.0000000000055
FORtm,Formate mitochondrial transport,"Transport, mitochondrial",,-1.582989720995418e-12,0.0
ACRNtp,Acetylcarnitine transport out of peroxisome,"Transport, peroxisomal",57279,-1000.0,1000.0
2HBO,2 HydroxybutyrateNAD oxidoreductase,Propanoate metabolism,16833;54122;16828;16832;106557,-19.535431793679543,-19.535431793662895
NEU22,"Sialidase, Cytosol (Neu2)",Sphingolipid metabolism,23956,0.0,1.5709670568348608e-12
NT5C,5'-nucleotidase,NAD metabolism,76952;107569;23959;70881;230718;50773,0.0,0.0
GLYALDDr,D-Glyceraldehyde dehydrogenase,Miscellaneous,11671;56752;110695;11669;72535,0.0,3.994930180287378e-12
GLUCYS,Gamma-glutamylcysteine synthetase,Glutathione metabolism,14629;14630,0.0,0.0
SQLSr,Squalene synthase,Cholesterol metabolism,14137,0.0,1000.0
HMR_8023,HMR 8023,"Transport, extracellular",,0.0,0.0
r1175,Sterol Esterase,Miscellaneous,16889;12613,0.0,1.7053025658242404e-12
HMGCOAR,Hydroxymethylglutaryl CoA reductase,Cholesterol metabolism,15357,0.0,500.0000000000026
RE3273C_1,Phospholipase D,Phosphatidylinositol phosphate metabolism,18806,-8.48560665130282,991.514393348711
HMR_3069,Acetyl Coenzyme A C-Acyltransferase,Fatty acid oxidation,17919;235674,0.0,9.094947017729284e-13
SK_octdececoa_c,Sink for Octadecenoyl Coenzyme A,Fatty acid oxidation,,0.0,0.0
FCLTm,Ferrochelatase  mitochondrial,Heme synthesis,14151,0.0,0.0
GALGT3,"Beta-1,4 N-acetylgalactosaminyltransferase",Sphingolipid metabolism,14421,0.0,0.0
HEXDECEETH,Formation of C16:1-Ethanolamide,Glycerophospholipid metabolism,18805;18806,0.0,0.0
MTHFDm,Methylenetetrahydrofolate dehydrogenase  NADP   mitochondrial,Folate metabolism,17768;108156;270685,-813.0021682345691,1000.0
HMR_3223,Enoyl Coenzyme A Hydratase,Fatty acid oxidation,93747;97212,-2.8066438062523957e-12,3.677678626414362e-12
PCHOLN205_HSABCt,"Transport of 1-Eicosapentenoylglycerophosphocholine (Delta 5, 8, 11, 14, 17), Sn1-Lpc (20:5)","Transport, extracellular",54667;11982;54670;11303;18670,0.0,1.0231815394945443e-12
HMR_3724,Steryl-Ester Acylhydrolase,Cholesterol metabolism,16889;12613,0.0,2.0463630789890885e-12
HMR_2967,Long-Chain-Fatty-Acid Coenzyme A Ligase,Fatty acid synthesis,328845;216739;14081;26458;74205;433256;94180;50790,0.0,2.3874235921539366e-12
HMR_2975,Long-Chain-Fatty-Acid Coenzyme A Ligase,Fatty acid synthesis,328845;216739;14081;26458;74205;433256;94180;50790,0.0,2.1600499167107046e-12
UPP3S,Uroporphyrinogen-III synthase,Heme synthesis,22276,0.0,0.0
HMR_3201,Acetyl Coenzyme A C-Acyltransferase,Fatty acid oxidation,97212;52538;231086,0.0,0.0
TRDR,Thioredoxin reductase (NADPH),Nucleotide interconversion,50493,999.9999999999753,1000.0
PCHOLN28_HSPLA2,Formation of Lysopc A C28:0 by Phospholipase A2,Glycerophospholipid metabolism,66350;237625;329502;53357;18780;18783;18784;211429;26971,0.0,3.183231456205249e-12
NAIt,Na+ / iodide cotransport,"Transport, extracellular",114479,-1000.0,1000.0
DURAD,Dihydrouracil dehydrogenase (NADP),Pyrimidine catabolism,99586,-483.634039346751,-483.6340393467275
6EPVSthc,Uptake of 6-epi-pravastatin by hepatocytes,Drug metabolism,101488,-1000.0,1000.0
SUBERCACT,Transport of suberyl carnitine into cytosol,Fatty acid oxidation,57279,-2.6147972675971687e-12,0.0
SMS3,"Sphingomyelin Synthase, Formation of Sm (D18:1/16:1)",Glycerophospholipid metabolism,208449;74442,0.0,4.709121981250064e-12
HACD9m,"(2S,3S)-3-hydroxy-2-methylbutanoyl-CoA:NAD+ oxidoreductase","Valine, leucine, and isoleucine metabolism",15107;74147;15108,0.0,2.6290081223123707e-12
PPPGOm,Protoporphyrinogen oxidase  mitochondrial,Heme synthesis,19044,0.0,0.0
RE3234C,RE3234,Fatty acid synthesis,,0.0,0.0
HMR_3431,Enoyl Coenzyme A Hydratase,Fatty acid oxidation,231086;15107;15108;97212;229211;235674;11370;93747;11364;11363;52538,0.0,1.8189894035458565e-12
PI34P5K,"Phosphatidylinositol 3,4-bisphosphate 5-kinase",Inositol phosphate metabolism,18719;18717;18720,0.0,1.6397140056002312e-12
HAtly,"Hyaluronan transport, extracellular to lysosome","Transport, lysosomal",,0.0,0.0
HMR_7329,"Alpha-1, 6-Mannosyl-Glycoprotein 4-Beta-N-Acetylglucosaminyltransferase",N-glycan metabolism,67569,0.0,0.0
HMR_0817,"Beta-Galactoside Alpha-2, 3-Sialyltransferase",Glycosphingolipid metabolism,20443;20444;20442,0.0,0.0
PI5P3K,Phosphatidylinositol-5-phosphate 3-kinase,Inositol phosphate metabolism,18704;225326;18705;240752;23900;18706;30955;18707;18708;320207;18709;18710;74769,0.0,1.8277345449090577e-12
HMR_2535,Very-Long-Chain (3R)-3-Hydroxyacyl Coenzyme A Dehydratase,Fatty acid synthesis,67044;30963;70757;66775;57874,0.0,2.0683015122197235e-12
r0047,Adenosine 5-monophosphate phosphohydrolase Purine metabolism EC:3.1.3.5,Purine catabolism,76952;107569;23959;70881;230718;103850;50773,0.0,4.0222378206231366e-12
HMR_7757,HMR 7757,"Transport, mitochondrial",13167,0.0,2.167592747991677e-12
ETHAK,Ethanolamine kinase,Glycerophospholipid metabolism,12660;75320;214253;12651,0.0,1.9984014443252818e-12
SERPT,Serine C palmitoyltransferase,Sphingolipid metabolism,228677;268656;20773,0.0,3.69004587579234e-12
FACOAL170,Fatty-acid--CoA ligase,Fatty acid oxidation,74205;50790;14081,0.0,2.1600499167107046e-12
r0641,(5-Glutamyl)-peptide:amino-acid 5-glutamyltransferase Arachidonic acid metabolism EC:2.3.2.2,Fatty acid oxidation,207182;23887;71522;14598,-900.0000000003811,1000.0
EX_dopa4glcur_e,Exchange of Dopamine 4-O-Glucuronide,Exchange/demand reaction,,0.0,1.724727200235785e-12
C4x,Esterification of Butyrylcoa to Butyrylcarnitine for Transport,"Transport, peroxisomal",74114,-1.5234036254696548e-11,5.26749014776821e-12
EX_M03131_e,EX M03131[e],Exchange/demand reaction,,-2.3387006617018152e-12,0.0
PCHOL2STE_HSABCt,Transport of 2-Stearoylglycerophosphocholine,"Transport, extracellular",54667;11982;54670;11303;18670,0.0,0.0
HMR_0433,Long-Chain-Fatty-Acid Coenzyme A Ligase,Fatty acid synthesis,328845;216739;14081;26458;74205;433256;94180;50790,0.0,1.8189894035458565e-12
PCm,Pyruvate carboxylase,Pyruvate metabolism,18563,752.0634232440211,752.0634232440595
HMR_0851,"Alpha-N-Acetylneuraminate Alpha-2, 8-Sialyltransferase",Glycosphingolipid metabolism,20449,-2.0008883439004423e-12,0.0
NOt,NO transport (diffusion),"Transport, extracellular",,-2.0659030042224913e-12,0.0
PCHOL2LINL_HSPLA2,Formation of 2-Linoleoylglycerophosphocholine by Phospholipase A2,Glycerophospholipid metabolism,66350;237625;329502;53357;18780;18783;18784;211429;26971,0.0,1.1368683772161603e-12
HMR_2859,Carnitine O-Acetyltransferase,"Transport, endoplasmic reticular",12908,-2.1600499167107046e-12,0.0
NTD9e,"5'-nucleotidase (GMP), extracellular",Nucleotide interconversion,23959;50773,0.0,8.668621376273222e-13
HMR_3100,3-Hydroxyacyl Coenzyme A Dehydrogenase,Fatty acid oxidation,74147;15488,0.0,4.7558993780209375e-12
RE2912M,Long-Chain-Fatty-Acid- Coenzyme A Ligase,Fatty acid oxidation,74205;433256;50790;216739;14081,0.0,4.774847184307873e-12
RBFK,Riboflavin kinase,Vitamin B2 metabolism,54391,0.0,2.5011104298755527e-12
G14T20g,"Beta-N-acetylglucosaminylglycopeptide beta-1,4-galactosyltransferase, Golgi",Keratan sulfate synthesis,14595;57370;53418;56336,0.0,0.0
HMR_2979,Long-Chain-Fatty-Acid Coenzyme A Ligase,Fatty acid synthesis,328845;216739;14081;26458;74205;433256;94180;50790,0.0,2.0463630789890885e-12
HMR_3243,Acetyl Coenzyme A C-Acyltransferase,Fatty acid oxidation,97212;52538;231086,0.0,3.537429279496116e-12
ASPT,L-aspartase,Glutamate metabolism,14194,0.0,5.7980287238024175e-12
HMR_3184,3-Hydroxyacyl Coenzyme A Dehydrogenase,Fatty acid oxidation,15107;15108;97212,0.0,2.348343741687131e-12
PIK4,Phosphatidylinositol 4-kinase,Glycerophospholipid metabolism,224020;107650;84095,0.0,0.0
ABTArm,"4-aminobutyrate transaminase, reversible (mitochondrial)",Glutamate metabolism,268860,-1000.0,-999.9999999999858
HMR_3117,3-Hydroxyacyl Coenzyme A Dehydrogenase,Fatty acid oxidation,15107;15108;97212,0.0,7.389644451905042e-12
HMR_2391,HMR 2391,Fatty acid synthesis,,0.0,3.183231456205249e-12
HMR_2218,Very-Long-Chain (3R)-3-Hydroxyacyl Coenzyme A Dehydratase,Fatty acid synthesis,67044;30963;70757;66775;57874,0.0,1.0813845640750125e-12
CYTK2_1,Adenylate kinase,Nucleotide interconversion,66588,-1000.0,1000.0
EX_ind3ac_e,EX ind3ac LPAREN e RPAREN,Exchange/demand reaction,,0.0,1.8189894035458565e-12
C6COAt,Esterification of Of Hexanoylcoa for Transport into Cytosol,"Transport, peroxisomal",74114,-1000.0,1000.0
PCHOLN204_HSPLA2,"Formation of 1-Eicosatetraenoylglycerophosphocholine (Delta 8, 11, 14, 17), Sn1-Lpc (20:4) by Phospholipase A2",Glycerophospholipid metabolism,66350;237625;329502;53357;18780;18783;18784;211429;26971,0.0,9.094947017729282e-13
LNELDCCPT1,Carnitine O-palmitoyltransferase,Fatty acid oxidation,12894;12895;78070,0.0,3.828845796532234e-12
r0357,Glycolysis / Glyconeogenesis EC:2.7.1.1,Fructose and mannose metabolism,15275;212032;15277,0.0,4.546567990701504e-12
ADPACDAc,Activation of adipic acid for formation of adipoyl carnitine,Fatty acid oxidation,,0.0,1.7053025658242404e-12
3ISPVSthc,Uptake of 3-alpha-iso-pravastatin by hepatocytes,Drug metabolism,101488,-1000.0,1000.0
HEXCCOAtx,Fatty acid intracellular transport,"Transport, peroxisomal",,0.0,0.0
FACOAL1821,Linoleic acid:CoA ligase (AMP-forming),Fatty acid oxidation,328845;50790;14081;74205,0.0,1.8189894035458565e-12
GGTAe2,Gamma glutamyltransferase,Glutathione metabolism,207182;23887;71522;14598,-100.0,900.0000000000185
FTHFLmi,Formate tetrahydrofolate ligase  mitochondrial irreversible,Folate metabolism,108156;270685,0.0,2.019439220640755e-12
HMR_2819,Carnitine O-Acetyltransferase,"Transport, endoplasmic reticular",12908,-1.8189894035458565e-12,0.0
FACOAE1829Z12Z,"Linoleoyl-CoA hydrolase (18:2(9Z,12Z))",Fatty acid oxidation,171210;217700;12012;70025;171281;171282,0.0,1.5518253349000588e-11
HMR_2609,HMR 2609,"Transport, mitochondrial",319800;30805;20517;57279;171405;236149;236293;214663;207151;434674,-1000.0,1000.0000000000048
HMR_3068,3-Hydroxyacyl Coenzyme A Dehydrogenase,Fatty acid oxidation,74147;15488,0.0,9.284425080598642e-13
LEUKTRC4t,Leukotriene C4 transport via bicarbonate countertransport,"Transport, extracellular",28253;101488,-1000.0,1000.0
EX_etoh_e,Ethanol exchange,Exchange/demand reaction,,-2.205524651799351e-11,0.0
r2112,Major Facilitator(MFS) TCDB:2.A.1.13.1,"Transport, extracellular",20501,-1000.0,1000.0
HMR_1742,3Alpha-Hydroxysteroid 3-Dehydrogenase (Si-Specific),Bile acid synthesis,83702,0.0,0.0
HMR_2365,HMR 2365,Fatty acid synthesis,60527;56473;76267,0.0,0.0
RE0576C_1,RE0576C,Fatty acid synthesis,,0.0,0.0
ACALDtm,Acetaldehyde mitochondrial diffusion,"Transport, mitochondrial",,-529.2172213716594,0.0
HMR_0260,Palmitoyl Coenzyme A Hydrolase,Fatty acid oxidation,171210;217700;12012;70025;171281;171282,0.0,3.671729587040318e-12
HMR_0193,Palmitoyl Coenzyme A Hydrolase,Fatty acid oxidation,171210;217700;12012;70025;171281;171282,0.0,1.5916157281026244e-12
EX_oleth_e,Exchange of Oleoyl Ethanolamide,Exchange/demand reaction,,0.0,1.530573303557435e-12
PPAer,"Inorganic diphosphatase, endoplasmic reticulum",Miscellaneous,14377;68401;14378,0.0,1.9326762412674725e-12
SBPP1,Sphinganine 1-phosphate phosphatase,Sphingolipid metabolism,50784;433323;81535;19012;67916,0.0,0.0
PCHOLN19_HSPLA2,"Formation of 1-NoNADecanoylglycerophosphocholine, Sn1-Lpc (19:0) by Phospholipase A2",Glycerophospholipid metabolism,66350;237625;329502;53357;18780;18783;18784;211429;26971,0.0,1.2119016901124275e-12
HMR_2374,HMR 2374,Fatty acid synthesis,,0.0,2.9795487976380935e-12
MTHFC,Methenyltetrahydrofolate cyclohydrolase,Folate metabolism,665563;108156,-716.9212454864278,-186.99783176562096
GMPtg,GMP transport (Golgi),"Transport, golgi apparatus",,-1.7053025658242404e-12,0.0
41R2A1H12BOOX,"4-[(1R)-2-Amino-1-hydroxyethyl]-1,2-benzenediol:oxygen oxidoreductase(deaminating)(flavin-containing)",Tyrosine metabolism,17161;109731,0.0,2.0463630789890885e-12
HMR_2686,Carnitine O-Acetyltransferase,"Transport, mitochondrial",12908;12896,-3.069544618483633e-12,4.6756479965695974e-12
RE3175C,RE3175,Fatty acid oxidation,,0.0,0.0
FUMm,Fumarase  mitochondrial,Citric acid cycle,14194,-1000.0,944.7236556280395
HMR_1738,"Cholest-5-Ene-3Beta, 7Alpha-Diol 3Beta-Dehydrogenase",Bile acid synthesis,101502,0.0,0.0
ARGSL,Argininosuccinate lyase,Alanine and aspartate metabolism,109900,0.0,1.8189894035458565e-12
HMR_0962,HMR 0962,"Transport, mitochondrial",,0.0,1.6295113406764965e-12
SBTD_D2,D sorbitol dehydrogenase  D fructose producing,Fructose and mannose metabolism,20322,-2.773958840407431e-12,5.277556169858144e-12
HMR_3224,3-Hydroxyacyl Coenzyme A Dehydrogenase,Fatty acid oxidation,15107;15108;97212,-2.2444268665822165e-12,2.441553387134124e-12
GCALDD,Glycolaldehyde dehydrogenase,Glyoxylate and dicarboxylate metabolism,56847;73458;621603;11671;56752;19378;11670;110695;11668;67689,0.0,1.8644641386345027e-12
GLYOX,Hydroxyacylglutathione hydrolase,Pyruvate metabolism,68977;14651,0.0,0.0
HMR_3663,Acyl Coenzyme A:Cholesterol O-Acyltransferase,Cholesterol metabolism,20652;223920,0.0,1.7053025658242404e-12
HMR_0207,HMR 0207,"Transport, extracellular",11303,0.0,0.0
HMR_3456,Medium-Chain Acyl Coenzyme A Dehydrogenase,Fatty acid synthesis,11363;11370;11364;229211,0.0,2.158531648097619e-12
HMR_0386,Palmitoyl Coenzyme A Hydrolase,Fatty acid oxidation,171210;217700;12012;70025;171281;171282,0.0,2.0463630789890885e-12
HMR_3186,Medium-Chain Acyl Coenzyme A Dehydrogenase,Fatty acid oxidation,11363;11370;11364;229211,0.0,1.1677119060863214e-12
SMS,Sphingomyelin synthase (homo sapiens),Sphingolipid metabolism,208449,0.0,2.994839396602808
CYTK14n,"Cytidylate kinase (dCMP,CTP),nuclear",Nucleotide interconversion,66588,-1000.0,1000.0
PE12_HSABCt,Transport of 1-Didecanoylglycerophosphoethanolamine (C12:0 Pe),"Transport, extracellular",50770;320940,0.0,0.0
HMR_3189,Acetyl Coenzyme A C-Acyltransferase,Fatty acid oxidation,97212;52538;231086,0.0,1.4662249090857423e-12
RE1531M,Acetyl Coenzyme A C-Acyltransferase,Fatty acid oxidation,97212;52538;231086,0.0,3.941143707682689e-12
S6T25g,"Heparan sulfate 6-sulfotransferase, Golgi apparatus",Chondroitin synthesis,50787;50785;50786,0.0,0.0
FUM,Fumarase,Citric acid cycle,14194,-1000.0,944.7236556280425
HMR_2675,Carnitine O-Palmitoyltransferase,Fatty acid oxidation,12894;12895;78070,-2.818416929628572e-12,5.9685589803848416e-12
HMR_2610,Carnitine O-Acetyltransferase,"Transport, mitochondrial",12908;12896,-1000.0000000000034,1000.0
HMR_3711,Steryl-Ester Acylhydrolase,Cholesterol metabolism,16889;12613,0.0,1.8189894035458565e-12
TYRTA,Tyrosine transaminase,Tyrosine metabolism,14718;234724,0.0,0.0
PDE4,"3',5'-cyclic-nucleotide phosphodiesterase",Nucleotide interconversion,207728;225600;18582;110855;18585;23984;18587;18588;18574;241489;18573;78600;242202;18575;18576;54611,0.0,1.5836221223253233e-12
ELAIDCPT2,Carnitine transferase,Fatty acid oxidation,12896,-1.4867303326639979e-12,4.353742223923145e-12
HMR_3194,Medium-Chain Acyl Coenzyme A Dehydrogenase,Fatty acid oxidation,11364;229211,0.0,1.8386659716130593e-12
EX_pendecaeth_e,Exchange of Pentadecanoyl Thanolamide (C15:0),Exchange/demand reaction,,0.0,1.5006662579253316e-11
HMR_3709,Steryl-Ester Acylhydrolase,Cholesterol metabolism,16889;12613,0.0,1.7053025658242404e-12
ECOAH9m,"Enoyl-coa hydratase, 3-Hydroxy-2-methylbutyryl-CoA forming","Valine, leucine, and isoleucine metabolism",93747;97212;231086,0.0,2.7071678232459817e-12
SALMCOM,S-Adenosyl-L-methionine:catechol O-methyltransferase,Tyrosine metabolism,69156;12846,0.0,2.1600499167107046e-12
HMR_3692,Steryl-Ester Acylhydrolase,Cholesterol metabolism,16889;12613,0.0,1.8189894035458565e-12
HMR_1321,HMR 1321,Eicosanoid metabolism,224024;67053,-1000.0,1000.0
3HPVSTETCOAitx,3HPVSTETCOAitx,Drug metabolism,,0.0,2.0463630789890885e-12
GLCt1,Glucose transport  uniport,"Transport, extracellular",435818;20527;170441;20528;117591;56017;353169;227659;20525;20526,-1000.0,1000.0
APAT2rm,3-Aminopropanoate:2-oxoglutarate aminotransferase (m),Beta-Alanine metabolism,268860,483.63403934673306,483.63403934674875
HMR_3666,Acyl Coenzyme A:Cholesterol O-Acyltransferase,Cholesterol metabolism,20652;223920,0.0,1.7053025658242404e-12
SMPD3l,"Sphingomyelin phosphodiesterase 3, neutral membrane (neutral sphingomyelinase II)",Sphingolipid metabolism,20597;58994,0.0,2.4487859438948927e-12
GALtly,Galactose efflux from lysosome,"Transport, lysosomal",,0.0,0.0
HMR_3712,Steryl-Ester Acylhydrolase,Cholesterol metabolism,16889;12613,0.0,1.3642420526593924e-12
NTD7l,"5'-nucleotidase (AMP), lysosome",Purine catabolism,11433;66659;11432;56318,0.0,3.0859933627689555e-12
C161CPT1,Carnitine O-palmitoyltransferase,Fatty acid oxidation,12894;12895;78070,-1000.0,1000.0
HMR_0758,Sphingosine N-Acyltransferase,Sphingolipid metabolism,241447;71949;93898;545975;67260;76893,0.0,0.0
r2120,Major Facilitator(MFS) TCDB:2.A.1.13.1,"Transport, extracellular",20501,-1000.0,1000.0
EX_lpam_e,Exchange of Lipoamide,Exchange/demand reaction,,0.0,100.0
HMR_3071,Enoyl Coenzyme A Hydratase,Fatty acid oxidation,74147,0.0,1.3500311979441904e-12
HMR_2776,Carnitine O-Acetyltransferase,"Transport, mitochondrial",12908;12896,-1.6926706949662832e-12,0.0
HMR_0853,"Alpha-N-Acetylneuraminate Alpha-2, 8-Sialyltransferase",Glycosphingolipid metabolism,20449,0.0,2.3874235921539366e-12
HMR_3703,Steryl-Ester Acylhydrolase,Cholesterol metabolism,16889;12613,0.0,1.3642420526593924e-12
PEPALM_HSPLA2,Formation of 1-Palmitoylglycerophosphoethanolamine by Phospholipase A2,Glycerophospholipid metabolism,66350;237625;329502;53357;18780;18783;18784;211429;26971,0.0,0.0
HMR_2739,Carnitine O-Palmitoyltransferase,Fatty acid oxidation,12894;12895;78070,0.0,1.0797489303329848e-12
HMR_3187,Enoyl Coenzyme A Hydratase,Fatty acid oxidation,93747;97212,0.0,2.110036845570607e-12
HMR_3630,Acyl Coenzyme A:Cholesterol O-Acyltransferase,Cholesterol metabolism,20652;223920,0.0,1.2505552149377763e-12
N2M2NMASNtly,"N2m2nmasn transport, extracellular to lysosome","Transport, lysosomal",,0.0,0.0
CSNAT2x,"Carnitine dimethyl nonanoyl transferase, revsible, peroxisomal",Fatty acid oxidation,12908;74114,-1000.0,1000.0
RE0926E,Alpha-Amylase,Starch and sucrose metabolism,11722;100043684;100043686;109959;100043688,-300.00000000000165,-299.99999999998835
HMR_1129,Alcohol Dehydrogenase,Leukotriene metabolism,11522;11532;76187;26876;11529;100417514,-1.7421484269770171e-12,2.9416469260468148e-12
ST3GAL21g,"CMP-N-acetylneuraminate-beta-galactosamide-alpha-2,3-sialyltransferase, Golgi apparatus",Sphingolipid metabolism,20444,0.0,0.0
r2087,Major Facilitator(MFS) TCDB:2.A.1.13.1,"Transport, extracellular",20501,-1000.0,1000.0
HMR_2669,Carnitine O-Palmitoyltransferase,Fatty acid oxidation,12894;12895;78070,0.0,1.989971940444423e-12
FACOAL244_1,Fatty-acid--CoA ligase,Fatty acid oxidation,14081,0.0,1.9326762412674725e-12
GALT,Galactose 1 phosphate uridylyltransferase,Galactose metabolism,14430,-1000.0,1000.0
CORE4GTg,"Core 4 beta6-GalNAc-transferase, Golgi apparatus",O-glycan metabolism,72077,0.0,0.0
SUCCCROT,Production of succinyl carnitine,Fatty acid oxidation,74114,0.0,1.1558161835030962e-12
HCO3_CLt,Bicarbonate transport (Cl-/HCO3- exchange),"Transport, extracellular",20535;240215;20536;20533,-1000.0,1000.0
DESAT18_9,"Linoleoyl-CoA, hydrogen-donor:oxygen oxidoreductase",Fatty acid synthesis,56473;76267,0.0,4.796163466380676e-12
HMR_3659,Acyl Coenzyme A:Cholesterol O-Acyltransferase,Cholesterol metabolism,20652;223920,0.0,1.5916157281026244e-12
HMR_3098,Acyl Coenzyme A Oxidase,Fatty acid oxidation,80911;11430,0.0,6.745419038149218e-12
THYMDtl,Thymidine facilated transport from lysosome,"Transport, lysosomal",71279,0.0,2.9203306439740118e-12
RE3226C,RE3226,Fatty acid synthesis,83603;170439;68801;54326,0.0,1.5916157281026244e-12
PCHOLN1836_HSPLA2,"Formation of 1-Octadeca-Trienoylglycerophosphocholine, Sn1-Lpc (18:3, Delta 6, 9, 12) by Phospholipase A2",Glycerophospholipid metabolism,66350;237625;329502;53357;18780;18783;18784;211429;26971,0.0,9.663381206337363e-13
r0817,Amino Acid-Polyamine-Organocation (APC) TCDB:2.A.3.3.2,"Transport, extracellular",11988,-1000.0,1000.0
HMR_9648,HMR 9648,"Transport, extracellular",,-100.0,0.0
HMR_3658,Acyl Coenzyme A:Cholesterol O-Acyltransferase,Cholesterol metabolism,20652;223920,0.0,1.5916157281026244e-12
HMR_2861,HMR 2861,"Transport, endoplasmic reticular",20520,-1.889834797803869e-12,1.5916157281026244e-12
HMR_2543,Very-Long-Chain Enoyl Coenzyme A Reductase,Fatty acid synthesis,243078;106529,0.0,0.0
RE3151C,RE3151,Fatty acid oxidation,83603;170439;68801;54326,0.0,3.4174658634791145e-12
HMR_1746,Cholestanetriol 26-Monooxygenase,Bile acid synthesis,104086,0.0,0.0
MDH,Malate dehydrogenase,Citric acid cycle,76668;17449,-1000.0,1000.0
ASCBt4,L-ascorbate transport via proton symport,"Transport, extracellular",54338;20522,-1000.0,1000.0
CRNtim,L carnitine transport out of mitochondria via diffusion,"Transport, mitochondrial",57279,-1000.0,1000.0
3HPVSTEThc,3HPVSTEThc,Drug metabolism,,0.0,2.3874235921539366e-12
HMR_2284,Stearoyl Coenzyme A 9-Desaturase,Fatty acid synthesis,20249,0.0,2.8800665556142726e-12
HMR_3429,Enoyl Coenzyme A Hydratase,Fatty acid oxidation,231086;15107;15108;97212;229211;235674;11370;93747;11364;11363;52538,0.0,2.2964741219766437e-12
ADNt,Adenosine facilated transport in cytosol,"Transport, extracellular",13340;63959,-1000.0,1000.0
C30CPT1,Production of propionylcarnitine,Fatty acid oxidation,12894;12895;78070,-1000.0,1000.0
HMR_6976,S-Adenosyl-L-Methionine:Cytochrome-C-L-Lysine N6-Methyltransferase,Lysine metabolism,234135;231051;84505;73251;107823;20937;192195;69188;208043;18193;225888;74729;208266;77683;232811;69726;235626;239122;75410;214162;67956;64707;381022;110147;233904,0.0,0.0
DDPGAm,"2-dehydro-3-deoxy-phosphogluconate aldolase, mitochondrial",Arginine and proline metabolism,,0.0,3.311129148642067e-12
HMR_0835,HMR 0835,Glycosphingolipid metabolism,14667,0.0,0.0
MLTHFte2,Transport by Rfc into Extracellular Space,"Transport, extracellular",20509,-1000.0,100.00000000000153
EX_phpyr_e,Exchange of Phenylpyruvate,Exchange/demand reaction,,-100.0,-99.9999999999734
UDPG3DOPA,Dopamine 3-O-Glucuronidation,Tyrosine metabolism,78923;269941;74241;234356;78752,0.0,1.8189894035458565e-12
NCKt,Na+/Ca2+-K+ exchange,"Transport, extracellular",238384;76376;214111;94249,-1000.0,1000.0
TMLYSOX,Trimethyllysine dioxygenase,Lysine metabolism,192289,0.0,0.0
PEDH15_HSPLA2,Formation of 1-Pentadecanoylglycerophosphoethanolamine (C15:0 Pe) by Phospholipase A2,Glycerophospholipid metabolism,66350;237625;329502;53357;18780;18783;18784;211429;26971,0.0,0.0
HMR_2944,Long-Chain-Fatty-Acid Coenzyme A Ligase,Fatty acid synthesis,328845;216739;14081;26458;74205;433256;94180;50790,0.0,1.8967050152696174e-12
RE3230C,RE3230,Fatty acid synthesis,,0.0,3.865352482534945e-12
HMR_0593,1-Acylglycerol-3-Phosphate O-Acyltransferase,Glycerophospholipid metabolism,218121;67469;67216;67512;28169;68262;52123;55979;225010,0.0,0.0
r1179,EC:3.1.1.13,Miscellaneous,16889;12613,0.0,1.7564616427989677e-11
HMR_1627,Cholate Coenzyme A Ligase,Bile acid synthesis,26459;26458,0.0,1.4779288903810084e-12
HMR_2942,Long-Chain-Fatty-Acid Coenzyme A Ligase,Fatty acid synthesis,328845;216739;14081;26458;74205;433256;94180;50790,0.0,2.0103918529912335e-12
UDPGLCAtg,UDPGlcA Golgi transport via UMP antiport,"Transport, golgi apparatus",,0.0,0.0
PCHOLN224_HSPLA2,"Formation of 1-Docosatetraenoylglycerophosphocholine (Delta 7, 10, 13, 16), Sn1-Lpc (22:4) by Phospholipase A2",Glycerophospholipid metabolism,66350;237625;329502;53357;18780;18783;18784;211429;26971,0.0,1.0231815394945443e-12
HMR_2681,Carnitine O-Palmitoyltransferase,Fatty acid oxidation,12894;12895;78070,0.0,2.9558577807620168e-12
RE1521M,Enoyl Coenzyme A Hydratase,Fatty acid oxidation,93747;74147;97212;231086,-1.2564046046059912e-11,3.0505968121966967e-12
HMR_3191,Enoyl Coenzyme A Hydratase,Fatty acid oxidation,93747;97212,0.0,0.0
EX_10fthf_e,10-Formyltetrahydrofolate exchange,Exchange/demand reaction,,0.0,100.0
C160CPT2,C160 transport into the mitochondria,Fatty acid oxidation,12894;12896,-1.546140993013978e-11,5.8477667153056245e-12
EX_o2s_e,Superoxide anion exchange,Exchange/demand reaction,,-100.0,-99.99999999999736
HMR_6549,"1-Phosphatidyl-1D-Myo-Inositol-3, 4-Bisphosphate 4-Phosphohydrolase",Inositol phosphate metabolism,234515;269180,0.0,0.0
BPNT,"3',5'-bisphosphate nucleotidase",Nucleotide interconversion,23827,-2.5231400712419478e-12,0.0
PCHOLN225_HSPLA2,"Formation of 1-Docosapentenoylglycerophosphocholine (Delta 7, 10, 13, 16, 19), Sn1-Lpc (22:5)-W3 by Phospholipase A2",Glycerophospholipid metabolism,66350;237625;329502;53357;18780;18783;18784;211429;26971,0.0,9.094947017729282e-13
Htmi,Htmi,"Transport, mitochondrial",74011;20523;22227;22228;22229,0.0,7.048583938740194e-11
G6PDH2er,Glucose 6 phosphate dehydrogenase  endoplasmic reticulum,Pentose phosphate pathway,100198;14381,-1000.0,1000.0
HMR_2999,Long-Chain-Fatty-Acid Coenzyme A Ligase,Fatty acid synthesis,328845;216739;14081;26458;74205;433256;94180;50790,0.0,1.5916157281026244e-12
HMR_2376,HMR 2376,Fatty acid synthesis,,0.0,2.6147972675971687e-12
ASNS1,Asparagine synthase (glutamine-hydrolysing),Alanine and aspartate metabolism,27053,0.0,1.7053025658242404e-12
HMR_2683,Carnitine O-Acetyltransferase,"Transport, mitochondrial",12908;12896,-3.1133451497299937e-12,0.0
G6PDH2r,Glucose 6-phosphate dehydrogenase,Pentose phosphate pathway,14381,-1000.0,8.185452315956354e-12
PUNP3,Purine-nucleoside phosphorylase (Guanosine),Purine catabolism,18950;667034,-3.865352482534945e-12,900.0000000000036
CTPS1,CTP synthase  NH3,Nucleotide interconversion,51797;55936,0.0,0.0
PIPLC,Phosphatidylinositol phospholipase C,Inositol phosphate metabolism,18798;18799;72469;18802;18803;227120;433022;234779;18797;269437;18795;18796;269615;74055;114875,0.0,1.6395773627664312e-12
HMR_0843,Ganglioside Galactosyltransferase,Glycosphingolipid metabolism,54218,-2.669167771013111e-12,0.0
GLUt2m,"Amino acid transporter (glu-L), mitochondrial","Transport, mitochondrial",68267;50799;71803;78830,487.2006745148342,887.200674515266
GMPR,GMP reductase,Nucleotide interconversion,105446;66355,-7.88102109316435,-7.8810210931335405
r2098,Major Facilitator(MFS) TCDB:2.A.1.13.1,"Transport, extracellular",20501,-1000.0,1000.0
FBA2,D Fructose 1 phosphate D glyceraldehyde 3 phosphate lyase,Fructose and mannose metabolism,230163;11674;11676,0.0,4.475671295566779e-12
SMS13,"Sphingomyelin Synthase, Formation of Sm (D18:0/24:1)",Glycerophospholipid metabolism,208449;74442,0.0,4.2543746303636e-12
r2108,Major Facilitator(MFS) TCDB:2.A.1.13.1,"Transport, extracellular",20501,-1000.0,1000.0
FVSCOAitx,FVSCOAitx,Drug metabolism,,0.0,1.3642420526593924e-12
HMR_0255,Long-Chain-Fatty-Acid Coenzyme A Ligase,Fatty acid synthesis,328845;216739;14081;26458;74205;433256;94180;50790,0.0,1.5916157281026244e-12
SMS5,"Sphingomyelin Synthase, Formation of Sm (D18:1/17:0)",Glycerophospholipid metabolism,208449;74442,0.0,4.709121981250064e-12
HMR_0324,Palmitoyl Coenzyme A Hydrolase,Fatty acid oxidation,171210;217700;12012;70025;171281;171282,0.0,1.3642420526593924e-12
TETDECAETH,Formation of C14:0-Ethanolamide,Glycerophospholipid metabolism,18805;18806,0.0,1.0913936421275139e-11
MI145PK,"Inositol-1,4,5-trisphosphate 3-kinase",Inositol phosphate metabolism,320404;228550;233011,0.0,1.6573317231829033e-12
TKT2,Transketolase,Pentose phosphate pathway,21881;74419;83553,-36.54808430407108,-36.54808430405592
R_group_phosphotase_1,R group phosphotase 1,Miscellaneous,,0.0,2.5011104298755527e-12
HMR_2293,Stearoyl Coenzyme A 9-Desaturase,Fatty acid synthesis,20249,0.0,4.950706511408498e-12
r2438,Mitochondrial Carrier (Mc) Tcdb:2.A.29.8.3,"Transport, mitochondrial",57279,-1000.0,1000.0
HCO3_NAt,Bicarbonate transport (Na/HCO3 cotransport),"Transport, extracellular",218756,-1000.0,1000.0
PTPATim,Panthetheine phosphate adenylyltransferase,CoA synthesis,71743,0.0,0.0
r1255,EC:6.2.1.3,Fatty acid oxidation,328845;74205;433256;50790;216739;14081;26458,0.0,1.8189894035458565e-12
EX_C02712_e,Exchange of N-Acetylmethionine,Exchange/demand reaction,,-1.1368683772161603e-11,100.0
RE0565C,RE0565,Fatty acid synthesis,83603;170439;68801;54326,0.0,2.6147972675971687e-12
PI3P5K,Phosphatidylinositol 3-phosphate 5-kinase,Inositol phosphate metabolism,18719;18717;18720,0.0,0.0
HMR_3073,Acetyl Coenzyme A C-Acyltransferase,Fatty acid oxidation,17919;235674,0.0,1.2583066451098062e-12
HMR_2963,Long-Chain-Fatty-Acid Coenzyme A Ligase,Fatty acid synthesis,328845;216739;14081;26458;74205;433256;94180;50790,0.0,2.0463630789890885e-12
C12DCACT,Activation of Dodecanedioic Acid,Fatty acid oxidation,,0.0,1.9326762412674725e-12
RNDR3,Ribonucleoside-diphosphate reductase (CDP),Nucleotide interconversion,20133;20135;382985,0.0,1000.0
HMR_2356,Very-Long-Chain Enoyl Coenzyme A Reductase,Fatty acid synthesis,243078;106529,0.0,1.7333309072837075e-12
r0363,Glycolysis / Glyconeogenesis EC:2.7.1.1,Aminosugar metabolism,15275;212032;15277,0.0,0.0
HMR_2219,Very-Long-Chain Enoyl Coenzyme A Reductase,Fatty acid synthesis,243078;106529,0.0,1.2505552149377763e-12
r0739,Alcohol dehydrogenase Bile acid biosynthesis EC:1.1.1.1,Bile acid synthesis,11522;11532;26876;11529;100417514,166.78387750792933,631.7455843686361
FACOAL204,Fatty-acid--CoA ligase,Fatty acid oxidation,328845;50790;14081;74205,0.0,1.9326762412674725e-12
PGLc,6-Phosphogluconolactonase,Pentose phosphate pathway,66171,0.0,4.206412995699793e-12
HMR_4079,Aldehyde Dehydrogenase (NAD+),Beta-Alanine metabolism,11671;56752;110695;11669;72535,0.0,5.5706550483591855e-12
FACOAE1836Z9Z12Z,"Gamma-Linolenoyl-CoA hydrolase (18:3(6Z,9Z,12Z))",Fatty acid oxidation,171210;217700;12012;70025;171281;171282,0.0,2.0463630789890885e-12
CE2537ATP,"Transport of 15-Hydroxy- (8Z, 11Z, 13E)-Eicosatrienoate, Active Transport","Transport, extracellular",,0.0,1.0800249583553523e-12
AHCi,Adenosylhomocysteinase,Methionine and cysteine metabolism,229709;269378,0.0,2.1600499167107046e-12
HCO3Em,HCO3 equilibration reaction,Miscellaneous,12352;56078,752.0634232440179,752.0634232440681
METAT,Methionine adenosyltransferase,Methionine and cysteine metabolism,108645;11720;232087,0.0,2.9558577807620168e-12
HMR_3706,Steryl-Ester Acylhydrolase,Cholesterol metabolism,16889;12613,0.0,1.5916157281026244e-12
HMR_3453,Enoyl Coenzyme A Hydratase,Fatty acid synthesis,93747;97212,0.0,2.306167606181624e-12
PCHOLMYR_HSPLA2,Formation of 1-Myristoylglycerophosphocholine by Phospholipase A2,Glycerophospholipid metabolism,66350;237625;329502;53357;18780;18783;18784;211429;26971,0.0,1.5916157281026244e-12
CARN140t_m,Tetradecanoyl-l-carnitine:carnitine antiport (Cytosol to mitochondira),"Transport, mitochondrial",319800;30805;20517;57279;171405;236149;236293;214663;207151;434674,-1000.0,1000.0
HMR_2602,Carnitine O-Palmitoyltransferase,Fatty acid oxidation,12894;12895;78070,-2.0548867584519107e-12,3.684087405751046e-12
HMR_2983,Long-Chain-Fatty-Acid Coenzyme A Ligase,Fatty acid synthesis,328845;216739;14081;26458;74205;433256;94180;50790,0.0,2.0463630789890885e-12
NTD4,5'-nucleotidase (CMP),Pyrimidine catabolism,76952;107569;23959;70881;230718;50773,0.0,2.1174173525650986e-12
HMR_0233,Long-Chain-Fatty-Acid Coenzyme A Ligase,Fatty acid synthesis,328845;216739;14081;26458;74205;433256;94180;50790,0.0,2.0463630789890885e-12
EX_lipoate_e,Lipoate exchange,Exchange/demand reaction,,-100.0,0.0
CYTK9,"Cytidylate kinase (CMP,dCTP)",Nucleotide interconversion,66588,-1000.0,1000.0
HMR_3115,Medium-Chain Acyl Coenzyme A Dehydrogenase,Fatty acid oxidation,11363;11370;11364;229211,0.0,2.426244484242515e-12
HMR_3225,Acetyl Coenzyme A C-Acyltransferase,Fatty acid oxidation,97212;52538;231086,-8.927262949364688e-13,4.8385982549059216e-12
r2514,Utilized transport,"Transport, endoplasmic reticular",,0.0,1.9326762412674725e-12
NADPPPS,NADP phosphatase,NAD metabolism,11433;100503991;56318;11431;101744;235534;66659,0.0,0.0
HMR_6755,Catechol O-Methyltransferase,Phenylalanine metabolism,791260;12846,-7.844391802791506e-12,0.0
PPA,Inorganic diphosphatase,Oxidative phosphorylation,67895;76429,0.0,1.5916157281026244e-12
HACD1x,(S)-3-Hydroxybutanoyl-CoA:NAD oxidoreductase,Tryptophan metabolism,74147;15488,0.0,0.0
HMR_1630,7Alpha-Hydroxycholest-4-En-3-One 12Alpha-Hydroxylase,"Transport, mitochondrial",13124,0.0,1.178939873519687e-12
PE14_HSABCt,Transport of 1-Myristoylglycerophosphoethanolamine (C14:0 Pe),"Transport, extracellular",50770;320940,0.0,2.1171739542395755e-12
HMR_2484,HMR 2484,Fatty acid synthesis,60527;56473;76267,0.0,2.7569058147491887e-12
EX_malthp_e,EX malthp LPAREN e RPAREN,Exchange/demand reaction,,99.9999999999961,100.0
C12DCTD,Transport of Dodecanedioic Acid by Diffusion,Fatty acid oxidation,,0.0,2.2737367544323206e-12
HMR_6647,Retinal:NAD+ Oxidoreductase,Vitamin A metabolism,11668;19378,0.0,1000.0
HMR_2217,Very-Long-Chain 3-Oxoacyl Coenzyme A Reductase,Fatty acid synthesis,56348,0.0,0.0
RE0935E,Alpha-Amylase,Starch and sucrose metabolism,11722;100043684;100043686;109959;100043688,-200.0,-199.99999999999525
PCHOLP_hs,Choline phosphatase,Glycerophospholipid metabolism,18805;18806,0.0,5.490767254698994
HMR_3640,Acyl Coenzyme A:Cholesterol O-Acyltransferase,Cholesterol metabolism,20652;223920,0.0,1.5916157281026244e-12
DOPABMO_1,Dopamine Beta-Monooxygenase,Tyrosine metabolism,13166;59012,0.0,1.9563609991261424e-12
CDSm,Phosphatidate cytidylyltransferase,Glycerophospholipid metabolism,110911;74596,0.0,7.73070496506989e-12
HEX1,Hexokinase (D-glucose:ATP),Glycolysis/gluconeogenesis,15275;15277;216019;212032;103988,0.0,5.566892540040821e-12
RE3110C,RE3110,Fatty acid oxidation,83603;170439;68801;54326,0.0,3.1955046864950537e-12
HMR_2296,Stearoyl Coenzyme A 9-Desaturase,Fatty acid synthesis,20249,0.0,6.870948254800169e-12
PCHOLN24_HSPLA2,"Formation of 1-Lignocericylglycerophosphocholine (24:0), Lysopc A C24 by Phospholipase A2",Glycerophospholipid metabolism,66350;237625;329502;53357;18780;18783;18784;211429;26971,0.0,1.4779288903810084e-12
G14T5g,"Beta-N-acetylglucosaminylglycopeptide beta-1,4-galactosyltransferase, Golgi",Keratan sulfate synthesis,14595;57370;53418;56336,0.0,0.0
SERDGLYexR,D-Serine/Glycine reversible exchange,"Transport, extracellular",17254;53896,-1000.0,1000.0
EX_steeth_e,Exchange of Stearoyl Ethanolamide,Exchange/demand reaction,,0.0,1.6143530956469476e-11
r1447,Acyl-CoA Oxidase,Fatty acid oxidation,80911;11430,0.0,2.452793523843866e-11
4MOPt2im,4-methyl-2-oxopentanoate mitochondrial transport  via proton symport,"Transport, mitochondrial",,0.0,1000.0
TMNDNCCPT2,Carnitine transferase,Fatty acid oxidation,12896,-4.07972745442404e-12,7.73070496506989e-12
HMR_0329,HMR 0329,"Transport, extracellular",11303,0.0,0.0
HMR_2581,Prostaglandin-Endoperoxide Synthase,Fatty acid synthesis,19225;66411;19224,0.0,2.2950530365051236e-12
HMR_2344,Very-Long-Chain (3R)-3-Hydroxyacyl Coenzyme A Dehydratase,Fatty acid synthesis,67044;30963;70757;66775;57874,0.0,2.7424684838222093e-12
HMR_2620,Carnitine O-Palmitoyltransferase,Fatty acid oxidation,12894;12895;78070,0.0,3.818060852679394e-12
MEVK1x,Mevalonate kinase (atp),Cholesterol metabolism,17855,0.0,0.0
PTDCACRNt,Pentadecanoate transport into the mitochondria,Fatty acid oxidation,57279,-1000.0,1000.0
r2090,Major Facilitator(MFS) TCDB:2.A.1.13.1,"Transport, extracellular",20501,-1000.0,1000.0
HPDECEtm,"Transport of Trans-Delta-2-Heptadecanoic Acid, Mitochondrial","Transport, mitochondrial",22227,0.0,1.1442919093376518e-12
DEOXFVStev,Exit of deoxy-fluvastatin-dinor into hepatic vein for excretion in urine,Drug metabolism,,99.99999999999383,100.0
NAt3_1,Sodium proton antiporter  HNA is 11,"Transport, extracellular",226999;20544;110895;105243;277973,-1000.0,1000.0
FACOAL160,Fatty acid  CoA ligase  hexadecanoate,Fatty acid oxidation,328845;74205;433256;50790;14081,0.0,2.8421709430404007e-12
LNS14DMr,Cytochrome P450 lanosterol 14-alpha-demethylase,Cholesterol metabolism,13121,0.0,0.0
HMR_3240,Medium-Chain Acyl Coenzyme A Dehydrogenase,Fatty acid oxidation,11363;11370;11364;229211,0.0,2.7424684838222093e-12
r2081,Major Facilitator(MFS) TCDB:2.A.1.13.1,"Transport, extracellular",20501,-1000.0,1000.0
HMR_2350,Very-Long-Chain Enoyl Coenzyme A Reductase,Fatty acid synthesis,243078;106529,0.0,2.2737367544323206e-12
DURIPP,Deoxyuridine phosphorylase,Nucleotide interconversion,76654;18950;667034,593.2782922589047,593.2782922589671
HMR_0672,Triacylglycerol Lipase,Glycerophospholipid metabolism,116939;67717;12613;67758;69060;16890;16891;66853;18946;231871;18947;15450;269060,0.0,2.4253192047278085e-12
RE3086X,Acyl Coenzyme A Oxidase,Fatty acid oxidation,80911;11430;93732,0.0,1.8189894035458565e-12
HMR_6584,"Phosphatidylinositol-3, 4, 5-Trisphosphate 3-Phosphatase",Inositol phosphate metabolism,19211;234129,0.0,2.0265797554301627e-12
HMR_2733,Carnitine O-Palmitoyltransferase,Fatty acid oxidation,12894;12895;78070,0.0,1.5226957116915641e-12
HMR_3739,Steryl-Ester Acylhydrolase,Cholesterol metabolism,16889;12613,0.0,2.2737367544323206e-12
HMR_3170,Medium-Chain Acyl Coenzyme A Dehydrogenase,Fatty acid oxidation,11363;11370;11364;229211,-1.9326762412674725e-12,2.7284841053187847e-12
HMR_2342,Very-Long-Chain 3-Oxoacyl Coenzyme A Synthase,Fatty acid synthesis,170439;74559;12686;54325;54326;68801;83603,0.0,3.6158981518979147e-12
LPAMtm,"Transport of Lipoamide, Mitochondrial","Transport, mitochondrial",,0.0,100.0
GTHOr,Glutathione oxidoreductase,Glutamate metabolism,14782,0.0,1000.0
CE6247t,"Transport of 5, 12, 20-Trihete, Active Transport","Transport, extracellular",,0.0,0.0
r2091,Major Facilitator(MFS) TCDB:2.A.1.13.1,"Transport, extracellular",20501,-1000.0,1000.0
TRPt,L-tryptophan transport,"Transport, extracellular",72472;234967,-1000.0,1000.0
NDP3ex,"Nucleoside-diphosphatase (GDP), extracellular",Nucleotide interconversion,72090;215446;76025;12495,0.0,1.2884508275116484e-12
HMR_3631,Acyl Coenzyme A:Cholesterol O-Acyltransferase,Cholesterol metabolism,20652;223920,0.0,1.9326762412674725e-12
HMR_3637,Acyl Coenzyme A:Cholesterol O-Acyltransferase,Cholesterol metabolism,20652;223920,0.0,2.1600499167107046e-12
FAOXC16DCC14DCx,"Fatty Acid Beta Oxidation (C16Dc->C14Dc), Peroxisomal",Fatty acid oxidation,11430;74147;15488;235674,0.0,1.3642420526593924e-12
RE3163C,RE3163,Fatty acid oxidation,,0.0,2.1023072462261478e-12
r2126,Major Facilitator(MFS) TCDB:2.A.1.13.1,"Transport, extracellular",20501,-1000.0,1000.0
S6T18g,"Galactose/N-acetylglucosamine 6-O-sulfotransferase, Golgi apparatus",Keratan sulfate synthesis,53374;76969,0.0,0.0
HMR_0811,Alpha-N-Acetylgalactosaminidase,Glycosphingolipid metabolism,17939,0.0,2.1600499167107046e-12
HMR_2980,Long-Chain-Fatty-Acid Coenzyme A Ligase,Fatty acid synthesis,328845;216739;14081;26458;74205;433256;94180;50790,0.0,1.9326762412674725e-12
HMR_0204,Long-Chain-Fatty-Acid Coenzyme A Ligase,Fatty acid synthesis,328845;216739;14081;26458;74205;433256;94180;50790,0.0,1.9326762412674725e-12
GLCNACT1g,"Alpha-N-acetylglucosaminyltransferase I, Golgi apparatus",Chondroitin synthesis,54616;58193,0.0,0.0
CYTK5n,"Cytidylate kinase (CMP),nuclear",Nucleotide interconversion,66588,-1000.0,1000.0
HMR_2691,HMR 2691,"Transport, mitochondrial",319800;30805;20517;57279;171405;236149;236293;214663;207151;434674,0.0,2.049898185414091e-12
FAEL204,Fatty-acyl-CoA elongation (n-C20:4CoA),Fatty acid synthesis,83603;170439;68801;54326,0.0,5.7411853049416095e-12
HMR_2347,Very-Long-Chain 3-Oxoacyl Coenzyme A Synthase,Fatty acid synthesis,170439;74559;12686;54325;54326;68801;83603,0.0,2.6432189770275727e-12
HMR_3057,Acyl Coenzyme A Oxidase,Fatty acid oxidation,80911;11430,0.0,2.4714018402643613e-12
2HCO3_NAt,Bicarbonate transport (Na/HCO3 1:2 cotransport),"Transport, extracellular",232156;54403,-1000.0,1000.0
HMR_3723,Steryl-Ester Acylhydrolase,Cholesterol metabolism,16889;12613,0.0,2.034994395216927e-11
CYTK7,"Cytidylate kinase (CMP,UTP)",Nucleotide interconversion,66588,-1000.0,1000.0
HMR_9667,HMR 9667,"Transport, golgi apparatus",,-100.0,0.0
r2100,Major Facilitator(MFS) TCDB:2.A.1.13.1,"Transport, extracellular",20501,-1000.0,1000.0
OPAH,5-Oxoproline amidohydrolase (ATP-hydrolysing) (ir),Glutathione metabolism,75475,0.0,2.1032064978498966e-12
RE3346M,Aldehyde Dehydrogenase (NAD+),Bile acid synthesis,110695;11669;72535,0.0,1000.0
HMR_3687,Steryl-Ester Acylhydrolase,Cholesterol metabolism,16889;12613,0.0,1.8189894035458565e-12
r0113,UDP-N-acetyl-D-glucosamine 2-epimerase Aminosugars metabolism EC:5.1.3.14,Aminosugar metabolism,50798,0.0,0.0
r2132,Major Facilitator(MFS) TCDB:2.A.1.13.1,"Transport, extracellular",20501,-1000.0,1000.0
HMR_1752,HMR 1752,"Transport, mitochondrial",,0.0,9.262893482545307e-13
CARN1829Z12Zt_m,"(9Z,12Z)-octadecadienoyl-l-carnitine:carnitine antiport (Cytosol to mitochondira)","Transport, mitochondrial",319800;30805;20517;57279;171405;236149;236293;214663;207151;434674,-1000.0,1000.0
PCHOLN19_HSABCt,"Transport of 1-NoNADecanoylglycerophosphocholine, Sn1-Lpc (19:0)","Transport, extracellular",54667;11982;54670;11303;18670,0.0,1.0231815394945443e-12
RE3430C_1,RE3430C,Eicosanoid metabolism,12408,-1.8189894035458565e-12,1000.0
PIter,"Phosphate transport, endoplasmic reticulum","Transport, endoplasmic reticular",14385,-1000.0,1000.0
G14T3g,"Beta-N-acetylglucosaminylglycopeptide beta-1,4-galactosyltransferase, Golgi",Keratan sulfate synthesis,14595;57370;53418;56336,0.0,0.0
HGNTOR,Homogentisateoxygen 1 2 oxidoreductase  decyclizing,Tyrosine metabolism,15233,0.0,0.0
ALDD2xm,Aldehyde dehydrogenase  acetylaldehyde  NAD   mitochondrial,Glycolysis/gluconeogenesis,11669;72535,0.0,529.2172213716813
RE3170C,RE3170,Fatty acid oxidation,83603;170439;68801;54326,-1.6513013179064728e-11,4.800973619458942e-12
HMR_3174,Medium-Chain Acyl Coenzyme A Dehydrogenase,Fatty acid oxidation,11363;11370;11364;229211,0.0,6.963318810448982e-12
S6T1g,"Galactose/N-acetylglucosamine 6-O-sulfotransferase, Golgi apparatus",Keratan sulfate synthesis,54371;26887;56773,0.0,0.0
HMR_3220,3-Hydroxyacyl Coenzyme A Dehydrogenase,Fatty acid oxidation,15107;15108;97212,-2.0037305148434825e-12,2.6147972675971687e-12
HCO3Ee,"HCO3 equilibration reaction, extracellular",Miscellaneous,12351;230099;12353;12354;12319;76459;12346;12349;23831;71934,-900.0000000000123,900.0000000000082
AG13T1g,"N-acetyllactosaminide beta-1,3-N-acetylglucosaminyltransferase, Golgi apparatus",Keratan sulfate synthesis,210004;231727;108902;53625;72297;232984;227327,0.0,0.0
UMPK2n,"UMP kinase (CTP),nuclear",Nucleotide interconversion,66588,-1000.0,1000.0
HMR_1740,Delta4-3-Oxosteroid 5Beta-Reductase,Bile acid synthesis,208665,0.0,9.166001291305292e-13
PCHOLOLE_HSABCt,Transport of 1-Oleoylglycerophosphocholine (Delta 9),"Transport, extracellular",54667;11982;54670;11303;18670,0.0,1.1368683772161603e-12
NTD12,5'-nucleotidase (dIMP),Nucleotide interconversion,18675;50773,0.0,2.0463630789890885e-12
RDH3,"Retinol dehydrogenase (11-cis,NADH)",Vitamin A metabolism,19682,-1000.0,0.0
GAL3ST12,Galactosylceramide sulfotransferase,Sphingolipid metabolism,53897,0.0,3.74235400722021e-12
HMR_3684,Steryl-Ester Acylhydrolase,Cholesterol metabolism,16889;12613,0.0,2.0463630789890885e-12
S6TASE24ly,"N-acetylglucosamine-6-sulfatase, lysosomal",Keratan sulfate degradation,75612,0.0,0.0
r2106,Major Facilitator(MFS) TCDB:2.A.1.13.1,"Transport, extracellular",20501,-1000.0,1000.0
FAOXC61x,"Isomerization (C6:1), Peroxisomal",Fatty acid oxidation,23986;74147,0.0,1.7053025658242404e-12
PCHOLN183_HSPLA2,"Formation of 1-Octadeca-Trienoylglycerophosphocholine, Sn1-Lpc (18:3, Delta 9, 12, 15) by Phospholipase A2",Glycerophospholipid metabolism,66350;237625;329502;53357;18780;18783;18784;211429;26971,0.0,9.094947017729282e-13
CDIPTr,Phosphatidylinositol synthase (Homo sapiens),Glycerophospholipid metabolism,52858,-4.492430365597508,-4.49243036559011
SK_cmpglna_c,Sink cmpglna[c],,,-1000.0,-999.9999999999771
r0743,Hydroxysteroid (17-beta) dehydrogenase 4 Bile acid biosynthesis EC:1.1.1.35,Bile acid synthesis,15488,0.0,7.560174708487466e-12
HMR_1532,"(2E, 6E)-Farnesyl Diphosphate Synthase",N-glycan metabolism,110196;14593,0.0,1000.0
CYTK12,"Cytidylate kinase (dCMP,dCTP)",Nucleotide interconversion,66588,-1000.0,1000.0
HMR_0261,HMR 0261,"Transport, extracellular",11303,0.0,1.7053025658242404e-12
HMR_2267,Very-Long-Chain 3-Oxoacyl Coenzyme A Synthase,Fatty acid synthesis,170439;74559;12686;54325;54326;68801;83603,0.0,1.4788135481034175e-12
KAT180_m,Beta-ketoacyl CoA thiolase (18:0),Fatty acid oxidation,97212;52538;231086,0.0,4.320099833421409e-12
AG13T3g,"N-acetyllactosaminide beta-1,3-N-acetylglucosaminyltransferase, Golgi apparatus",Keratan sulfate synthesis,210004;231727;108902;53625;72297;232984;227327,0.0,0.0
EX_34dhoxmand_e,"Exchange of 3,4-Dihydroxymandelate",Exchange/demand reaction,,0.0,1.8260948309034575e-12
FAEL184,Fatty-acyl-CoA elongation (n-C20:4CoA),Fatty acid synthesis,83603;170439;68801;54326,0.0,1.4779288903810084e-12
SCP3x,Peroxisomal thiolase 2,Bile acid synthesis,20280,0.0,6.686207143502543e-12
HMR_3003,Long-Chain-Fatty-Acid Coenzyme A Ligase,Fatty acid synthesis,328845;216739;14081;26458;74205;433256;94180;50790,0.0,2.0463630789890885e-12
LNELDCCRNt,Transport into the mitochondria (carnitine),Fatty acid oxidation,57279,-1000.0,1000.000000000002
ACACT9p,Acetyl CoA acyltransferase  tetracosanoyl CoA   peroxisomal,Fatty acid oxidation,235674,0.0,0.0
HMR_3424,Enoyl Coenzyme A Hydratase,Fatty acid oxidation,231086;15107;15108;97212;229211;235674;11370;93747;11364;11363;52538,0.0,1.1652900866465643e-12
r1254,Long-Chain-Fatty-Acid---Coa Ligase,Fatty acid oxidation,328845;74205;433256;50790;216739;14081;26458,0.0,2.418429093350741e-12
r1669,Y+LAT2 Utilized transport,"Transport, extracellular",330836,-1000.0,1000.0
r0686,L-1-Pyrroline-3-hydroxy-5-carboxylate:NADP+ oxidoreductase Arginine and proline metabolism EC:1.5.1.12,Arginine and proline metabolism,212647,0.0,3.0398527735051314e-12
HMR_6408,HMR 6408,"Transport, mitochondrial",,0.0,100.0000000000025
NAGA2ly,"N-acetylgalactosaminidase, alpha-",Keratan sulfate degradation,17939,0.0,0.0
HMR_3178,Medium-Chain Acyl Coenzyme A Dehydrogenase,Fatty acid oxidation,11363;11370;11364;229211,0.0,1.1243527961087885e-12
42A12BOOX,"4-(2-Aminoethyl)-1,2-benzenediol:oxygen oxidoreductase(deaminating)(flavin-containing)",Tyrosine metabolism,109731;11754;17161;237940;76507,0.0,3.081444453516379e-12
HMR_3407,Enoyl Coenzyme A Hydratase,Fatty acid oxidation,231086;15107;15108;97212;229211;235674;11370;93747;11364;11363;52538,0.0,8.607717713208071e-13
EX_HC02213_e,Prostaglandin-e3 exchange,Exchange/demand reaction,,0.0,2.3874235921539366e-12
HMR_3398,Enoyl Coenzyme A Hydratase,Fatty acid oxidation,231086;15107;15108;97212;229211;235674;11370;93747;11364;11363;52538,0.0,2.1373125491663814e-12
HMR_3713,Steryl-Ester Acylhydrolase,Cholesterol metabolism,16889;12613,0.0,1.3642420526593924e-12
DGAT,Diacylglycerol acyltransferase,Triacylglycerol synthesis,67800;13350,0.0,1.9326762412674725e-12
RE0575C,RE0575,Fatty acid synthesis,,0.0,8.526892652316212e-13
RNDR1,Ribonucleoside-diphosphate reductase (ADP),Nucleotide interconversion,20133;20135;382985,4.4999662762046455,1000.0
HMR_3626,Acyl Coenzyme A:Cholesterol O-Acyltransferase,Cholesterol metabolism,20652;223920,0.0,2.2453150450019166e-12
PCRNtm,Transport into the mitochondria from cytosol (carnitine),Fatty acid oxidation,57279,-1000.0,1000.0
r1262,EC:6.2.1.3,Fatty acid oxidation,328845;74205;433256;50790;216739;14081;26458,0.0,1.7337242752546445e-12
HMR_2343,Very-Long-Chain 3-Oxoacyl Coenzyme A Reductase,Fatty acid synthesis,56348,0.0,3.7385479327685266e-12
ACACt2,Acetoacetate transport via proton symport,"Transport, extracellular",20501;20503,-1000.0,1000.0
HMR_3241,Enoyl Coenzyme A Hydratase,Fatty acid oxidation,93747;97212,0.0,3.183231456205249e-12
HMR_3667,Acyl Coenzyme A:Cholesterol O-Acyltransferase,Cholesterol metabolism,20652;223920,0.0,1.7053025658242404e-12
r2434,Mitochondrial Carrier (Mc) Tcdb:2.A.29.8.3,"Transport, mitochondrial",57279,-1000.0,1.8189894035458565e-12
PCHOLN281_HSPLA2,Formation of Lysopc A C28:1 (Delta 5) by Phospholipase A2,Glycerophospholipid metabolism,66350;237625;329502;53357;18780;18783;18784;211429;26971,0.0,1.9610979506978765e-12
3MOXTYROX,3-Methoxytyramine:oxygen oxidoreductase (deaminating),Tyrosine metabolism,17161;109731,0.0,2.3874235921539366e-12
PI4P5K,Phosphatidylinositol 4-phosphate 5-kinase,Glycerophospholipid metabolism,18719;18720;108083;18711;18717;117150;18718,0.0,1.7053025658242404e-12
DCIm,Dodecenoyl-Coenzyme A delta isomerase,Fatty acid oxidation,23986;13177,-5.6843418860808015e-12,0.0
DCSPTN1CPT1,Carnitine O-palmitoyltransferase,Fatty acid oxidation,12894;12895;78070,0.0,1.0574829049972028e-12
HMR_3741,Steryl-Ester Acylhydrolase,Cholesterol metabolism,16889;12613,0.0,2.0179413695586845e-12
HMR_0849,"Lactosylceramide Alpha-2, 3-Sialyltransferase",Glycosphingolipid metabolism,20454;20446,0.0,1.9326762412674725e-12
UGLCNACtg,UDP-GlcNAc Golgi transport via CMP antiport,"Transport, golgi apparatus",70484,0.0,0.0
NTD7e,"5'-nucleotidase (AMP), extracellular",Nucleotide interconversion,23959;50773,0.0,3.061146607114869e-12
FAOXC11BRC9BRx,"Fatty Acid Beta Oxidation (C11Br->C9Br), Peroxisomal",Fatty acid oxidation,74147;80911;235674;15488,0.0,1.2773888155766783e-12
HMR_1126,Leukotriene-B4 20-Monooxygenase,Leukotriene metabolism,106648;320997;631304;72054;170716,0.0,1.2505552149377763e-12
EX_tetpent3_e,"Tetracosapentaenoic acid, n-3 exchange",Exchange/demand reaction,,-9.094947017729282e-13,0.0
r1252,EC:6.2.1.3,Fatty acid oxidation,328845;74205;433256;50790;216739;14081;26458,0.0,1.348587561573425e-12
ARACHETH,Formation of O-Arachidonoyl Ethanolamine,Glycerophospholipid metabolism,18805;18806,0.0,1.5916157281026244e-12
HMR_2741,Carnitine O-Acetyltransferase,"Transport, mitochondrial",12908;12896,-9.045822915577898e-13,0.0
HMR_2667,HMR 2667,"Transport, mitochondrial",319800;30805;20517;57279;171405;236149;236293;214663;207151;434674,-1000.0,1000.0
PELINL_HSABCt,"Transport of 1-Linoleoylglycerophosphoethanolamine (Delta 9, 12)","Transport, extracellular",50770;320940,0.0,1.3642420526593924e-12
NDPK8,Nucleoside-diphosphate kinase (ATP:dADP),Nucleotide interconversion,54369;171567;79059;18102;18103,-1000.0,1000.0
SCP21x,Sterol carrier protein 2,"Transport, peroxisomal",20280,-1.9326762412674725e-12,0.0
RE3174C,RE3174,Fatty acid oxidation,83603;170439;68801;54326,0.0,3.865352482534945e-12
AKGt4_3,AKG transport via sodium symport,"Transport, extracellular",114644,-1000.0,1000.0
ACOAO8p,Acyl CoA oxidase  octadecanoyl CoA   peroxisomal,Fatty acid oxidation,80911;11430,0.0,9.259827893912784e-13
C3STDH1Pr,C-3 sterol dehydrogenase (4-methylzymosterol),Cholesterol metabolism,18194,0.0,0.0
PE2LINL_HSABCt,Transport of 2-Linoleoylglycerophosphoethanolamine,"Transport, extracellular",50770;320940,0.0,1.5916157281026244e-12
HMR_2973,Long-Chain-Fatty-Acid Coenzyme A Ligase,Fatty acid synthesis,328845;216739;14081;26458;74205;433256;94180;50790,0.0,1.4779288903810084e-12
r1171,EC:2.3.1.26,Miscellaneous,20652;223920,0.0,1.1368683772161603e-12
A_MANASEly,"Alpha-mannosidase, lysosomal",N-glycan degradation,17159,0.0,0.0
PCHOLLINL_HSPLA2,"Formation of 1-Linoleoylglycerophosphocholine (Delta 9, 12) by Phospholipase A2",Glycerophospholipid metabolism,66350;237625;329502;53357;18780;18783;18784;211429;26971,0.0,9.094947017729282e-13
SALMCOM2,S-Adenosyl-L-methionine:catechol O-methyltransferase,Tyrosine metabolism,69156,0.0,0.0
CYSTA,Cysteine transaminase,Methionine and cysteine metabolism,14718,0.0,6.889422365929931e-11
DOPA3GLCURt,Dopamine 3-O-Glucuronide Transport,"Transport, extracellular",17250,0.0,0.0
HMR_3668,Acyl Coenzyme A:Cholesterol O-Acyltransferase,Cholesterol metabolism,20652;223920,0.0,1.4779288903810084e-12
NTD10,5'-nucleotidase (XMP),Nucleotide interconversion,76952;107569;23959;70881;230718;50773,0.0,3.637978807091713e-12
3HPVSCOAitx,3HPVSCOAitx,Drug metabolism,,0.0,1.8189894035458565e-12
FAOXC81C61x,"Fatty Acid Beta Oxidation (C8:1->C6:1), Peroxisomal",Fatty acid oxidation,11430;74147;15488;235674,0.0,1.910175721301736e-12
BETALDHx,Betaine-aldehyde dehydrogenase,"Glycine, serine, alanine, and threonine metabolism",110695,-1000.0,1000.0
CORE3GTg,"Core 3 beta-GlcNAc-transferase, Golgi apparatus",O-glycan metabolism,272411,0.0,1.5537201155287523e-12
HMR_0268,Palmitoyl Coenzyme A Hydrolase,Fatty acid oxidation,171210;217700;12012;70025;171281;171282,0.0,1.7053025658242404e-12
FAEL183,Fatty-acyl-CoA elongation (n-C18:3CoA),Fatty acid synthesis,83603;170439;68801;54326,0.0,1.7363080670210449e-12
ACOADH160_m,Acyl-CoA dehydrogenase (16:0),Fatty acid oxidation,11363;11370;11364;229211,0.0,2.7853275241795927e-11
ADNtl,Adenosine facilated transport from lysosome,"Transport, lysosomal",71279,0.0,0.0
P5CR,Pyrroline-5-carboxylate reductase,Arginine and proline metabolism,69051;66194;209027,231.58668187844376,631.5866818788384
Uritl,Uridine facilated transport from lysosome,"Transport, lysosomal",71279,0.0,1.3642420526593924e-12
NEU23,"Sialidase, Cytosol (Neu2)",Sphingolipid metabolism,23956,0.0,1.4779288903810084e-12
ADSL2r,Adenylosuccinate lyase,Purine synthesis,11564,0.0,1.3723032277963347e-12
HMR_3455,Acetyl Coenzyme A C-Acyltransferase,Fatty acid synthesis,97212;52538;231086,-6.924238959982176e-12,0.0
HMR_2735,Carnitine O-Acetyltransferase,"Transport, mitochondrial",12908;12896,-1.2526426179228692e-12,0.0
S23T2g,"Beta-galactoside alpha-2,3-sialyltransferase (core 2)",Keratan sulfate synthesis,20443;20444;20442,-1.886926014523001e-12,0.0
PEPALM,Formation of Palmitoylethanolamide,Glycerophospholipid metabolism,18805;18806,0.0,1.1368683772161603e-12
HMR_0242,Palmitoyl Coenzyme A Hydrolase,Fatty acid oxidation,171210;217700;12012;70025;171281;171282,0.0,1.1368683772161603e-12
RE3185M,RE3185M,Fatty acid oxidation,11363;66885;11364,0.0,8.655069936672173e-13
HMR_1737,24-Hydroxycholesterol 7Alpha-Hydroxylase,Bile acid synthesis,56050,0.0,0.0
DOPA4GLCURt,Dopamine 4-O-Glucuronide Transport,"Transport, extracellular",17250,0.0,0.0
CSNAT2m,"Carnitine O-aceyltransferase, mitochondrial",Fatty acid oxidation,12908,-1000.0,1000.0
GTHRDH_syn,Glutathione hydralase (periplasmic),Glutathione metabolism,207182;23887;71522;14598,-1000.0,0.0
HMR_0410,Palmitoyl Coenzyme A Hydrolase,Fatty acid oxidation,171210;217700;12012;70025;171281;171282,0.0,4.165778673332755e-12
r1260,EC:6.2.1.3,Fatty acid oxidation,328845;74205;433256;50790;216739;14081;26458,0.0,2.1600499167107046e-12
ACOAR4m,Trans-2-enoyl-CoA reductase (NADPH) (C10:0),Fatty acid oxidation,26922;111175,-6.934897101018578e-12,3.3367086871294305e-11
D_LACtm,D lactate transport  mitochondrial,"Transport, mitochondrial",20501,-1.2889245226688217e-11,0.0
HMR_7724,HMR 7724,"Transport, lysosomal",,0.0,2.7569058147491887e-12
RE3229C,RE3229,Fatty acid synthesis,,0.0,3.637978807091713e-12
HMR_0807,Beta-N-Acetylhexosaminidase,Glycosphingolipid metabolism,15211;238023;15212,0.0,1.9326762412674725e-12
HMR_3173,Acetyl Coenzyme A C-Acyltransferase,Fatty acid oxidation,97212;52538;231086,0.0,2.1600499167107046e-12
ORNt,Ornithine transport via diffusion,"Transport, extracellular",11989;11987;11988,0.0,1000.0
S6T16g,"Galactose/N-acetylglucosamine 6-O-sulfotransferase, Golgi apparatus",Keratan sulfate synthesis,54371;26887;56773,0.0,0.0
PPDOy,"Propane-1,2-diol:NADP+ 1-oxidoreductase",Pyruvate metabolism,11677;58810;110198,0.0,1000.0
ADPACTD,Transport into cytosol (diffusion),Fatty acid oxidation,,0.0,1.7053025658242404e-12
NDPK5,Nucleoside-diphosphate kinase (ATP:dGDP),Nucleotide interconversion,54369;171567;79059;18102;18103,-1000.0,1000.0
HMR_3198,Medium-Chain Acyl Coenzyme A Dehydrogenase,Fatty acid oxidation,11364;229211,0.0,1.235806414335222e-12
SMS15,"Sphingomyelin Synthase, Formation of Sm (D18:0/24:0)",Glycerophospholipid metabolism,208449;74442,0.0,4.2543746303636e-12
PEDH13_HSPLA2,Formation of 1-Tridecanoylglycerophosphoethanolamine (C13:0 Pe) by Phospholipase A2,Glycerophospholipid metabolism,66350;237625;329502;53357;18780;18783;18784;211429;26971,0.0,1.6695064560925592e-12
5HLTDL,5-Hydroxy-L-tryptophan decarboxy-lyase,Tryptophan metabolism,13195,0.0,5.7127635955112055e-12
STEETH,Formation of Stearoyl Ethanolamide,Glycerophospholipid metabolism,18805;18806,0.0,1.574562702444382e-11
FAOXC4C4DCc,Succ->C4Dcc,Fatty acid oxidation,12894;12895;78070,-1.5857480999139648e-12,0.0
GALNTg,"GalNAc transferase, Golgi apparatus",O-glycan metabolism,14423;14425;171212;14426;71685;108148;241391;207839;108150;230145;231605;231050;78754;271786,0.0,2.7379663659272478e-12
HMR_3428,Enoyl Coenzyme A Hydratase,Fatty acid oxidation,231086;15107;15108;97212;229211;235674;11370;93747;11364;11363;52538,0.0,3.694822225952521e-12
EX_acmana_e,N-Acetyl-D-mannosamine exchange,Exchange/demand reaction,,0.0,1.4495071809506044e-12
MALT,Alpha glucosidase,Starch and sucrose metabolism,232714;14387;76051,0.0,1.2298848808065734e-12
r1165,EC:2.3.1.26,Miscellaneous,20652;223920,0.0,1.5916157281026244e-12
EX_pheacgly_e,Exchange of Phenylacetylglycine,Exchange/demand reaction,,0.0,2.0747847884194925e-12
CDS,Phosphatidate cytidylyltransferase,Glycerophospholipid metabolism,110911;74596,0.0,1.9948487306464813e-12
ADPCOAPTE,Thioesterification of adipoyl coA for release into cytosol,Fatty acid oxidation,170789,0.0,2.2737367544323206e-12
ATP1ter,"ADP/ATP transporter, endoplasmic reticulum","Transport, endoplasmic reticular",,0.0,2.2758362572745114e-12
HMR_2817,HMR 2817,"Transport, endoplasmic reticular",20520,0.0,1.5916157281026244e-12
INSt,Inosine transport (diffusion),"Transport, extracellular",13340;63959,-1000.0,1000.0
2HATVLACthc,Uptake of 2-hydroxy-atorvastatin-lactone into hepatocytes,Drug metabolism,101488,-1000.0,1000.0
HMR_3633,Acyl Coenzyme A:Cholesterol O-Acyltransferase,Cholesterol metabolism,20652;223920,0.0,1.8189894035458565e-12
HMR_1644,"3Alpha, 7Alpha, 12Alpha-Trihydroxy-5Beta-Cholest-24-Enoyl Coenzyme A Hydratase",Steroid metabolism,15488,0.0,1.5057428425086374e-12
CYTK4n,"Cytidylate kinase (dCMP,GTP),nuclear",Nucleotide interconversion,66588,-1000.0,1000.0
NACHEX23ly,"Beta-N-acetylhexosaminidase, lysosomal",Keratan sulfate degradation,15211;15212,0.0,0.0
GACMTRc,Guanidinoacetate N-methyltransferase (c),Urea cycle,14431,0.0,2.0463630789890885e-12
HMR_3234,Medium-Chain Acyl Coenzyme A Dehydrogenase,Fatty acid oxidation,11363;11370;11364;229211,0.0,6.934897101018578e-12
NCNt,Na+/Ca2+-NH4+ exchange,"Transport, extracellular",76376;214111,-1000.0,1000.0
UAG2EMA,UDP-N-acetyl-D-glucosamine 2-epimerase (Hydrolysis),Aminosugar metabolism,50798,0.0,1.9753088054130785e-12
ACGALtly,N-acetyl-galactosamine lysosomal efflux,"Transport, lysosomal",,0.0,0.0
DMATTx,Dimethylallyltranstransferase,Cholesterol metabolism,110196,0.0,0.0
CYTK9n,"Cytidylate kinase (CMP,dCTP),nuclear",Nucleotide interconversion,66588,-1000.0,1000.0
RE3104C,RE3104,Fatty acid oxidation,,0.0,3.5924028844269464e-12
RE2992M,Dodecenoyl Coenzyme A Isomerase,Fatty acid oxidation,23986;13177;74147,0.0,3.149642163242044e-12
HMR_3185,Acetyl Coenzyme A C-Acyltransferase,Fatty acid oxidation,97212;52538;231086,0.0,1.6623486235790223e-12
CYTDK2,Cytidine kinase (GTP),Pyrimidine synthesis,75578;238024;74035;63828;215015,0.0,900.0000000000016
HMR_3195,Enoyl Coenzyme A Hydratase,Fatty acid oxidation,93747;97212,0.0,0.0
r2085,Major Facilitator(MFS) TCDB:2.A.1.13.1,"Transport, extracellular",20501,-1000.0,1000.0
HMR_7727,HMR 7727,"Transport, lysosomal",,0.0,2.5011104298755527e-12
RE3227C,RE3227,Fatty acid synthesis,,0.0,4.433786671143025e-12
CLPNDCPT1,Carnitine O-palmitoyltransferase,Fatty acid oxidation,12894;12895;78070,0.0,2.6147972675971687e-12
PSDm_hs,Phosphatidylserine decarboxylase,Glycerophospholipid metabolism,320951,0.0,0.0
r0360,Glycolysis / Glyconeogenesis EC:2.7.1.1,Fructose and mannose metabolism,15275;212032;15277,0.0,0.0
r2104,Major Facilitator(MFS) TCDB:2.A.1.13.1,"Transport, extracellular",20501,-1000.0,1000.0
PPPG9tm,Protoporphyrinogen IX mitochondrial transport,Heme synthesis,,0.0,0.0
PROt2r,L proline reversible transport via proton symport,"Transport, extracellular",215335;246049,-1000.0,1000.0
SUCOAS1m,Succinyl-CoA ligase (GDP-forming),Citric acid cycle,20917;56451,-1000.0,55.27634437198251
HMR_3064,3-Hydroxyacyl Coenzyme A Dehydrogenase,Fatty acid oxidation,74147;15488,0.0,1.210581756756808e-12
RE3231C,RE3231,Fatty acid synthesis,,0.0,3.964288797259012e-12
C204CPT2,Arachidonic acid transport into the mitochondria,Fatty acid oxidation,12896,-5.527067583078347e-12,0.0
PROFVSCOAitx,PROFVSCOAitx,Drug metabolism,,0.0,8.332468261919554e-13
FAOXC123C102x,"Fatty Acid Beta Oxidation (C12:3->C10:2), Peroxisomal",Fatty acid oxidation,74147;15488;235674,0.0,1.8937955026707353e-12
ADRNCPT1,Carnitine O-palmitoyltransferase,Fatty acid oxidation,12894;12895;78070,-3.410605131648481e-12,2.809930137316449e-12
r1450,Acyl-CoA Oxidase,Fatty acid oxidation,80911;11430,0.0,1.7280399333685637e-11
HMR_3176,3-Hydroxyacyl Coenzyme A Dehydrogenase,Fatty acid oxidation,15107;15108;97212,0.0,2.1385002010154397e-12
HMR_3717,Steryl-Ester Acylhydrolase,Cholesterol metabolism,16889;12613,0.0,0.0
HMR_0753,Ceramidase,Sphingolipid metabolism,66190;230379;11886;54447;171168,-3.296918293926865e-12,0.0
BILGLCURt,Bilirubin monoglucuronide transport via bicarbonate countertransport,"Transport, extracellular",28253;101488,-1000.0,1000.0
HMR_0839,HMR 0839,Glycosphingolipid metabolism,225742,0.0,0.0
HMR_0328,Palmitoyl Coenzyme A Hydrolase,Fatty acid oxidation,171210;217700;12012;70025;171281;171282,0.0,1.2505552149377763e-12
S6T17g,"Galactose/N-acetylglucosamine 6-O-sulfotransferase, Golgi apparatus",Keratan sulfate synthesis,54371;26887;56773,0.0,0.0
ST8SIA12,"Beta-galactoside alpha-2,3-sialyltransferase",Sphingolipid metabolism,20449,0.0,0.0
FACOAL181,Fatty acid  CoA ligase  octadecenoate,Fatty acid oxidation,328845;50790;14081;74205,0.0,1.5090136152151979e-12
UNK3,2-keto-4-methylthiobutyrate transamination,Methionine and cysteine metabolism,,0.0,9.650607567045763e-13
DNDPt38m,DUTP transport via dUDP antiport,"Transport, mitochondrial",67283,0.0,5.229594535194337e-12
HMR_2682,HMR 2682,"Transport, mitochondrial",319800;30805;20517;57279;171405;236149;236293;214663;207151;434674,-3.865352482534945e-12,0.0
RE3074X,Long-Chain-Fatty-Acid- Coenzyme A Ligase,Fatty acid oxidation,74205;433256;50790;216739;14081;26458,0.0,1.4387589474346803e-12
ACCOAtr,Acetyl-coa transport,"Transport, endoplasmic reticular",11416,-1000.0,1000.0
HMR_0678,Acylglycerol Kinase,Glycerophospholipid metabolism,69923,0.0,2.4046316459989247e-12
NICRNS,Nicotinate D-ribonucleotide synthase (ATP),NAD metabolism,,0.0,0.0
HMR_2697,Carnitine O-Acetyltransferase,"Transport, mitochondrial",12908;12896,0.0,0.0
HMR_3075,Enoyl Coenzyme A Hydratase,Fatty acid oxidation,74147,0.0,0.0
C110CPT2m,DMNONCRNCPT2,Fatty acid oxidation,,0.0,1.344502596258296e-12
UMPK3n,"UMP kinase (UTP),nuclear",Nucleotide interconversion,66588,-1000.0,1000.0
r2117,Major Facilitator(MFS) TCDB:2.A.1.13.1,"Transport, extracellular",20501,-1000.0,1000.0
LNSTLSr,Lanosterol synthase,Cholesterol metabolism,16987,0.0,0.0
r1182,EC:3.1.1.13,Miscellaneous,16889;12613,0.0,0.0
r0365,3-hydroxypropanoate:NAD+ oxidoreductase beta-Alanine metabolism / Propanoate metabolism EC:1.1.1.59,Propanoate metabolism,,0.0,4.320099833421409e-12
GRTTx,Geranyltranstransferase,Cholesterol metabolism,110196,0.0,0.0
LSTO1r,Lathosterol oxidase,Cholesterol metabolism,235293,0.0,8.597567102697212e-13
HMR_2260,Very-Long-Chain 3-Oxoacyl Coenzyme A Reductase,Fatty acid synthesis,56348,0.0,3.524291969370097e-12
PSP_L,Phosphoserine phosphatase (L-serine),"Glycine, serine, alanine, and threonine metabolism",100678,0.0,1.9895196601282805e-12
PMEVKx,Phosphomevalonate kinase,Cholesterol metabolism,68603,0.0,0.0
HMR_1565,Cholesterol:NADP+ Delta7-Oxidoreductase,Cholesterol metabolism,13360,0.0,9.14823772291129e-13
HMR_1760,Alpha-Methylacyl Coenzyme A Racemase,Bile acid synthesis,17117,0.0,0.0
34DHXMANDACOX_NADP,"3,4-Dihydroxymandelaldehyde:NADP+ oxidoreductase",Tyrosine metabolism,73458;621603;67689,0.0,2.1316282072803006e-12
UMPK,UMP kinase,Nucleotide interconversion,66588,-1000.0,1000.0
4HATVACIDthc,Uptake of 4-hydroxy-atorvastatin-acid into hepatocytes,Drug metabolism,101488,-1000.0,1000.0
EX_docteteth_e,"Exchange of Docosatetraenoyl Ethanolamide (22:4, Delta 7, 10, 13, 16)",Exchange/demand reaction,,0.0,4.774847184307873e-12
HMR_3413,Enoyl Coenzyme A Hydratase,Fatty acid oxidation,231086;15107;15108;97212;229211;235674;11370;93747;11364;11363;52538,0.0,1.659117287999834e-12
r1251,EC:6.2.1.3,Fatty acid oxidation,328845;74205;433256;50790;216739;14081;26458,0.0,2.0463630789890885e-12
RDH2,"Retinol dehydrogenase (9-cis,NADH)",Vitamin A metabolism,19682,-1000.0,0.0
HMR_3409,Enoyl Coenzyme A Hydratase,Fatty acid oxidation,231086;15107;15108;97212;229211;235674;11370;93747;11364;11363;52538,0.0,2.3353171248648627e-12
r0596,3-hydroxyisobutyryl-Coenzyme A hydrolase (mitochondrial),CoA synthesis,227095,0.0,4.2957383681953484e-12
PROFVShc,Thioesterase/ hydrolase for release of des-isoproylpropionic-acid-fluvastatin in hepatocytes,Drug metabolism,,0.0,3.610901066470338e-12
PE15_HSABCt,Transport of 1-Pentadecanoylglycerophosphoethanolamine (C15:0 Pe),"Transport, extracellular",50770;320940,0.0,0.0
r2115,Major Facilitator(MFS) TCDB:2.A.1.13.1,"Transport, extracellular",20501,-1000.0,1000.0
CYTDtl,Cytidine facilated transport from lysosome,"Transport, lysosomal",71279,0.0,1.8189894035458565e-12
FACOAE161,Fatty-acid-CoA thioesterase (hexadecenoate),Fatty acid oxidation,171210;217700;12012;70025;171281;171282,0.0,3.7071623190024965e-12
GLCAASE8ly,"Beta-glucuronidase, lysosomal",Hyaluronan metabolism,109685;110006,0.0,4.931166586175096e-12
PI45PLC,"Phosphatidylinositol 4,5-bisphosphate phospholipase C",Inositol phosphate metabolism,18798;18799;72469;18802;227120;18803;433022;234779;269437;18795;18796;269615;18797;74055;114875,0.0,4.993339075554104e-12
BAAT3x,Bile acid Coenzyme A: amino acid N-acyltransferase,Bile acid synthesis,12012,136.74802255562264,136.74802255578484
r1169,EC:2.3.1.26,Miscellaneous,20652;223920,0.0,1.3642420526593924e-12
ATVACIDMCTtu,Uptake of atorvastatin by enterocytes by MCT1,Drug metabolism,20501,-1000.0,1000.0
C14STRr,C-14 sterol reductase,Cholesterol metabolism,73166,0.0,1.577070420322544e-12
HMR_2679,HMR 2679,"Transport, mitochondrial",319800;30805;20517;57279;171405;236149;236293;214663;207151;434674,-1000.0,1000.0
PRAIS,Phosphoribosylaminoimidazole synthase,Purine synthesis,14450,0.0,0.0
r2125,Major Facilitator(MFS) TCDB:2.A.1.13.1,"Transport, extracellular",20501,-1000.0,1000.0
HMR_3648,Acyl Coenzyme A:Cholesterol O-Acyltransferase,Cholesterol metabolism,20652;223920,0.0,1.9468870959826745e-12
GLUNm,Glutaminase (mitochondrial),Glutamate metabolism,216456;14660,0.0,557.9053379100745
RE3186M,RE3186M,Fatty acid oxidation,11363;66885;11364,0.0,0.0
FUMAC,Fumarylacetoacetase,Tyrosine metabolism,14085,0.0,0.0
RE3225C,RE3225,Fatty acid synthesis,83603;170439;68801;54326,0.0,2.893203865740292e-12
HMR_2041,17Beta-Estradiol 17-Dehydrogenase,Steroid metabolism,15486;114664;14979;15490;56348;15485,0.0,1000.0
C181OHc,Production of 3-Hydroxyoctadecenoylcarnitinec,Fatty acid oxidation,12894;12895;78070,0.0,8.542282959993001e-13
HMR_0795,Sphingomyelin Phosphodiesterase,Sphingolipid metabolism,238011;77626;58994;20597;20598,0.0,1.3642420526593924e-12
PSERT,Phosphoserine transaminase,"Glycine, serine, alanine, and threonine metabolism",107272,0.0,0.0
RE3195M,Alpha-Methylacyl Coenzyme A Racemase,Fatty acid oxidation,17117,0.0,0.0
5HOXINDACTOX,5-Hydroxyindoleacetaldehyde:NAD+ oxidoreductase,Tryptophan metabolism,11671;56752;110695;11669;72535,-1.0203393685515039e-11,0.0
URIt,Uridine facilated transport in cytosol,"Transport, extracellular",13340;63959,-1000.0,900.0000000000025
FAOXC14C14OHm,"Fatty Acid Beta Oxidation (C14->C14Oh), Mitochondrial",Fatty acid oxidation,11370;97212,0.0,8.185452315956354e-12
EX_pmeth_e,Exchange of Palmitoylethanolamide,Exchange/demand reaction,,0.0,0.0
ATPH2e,ATP diphosphohydrolase,Nucleotide interconversion,72090;12499;215446;12495;12496;12497,0.0,0.0
HMR_7900,HMR 7900,"Transport, extracellular",,-2.6147972675971687e-12,0.0
RE0574C,RE0574,Fatty acid synthesis,,0.0,1.4779288903810084e-12
RE3153C,RE3153,Fatty acid oxidation,,0.0,2.893203865740292e-12
STRDNCCRNt,Transport into the mitochondria (carnitine),Fatty acid oxidation,57279,-1000.000000000003,1000.0000000000038
GSNtl,Guanosine facilated transport from lysosome,"Transport, lysosomal",71279,0.0,2.0463630789890885e-12
DGSNtm,Deoyguanosine transport in mitochondria,"Transport, mitochondrial",,0.0,2.4096280526464398e-12
CARN180t_m,Octadecanoyl-l-carnitine:carnitine antiport (Cytosol to mitochondira),"Transport, mitochondrial",319800;30805;20517;57279;171405;236149;236293;214663;207151;434674,-1000.0,1000.0
FAOXC102C103x,"Fatty Acid Beta Oxidation (C10:2->C10:3), Peroxisomal",Fatty acid oxidation,11430,0.0,4.064304448547773e-12
FACOAL245_2,Fatty-acid--CoA ligase,Fatty acid oxidation,14081,0.0,1.5916157281026244e-12
GHMT2rm,Glycine hydroxymethyltransferase  reversible  mitochondrial,"Glycine, serine, alanine, and threonine metabolism",108037;20425,0.0,358.4606227432147
r2099,Major Facilitator(MFS) TCDB:2.A.1.13.1,"Transport, extracellular",20501,-1000.0,1000.0
HMR_3244,Medium-Chain Acyl Coenzyme A Dehydrogenase,Fatty acid oxidation,11363;11370;11364;229211,0.0,3.5988989566249074e-12
LPAMt,Lipoamide Transport,"Transport, extracellular",,-100.0,0.0
HMR_2713,Carnitine O-Acetyltransferase,"Transport, mitochondrial",12908;12896,-1000.0,1000.0000000000027
HMR_7715,HMR 7715,"Transport, lysosomal",,0.0,1.5774048733874224e-12
EX_CE6247_e,"Exchange of 5, 12, 20-Trihete",Exchange/demand reaction,,0.0,0.0
HMR_0822,HMR 0822,Glycosphingolipid metabolism,225742,-1.0515281762230106e-12,2.3874235921539366e-12
HMR_3107,Medium-Chain Acyl Coenzyme A Dehydrogenase,Fatty acid oxidation,11363;11370;11364;229211,0.0,2.6708829386402427e-12
RE3190M,Acetyl Coenzyme A C-Acyltransferase,Fatty acid oxidation,97212;52538;231086,0.0,1.0523619120322294e-12
HMR_3245,Enoyl Coenzyme A Hydratase,Fatty acid oxidation,93747;97212,0.0,3.865352482534945e-12
RE0512M,3-Hydroxyacyl Coenzyme A Dehydrogenase,Fatty acid oxidation,231086;15488;15107;74147;15108;97212,0.0,3.699989809485322e-12
CYTDt,Cytidine facilated transport in cytosol,"Transport, extracellular",13340;63959,-1000.0,900.000000000002
RE3010C,Carbonyl Reductase (NADPH),Eicosanoid metabolism,109857;12408,-5.4569682106375694e-12,1000.0
FORMCOAtx,Formyl coa transport,"Transport, peroxisomal",,0.0,8.70154583242337e-13
r2289,Resistance-Nodulation-Cell Division (RND) TCDB:2.A.60.1.5,"Transport, extracellular",101488,0.0,1000.0
HEX10,Hexokinase (D-glucosamine:ATP),Aminosugar metabolism,15275;15277;216019;212032;103988,0.0,1.5916157281026244e-12
HCO3E,HCO3 equilibration reaction,Miscellaneous,12351;230099;12353;12354;76459;12346;12349;23831;12350;71934,-800.0000000000088,1000.0
HMR_6545,HMR 6545,Inositol phosphate metabolism,227721;74411;218232;329506;75769;72102;66865;103199;433323;103466;77116;103850;16332;219135;67881;54384;53332;81535;50773;97287;83493;209039;101490;75454;237523,0.0,500.0
r1665,Y+LAT2 Utilized transport,"Transport, extracellular",330836,-1000.0,1000.0
PELINL_HSPLA2,"Formation of 1-Linoleoylglycerophosphoethanolamine (Delta 9, 12) by Phospholipase A2",Glycerophospholipid metabolism,66350;237625;329502;53357;18780;18783;18784;211429;26971,0.0,1.3287741096916374e-12
HMR_2708,Carnitine O-Palmitoyltransferase,Fatty acid oxidation,12894;12895;78070,0.0,0.0
HMR_2988,Long-Chain-Fatty-Acid Coenzyme A Ligase,Fatty acid synthesis,328845;216739;14081;26458;74205;433256;94180;50790,0.0,1.1937117960769683e-12
HMR_3639,Acyl Coenzyme A:Cholesterol O-Acyltransferase,Cholesterol metabolism,20652;223920,0.0,2.1600499167107046e-12
PTVSTtu,Uptake of pitavastatin by enterocytes,Drug metabolism,108096;101488,-1000.0,1000.0
PCHOLSTE_HSPLA2,Formation of 1-Stearoylglycerophosphocholine by Phospholipase A2,Glycerophospholipid metabolism,66350;237625;329502;53357;18780;18783;18784;211429;26971,0.0,1.0800249583553523e-12
RE1523M,Enoyl Coenzyme A Hydratase,Fatty acid oxidation,93747;74147;97212;231086,-9.805489753489383e-12,3.8059252719077366e-12
HMR_3001,Long-Chain-Fatty-Acid Coenzyme A Ligase,Fatty acid synthesis,328845;216739;14081;26458;74205;433256;94180;50790,0.0,2.7284841053187847e-12
HMR_0323,Long-Chain-Fatty-Acid Coenzyme A Ligase,Fatty acid synthesis,328845;216739;14081;26458;74205;433256;94180;50790,0.0,1.8758328224066645e-12
EX_HC00955_e,L-3-Cyanoalanine exchange,Exchange/demand reaction,,-2.7984015105175786e-10,0.0
FAOXC102C101m,"Reduction (C10:2->C10:1), Mitochondrial",Fatty acid oxidation,67460,0.0,3.8059252719077366e-12
RE3235C,RE3235,Fatty acid synthesis,,0.0,2.2433103145682987e-12
R_group_phosphotase_3,R group phosphotase 3,Miscellaneous,,0.0,1.5916157281026244e-12
GLYt2r,Glycine reversible transport via proton symport,"Transport, extracellular",215335;246049,-1000.0,1000.0
BAMPPALDOX,Beta-Aminopropion aldehyde NAD+ oxidoreductase,Beta-Alanine metabolism,56752;11671;19378;110695;11668,0.0,0.0
GLCAASE9ly,"Beta-glucuronidase, lysosomal",Hyaluronan metabolism,110006,0.0,0.0
SMS4,"Sphingomyelin Synthase, Formation of Sm (D18:1/16:0)",Glycerophospholipid metabolism,208449;74442,0.0,3.936406756110955e-12
CHOLATEt,Cholate transport via bicarbonate countertransport,"Transport, extracellular",108096;101488,-1000.0,1000.0
PAFABCt,Transport of 1-Alkyl 2-Acteylglycerol 3-Phosphocholine,"Transport, extracellular",54667;11982;54670;11303;18670,0.0,1.2505552149377763e-12
RE3171C,RE3171,Fatty acid oxidation,,0.0,1.2343142381204027e-12
MAOLNOR,Monoamine oxidase (L-Normetanephrine),Tyrosine metabolism,17161;109731,0.0,1.2126596023639042e-12
CREATtmdiffir,Creatine transport to/from mitochondria via diffusion,Urea cycle,,0.0,3.296918293926865e-12
LNLNCGCRNt,Transport into the mitochondria (carnitine),Fatty acid oxidation,57279,-1000.0,1000.0000000000035
HMR_2671,Carnitine O-Acetyltransferase,"Transport, mitochondrial",12908;12896,-1.9813991717195935e-12,0.0
NTD7,5'-nucleotidase (AMP),Nucleotide interconversion,107569;76952;70881;230718;50773,0.0,3.1985642205032298e-12
UMPK7n,"UMP kinase (dGTP),nuclear",Nucleotide interconversion,66588,-1000.0,1000.0
FAOXC165C164x,"Fatty Acid Beta Oxidation (C16:5->C16:4), Peroxisomal",Fatty acid oxidation,26378,0.0,3.9541703245049575e-12
DEOXFVSitx,DEOXFVSitx,Drug metabolism,,-100.0,-99.99999999999471
C4tcx,Transport of Bytyrylcarnitine from Peroxisomes,"Transport, peroxisomal",57279,-4.661160346586257e-12,4.396710450647832e-12
PE226_HSPLA2,"Formation of 1-Docosahexenoylglyceroethanolamine (Delta 4, 7, 10, 13, 16, 19), Lpe (22:6) by Phospholipase A2",Glycerophospholipid metabolism,66350;237625;329502;53357;18780;18783;18784;211429;26971,0.0,0.0
ABUTt4_2_r,ABUTt4 LPAREN 2 RPAREN r,"Transport, extracellular",14411;14412;232333;243616,-1000.0,1000.0
HMR_2210,Very-Long-Chain Enoyl Coenzyme A Reductase,Fatty acid synthesis,243078;106529,0.0,1.2278178473934531e-11
HMR_3433,Enoyl Coenzyme A Hydratase,Fatty acid oxidation,231086;15107;15108;97212;229211;235674;11370;93747;11364;11363;52538,0.0,2.7569058147491887e-12
SPHINGStl,Sphingosine intracellular transport,"Transport, lysosomal",,0.0,5.716089925207402e-12
HMR_0246,Palmitoyl Coenzyme A Hydrolase,Fatty acid oxidation,171210;217700;12012;70025;171281;171282,0.0,1.5347723092418164e-12
ALDD2y,"Aldehyde dehydrogenase (acetaldehyde, NADP)",Glycolysis/gluconeogenesis,73458;72535;621603;11671;56752;19378;11670;67689,0.0,629.2172213716506
HMR_3688,Steryl-Ester Acylhydrolase,Cholesterol metabolism,16889;12613,0.0,1.8189894035458565e-12
RDH2a,"Retinol dehydrogenase (9-cis,NADPH)",Vitamin A metabolism,17252;108841;105014;77974;235033;242285,0.0,1000.0
EX_gtp_e,GTP exchange,Exchange/demand reaction,,0.0,0.0
HMR_2541,Very-Long-Chain 3-Oxoacyl Coenzyme A Reductase,Fatty acid synthesis,56348,0.0,6.292566467891447e-11
S2T4g,"Uronyl 2-sulfotransferase, Golgi",Chondroitin synthesis,23908,0.0,0.0
r2083,Major Facilitator(MFS) TCDB:2.A.1.13.1,"Transport, extracellular",20501,-1000.0,1000.0
FMNAT,FMN adenylyltransferase,Vitamin B2 metabolism,319945,0.0,0.0
r2089,Major Facilitator(MFS) TCDB:2.A.1.13.1,"Transport, extracellular",20501,-1000.0,1000.0
PELINETH,Formation of Linoleoyl Ethanolamide,Glycerophospholipid metabolism,18805;18806,0.0,4.206412995699793e-12
RE0453N,Nucleoside-Diphosphate Kinase,Pyrimidine synthesis,18102;18103,-1000.0,1000.0
r0308,Palmitoyl-CoA hydrolase Fatty acid elongation in mitochondria EC:3.1.2.22 EC:3.1.2.2,Fatty acid oxidation,171210;19063;70025;171281;54397;171282,0.0,0.0
3SPYRSP,3-sulfinopyruvate hydrolase (spotaneous reaction),Methionine and cysteine metabolism,,0.0,0.0
SMS6,"Sphingomyelin Synthase, Formation of Sm (D18:1/18:0)",Glycerophospholipid metabolism,208449;74442,0.0,5.277556169858144e-12
r2118,Major Facilitator(MFS) TCDB:2.A.1.13.1,"Transport, extracellular",20501,-1000.0,1000.0
CAATPS_1,Ca ATPase,"Transport, extracellular",381290;67972;320707;11941,0.0,0.0
HMR_1748,Cholestanetriol 26-Monooxygenase,Bile acid synthesis,104086,0.0,0.0
HMR_2687,Carnitine O-Palmitoyltransferase,Fatty acid oxidation,12894;12895;78070,0.0,1.5947900977425443e-12
EX_4hphac_e,4 hydroxyphenylacetate exchange,Exchange/demand reaction,,0.0,0.0
HMR_0393,Long-Chain-Fatty-Acid Coenzyme A Ligase,Fatty acid synthesis,328845;216739;14081;26458;74205;433256;94180;50790,0.0,1.5916157281026244e-12
ACRNtm,O acetylcarnintine transport into mitochondria via diffusion,"Transport, mitochondrial",57279,-1000.0,516.365960653271
GLCtg,"Glucose transport, Golgi apparatus","Transport, golgi apparatus",20525,0.0,6.252776074688882e-12
HMR_3414,Enoyl Coenzyme A Hydratase,Fatty acid oxidation,231086;15107;15108;97212;229211;235674;11370;93747;11364;11363;52538,0.0,2.8516448461838686e-12
HMR_2262,Very-Long-Chain Enoyl Coenzyme A Reductase,Fatty acid synthesis,243078;106529,0.0,1.2960299500264227e-11
CITtbm,Citrate transport  mitochondrial,"Transport, mitochondrial",13358,230.53557198201605,1000.0
PI45P5P,"Phosphatidylinositol-4,5-bisphosphate 5-phosphatase",Inositol phosphate metabolism,104015;16330;64436;20975;320634,0.0,6.6986416413783445e-12
SPODM,Superoxide dismutase,ROS detoxification,20655,0.0,3.289812866569264e-12
GLYAMDTRc,Glycine amidinotransferase (c),Urea cycle,67092,0.0,3.895550548804749e-12
r0463,"(S)-3-Hydroxy-3-methylglutaryl-CoA acetoacetyl-CoA-lyase (CoA-acetylating) Synthesis and degradation of ketone bodies / Valine, leucine and isoleucine degradation / Butanoate metabolism EC:2.3.3.10",Cholesterol metabolism,208715,-6.480149750132114e-12,0.0
G14T4g,"Beta-N-acetylglucosaminylglycopeptide beta-1,4-galactosyltransferase, Golgi",Keratan sulfate synthesis,14595;57370;53418;56336,0.0,0.0
HMR_2604,Carnitine O-Acetyltransferase,"Transport, mitochondrial",12908;12896,-1.7621459846850485e-12,1.5438163137418211e-12
CITt4_4,Citrate transport via sodium symport,"Transport, extracellular",237831,-1000.0,1000.0
HMR_3109,3-Hydroxyacyl Coenzyme A Dehydrogenase,Fatty acid oxidation,15107;15108;97212,-8.828298747576695e-13,3.0005797122375228e-12
GLACO,D-Glucuronolactone:NAD+ oxidoreductase,Vitamin C metabolism,56847;73458;621603;11671;56752;19378;11670;11668;67689,19.790002555644662,19.790002555771164
PYNP2r,Pyrimidine-nucleoside phosphorylase (uracil),Pyrimidine catabolism,22271;76654,890.3557470877525,890.3557470878299
HMR_3737,Steryl-Ester Acylhydrolase,Cholesterol metabolism,16889;12613,0.0,1.8189894035458565e-12
FAOXC102C81x,"Fatty Acid Beta Oxidation (C10:2->C8:1), Peroxisomal",Fatty acid oxidation,74147;15488;235674,0.0,2.88563527884057e-12
DOCOHEXETHc,Formation of Docosahexaenoyl Ethanolamide,Glycerophospholipid metabolism,18805;18806,0.0,0.0
HMR_2644,HMR 2644,"Transport, mitochondrial",319800;30805;20517;57279;171405;236149;236293;214663;207151;434674,-1000.0,1000.0
r2202,Resistance-Nodulation-Cell Division (RND) TCDB:2.A.60.1.5,"Transport, extracellular",101488,-1000.0,1000.0
RE3012C,Aldehyde Dehydrogenase (NAD+),Eicosanoid metabolism,56752;11670,-1.992099542873439e-12,4.618527782440651e-12
C8DCc,Production of suberylcarnitine,Fatty acid oxidation,12894;12895;78070,0.0,1.3642420526593924e-12
HMR_2994,Long-Chain-Fatty-Acid Coenzyme A Ligase,Fatty acid synthesis,328845;216739;14081;26458;74205;433256;94180;50790,0.0,1.5916157281026244e-12
URIK2,Uridine kinase (GTP:Uridine),Purine synthesis,80914;22245;68556,0.0,909.1537336378309
PELPALM_HSABCt,Transport of 1-Palmitoylglycerophosphoethanolamine,"Transport, extracellular",50770;320940,0.0,0.0
HMR_9719,Enoyl Coenzyme A Hydratase,Fatty acid oxidation,231086;15107;15108;97212;229211;235674;11370;93747;11364;11363;52538,0.0,4.142464149481384e-12
DCSPTN1CPT2,Carnitine transferase,Fatty acid oxidation,12896,0.0,6.314504359056503e-12
SUBEACTD,Transport of suberic acid into cytosol (diffusion),Fatty acid oxidation,,0.0,2.6147972675971687e-12
4HPROLTASCT1,Exit of hydroxy-proline across the basolateral surface of enterocytes,"Transport, extracellular",55963,0.0,1000.0
C6DCCACT,Transport of adipoyl carnitine into cytosol,Fatty acid oxidation,57279,-2.1600499167107046e-12,0.0
HMR_2336,Very-Long-Chain (3R)-3-Hydroxyacyl Coenzyme A Dehydratase,Fatty acid synthesis,67044;30963;70757;66775;57874,0.0,1.7840088380930515e-12
MTHFCm,Methenyltetrahydrifikate cyclohydrolase  mitochondrial,Folate metabolism,17768;270685,186.99783176546921,716.9212454864257
HMR_0430,Palmitoyl Coenzyme A Hydrolase,Fatty acid oxidation,171210;217700;12012;70025;171281;171282,0.0,2.348128311018604e-12
BBHOX,"4-Trimethylammoniobutanoate,2-oxoglutarate:oxygen oxidoreductase (3-hydroxylating)",Lysine metabolism,170442,0.0,0.0
r2133,Major Facilitator(MFS) TCDB:2.A.1.13.1,"Transport, extracellular",20501,-1000.0,1000.0
C4STMO2r,C-4 methyl sterol oxidase,Cholesterol metabolism,66234;18194,0.0,0.0
C204CRNt,Arachidonic acid transport into the mitochondria,Fatty acid oxidation,57279,-1000.0000000000135,1000.0
HPROx,Trans-4-Hydroxy-L-proline:NAD+ 5-oxidoreductase Arginine and proline metabolism EC:1.5.1.2,Arginine and proline metabolism,69051;209027,-1000.0,1000.0
HMR_0438,Palmitoyl Coenzyme A Hydrolase,Fatty acid oxidation,171210;217700;12012;70025;171281;171282,0.0,1.5916157281026244e-12
RE1532M,Acetyl Coenzyme A C-Acyltransferase,Fatty acid oxidation,97212;52538;231086,0.0,4.736951571734001e-12
HMR_0346,Palmitoyl Coenzyme A Hydrolase,Fatty acid oxidation,171210;217700;12012;70025;171281;171282,0.0,1.5916157281026244e-12
FAOXC123x,"Isomerization (C12:3), Peroxisomal",Fatty acid oxidation,23986;74147,0.0,1.82772006476794e-12
HMR_3422,Enoyl Coenzyme A Hydratase,Fatty acid oxidation,231086;15107;15108;97212;229211;235674;11370;93747;11364;11363;52538,0.0,2.1644224873923054e-12
HMR_0200,Long-Chain-Fatty-Acid Coenzyme A Ligase,Fatty acid synthesis,328845;216739;14081;26458;74205;433256;94180;50790,0.0,9.094947017729282e-13
HMR_2363,Very-Long-Chain (3R)-3-Hydroxyacyl Coenzyme A Dehydratase,Fatty acid synthesis,67044;30963;70757;66775;57874,0.0,2.8367007228150798e-12
HMR_3002,Long-Chain-Fatty-Acid Coenzyme A Ligase,Fatty acid synthesis,328845;216739;14081;26458;74205;433256;94180;50790,0.0,1.7053025658242404e-12
CYTK10n,"Cytidylate kinase (CMP,dGTP),nuclear",Nucleotide interconversion,66588,-1000.0,1000.0
HMR_2968,Long-Chain-Fatty-Acid Coenzyme A Ligase,Fatty acid synthesis,328845;216739;14081;26458;74205;433256;94180;50790,0.0,2.0463630789890885e-12
HMR_0765,HMR 0765,Sphingolipid metabolism,56336;218271;320011;210004;231727;66435;56375;14595;56386;68273;108105;68292;272411;232984;227327;108150;67555;67556;108155;14345;76485;171167;14347;227671;14348;654821;268510;73068;26877;330406;57370;26878;330671;239827;208211;93961;72297;55981;333424;14422;16430;74782;67909;224143;97440;53418;97884;53625;230801;381694,0.0,1.4779288903810084e-12
AG13T2g,"N-acetyllactosaminide beta-1,3-N-acetylglucosaminyltransferase, Golgi apparatus",Keratan sulfate synthesis,210004;231727;108902;53625;72297;232984;227327,0.0,0.0
NTD5l,"5'-nucleotidase (dTMP), lysosomal",Pyrimidine catabolism,11433;66659;11432;56318,0.0,4.547473508864641e-12
HMR_3200,3-Hydroxyacyl Coenzyme A Dehydrogenase,Fatty acid oxidation,15107;15108;97212,0.0,1.287397076983841e-12
NTD5,5'-nucleotidase (dTMP),Pyrimidine catabolism,76952;107569;23959;70881;230718;50773,0.0,4.547473508864641e-12
LCAT23e,"Lecithin-Cholesterol Acyltransferase, Formation of Cholesterol-Ester (18:3)",Cholesterol metabolism,16816,0.0,96.50590652350526
NDPK9,Nucleoside diphosphate kinase  ATPIDP,Nucleotide interconversion,54369;171567;79059;18102;18103,-1000.0,1000.0
r2096,Major Facilitator(MFS) TCDB:2.A.1.13.1,"Transport, extracellular",20501,-1000.0,1000.0
RE3112C,RE3112,Fatty acid oxidation,,-4.916955731459893e-12,4.680108152873193e-12
HMR_3236,3-Hydroxyacyl Coenzyme A Dehydrogenase,Fatty acid oxidation,15107;15108;97212,0.0,5.9401372709544376e-12
PCHOLN224_HSABCt,"Transport of 1-Docosatetraenoylglycerophosphocholine (Delta 7, 10, 13, 16), Sn1-Lpc (22:4)","Transport, extracellular",54667;11982;54670;11303;18670,0.0,1.2505552149377763e-12
HMR_0601,Phosphatidate Phosphatase,Glycerophospholipid metabolism,381925;14245;67916;216152;50784;64899;71910;64898;229791;235044;19012,0.0,0.0
RE1448R_1,"Phosphatidylinositol-3,4,5-Trisphosphate 3-Phosphatase",Phosphatidylinositol phosphate metabolism,234129,0.0,2.103726005357371e-12
SADT,Sulfate adenylyltransferase,Nucleotide interconversion,23971;23972,0.0,9.918034435067356e-13
GLU5Km,Glutamate 5-kinase (m),Urea cycle,56454,0.0,3.785420738258506e-12
SBTR,D sorbitol reductase,Fructose and mannose metabolism,11677;58810;110198,0.0,1000.0
HEX4,Hexokinase (D-mannose:ATP),Fructose and mannose metabolism,15275;15277;216019;212032;103988,0.0,0.0
DLNLCGCPT2,Carnitine transferase,Fatty acid oxidation,12896,-6.508571459562518e-12,3.7603207047048695e-12
HMR_0836,Beta-N-Acetylhexosaminidase,Glycosphingolipid metabolism,15211;238023;15212,0.0,0.0
HMR_3690,Steryl-Ester Acylhydrolase,Cholesterol metabolism,16889;12613,0.0,0.0
EX_homoval_e,Exchange of Homovanillate,Exchange/demand reaction,,0.0,2.972289081526469e-12
HMR_2718,HMR 2718,"Transport, mitochondrial",319800;30805;20517;57279;171405;236149;236293;214663;207151;434674,-1000.0,1000.0
PDE1,"3',5'-cyclic-nucleotide phosphodiesterase",Nucleotide interconversion,207728;18577;18578;218461;18583;18584;23984;29863;238871;110385;241489;18573;18574;18575;18576;54611,0.0,2.7284841053187847e-12
FALDH,Formaldehyde dehydrogenase,Tyrosine metabolism,11532,-1000.0000000000005,1000.0
HMR_2270,Very-Long-Chain Enoyl Coenzyme A Reductase,Fatty acid synthesis,106529,0.0,2.6421652264997656e-12
HMR_3505,"4, 8, 12-Trimethyltridecanoyl Coenzyme A:Propanoyl Coenzyme A C2-4, 8, 12-Trimethyltridecanoyltransferase",Fatty acid oxidation,17919;235674,0.0,1.122657522500958e-12
TYRCBOX,L-Tyrosine carboxy-lyase,Tyrosine metabolism,13195,0.0,2.2737367544323206e-12
HMR_3059,3-Hydroxyacyl Coenzyme A Dehydrogenase,Fatty acid oxidation,74147;15488,0.0,2.7057467377744616e-12
PCHOLN205_HSPLA2,"Formation of 1-Eicosapentenoylglycerophosphocholine (Delta 5, 8, 11, 14, 17), Sn1-Lpc (20:5) by Phospholipase A2",Glycerophospholipid metabolism,66350;237625;329502;53357;18780;18783;18784;211429;26971,0.0,1.4779288903810084e-12
SMS11,"Sphingomyelin Synthase, Formation of Sm (D18:1/22:1)",Glycerophospholipid metabolism,208449;74442,0.0,5.580869100185737e-12
EX_gam_e,D-Glucosamine exchange,Exchange/demand reaction,,0.0,0.0
RE3194M,Enoyl Coenzyme A Hydratase,Fatty acid oxidation,93747;74147;97212;231086,0.0,1.122657522500958e-12
A4GALTc,Lactosylceramide 4-alpha-galactosyltransferase,Sphingolipid metabolism,239559,0.0,0.0
r0426,Isocitrate hydro-lyase Citrate cycle (TCA cycle) / Glyoxylate and dicarboxylate metabolism EC:4.2.1.3,Miscellaneous,11429;11428,0.0,1000.0
ADPCOACROT,Production of adipoyl carnitine,Fatty acid oxidation,74114,-1.2505552149377763e-12,0.0
UMPK6n,"UMP kinase (dCTP),nuclear",Nucleotide interconversion,66588,-1000.0,1000.0
DASCBR_1,Dehydroascorbate Reductase,Vitamin C metabolism,69367;93692,0.0,2.773958840407431e-11
MI34PP,"D-myo-Inositol-3,4-bisphosphate 4-phosphohydrolase",Inositol phosphate metabolism,234515;269180,0.0,2.4586077426068153e-12
HMR_2998,Long-Chain-Fatty-Acid Coenzyme A Ligase,Fatty acid synthesis,328845;216739;14081;26458;74205;433256;94180;50790,0.0,0.0
HMR_3179,Enoyl Coenzyme A Hydratase,Fatty acid oxidation,93747;97212,0.0,1.216794802886624e-12
PEDH203_HSPLA2,"Formation of 1-Dihomo-Linolenoylglycerophosphoethanolamine (20:3, Delta 8, 11, 14) by Phospholipase A2",Glycerophospholipid metabolism,66350;237625;329502;53357;18780;18783;18784;211429;26971,0.0,0.0
GHMT3,Glycine hydroxymethyltransferase,Lysine metabolism,20425,0.0,0.0
HMR_0256,Palmitoyl Coenzyme A Hydrolase,Fatty acid oxidation,171210;217700;12012;70025;171281;171282,0.0,1.5916157281026244e-12
RE0571C,RE0571,Fatty acid synthesis,,0.0,4.192202140984591e-12
SEBCOACROT,Production of sebacoyl carnitine,Fatty acid oxidation,74114,-1.2505552149377763e-12,0.0
HMR_3448,Medium-Chain Acyl Coenzyme A Dehydrogenase,Fatty acid synthesis,11363;11370;11364;229211,0.0,3.680611371237319e-12
HPACtr,Hydroxyphenylacetate transport via diffusion,"Transport, extracellular",,0.0,1.8189894035458565e-12
HMR_2737,HMR 2737,"Transport, mitochondrial",319800;30805;20517;57279;171405;236149;236293;214663;207151;434674,0.0,0.0
r0068,Acetyl adenylate:CoA ligase (AMP-forming) Pyruvate metabolism EC:6.2.1.1,Miscellaneous,60525;68738,0.0,1.8189894035458565e-12
CTPtn,CTP diffusion in nucleus,"Transport, nuclear",,0.0,1.5916157281026244e-12
RE1441R_1,1-Phosphatidylinositol-4-Phosphate 5-Kinase,Phosphatidylinositol phosphate metabolism,117150;18718;108083,0.0,0.0
3HPVSthc,Uptake of 3-hydroxy pravastatin by hepatocytes,Drug metabolism,101488,-1000.0,1000.0
PACALDtm,Phenylacetaldehyde transport  mitochondrial,"Transport, mitochondrial",,0.0,9.037201599596793e-13
RDH1,Retinol dehydrogenase (all-trans),Vitamin A metabolism,103142;216454;19683;107605;54150;216453;19682,-1000.0,0.0
C180CRNt,C180 transport into the mitochondria,Fatty acid oxidation,57279,-1000.0,1000.0
HPROym,L hydroxyproline dehydrogenase  NADP   mitochondrial,Arginine and proline metabolism,69051;209027,0.0,1000.0
HMR_0388,HMR 0388,"Transport, extracellular",225579;14077;14080;12140;26457;11770;16592;16204;12491;26568;26569;75497;21884,-1.9976670323702627e-12,4.547473508864641e-12
CARN160t_m,Hexadecanoyl-l-carnitine:carnitine antiport (Cytosol to mitochondira),"Transport, mitochondrial",57279,-1000.0,1000.0
PCHOLN15_HSABCt,"Transport of 1-Pentadecanoylglycerophosphocholine, Sn1-Lpc (15:0)","Transport, extracellular",54667;11982;54670;11303;18670,0.0,1.0881597538019284e-12
RE2985M,Acyl Coenzyme A Oxidase,Fatty acid oxidation,11430,0.0,0.0
PCHLN225_HSABCt,"Transport of 1-Docosahexenoylglycerophosphocholine (Delta 4, 7, 10, 13, 16, 19), Sn1-Lpc (22:6)","Transport, extracellular",54667;11982;54670;11303;18670,0.0,1.1262772874166714e-12
HMR_2661,HMR 2661,"Transport, mitochondrial",319800;30805;20517;57279;171405;236149;236293;214663;207151;434674,-3.687748202896392e-12,2.4158453015843406e-12
MI1PP,Myo-inositol 1-phosphatase,Inositol phosphate metabolism,114663;77116;53332;55980,0.0,3.9931762857036297
ST8SIA53g,"Beta-galactoside alpha-2,3-sialyltransferase",Sphingolipid metabolism,225742,0.0,1.4779288903810084e-12
HMR_2969,Long-Chain-Fatty-Acid Coenzyme A Ligase,Fatty acid synthesis,328845;216739;14081;26458;74205;433256;94180;50790,0.0,1.4779288903810084e-12
RE0569C,RE0569,Fatty acid synthesis,83603;170439;68801;54326,0.0,2.5011104298755527e-12
r2222,Resistance-Nodulation-Cell Division (RND) TCDB:2.A.60.1.5,"Transport, extracellular",101488,0.0,1000.0
r1446,Acyl-CoA Oxidase,Miscellaneous,80911;11430,0.0,5.986322548778844e-12
GALGT1,"Beta-1,4 N-acetylgalactosaminyltransferase",Sphingolipid metabolism,14421,-2.7284841053187847e-12,0.0
HMR_3689,Steryl-Ester Acylhydrolase,Cholesterol metabolism,16889;12613,0.0,1.3642420526593924e-12
SPODMm,Superoxide dismutase,ROS detoxification,20656,50.675339999996254,50.67534000000016
S6TASE26ly,"N-acetylglucosamine-6-sulfatase, lysosomal",Keratan sulfate degradation,75612,0.0,0.0
NOS2,Nitric Oxide Synthase (NO forming),Arginine and proline metabolism,18125;18126;18127,0.0,1.3988810110276972e-12
CYTK13n,"Cytidylate kinase (dCMP,dATP),nuclear",Nucleotide interconversion,66588,-1000.0,1000.0
EX_phyt_e,Phytanic acid exchange,Exchange/demand reaction,,0.0,0.0
HMR_3669,Acyl Coenzyme A:Cholesterol O-Acyltransferase,Cholesterol metabolism,20652;223920,0.0,1.5916157281026244e-12
CHLPCTD,Choline phosphate cytididyltransferase,Glycerophospholipid metabolism,236899;13026,0.0,2.2737367544323206e-12
UGALGTg,"UDPgalactose:D-glucose 4-beta-D-galactosyltransferase, Golgi apparatus",Galactose metabolism,14595;16770;53418,0.0,0.0
3HPVSCOAhc,3HPVSCOAhc,Drug metabolism,,0.0,3.410605131648481e-12
ALATA_Lm,L alanine transaminase  mitochondrial,Citric acid cycle,76282;108682,-1000.000000000004,1000.0
RE3160R,Long-Chain-Fatty-Acid- Coenzyme A Ligase,Fatty acid oxidation,74205;433256;50790;216739;14081;26458,0.0,1.7053025658242404e-12
r2116,Major Facilitator(MFS) TCDB:2.A.1.13.1,"Transport, extracellular",20501,-1000.0,1000.0
HMR_0279,Long-Chain-Fatty-Acid Coenzyme A Ligase,Fatty acid synthesis,328845;216739;14081;26458;74205;433256;94180;50790,0.0,1.7053025658242404e-12
HMR_2353,Very-Long-Chain 3-Oxoacyl Coenzyme A Synthase,Fatty acid synthesis,170439;74559;12686;54325;54326;68801;83603,0.0,0.0
RE3016R,RE3016,Eicosanoid metabolism,,-3.5011993304578937e-12,0.0
S6TASE22ly,"Galactose-6-sulfate sulfatase, lysosomal",Keratan sulfate degradation,19025;50917;12091;18010,0.0,0.0
COt,CO transporter via diffusion,"Transport, extracellular",,0.0,0.0
CYTK2,Cytidylate kinase (dCMP),Nucleotide interconversion,66588,-1000.0,1000.0
C10DCCACT,Transport of sebacoyl carnitine into cytosol,Fatty acid oxidation,57279,-2.0463630789890885e-12,0.0
r0652_1,Trans-Tetradec-2-Enoyl Coenzyme A Reductase,Fatty acid oxidation,26922;111175,-3.320366204206948e-11,0.0
RE3236C,RE3236,Fatty acid synthesis,,0.0,1.5916157281026244e-12
r2111,Major Facilitator(MFS) TCDB:2.A.1.13.1,"Transport, extracellular",20501,-1000.0,1000.0
HEXDICOAACBPx,Transport of Hexadecanedioyl Coa,Fatty acid oxidation,13167,0.0,9.2192919964873e-12
HMR_2966,Long-Chain-Fatty-Acid Coenzyme A Ligase,Fatty acid synthesis,328845;216739;14081;26458;74205;433256;94180;50790,0.0,1.8189894035458565e-12
HSD17B42x_1,Hydroxysteroid (17-Beta) Dehydrogenase 4,Bile acid synthesis,15488,0.0,5.9401372709544376e-12
RE3179M,3-Hydroxyacyl Coenzyme A Dehydrogenase,Fatty acid oxidation,231086;15488;15107;74147;15108;97212,0.0,9.843953005585285e-13
HMR_2266,Very-Long-Chain Enoyl Coenzyme A Reductase,Fatty acid synthesis,243078;106529,0.0,3.396394276933279e-12
PE226_HSABCt,"Transport of 1-Docosahexenoylglyceroethanolamine (Delta 4, 7, 10, 13, 16, 19), Lpe (22:6)","Transport, extracellular",50770;320940,0.0,1.5916157281026244e-12
NEU11l,"Sialidase, Lysosomal (Neu1)",Sphingolipid metabolism,19025;50917;12091;18010,0.0,0.0
DESAT18_8,Fatty acyl-CoA desaturase (n-C18:1CoA -> n-C18:2CoA),Fatty acid synthesis,56473,0.0,2.223471928628569e-12
RE3173C,RE3173,Fatty acid oxidation,,0.0,5.229594535194337e-12
UDPG4E,UDPglucose 4-epimerase,Galactose metabolism,74246,-6.792540354131282e-12,0.0
CYTDK1,ATP:cytidine 5'-phosphotransferase,Nucleotide interconversion,80914;22245,0.0,900.0000000000018
PI4P3K,Phosphatidylinositol 4-phosphate 3-kinase,Inositol phosphate metabolism,18704;18705;240752;23900;18706;30955;18707;18708;320207;18709;18710;74769,0.0,0.0
ARACHCRNt,Transport into the mitochondria (carnitine),Fatty acid oxidation,57279,-1000.0,1000.0
r0648,(5-Glutamyl)-peptide:amino-acid 5-glutamyltransferase Cyanoamino acid metabolism EC:2.3.2.2,Miscellaneous,207182;23887;71522;14598,0.0,3.729496711457614e-10
FAOXC164x,"Isomerization (C16:4), Peroxisomal",Fatty acid oxidation,23986;74147,0.0,3.775350402671999e-12
PIK3,Phosphatidylinositol 3-kinase,Inositol phosphate metabolism,18704;225326;18705;240752;23900;18706;30955;18707;18708;320207;18709;18710;74769,0.0,0.0
RE2972M_1,1-Phosphatidylinositol 4-Kinase,Phosphatidylinositol phosphate metabolism,224020;107650,0.0,3.410605131648481e-12
NDP10ex,"Nucleoside-diphosphatase (IDP), extracellular",Nucleotide interconversion,72090;215446;76025;12495,0.0,1.9326762412674725e-12
HPDCACRNCPT2,Heptadecanoate transport into the mitochondria,Fatty acid oxidation,12896,-4.211335601662438e-12,0.0
r2516,Major Facilitator(MFS) TCDB:2.A.1.13.1,"Transport, peroxisomal",20501,-1000.0,1000.0
KCCt,K+-Cl- cotransport,"Transport, extracellular",20499;107723;57138;20498,-1000.0,1000.0
HMR_0812,"Beta-Galactoside Alpha-2, 3-Sialyltransferase",Glycosphingolipid metabolism,20443;20444;20442,-3.133988249907447e-12,1.906131759987515e-12
CYTK14,"Cytidylate kinase (dCMP,UTP)",Nucleotide interconversion,66588,-1000.0,1000.0
CSNAT3x,"Carnitine O-aceyltransferase, peroxisomal",Fatty acid oxidation,12908,0.0,1000.0
HMR_0846,HMR 0846,Glycosphingolipid metabolism,225742,0.0,1.7053025658242404e-12
r1002,Facilitated diffusion,"Transport, endoplasmic reticular",,0.0,1000.0000000000086
Pe13_HSABCt,Transport of 1-Tridecanoylglycerophosphoethanolamine (C13:0 Pe),"Transport, extracellular",50770;320940,0.0,0.0
RE3172C,RE3172,Fatty acid oxidation,,0.0,1.3886035178854528e-12
C4tmc,Transport of bytyrylcarnitine into mitochondrial matrix,"Transport, mitochondrial",57279,-1000.0,1000.0
HMR_2753,HMR 2753,"Transport, mitochondrial",319800;30805;20517;57279;171405;236149;236293;214663;207151;434674,-1000.0,1000.0
TCYNTt,Thiocyanate transport via diffusion (cytosol to extracellular),"Transport, extracellular",,0.0,7.776179700158536e-11
ATPH1e,ATP diphosphohydrolase,Nucleotide interconversion,12499;215446;12495;12496;12497,0.0,0.0
SMS9,"Sphingomyelin Synthase, Formation of Sm (D18:1/20:0)",Glycerophospholipid metabolism,208449;74442,0.0,3.837374862314391e-12
3SALACBOXL_cho,3-Sulfino-L-alanine carboxy-lyase,Taurine and hypotaurine metabolism,14417;246277;14415,0.0,1.9895196601282805e-12
EX_M00503_e,EX M00503[e],Exchange/demand reaction,,0.0,1.6086687537608668e-11
3AIBTm,"L-3-aminoisobutyrate transaminase, mitochondrial","Valine, leucine, and isoleucine metabolism",268860,0.0,4.433786671143025e-12
RE3001M,"2,4-Dienoyl Coenzyme A Reductase (NADPH)",Fatty acid oxidation,67460,0.0,9.49995637711254e-12
HMR_2268,Very-Long-Chain 3-Oxoacyl Coenzyme A Reductase,Fatty acid synthesis,56348,0.0,5.229594535194337e-12
SEBCOAPET,Thioesterification of sebacoylcoa for release into cytosol,Fatty acid oxidation,170789,0.0,1.5916157281026244e-12
r1814,Y+LAT2 Utilized transport,"Transport, extracellular",330836,0.0,1000.0
HMR_3726,Steryl-Ester Acylhydrolase,Cholesterol metabolism,16889;12613,0.0,1.9326762412674725e-12
HMR_1750,Cholestanetriol 26-Monooxygenase,Bile acid synthesis,104086,0.0,0.0
GAMt1r,Glucosamine transport (uniport),"Transport, extracellular",20525;20528;20526,0.0,0.0
HMR_3188,3-Hydroxyacyl Coenzyme A Dehydrogenase,Fatty acid oxidation,15107;15108;97212,0.0,2.116449747049116e-12
BILDGLCURt,Bilirubin beta-diglucuronide transport via bicarbonate countertransport,"Transport, extracellular",101488,-1000.0,1000.0
ST8SIA54g,"Beta-galactoside alpha-2,3-sialyltransferase",Sphingolipid metabolism,225742,0.0,0.0
FACOAL80,Fatty-acid--CoA ligase (octanoate),Fatty acid oxidation,74205,0.0,2.1600499167107046e-12
ENO,Enolase,Glycolysis/gluconeogenesis,13806;433182;13807;13808,1000.0,1000.0
HMR_3111,Medium-Chain Acyl Coenzyme A Dehydrogenase,Fatty acid oxidation,11363;11370;11364;229211,0.0,4.774847184307873e-12
SBCOAACOTx,Thioesterification of suberyl coa for release into cytosol,Fatty acid oxidation,170789,0.0,1.7053025658242404e-12
FAOXC12DCx,Production of Dodecanedioyl Carnitine,Fatty acid oxidation,74114,-1.7053025658242404e-12,0.0
MAOX,Methylamine:oxygen oxidoreductase (deaminating) (copper-containing),Tyrosine metabolism,237940;76507;11754,0.0,2.9132252166164108e-12
FCOAH2,Formyl coa hydrolase,Fatty acid oxidation,,0.0,1.365078982357225e-12
HEX7,Hexokinase (D-fructose:ATP),Fructose and mannose metabolism,15275;15277;216019;212032;103988,0.0,5.312275871719149e-12
HMR_1739,7Alpha-Hydroxycholest-4-En-3-One 12Alpha-Hydroxylase,Bile acid synthesis,13124,0.0,1.0231815394945443e-12
PCHOLAR_HSPLA2,Formation of 1-Arachidonoyl-Glycero-3-Phosphocholine by Phospholipase A2,Glycerophospholipid metabolism,66350;237625;329502;53357;18780;18783;18784;211429;26971,0.0,1.1937117960769683e-12
CSNATer,"Carnitine O-acetyltransferase, endolasmic reticulum",Fatty acid oxidation,12908,-1000.0,1000.0
HMR_0390,Palmitoyl Coenzyme A Hydrolase,Fatty acid oxidation,171210;217700;12012;70025;171281;171282,0.0,2.3874235921539366e-12
r1164,EC:2.3.1.26,Miscellaneous,20652;223920,0.0,1.8189894035458565e-12
HMR_2970,Long-Chain-Fatty-Acid Coenzyme A Ligase,Fatty acid synthesis,328845;216739;14081;26458;74205;433256;94180;50790,0.0,2.1600499167107046e-12
HMR_2734,HMR 2734,"Transport, mitochondrial",319800;30805;20517;57279;171405;236149;236293;214663;207151;434674,0.0,3.224916630036508e-12
AMPDA,Adenosine monophosphate deaminase,Nucleotide interconversion,11717;229665;109674,86.30279732907104,86.30279732910687
B3GALT43g,"Beta-1,3-galactosyltransferase 4",Sphingolipid metabolism,54218,-4.604316927725449e-12,1.0516032489249483e-12
PHYCBOXL,L-Phenylalanine carboxy-lyase,Phenylalanine metabolism,13195,0.0,1.2746942066619189e-12
HMR_2769,HMR 2769,"Transport, mitochondrial",319800;30805;20517;57279;171405;236149;236293;214663;207151;434674,-2.8919089345436078e-12,0.0
THFt2_1,Tetrahydrofolate Transport via Anion Antiport,"Transport, extracellular",20509,-100.0,100.0
HMR_2771,Carnitine O-Palmitoyltransferase,Fatty acid oxidation,12894;12895;78070,0.0,2.0463630789890885e-12
PI35P3P,"Phosphatidylinositol-3,5-bisphosphate 3-phosphatase",Phosphatidylinositol phosphate metabolism,77116;74302,-500.0,1.7053025658242404e-12
ACOAR5m,Trans-2-enoyl-CoA reductase (NADPH) (C12:0),Fatty acid oxidation,26922;111175,-1.0913936421275139e-11,3.319655661471188e-11
HMR_2710,Carnitine O-Acetyltransferase,"Transport, mitochondrial",12908;12896,-2.0053094987007272e-12,0.0
4ABUTtm,4 aminobutanoate mitochondrial transport via diffusion,"Transport, mitochondrial",,-1000.0,-999.9999999999864
HMR_2951,Long-Chain-Fatty-Acid Coenzyme A Ligase,Fatty acid synthesis,328845;216739;14081;26458;74205;433256;94180;50790,0.0,2.2737367544323206e-12
THYMDtm,Thymd transport,"Transport, mitochondrial",63959,-6.975377634003404,-6.97537763396565
HMR_0960,Glutathione Peroxidase,Arachidonic acid metabolism,11758;14775;14776;14778;14780;625249;67305;69590;75512,0.0,8.071765478234738e-12
HMR_3181,Acetyl Coenzyme A C-Acyltransferase,Fatty acid oxidation,97212;52538;231086,0.0,2.116449747049116e-12
DUTUP,DUTP:uridine 5'-phosphotransferase,Nucleotide interconversion,80914;22245;68556,-1000.0,-90.84626636217035
HMR_2760,HMR 2760,"Transport, mitochondrial",319800;30805;20517;57279;171405;236149;236293;214663;207151;434674,-1000.0,1000.0
PYRt2p,Pyruvate peroxisomal transport via proton symport,D-alanine metabolism,20501;20503,-247.93657675599263,1000.0
HMR_3657,Acyl Coenzyme A:Cholesterol O-Acyltransferase,Cholesterol metabolism,20652;223920,0.0,1.9326762412674725e-12
HMR_1127,Leukotriene-B4 20-Monooxygenase,Leukotriene metabolism,106648;320997;631304;72054;170716,0.0,1.8189894035458565e-12
EX_2hb_e,2 Hydroxybutyrate exchange,Exchange/demand reaction,,19.535431793660678,19.535431793680118
THYOXt,T4 transport via bicarbonate countertransport,"Transport, extracellular",58807;108096;108115;101488,-1000.0,1000.0
DPCOAK,Dephospho-CoA kinase,CoA synthesis,71743,0.0,0.0
PHEMEtm,Protoheme transport (mitochondria),"Transport, mitochondrial",,0.0,0.0
FAOXC16DCr,"Fatty Acid Activation (C16Dc), Endoplasmatic Reticulum",Fatty acid oxidation,433256,0.0,0.0
HMR_3070,Acyl Coenzyme A Oxidase,Fatty acid oxidation,80911;11430,0.0,2.7625901566352696e-12
r2198,Resistance-Nodulation-Cell Division (RND) TCDB:2.A.60.1.5,"Transport, extracellular",101488,-1000.0,1000.0
RE3166C,RE3166,Fatty acid oxidation,,0.0,3.1079580394569915e-12
RE0958E,Alpha-Amylase,Starch and sucrose metabolism,11722;100043684;100043686;109959;100043688,-100.0,-99.99999999999159
UPPDC1,Uroporphyrinogen decarboxylase (uroporphyrinogen III),Heme synthesis,22275,0.0,0.0
CYTK1n,"Cytidylate kinase (CMP),nuclear",Nucleotide interconversion,66588,-1000.0,1000.0
r2539,Postulated transport reaction,"Transport, mitochondrial",,-3.531397396727698e-12,0.0
34DHPLACOX_NADP,34DHPLACOX LPAREN NADP RPAREN,Tyrosine metabolism,73458;621603;67689;11670,0.0,2.531308496145357e-12
HPDECEte,"Transport of Trans-Delta-2-Heptadecanoic Acid, Extracellular","Transport, extracellular",,0.0,1.1326903061030166e-12
r2082,Major Facilitator(MFS) TCDB:2.A.1.13.1,"Transport, extracellular",20501,-1000.0,1000.0
SPMS,Spermidine synthase,Urea cycle,20810,0.0,2.0463630789890885e-12
HMR_2706,HMR 2706,"Transport, mitochondrial",319800;30805;20517;57279;171405;236149;236293;214663;207151;434674,-1.3114756973658849e-12,1.9326762412674725e-12
HMR_0808,Beta-N-Acetylhexosaminidase,Glycosphingolipid metabolism,15211;238023;15212,0.0,1.5916157281026244e-12
CSNATp,Carnitine O acetyltransferase  reverse direction  peroxisomal,Fatty acid oxidation,12908,-900.0000000000067,1000.0
HMR_0980,Carbonyl Reductase (NADPH),Arachidonic acid metabolism,109857;28200;12408,0.0,0.0
HMR_3233,Acetyl Coenzyme A C-Acyltransferase,Fatty acid oxidation,97212;52538;231086,0.0,6.821210263296962e-12
ID3ACALDtm,Indole 3 acetaldehyde mitochondrial transport via diffusion,"Transport, mitochondrial",,0.0,7.560174708487466e-12
LSTO2r,Lathosterol oxidase,Cholesterol metabolism,13122;235293,0.0,4.671818487622659e-12
DPMVD,Diphosphomevalonate decarboxylase,Squalene and cholesterol synthesis,192156,0.0,0.0
C6DCc,Production of adipoylcarnitine,Fatty acid oxidation,12894;12895;78070,0.0,1.8189894035458565e-12
HMR_2349,Very-Long-Chain (3R)-3-Hydroxyacyl Coenzyme A Dehydratase,Fatty acid synthesis,67044;30963;70757;66775;57874,-1.9326762412674725e-12,9.643616838013234e-13
TMABADH,4-trimethylaminobutyraldehyde dehydrogenase,Lysine metabolism,56752,0.0,0.0
NDPK4,Nucleoside-diphosphate kinase (ATP:dTDP),Nucleotide interconversion,54369;171567;79059;18102;18103,-1000.0,1000.0
PGK,Phosphoglycerate kinase,Glycolysis/gluconeogenesis,18663;338366;18655,-1000.0,-999.9999999999981
EX_dopa3glcur_e,Exchange of Dopamine 3-O-Glucuronide,Exchange/demand reaction,,0.0,2.1925318703454523e-12
HMR_3454,3-Hydroxyacyl Coenzyme A Dehydrogenase,Fatty acid synthesis,15107;15108;97212,0.0,3.225864020350855e-12
HMR_2947,Long-Chain-Fatty-Acid Coenzyme A Ligase,Fatty acid synthesis,328845;216739;14081;26458;74205;433256;94180;50790,0.0,2.0259255413258067e-12
RE3496C,Prostaglandin-E Synthase,Eicosanoid metabolism,,0.0,1.4779288903810084e-12
r1166,Sterol O-Acyltransferase,Miscellaneous,20652;223920,0.0,2.0259255413258067e-12
DCSPTN1CRNt,Transport into the mitochondria (carnitine),Fatty acid oxidation,57279,-1000.0,1000.000000000001
GLDBRAN,Glycogen debranching enzyme,Starch and sucrose metabolism,77559,112.12564507542083,1000.0
RNDR4,Ribonucleoside-diphosphate reductase (UDP),Nucleotide interconversion,20133;20135;382985,0.0,1000.0
PMEVK,Phosphomevalonate kinase,Squalene and cholesterol synthesis,68603,0.0,0.0
IND3ACtm,Indole 3 acetate mitochondrial transport via diffusion,"Transport, mitochondrial",,-1.744382416291046e-12,0.0
CSm,Citrate synthase,Citric acid cycle,12974,0.0,8.640199666842818e-12
AKGMALtm,"Dicarboxylate/tricarboxylate carrier (mal:akg), mitochondrial","Transport, mitochondrial",67863;27376,-1000.0,1000.0
ARGt5r,ARGtiDF,"Transport, extracellular",11989;11987;11988,-1000.0,1000.0
r2243,Resistance-Nodulation-Cell Division (RND) TCDB:2.A.60.1.5,"Transport, extracellular",101488,0.0,1000.0
NACHEX27ly,"Beta-N-acetylhexosaminidase, lysosomal",Hyaluronan metabolism,15211;15212,0.0,0.0
RE3000M,RE3000M,Fatty acid oxidation,51798,0.0,1.2684838311139129e-11
DPMVDx,Diphosphomevalonate decarboxylase,Cholesterol metabolism,192156,0.0,1.3372806088896645e-12
HMR_1243,HMR 1243,"Transport, mitochondrial",,-1.9326762412674725e-12,0.0
HMR_0210,Palmitoyl Coenzyme A Hydrolase,Fatty acid oxidation,171210;217700;12012;70025;171281;171282,0.0,1.931872846149834e-12
RE3132R,Long-Chain-Fatty-Acid- Coenzyme A Ligase,Fatty acid oxidation,74205;433256;50790;216739;14081;26458,0.0,2.2737367544323206e-12
r1449,Acyl-CoA Oxidase,Fatty acid oxidation,80911;11430,0.0,2.495426087989472e-11
ATPtg,"ADP/ATP Transporter, Golgi","Transport, golgi apparatus",,0.0,0.0
RE3597M,Carbonyl Reductase (NADPH),Eicosanoid metabolism,28200,0.0,8.896775864357926e-13
MI145PP,"D-myo-Inositol-1,4,5-trisphosphate 5-phosphohydrolase",Inositol phosphate metabolism,104015;16332;16330;170835;64436;16331;212111,-1.1937117960769683e-12,5.9117155615240335e-12
RE3122C,RE3122,Fatty acid oxidation,,0.0,1.9208140273151247e-12
r2103,Major Facilitator(MFS) TCDB:2.A.1.13.1,"Transport, extracellular",20501,-1000.0,1000.0
TTDCEAc,Hydrolysis of Fatty Acyl Coenzyme A (14:1),Fatty acid oxidation,171281,0.0,4.037659095956769e-12
HMR_3193,Acetyl Coenzyme A C-Acyltransferase,Fatty acid oxidation,97212;52538;231086,0.0,1.237923344079819e-12
PCHOL2LINL_HSABCt,Transport of 2-Linoleoylglycerophosphocholine,"Transport, extracellular",54667;11982;54670;11303;18670,0.0,1.2505552149377763e-12
3HPVSTETCOAhcx,"Beta oxidation of 3-S-hydroxy-pravastatin-CoA to tetranor-CoA in hepatocytes, peroxisomes",Drug metabolism,11430;74147;15488;235674,0.0,1.7053025658242404e-12
AG13T18g,"N-acetyllactosaminide beta-1,3-N-acetylglucosaminyltransferase, Golgi apparatus",Keratan sulfate synthesis,210004;231727;108902;53625;72297;232984;227327,0.0,0.0
HMR_2976,Long-Chain-Fatty-Acid Coenzyme A Ligase,Fatty acid synthesis,328845;216739;14081;26458;74205;433256;94180;50790,0.0,0.0
HMR_2433,Very-Long-Chain 3-Oxoacyl Coenzyme A Synthase,Fatty acid synthesis,170439;74559;12686;54325;54326;68801;83603,0.0,1.3642420526593924e-12
HMR_2707,Carnitine O-Acetyltransferase,"Transport, mitochondrial",12908;12896,-2.609565367512694e-12,0.0
HMR_2740,HMR 2740,"Transport, mitochondrial",319800;30805;20517;57279;171405;236149;236293;214663;207151;434674,0.0,1.3433744360016747e-12
PCHOLN226_HSPLA2,"Formation of 1-Docosahexenoylglycerophosphocholine (Delta 4, 7, 10, 13, 16, 19), Sn1-Lpc (22:6) by Phospholipase A2",Glycerophospholipid metabolism,66350;237625;329502;53357;18780;18783;18784;211429;26971,0.0,1.4779288903810084e-12
FAOXC14DCC12DCx,"Fatty Acid Beta Oxidation (C14Dc->C12Dc), Peroxisomal",Fatty acid oxidation,11430;74147;15488;235674,0.0,0.0
GLCNACDASg,GlcNAc N-deacetylase / N-sulfotransferase,Chondroitin synthesis,64580;17423;83398;15531,0.0,0.0
TRIODTHYt,T3 transport via bicarbonate countertransport,"Transport, extracellular",108115;28253;58807;101488;108096,-1000.0,1000.0
NDPK2,Nucleoside-diphosphate kinase (ATP:UDP),Nucleotide interconversion,54369;171567;79059;18102;18103,-1000.0,1000.0
UMPKn,UMP kinase  nuclear,Nucleotide interconversion,66588,-1000.0,1000.0
PEDH12_HSPLA2,Formation of 1-Didecanoylglycerophosphoethanolamine (C12:0 Pe) by Phospholipase A2,Glycerophospholipid metabolism,66350;237625;329502;53357;18780;18783;18784;211429;26971,0.0,1.7607029745199748e-12
SMS2,"Sphingomyelin Synthase, Formation of Sm (D18:1/15:0)",Glycerophospholipid metabolism,208449;74442,0.0,2.5490720645393594e-12
HSPGt,"Heparan sulfate transport, golgi to extracellular","Transport, extracellular",,0.0,0.0
r0407,"Sedoheptulose 1,7-bisphosphate D-glyceraldehyde-3-phosphate-lyase Carbon fixation EC:4.1.2.13",Miscellaneous,230163;11674;11676,-787.8450776824585,212.15492231758404
SMS10,"Sphingomyelin Synthase, Formation of Sm (D18:1/21:0)",Glycerophospholipid metabolism,208449;74442,0.0,5.130118552187923e-12
PCHOLAR_HSABCt,Transport of 1-Arachidonoyl-Glycero-3-Phosphocholine,"Transport, extracellular",54667;11982;54670;11303;18670,0.0,1.1937117960769683e-12
r0845,Drug/Metabolite Transporter (DMT) TCDB:2.A.7.12.7,"Transport, endoplasmic reticular",229782,0.0,9.094947017729282e-13
RE3011M,Alcohol Dehydrogenase,Eicosanoid metabolism,76187,0.0,8.881784197001252e-13
HMR_3218,Medium-Chain Acyl Coenzyme A Dehydrogenase,Fatty acid oxidation,11363;11370;11364;229211,-3.254285729781259e-12,4.040070075357755e-12
r2101,Major Facilitator(MFS) TCDB:2.A.1.13.1,"Transport, extracellular",20501,-1000.0,1000.0
RE0581C,RE0581,Fatty acid synthesis,,0.0,4.5268031747334385e-12
RE1573M,Dodecenoyl Coenzyme A Isomerase,Fatty acid oxidation,23986;13177;74147,-8.668621376273222e-12,4.9951533319699305e-12
HMR_3738,Steryl-Ester Acylhydrolase,Cholesterol metabolism,16889;12613,0.0,2.2737367544323206e-12
r0595,3-Mercaptopyruvate:cyanide sulfurtransferase Cysteine metabolism EC:2.8.1.2,Methionine and cysteine metabolism,246221;22117,0.0,0.0
HMR_3172,3-Hydroxyacyl Coenzyme A Dehydrogenase,Fatty acid oxidation,15107;15108;97212,0.0,4.092726157978177e-12
HMR_3102,Acyl Coenzyme A Oxidase,Fatty acid oxidation,80911;11430,0.0,4.134418813435681e-12
HMR_0238,Palmitoyl Coenzyme A Hydrolase,Fatty acid oxidation,171210;217700;12012;70025;171281;171282,0.0,1.6058265828178264e-12
MACACI,Maleylacetoacetate isomerase,Tyrosine metabolism,14874,0.0,0.0
HMR_0319,Long-Chain-Fatty-Acid Coenzyme A Ligase,Fatty acid synthesis,328845;216739;14081;26458;74205;433256;94180;50790,0.0,1.5916157281026244e-12
r1172,EC:3.1.1.13,Miscellaneous,16889;12613,0.0,2.2737367544323206e-12
DCK1n,"Deoxycytidine kinase, nuclear (ATP)",Nucleotide interconversion,13178,-1000.0,1000.0
RE1447M_1,"Phosphatidylinositol-3,4-Bisphosphate 4-Phosphatase",Phosphatidylinositol phosphate metabolism,71147,0.0,3.410605131648481e-12
HMR_3101,Acetyl Coenzyme A C-Acyltransferase,Fatty acid oxidation,17919;235674,0.0,3.988093378454601e-12
r2105,Major Facilitator(MFS) TCDB:2.A.1.13.1,"Transport, extracellular",20501,-1000.0,1000.0
r0954,MCT 1 Transport reaction,"Transport, peroxisomal",20501,-500.0000000000038,1.9895196601282805e-12
PItx,"Phosphate transporter, peroxisome","Transport, peroxisomal",,-4.092726157978177e-12,0.0
r1257,EC:6.2.1.3,Fatty acid oxidation,328845;74205;433256;50790;216739;14081;26458,0.0,0.0
r0643,"(S)-Methylmalonate semialdehyde:NAD+ oxidoreductase Valine, leucine and isoleucine degradation EC:1.2.1.3","Valine, leucine, and isoleucine metabolism",11671;56752;110695;11669;72535,0.0,7.040421143574961e-12
r2114,Major Facilitator(MFS) TCDB:2.A.1.13.1,"Transport, extracellular",20501,-1000.0,1000.0
GGH_10FTHF5GLUe,"Gamma-glutamyl hydrolase (10FTHF5GLU), extracellular",Folate metabolism,14590,0.0,100.0
FVSCOAhc,FVSCOAhc,Drug metabolism,,0.0,0.0
PAILPALM_HSPLA2,Formation of 1-Palmitoylglycerophosphoinositol by Phospholipase A2,Glycerophospholipid metabolism,66350;237625;329502;53357;18780;18783;18784;211429;26971,0.0,1.5294432387236157e-12
RE3081X,Enoyl Coenzyme A Hydratase,Fatty acid oxidation,74147,0.0,0.0
PGESr,Prostaglandin E synthase,Eicosanoid metabolism,96979;64292,-1000.0,1000.0
ADNCYC,Adenylate cyclase,Nucleotide interconversion,104110;104111;432530;224129;11515;210044;11514;11513;11512;271639,0.0,0.0
HMR_6747,L-Metanephrine:Oxygen Oxidoreductase (Deaminating) (Flavin-Containing),Phenylalanine metabolism,17161;109731,0.0,2.168931700907706e-12
FAOXC1811602m_1,Beta Oxidation Fatty Acid,Fatty acid oxidation,11364;11409,0.0,2.7663797178926566e-12
OCTDECCPT1,Transport of Octadecenoyl Coenzyme A into Mitochondrial Matrix,Fatty acid oxidation,12894;12895;78070,0.0,0.0
NTD11,5'-nucleotidase (IMP),Purine catabolism,107569;76952;23959;70881;230718,0.0,0.0
GALASE19ly,"Beta-galactosidase, lysosomal",Keratan sulfate degradation,19025;50917;12091;18010,0.0,0.0
DAGKn_hs,Diacylglycerol phosphate kinase (homo sapiens),Glycerophospholipid metabolism,104418;320127,0.0,4.487077376325033e-12
HMR_3113,3-Hydroxyacyl Coenzyme A Dehydrogenase,Fatty acid oxidation,15107;15108;97212,0.0,3.274180926382542e-12
MTAP,5  methylthioadenosine phosphorylase,Arginine and proline metabolism,66902,0.0,1.9489172180848466e-12
HMR_6515,3-Mercaptopyruvate:Cyanide Sulfurtransferase,Methionine and cysteine metabolism,246221;22117,0.0,4.765373281164405e-12
HMR_3411,Enoyl Coenzyme A Hydratase,Fatty acid oxidation,231086;15107;15108;97212;229211;235674;11370;93747;11364;11363;52538,0.0,0.0
HMR_8776,HMR 8776,"Transport, mitochondrial",,0.0,5.4062751824003115e-12
HMR_2355,Very-Long-Chain (3R)-3-Hydroxyacyl Coenzyme A Dehydratase,Fatty acid synthesis,67044;30963;70757;66775;57874,0.0,9.094947017729282e-13
HMR_0297,Long-Chain-Fatty-Acid Coenzyme A Ligase,Fatty acid synthesis,328845;216739;14081;26458;74205;433256;94180;50790,0.0,2.2737367544323206e-12
R04215,CTP:N-glycoloylneuraminate cytidylyltransferase,Aminosugar metabolism,12764,-1000.0,-999.9999999999803
3AIBtm,"3-amino-isobutyrate transport, mitochondrial","Transport, mitochondrial",268860,0.0,4.703792910731863e-12
OCD11CRNCPT2_1,Transport of 11-Octadecenoyl Carnitine into the Mitochondrial Matrix,Fatty acid oxidation,12896,0.0,0.0
RE3624M,Acyl Coenzyme A Oxidase,Fatty acid oxidation,11430,0.0,1.0809005488732464e-11
HMR_1653,Propanoyl Coenzyme A C-Acyltransferase,Bile acid synthesis,17919;20280;235674,0.0,1.168349913226056e-12
HMR_0381,Long-Chain-Fatty-Acid Coenzyme A Ligase,Fatty acid synthesis,328845;216739;14081;26458;74205;433256;94180;50790,0.0,2.6147972675971687e-12
HMR_3066,Acyl Coenzyme A Oxidase,Fatty acid oxidation,80911;11430,0.0,-4.409628218127182e-12
3SALATAi,3-sulfino-alanine transaminase (irreversible),Methionine and cysteine metabolism,14718,0.0,1.6710785004893597e-12
PCHOLDET_HSPLA2,"Formation of 1-Eicosatrienoylglycerophosphocholine (Delta 11, 14, 17) by Phospholipase A2",Glycerophospholipid metabolism,66350;237625;329502;53357;18780;18783;18784;211429;26971,0.0,1.4210854715202004e-12
NACHEX26ly,"Beta-N-acetylhexosaminidase, lysosomal",Keratan sulfate degradation,15211;15212,0.0,0.0
EX_3hpvstet_e,Exchange reaction of 3-S-hydroxy-pravastatin-tetranor in hepatic vein,Exchange/demand reaction,,0.0,2.8421709430404007e-12
CYTK2n,"Cytidylate kinase (dCMP),nuclear",Nucleotide interconversion,66588,-1000.0,1000.0
r2088,Major Facilitator(MFS) TCDB:2.A.1.13.1,"Transport, extracellular",20501,-1000.0,1000.0
DHCR71r,7-dehydrocholesterol reductase,Cholesterol metabolism,13360,0.0,4.718003765447065e-12
HMR_0821,Beta-N-Acetylhexosaminidase,Glycosphingolipid metabolism,15211;238023;15212,0.0,2.1600499167107046e-12
CYTK13,"Cytidylate kinase (dCMP,dATP)",Nucleotide interconversion,66588,-1000.0,1000.0
NTD4e,"5'-nucleotidase (CMP), extracellular",Nucleotide interconversion,23959;50773,0.0,9.094947017729282e-13
r0354,Glycolysis / Glyconeogenesis EC:2.7.1.1,Glycolysis/gluconeogenesis,15275;212032;15277;103988,0.0,5.539649547162381e-12
LCTStg,Lactose transport from Golgi to extracellular (via vesicle),"Transport, extracellular",,0.0,0.0
CRNCARtm,Carnithine acetylcarnithine carrier  mitochondrial,"Transport, mitochondrial",57279,-1000.0,516.3659606532939
HMR_2684,Carnitine O-Palmitoyltransferase,Fatty acid oxidation,12894;12895;78070,-3.410605131648481e-12,3.4987044672872987e-12
N3Tg,"N-acetylgalactosamine 3-beta-galactosyltransferase, Golgi apparatus",O-glycan metabolism,94192,0.0,0.0
LALDO,D-Lactaldehyde NAD+ oxidoreductase (glutathione-formylating),Pyruvate metabolism,11532,-1000.0000000000023,1.291165872347409e-11
PCHOLN201_HSPLA2,"Formation of 1-Eicosenoylglycerophosphocholine (Delta 11) , Sn1-Lpc (20:1) by Phospholipase A2",Glycerophospholipid metabolism,66350;237625;329502;53357;18780;18783;18784;211429;26971,0.0,1.1368683772161603e-12
HMR_2990,Long-Chain-Fatty-Acid Coenzyme A Ligase,Fatty acid synthesis,328845;216739;14081;26458;74205;433256;94180;50790,0.0,2.0463630789890885e-12
FAOXC103C102x,"Fatty Acid Beta Oxidation (C10:3->C10:2), Peroxisomal",Fatty acid oxidation,26378,0.0,3.1262796478975715e-12
HMR_3196,3-Hydroxyacyl Coenzyme A Dehydrogenase,Fatty acid oxidation,15107;15108;97212,0.0,2.9771740628348198e-12
HMR_3416,Enoyl Coenzyme A Hydratase,Fatty acid oxidation,231086;15107;15108;97212;229211;235674;11370;93747;11364;11363;52538,0.0,8.538341548684922e-13
r0973,Facilitated diffusion,"Transport, mitochondrial",,0.0,0.0
HMR_2332,Very-Long-Chain 3-Oxoacyl Coenzyme A Synthase,Fatty acid synthesis,170439;74559;12686;54325;54326;68801;83603,0.0,1.901351195507459e-12
HMR_7328,HMR 7328,N-glycan metabolism,107895,0.0,0.0
HMR_3522,Medium-Chain Acyl Coenzyme A Dehydrogenase,Fatty acid oxidation,11363;11364,0.0,8.232495145358401e-13
EX_3hpvs_e,Exchange reaction for 3-hydroxy pravastatin in portal blood,Exchange/demand reaction,,-2.7284841053187847e-12,0.0
PCHOLN15_HSPLA2,"Formation of 1-Pentadecanoylglycerophosphocholine, Sn1-Lpc (15:0) by Phospholipase A2",Glycerophospholipid metabolism,66350;237625;329502;53357;18780;18783;18784;211429;26971,0.0,1.1368683772161603e-12
CARN1836Z9Z12Zt_m,"(6Z,9Z,12Z)-octadecatrienoyl-l-carnitine:carnitine antiport (Cytosol to mitochondira)","Transport, mitochondrial",319800;30805;20517;57279;171405;236149;236293;214663;207151;434674,-1000.0,1000.0
HMR_0841,"Alpha-N-Acetylneuraminate Alpha-2, 8-Sialyltransferase",Glycosphingolipid metabolism,20449,0.0,0.0
HMR_3062,Acyl Coenzyme A Oxidase,Fatty acid oxidation,80911;11430,0.0,8.549393820882828e-13
NDP8ex,"Nucleoside-diphosphatase (UTP), extracellular",Nucleotide interconversion,72090;215446;76025;12495,0.0,0.0
CYTK7n,"Cytidylate kinase (CMP,UTP),nuclear",Nucleotide interconversion,66588,-1000.0,1000.0
CLPNDCPT2,Carnitine transferase,Fatty acid oxidation,12896,0.0,2.5498333603276736e-12
TETPENT3t,Fatty acid transport via diffusion,"Transport, extracellular",,0.0,0.0
HMR_3450,3-Hydroxyacyl Coenzyme A Dehydrogenase,Fatty acid synthesis,15107;15108;97212,0.0,4.547473508864641e-12
HMR_2774,Carnitine O-Palmitoyltransferase,Fatty acid oxidation,12894;12895;78070,0.0,3.6217378302743393e-12
ST3GAL23g,"CMP-N-acetylneuraminate-beta-galactosamide-alpha-2,3-sialyltransferase, Golgi apparatus",Sphingolipid metabolism,20444,0.0,0.0
CYTK8,"Cytidylate kinase (CMP,dATP)",Nucleotide interconversion,66588,-1000.0,1000.0
RE3003M,Dodecenoyl Coenzyme A Isomerase,Fatty acid oxidation,23986;13177;74147,-9.094947017729282e-12,0.0
FAOXC12DCc,Formation of Dodecanedioyl Carnitine,Fatty acid oxidation,12894;12895;78070,0.0,2.0161650127192843e-12
UMPK6,UMP kinase (dCTP),Nucleotide interconversion,66588,-1000.0,1000.0
GALASE16ly,"Beta-galactosidase, lysosomal",Keratan sulfate degradation,19025;50917;12091;18010,0.0,0.0
PGCD,Phosphoglycerate dehydrogenase,"Glycine, serine, alanine, and threonine metabolism",236539,0.0,0.0
EX_tcynt_e,Thiocyanate exchange,Exchange/demand reaction,,0.0,6.542677510879003e-11
RE3154C,RE3154,Fatty acid oxidation,,0.0,2.2737367544323206e-12
MTRI,5-methylthioribose-1-phosphate isomerase,Arginine and proline metabolism,,0.0,1.9610979506978765e-12
DLNLCGCRNt,Transport into the mitochondria (carnitine),Fatty acid oxidation,57279,-1000.0,1000.0
SCP2x_1,Peroxisomal Thiolase 2,Bile acid synthesis,20280,19.535431793657892,19.535431793683387
CHOLPtg,Choline phosphate intracellular transport,"Transport, golgi apparatus",,-1.4428458428028534e-12,0.0
HMR_3192,3-Hydroxyacyl Coenzyme A Dehydrogenase,Fatty acid oxidation,15107;15108;97212,0.0,1.978861519091879e-12
r2095,Major Facilitator (Mfs) Tcdb:2.A.1.13.1,"Transport, extracellular",20501,-1000.0,1000.0
FACOAL226,Fatty-acid--CoA ligase,Fatty acid oxidation,14081,0.0,2.0463630789890885e-12
RE1957R_1,1-Phosphatidylinositol-4-Phosphate 5-Kinase,Phosphatidylinositol phosphate metabolism,117150;18718;108083,0.0,0.0
CYTK1,Cytidylate kinase (CMP),Nucleotide interconversion,66588,-1000.0,1000.0
CMPACNAtg,CMP-Sia Golgi transport via CMP antiport,"Transport, golgi apparatus",24060,0.0,4.34077016755261e-12
r0027,NADPH:CoA-glutathione oxidoreductase EC:1.8.1.9,Methionine and cysteine metabolism,50493;26462,-1000.0,1000.0
ECOAH1x,(S)-3-Hydroxybutanoyl-CoA hydro-lyase,Tryptophan metabolism,74147;51798,-6.480149750132114e-12,0.0
UDPGLCter,UDP-Glc endoplasmic reticulum transport via CMP antiport,"Transport, endoplasmic reticular",,-1000.0,1000.0
HMR_2709,HMR 2709,"Transport, mitochondrial",319800;30805;20517;57279;171405;236149;236293;214663;207151;434674,-1.8277345449090577e-12,0.0
SMS12,"Sphingomyelin Synthase, Formation of Sm (D18:1/22:0)",Glycerophospholipid metabolism,208449;74442,0.0,3.4585667663122877e-12
HMR_3067,Enoyl Coenzyme A Hydratase,Fatty acid oxidation,74147,0.0,1.2194159495246294e-12
RE2624X,Alpha-Methylacyl Coenzyme A Racemase,Fatty acid oxidation,17117,-6.30961949354969e-12,0.0
FAOXC143C123x,"Fatty Acid Beta Oxidation (C14:3->C12:3), Peroxisomal",Fatty acid oxidation,11430;74147;15488;235674,0.0,1.496768307221076e-12
HMR_0214,Palmitoyl Coenzyme A Hydrolase,Fatty acid oxidation,171210;217700;12012;70025;171281;171282,0.0,2.1440627051561023e-12
HMR_3642,Acyl Coenzyme A:Cholesterol O-Acyltransferase,Cholesterol metabolism,20652;223920,0.0,1.7053025658242404e-12
C6CRNtcx,Transport of Hexanoylcarnitine into Cytosol,"Transport, peroxisomal",57279,-1000.0,1000.0
PCHOLDOC_HSPLA2,Formation of 1-Docosahexaenoylglycerophosphocholine by Phospholipase A2,Glycerophospholipid metabolism,66350;237625;329502;53357;18780;18783;18784;211429;26971,0.0,1.0231815394945443e-12
r1666,Y+LAT2 Utilized transport,"Transport, extracellular",330836,-1000.0,1000.0
HMR_2738,Carnitine O-Acetyltransferase,"Transport, mitochondrial",12908;12896,-1.7673135682178491e-12,0.0
NTPP10,Nucleoside triphosphate pyrophosphorylase (ditp),Nucleotide interconversion,16434,0.0,1.4779288903810084e-12
HMR_2269,Very-Long-Chain (3R)-3-Hydroxyacyl Coenzyme A Dehydratase,Fatty acid synthesis,67044;30963;70757;66775;57874,0.0,1.4400332778071363e-12
PROSTGE2t2r,"Transport of Prostaglandin E2, Endoplasmatic Reticulum","Transport, endoplasmic reticular",,-1000.0,1000.0
GLCAT6g,Heparan glucuronyltransferase II,Chondroitin synthesis,14043;14042,0.0,0.0
MANtly,Mannose efflux from lysosome,"Transport, lysosomal",,0.0,0.0
r1181,EC:3.1.1.13,Miscellaneous,16889;12613,0.0,3.069544618483633e-12
BUTt2r,"Butyrate transport via proton symport, reversible","Transport, extracellular",20501,-1000.0,1000.0
r0747,"3alpha,7alpha-Dihydroxy-5beta-cholestane:NADP+ oxidoreductase (B-specific); 3alpha,7alpha-Dihydroxy-5beta-cholestane:NADP+ oxidoreductase Bile acid biosynthesis EC:1.1.1.50",Bile acid synthesis,83702,0.0,1000.0
r2130,Major Facilitator(MFS) TCDB:2.A.1.13.1,"Transport, extracellular",20501,-1000.0,1000.0
VACCCPT1,Carnitine O-palmitoyltransferase,Fatty acid oxidation,12894;12895;78070,-3.672054755380924e-12,2.0842586915629604e-12
HMR_4701,S-Adenosyl-L-Methionine:Sarcosine N-Methyltransferase,Methionine and cysteine metabolism,74129;192166,0.0,3.2649438708176604e-12
r2124,Major Facilitator(MFS) TCDB:2.A.1.13.1,"Transport, extracellular",20501,-1000.0,1000.0
S6TASE23ly,"N-acetylglucosamine-6-sulfatase, lysosomal",Keratan sulfate degradation,75612,0.0,0.0
HMR_2362,Very-Long-Chain 3-Oxoacyl Coenzyme A Reductase,Fatty acid synthesis,56348,0.0,1.3642420526593924e-12
LNLNCACPT1,Carnitine O-palmitoyltransferase,Fatty acid oxidation,12894;12895;78070,-1000.0000000000013,1000.0
HMR_0767,Phosphatidate Phosphatase,Sphingolipid metabolism,381925;14245;67916;216152;50784;64899;71910;64898;229791;235044;19012,0.0,0.0
RE3082X,3-Hydroxyacyl Coenzyme A Dehydrogenase,Fatty acid oxidation,74147;15488,0.0,1.4302537648848468e-12
SFGTHi,S-Formylglutathione hydralase,Tyrosine metabolism,13885,-1.7083948671481754e-12,1.5824328337688764e-12
EX_hpdece_e,Exchange of Trans-Delta-2-Heptadecanoic Acid,Exchange/demand reaction,,0.0,0.0
ABUTt2r,4 aminobutyrate reversible transport in via proton symport,"Transport, extracellular",215335,-1000.0,1000.0
HMR_3449,Enoyl Coenzyme A Hydratase,Fatty acid synthesis,93747;97212,0.0,0.0
C3STKR2r,C-3 sterol keto reductase (zymosterol),Cholesterol metabolism,15488,0.0,0.0
HMR_2436,Very-Long-Chain Enoyl Coenzyme A Reductase,Fatty acid synthesis,243078;106529,0.0,1.3642420526593924e-12
r0438,Palmitoyl-CoA:L-carnitine O-palmitoyltransferase Fatty acid metabolism EC:2.3.1.21,Fatty acid oxidation,12894;12896,0.0,1000.0
C60CPT1,Production of Hexanoylcarnitine,Fatty acid oxidation,12894;12895;78070,-1000.0,1000.0
PGI,Glucose-6-phosphate isomerase,Glycolysis/gluconeogenesis,14751,-714.7489090743154,1000.0
r0425,EC:1.1.1.42,Miscellaneous,15929;67834;269951;15926;170718,-1000.0,529.2172213716503
B_MANNASEly,"Beta-mannosidase, lysosomal",N-glycan degradation,110173,0.0,9.284425080598642e-13
r0636,Octanoyl-CoA:L-carnitine O-octanoyltransferase EC:2.3.1.137,Fatty acid oxidation,74114,-1000.0,0.0
RE1530M,Thymidine Kinase,Pyrimidine synthesis,57813,0.0,0.0
HMR_9608,HMR 9608,"Transport, extracellular",330064,0.0,100.0
HMR_3452,Medium-Chain Acyl Coenzyme A Dehydrogenase,Fatty acid synthesis,11363;11370;11364;229211,0.0,0.0
HMR_3190,Medium-Chain Acyl Coenzyme A Dehydrogenase,Fatty acid oxidation,11364;229211,0.0,2.334132886971929e-12
LEUKTRB4WOHt,"Transport of W-Hydroxyl Leukotriene B4, Active Transport","Transport, extracellular",,0.0,0.0
CYTK6n,"Cytidylate kinase (CMP,CTP),nuclear",Nucleotide interconversion,66588,-1000.0,1000.0
ETOHt,Ethanol reversible transport,"Transport, extracellular",,0.0,1.887201506178826e-11
ASAH1,N-acylsphingosine amidohydrolase,Sphingolipid metabolism,11886,-6.366462912410498e-12,5.593392415903508e-12
r2288,Resistance-Nodulation-Cell Division (RND) TCDB:2.A.60.1.5,"Transport, extracellular",101488,0.0,1000.0
r1183,EC:3.1.1.13,Miscellaneous,16889;12613,0.0,1.9326762412674725e-12
34HPPOR,4 Hydroxyphenylpyruvateoxygen oxidoreductase,Tyrosine metabolism,15445,0.0,0.0
HMR_0852,"Alpha-N-Acetylneuraminate Alpha-2, 8-Sialyltransferase",Glycosphingolipid metabolism,20449,0.0,1.6484591469634324e-12
OCD11CRNCACT,Transport of 11-octadecenoyl carnitine into the mitochondrial matrix,Fatty acid oxidation,57279,0.0,2.1789977229976407e-12
r0083,Oxalosuccinate:NADP+ oxidoreductase (decarboxylating) Citrate cycle (TCA cycle) EC:1.1.1.42,Miscellaneous,15929;67834;269951;15926;170718,0.0,529.2172213716578
NDPK7,Nucleoside-diphosphate kinase (ATP:dCDP),Nucleotide interconversion,54369;171567;79059;18102;18103,-1000.0,1000.0
SBPP3,Sphingosine 1-phosphate phosphatase,Sphingolipid metabolism,50784;64898;64899;14245;19012;67916,0.0,4.595790414896328e-12
EX_hexdeceeth_e,"Exchange of Hexadecenoyl Ethanolamide, C16:1-Ethanolamide (Delta 9)",Exchange/demand reaction,,0.0,0.0
HMR_0394,Palmitoyl Coenzyme A Hydrolase,Fatty acid oxidation,171210;217700;12012;70025;171281;171282,0.0,1.8120607855824603e-12
HMR_2613,Carnitine O-Acetyltransferase,"Transport, mitochondrial",12908;12896,-1.5262457964126953e-12,0.0
13DAMPPOX,"1,3-Diaminopropane:oxygen oxidoreductase (deaminating)",Beta-Alanine metabolism,237940;76507;11754,0.0,2.3510523328270187e-12
HMR_2971,Long-Chain-Fatty-Acid Coenzyme A Ligase,Fatty acid synthesis,328845;216739;14081;26458;74205;433256;94180;50790,0.0,1.9326762412674725e-12
EX_idp_e,IDP exchange,Exchange/demand reaction,,-100.0,-99.99999999999636
HMR_2338,Very-Long-Chain Enoyl Coenzyme A Reductase,Fatty acid synthesis,243078;106529,0.0,1.2505552149377763e-12
r1451,Acyl-CoA Oxidase,Fatty acid oxidation,80911;11430,0.0,2.6943780540023e-11
r0317,Citrate hydro-lyase Citrate cycle (TCA cycle) / Glyoxylate and dicarboxylate metabolism EC:4.2.1.4,Miscellaneous,11429;11428,-1000.0,0.0
HMR_1084,Gamma-Glutamyltransferase,Leukotriene metabolism,207182;23887;71522;14598,0.0,3.894911060342565e-10
ACtg,"Acetate transport, Golgi apparatus","Transport, golgi apparatus",,0.0,0.0
OCTDECCPT2,Transport of Octadecenoyl Coenzyme A into Mitochondrial Matrix,Fatty acid oxidation,12896,0.0,0.0
UMPK4,UMP kinase (GTP),Nucleotide interconversion,66588,-1000.0,1000.0
r1008,Facilitated diffusion,"Transport, mitochondrial",,0.0,1000.0000000000019
LNLCCPT2,Carnitine transferase,Fatty acid oxidation,12896,0.0,4.251887730788439e-12
r0568,(5-L-Glutamyl)-L-amino-acid 5-glutamyltransferase (cyclizing) Glutathione metabolism EC:2.3.2.4,Glutathione metabolism,110175,0.0,1.2505552149377763e-12
RE3004M,Enoyl Coenzyme A Hydratase,Fatty acid oxidation,93747;74147;97212;231086,0.0,1.332978172285948e-11
ACCOAL,Acetate-CoA ligase (ADP-forming),Propanoate metabolism,60525,0.0,0.0
ORNTArm,L-Ornithine:2-oxo-acid aminotransferase,Urea cycle,18242,-100.00000000000234,100.0000000000033
HMR_2770,Carnitine O-Acetyltransferase,"Transport, mitochondrial",12908;12896,-3.1407805882472097e-12,0.0
Rtotaltl,Fatty acid intracellular transport,"Transport, lysosomal",,-3.713770032239457e-12,0.0
BIOMASS_reaction,Generic Human Biomass Reaction,,,171.27069636284807,171.27069636284818
BGAL1l,"Beta-Galactosidase, Lysosomal",Sphingolipid metabolism,19025;14667;12091;50917;18010;19156,0.0,0.0
GLCAT7g,Heparan glucuronyltransferase II,Chondroitin synthesis,14043;14042,0.0,0.0
HMR_8590,HMR 8590,"Transport, lysosomal",,-9.516009379661193e-13,2.0463630789890885e-12
HMR_3679,Acyl Coenzyme A:Cholesterol O-Acyltransferase,Cholesterol metabolism,20652;223920,0.0,2.0463630789890885e-12
HMR_3114,Acetyl Coenzyme A C-Acyltransferase,Fatty acid oxidation,97212;52538;231086,0.0,9.868017514236271e-12
HMR_3695,Steryl-Ester Acylhydrolase,Cholesterol metabolism,16889;12613,0.0,2.0463630789890885e-12
SMS7,"Sphingomyelin Synthase, Formation of Sm (D18:1/18:1)",Glycerophospholipid metabolism,208449;74442,0.0,6.004974295592547e-12
GLYCLTtm,"Glycolate transport, mitochondria","Transport, mitochondrial",,-5.58221909792186e-12,0.0
RE3162C,RE3162,Fatty acid oxidation,,0.0,3.827456869961073e-12
LNLNCACPT2,Carnitine transferase,Fatty acid oxidation,12896,-1000.0,1000.000000000007
DOPAtu,Dopamine uniport,"Transport, extracellular",20520;20518;20519,-1000.0,1000.0
ALDD2x,"Aldehyde dehydrogenase (acetaldehyde, NAD)",Glycolysis/gluconeogenesis,56847;73458;72535;621603;11671;56752;19378;11670;110695;11668;67689,0.0,629.2172213716537
HMR_0625,Diacylglycerol Cholinephosphotransferase,Glycerophospholipid metabolism,99712;212862,0.0,0.0
G14T19g,"Beta-N-acetylglucosaminylglycopeptide beta-1,4-galactosyltransferase, Golgi",Keratan sulfate synthesis,14595;57370;53418;56336,0.0,0.0
RE2640C,N-Acyl-Aliphatic-L-Amino Acid Amidohydrolase,Methionine and cysteine metabolism,109652,-1000.0,-999.9999999999893
PCHOLN203_HSABCt,"Transport of 1-Dihomo-Linolenoylglycerophosphocholine (20:3, Delta 8, 11, 14), Lysopc A C20:3","Transport, extracellular",54667;11982;54670;11303;18670,0.0,1.0231815394945443e-12
EX_docohxeth_e,Exchange of Docosahexaenoyl Ethanolamide,Exchange/demand reaction,,0.0,0.0
HMR_3685,Steryl-Ester Acylhydrolase,Cholesterol metabolism,16889;12613,0.0,0.0
SK_4abut_l,Sink 4abut[l],Exchange/demand reaction,,-1.0459189070388675e-11,0.0
EX_co_e,EX co LPAREN e RPAREN,Exchange/demand reaction,,0.0,0.0
BGAL2l,"Beta-Galactosidase, Lysosomal",Sphingolipid metabolism,19025;14667;12091;50917;18010;19156,0.0,0.0
RPI,Ribose-5-phosphate isomerase,Pentose phosphate pathway,19895,-1000.0,926.9038313918848
FAEL205,Fatty-acyl-CoA elongation (n-C20:5CoA),Fatty acid synthesis,83603;170439;68801;54326,0.0,5.782041512247815e-12
LCYSTCBOXL,3-Sulfoalanine carboxy-lyase,Taurine and hypotaurine metabolism,14417;246277;14415,0.0,0.0
HMR_2957,Long-Chain-Fatty-Acid Coenzyme A Ligase,Fatty acid synthesis,328845;171210;171282;216739;14081;26458;74205;433256;94180;50790,0.0,1.5916157281026244e-12
HMR_2635,Carnitine O-Acetyltransferase,"Transport, mitochondrial",12908;12896,-8.270717444247566e-12,1.2846612662542611e-11
HMR_0289,Long-Chain-Fatty-Acid Coenzyme A Ligase,Fatty acid synthesis,328845;216739;14081;26458;74205;433256;94180;50790,0.0,1.8189894035458565e-12
GLCRt1,Transport by Glut-5 Transporter into Extracellular Space,"Transport, extracellular",56485,-19.79000255578243,-19.79000255562795
DESAT18_10,Fatty acyl-CoA desaturase (n-C18:2CoA -> n-C18:3CoA),Fatty acid synthesis,56473,0.0,7.062794793455396e-12
RE0566C,RE0566,Fatty acid synthesis,,0.0,5.351807885745075e-12
HMR_2692,Carnitine O-Acetyltransferase,"Transport, mitochondrial",12908;12896,-5.47039528811772e-12,0.0
RE3106C,RE3106,Fatty acid oxidation,,0.0,5.066169705969514e-12
PFK,Phosphofructokinase,Glycolysis/gluconeogenesis,18642;56421;18641,0.0,1000.0
NTD2l,"5'-nucleotidase (UMP), lysosome",Pyrimidine catabolism,11433;66659;11432;56318,0.0,1.3642420526593924e-12
HMR_2345,Very-Long-Chain Enoyl Coenzyme A Reductase,Fatty acid synthesis,243078;106529,0.0,3.9432277536968594e-12
HMR_3112,Enoyl Coenzyme A Hydratase,Fatty acid oxidation,93747;97212,0.0,5.9117155615240335e-12
HMR_2361,Very-Long-Chain 3-Oxoacyl Coenzyme A Synthase,Fatty acid synthesis,170439;74559;12686;54325;54326;68801;83603,0.0,1.1161980430849574e-12
LPASE,Lysophospholipase,Glycerophospholipid metabolism,18783,21.455703997383786,21.455703997412993
RE3152C,RE3152,Fatty acid oxidation,,-9.237055564881302e-12,8.249401162174763e-12
HMR_1635,Alpha-Methylacyl Coenzyme A Racemase,Bile acid synthesis,17117,0.0,0.0
HMR_3432,Enoyl Coenzyme A Hydratase,Fatty acid oxidation,231086;15107;15108;97212;229211;235674;11370;93747;11364;11363;52538,0.0,1.0587086762825493e-12
r0995,Mitochondrial Carrier (MC) TCDB:2.A.29.8.3,"Transport, endoplasmic reticular",57279,-1000.0,1000.0
FAOXC101C102m,"Fatty Acid Beta Oxidation (C10:1->C10:2), Mitochondrial",Fatty acid oxidation,11364;11430,0.0,2.890724696650674e-12
HMR_2624,HMR 2624,"Transport, mitochondrial",319800;30805;20517;57279;171405;236149;236293;214663;207151;434674,-1000.0,1000.0
r1487,EC:6.2.1.3,Fatty acid oxidation,328845;74205;433256;50790;216739;14081;26458,0.0,1.9326762412674725e-12
DGCHOLtx,Bile acid intracellular transport,"Transport, peroxisomal",,136.748022555633,136.74802255576324
O2ter,O2  transport  endoplasmic reticulum,"Transport, endoplasmic reticular",,0.0,4.8547832420808845e-12
HMR_0301,Long-Chain-Fatty-Acid Coenzyme A Ligase,Fatty acid synthesis,328845;216739;14081;26458;74205;433256;94180;50790,0.0,1.8189894035458565e-12
PGDIr,Prostaglandin-H2 D-isomerase [Precursor],Eicosanoid metabolism,19215;54486,-1000.0,1000.0
AIRCr,Phosphoribosylaminoimidazole carboxylase,Purine synthesis,67054,0.0,0.0
TRIDECETH,Formation of C13:0-Ethanolamide,Glycerophospholipid metabolism,18805;18806,0.0,0.0
FACOAL180,Fatty acid  CoA ligase  octadecanoate,Fatty acid oxidation,74205;14081;433256,0.0,1.5916157281026244e-12
EX_3aib_e,L-3-Amino-isobutanoate exchange,Exchange/demand reaction,,0.0,4.959588295605499e-12
PCHOLPALME_HSABCt,Transport of 1-Palmitoleoylglycerophosphocholine (Delta 9),"Transport, extracellular",54667;11982;54670;11303;18670,0.0,1.0800249583553523e-12
CYTK11,"Cytidylate kinase (dCMP,dGTP)",Nucleotide interconversion,66588,-1000.0,1000.0
HMR_0385,Long-Chain-Fatty-Acid Coenzyme A Ligase,Fatty acid synthesis,328845;216739;14081;26458;74205;433256;94180;50790,0.0,2.3874235921539366e-12
NOS1,"L-Arginine,NADPH:oxygen oxidoreductase (N-(omega)-hydroxyarginine-forming)",Arginine and proline metabolism,18125;18126;18127,0.0,1.8909318555415666e-12
HMR_2693,Carnitine O-Palmitoyltransferase,Fatty acid oxidation,12894;12895;78070,0.0,8.715990891990563e-13
EX_glygn2_e,"Glycogen, structure 2 (glycogenin-1,6-{7[1,4-Glc], 4[1,4-Glc]}) exchange",Exchange/demand reaction,,-1.6910917111090384e-12,0.0
PAPtg,"Adenosine 3',5'-bisphosphate Golgi transport","Transport, golgi apparatus",,0.0,2.3874235921539366e-12
AG13T16g,"N-acetyllactosaminide beta-1,3-N-acetylglucosaminyltransferase, Golgi apparatus",Keratan sulfate synthesis,210004;231727;108902;53625;72297;232984;227327,0.0,0.0
FAOXC102x,"Isomerization (C10:2), Peroxisomal",Fatty acid oxidation,23986;74147,0.0,1.6831785353430366e-12
HMR_6978,Signal Peptidase I,Lysine metabolism,69019;66624;66286;76687;56529,0.0,0.0
HMR_3421,Enoyl Coenzyme A Hydratase,Fatty acid oxidation,231086;15107;15108;97212;229211;235674;11370;93747;11364;11363;52538,0.0,0.0
NTP3e,Nucleoside-triphosphatase (GTP),Nucleotide interconversion,72090;215446;76025;12495,0.0,9.094947017729282e-13
ALAt2r,L alanine reversible transport via proton symport,"Transport, extracellular",215335;246049,-1000.0,1000.0
HMR_0598,Phosphatidate Phosphatase,Glycerophospholipid metabolism,381925;14245;67916;216152;50784;64899;71910;64898;229791;235044;19012,0.0,1.184830011879967e-12
HMR_3427,Enoyl Coenzyme A Hydratase,Fatty acid oxidation,231086;15107;15108;97212;229211;235674;11370;93747;11364;11363;52538,0.0,0.0
NTD8,5'-nucleotidase (dGMP),Nucleotide interconversion,76952;107569;23959;70881;230718;50773,0.0,3.069544618483633e-12
HMR_3715,Steryl-Ester Acylhydrolase,Cholesterol metabolism,16889;12613,0.0,1.9104934436632547e-12
HMR_3180,3-Hydroxyacyl Coenzyme A Dehydrogenase,Fatty acid oxidation,15107;15108;97212,0.0,0.0
HMR_2435,Very-Long-Chain (3R)-3-Hydroxyacyl Coenzyme A Dehydratase,Fatty acid synthesis,67044;30963;70757;66775;57874,0.0,1.2505552149377763e-12
IMPD,IMP dehydrogenase,Nucleotide interconversion,23917;23918,0.0,0.0
HMR_3076,3-Hydroxyacyl Coenzyme A Dehydrogenase,Fatty acid oxidation,74147;15488,0.0,8.926522072956518e-13
EX_deoxfvs_e,Exchange reaction for deoxy-fluvastatin-dinor in hepatic vein,Exchange/demand reaction,,99.99999999999218,100.0
CYTK1m,"Cytidylate kinase (CMP),mitochondrial",Nucleotide interconversion,22169,0.0,6.59383658785373e-12
HMR_2530,Very-Long-Chain 3-Oxoacyl Coenzyme A Synthase,Fatty acid synthesis,170439;74559;12686;54325;54326;68801;83603,0.0,2.3732127374387346e-12
ADK1,Adenylate kinase,Nucleotide interconversion,11636;78801;229949;11637,-86.30279732910651,1000.0
LNLCCRNt,Transport into the mitochondria (carnitine),Fatty acid oxidation,57279,-1000.0000000000127,1000.0
HMR_2533,Very-Long-Chain 3-Oxoacyl Coenzyme A Reductase,Fatty acid synthesis,56348,0.0,2.6147972675971687e-12
FACOAL1812,Fatty-acid--CoA ligase,Fatty acid synthesis,328845;216739;14081;26458;74205;433256;94180;50790,0.0,2.595387319693478e-12
r2084,Major Facilitator(MFS) TCDB:2.A.1.13.1,"Transport, extracellular",20501,-1000.0,1000.0
TKT1,Transketolase,Pentose phosphate pathway,21881;74419;83553,-36.54808430407083,-36.54808430405535
HMR_3231,Enoyl Coenzyme A Hydratase,Fatty acid oxidation,93747;97212,0.0,1.4011902749189176e-11
CYANt,Cyanide transport via diffusion (extracellular to cytosol),"Transport, extracellular",,0.0,8.079581448328099e-11
PSFLIPm,Phosphatidylserine flippase,"Transport, mitochondrial",11980;11982,0.0,1.1937117960769683e-12
RE1533M,Acetyl Coenzyme A C-Acyltransferase,Fatty acid oxidation,97212;52538;231086,-1.0743406164692715e-11,2.670456448565043e-12
NDP7g,"Nucleoside-diphosphatase (UDP), Golgi apparatus",Nucleotide interconversion,67464;100862375,0.0,0.0
HMR_2688,HMR 2688,"Transport, mitochondrial",319800;30805;20517;57279;171405;236149;236293;214663;207151;434674,-4.462208380573429e-12,0.0
RE3244C,RE3244,Fatty acid synthesis,,0.0,3.865352482534945e-12
HMR_3740,Steryl-Ester Acylhydrolase,Cholesterol metabolism,16889;12613,0.0,0.0
r0797,Glycine N-choloyltransferase EC:2.3.1.65,Bile acid synthesis,12012,-136.7480225557578,-136.74802255563162
HMR_2608,Carnitine O-Palmitoyltransferase,Fatty acid oxidation,12894;12895;78070,-1000.0,1000.0000000000034
HMR_3652,Acyl Coenzyme A:Cholesterol O-Acyltransferase,Cholesterol metabolism,20652;223920,0.0,0.0
HMR_2542,Very-Long-Chain (3R)-3-Hydroxyacyl Coenzyme A Dehydratase,Fatty acid synthesis,67044;30963;70757;66775;57874,0.0,1.6453098927001464e-12
FACOAL140,Fatty acid  CoA ligase  tetradecanoate,Fatty acid oxidation,74205,0.0,0.0
GDHm,"Glutamate dehydrogenase, mitochondria",Glutamate metabolism,14661,-1000.0,283.63403934707594
HMR_2956,Long-Chain-Fatty-Acid Coenzyme A Ligase,Fatty acid synthesis,328845;216739;14081;26458;74205;433256;94180;50790,0.0,0.0
C161CRNt,C161 transport into the mitochondria,Fatty acid oxidation,57279,-1000.0,1000.0
HMR_0310,Palmitoyl Coenzyme A Hydrolase,Fatty acid oxidation,171210;217700;12012;70025;171281;171282,0.0,0.0
GNDc,Phosphogluconate Dehydrogenase,Pentose phosphate pathway,110208,0.0,4.092726157978176e-12
SEBACIDTD,Transport of sebacic acid into cytosol (diffusion),Fatty acid oxidation,,0.0,0.0
HMR_2943,Long-Chain-Fatty-Acid Coenzyme A Ligase,Fatty acid synthesis,328845;216739;14081;26458;74205;433256;94180;50790,0.0,0.0
HEXAHBl,Hexosaminidase A;Lysosomal Or Hexosaminidase B;Lysosomal,Sphingolipid metabolism,15211;15212;14667,0.0,0.0
r0181,ITP Diphosphohydrolase,Purine catabolism,72090;215446;12495,-100.0,-99.9999999999971
3DSPHR,3 Dehydrosphinganine reductase,Sphingolipid metabolism,70750,0.0,2.2737367544323206e-12
ALASm,5 aminolevulinate synthase,"Glycine, serine, alanine, and threonine metabolism",26912;11656;11655,0.0,1000.0
RE3224C,RE3224,Fatty acid synthesis,83603;170439;68801;54326,0.0,0.0
PROD2m,Proline dehydrogenase (m),Arginine and proline metabolism,19125,0.0,3.035438567167148e-11
HMR_3682,Acyl Coenzyme A:Cholesterol O-Acyltransferase,Cholesterol metabolism,20652;223920,0.0,1.8758328224066645e-12
CHOLPtl,Choline phosphate intracellular transport,"Transport, lysosomal",,-1.5347723092418164e-12,0.0
EX_adrnl_e,Adrenaline exchange,Exchange/demand reaction,,-2.582822844487964e-12,0.0
HMR_0206,Palmitoyl Coenzyme A Hydrolase,Fatty acid oxidation,171210;217700;12012;70025;171281;171282,0.0,3.737454790098127e-12
MCCCrm,"Methylcrotonoyl-CoA carboxylase, mitochondrial","Valine, leucine, and isoleucine metabolism",78038;72039,0.0,2.4442670110147446e-12
PE2LINL_HSPLA2,Formation of 2-Linoleoylglycerophosphoethanolamine by Phospholipase A2,Glycerophospholipid metabolism,66350;237625;329502;53357;18780;18783;18784;211429;26971,0.0,0.0
RE3177M,3-Hydroxyacyl Coenzyme A Dehydrogenase,Fatty acid oxidation,231086;15488;15107;74147;15108;97212,0.0,0.0
ALCD21_D,"Alcohol dehydrogenase (D-1,2-propanediol)",Pyruvate metabolism,11522;225791;11532;76187;26876;11529;100417514,0.0,1000.0
PGM,Phosphoglycerate mutase,Glycolysis/gluconeogenesis,56012;18648;12183,-1000.0,-999.9999999999982
UMPK3,UMP kinase (UTP),Nucleotide interconversion,66588,-1000.0,1000.0
EX_tetdecaeth_e,"Exchange of C14:0-Ethanolamide, Tetradecanoyl Ethanolamide",Exchange/demand reaction,,0.0,1.3017142919125035e-11
HMR_3728,Steryl-Ester Acylhydrolase,Cholesterol metabolism,16889;12613,0.0,2.2737367544323206e-12
PENDECAETH,Formation of Pentadecanoyl Thanolamide (C15:0),Glycerophospholipid metabolism,18805;18806,0.0,1.4836132322670892e-11
ASPTA,Aspartate transaminase,Alanine and aspartate metabolism,14718,-937.0342855184157,-937.0342855179515
RE1525M,3-Hydroxyacyl Coenzyme A Dehydrogenase,Fatty acid oxidation,15107;74147;15108;15488,0.0,2.6526928801710406e-12
LYStm,Lysine mitochondrial transport via ornithine carrier,"Transport, mitochondrial",18408;83885,0.0,3.237569983693143e-12
HMR_2986,Long-Chain-Fatty-Acid Coenzyme A Ligase,Fatty acid synthesis,328845;216739;14081;26458;74205;433256;94180;50790,0.0,1.9326762412674725e-12
HMR_7720,HMR 7720,"Transport, lysosomal",,0.0,1.5916157281026244e-12
HMR_1331,HMR 1331,"Transport, endoplasmic reticular",,-1000.0,1000.0
r2127,Major Facilitator(MFS) TCDB:2.A.1.13.1,"Transport, extracellular",20501,-1000.0,1000.0
C161CPT2,C161 transport into the mitochondria,Fatty acid oxidation,12896,-1000.0,1000.0
HMR_2715,HMR 2715,"Transport, mitochondrial",319800;30805;20517;57279;171405;236149;236293;214663;207151;434674,-1000.0,1000.0
SUBERICACT,Activation of suberic acid for formation of suberyl carnitine,Fatty acid oxidation,,0.0,1.7053025658242404e-12
UDPGD,UDPglucose 6-dehydrogenase,Starch and sucrose metabolism,22235,0.0,0.0
PI345P5P,"Phosphatidylinositol-3,4,5-trisphosphate 5-phosphatase",Inositol phosphate metabolism,104015;64436;20975;212111;170835;16330;16331;16332,0.0,0.0
r2109,Major Facilitator(MFS) TCDB:2.A.1.13.1,"Transport, extracellular",20501,-1000.0,1000.0
ABUTt2rL,4-aminobutyrate reversible transport in via proton symport (lysosome),"Transport, lysosomal",215335,-5.918396366375409e-12,1.2505552149377763e-12
CARN1819Zt_m,(9Z)-octadecenoyl-l-carnitine:carnitine antiport (Cytosol to mitochondira),"Transport, mitochondrial",57279,-1000.0,1000.0
HMR_0380,HMR 0380,"Transport, extracellular",225579;14077;14080;12140;26457;11770;16592;16204;12491;26568;26569;75497;21884,0.0,0.0
THYMDt1,Thymd transport,"Transport, extracellular",13340;63959,0.0,993.0246223660312
r0688,"3Alpha, 7Alpha-Dihydroxy-5Beta-Cholestan-26-Al:NAD+ Oxidoreductase Bile Acid Biosynthesis",Bile acid synthesis,11671;56752;110695;11669;72535,-833.2161224917751,1000.0
RE3243C,RE3243,Fatty acid synthesis,,0.0,2.9558577807620168e-12
HMR_2289,Stearoyl Coenzyme A 9-Desaturase,Fatty acid synthesis,20249,0.0,1.195518298277634e-12
HMR_3447,Dodecenoyl Coenzyme A Isomerase,Fatty acid synthesis,23986;13177;51798,0.0,2.5200582361624888e-12
AHEXASE2ly,"Beta-N-acetylhexosaminidase, lysosomal",N-glycan degradation,15211;15212,0.0,1.0004441719502211e-12
DGTPtn,DGTP diffusion in nucleus,"Transport, nuclear",,1.6952373525994702,1.6952373525994708
HMR_0327,Long-Chain-Fatty-Acid Coenzyme A Ligase,Fatty acid synthesis,328845;216739;14081;26458;74205;433256;94180;50790,0.0,1.8189894035458565e-12
HMR_2190,Very-Long-Chain 3-Oxoacyl Coenzyme A Synthase,Fatty acid synthesis,170439;74559;12686;54325;54326;68801;83603,0.0,3.524291969370097e-12
PCHOLLINL_HSABCt,"Transport of 1-Linoleoylglycerophosphocholine (Delta 9, 12)","Transport, extracellular",54667;11982;54670;11303;18670,0.0,1.0231815394945443e-12
r0361,Glycolysis / Glyconeogenesis EC:2.7.1.1,Fructose and mannose metabolism,15275;212032;15277,0.0,0.0
PIt8,Phosphate transport in/out via Na+ symporter,"Transport, extracellular",20515;20516,-1000.0,1000.0
RE3346C,Aldehyde Dehydrogenase (NAD+),Bile acid synthesis,56752;11670,-1000.0,1000.0
S6T3g,"Galactose/N-acetylglucosamine 6-O-sulfotransferase, Golgi apparatus",Keratan sulfate synthesis,53374;76969,0.0,0.0
PPAm,Inorganic diphosphatase,Oxidative phosphorylation,74776,0.0,4.888534022029489e-12
RSVtu,Uptake of rosuvastatin by enterocytes,Drug metabolism,108096;101488,-1000.0,1000.0
ADSS,Adenylosuccinate synthase,Nucleotide interconversion,11565;11566,0.0,9.201528428093297e-13
HMR_3655,Acyl Coenzyme A:Cholesterol O-Acyltransferase,Cholesterol metabolism,20652;223920,0.0,1.8189894035458565e-12
PRASCSi,Phosphoribosylaminoimidazolesuccinocarboxamide synthase,Purine synthesis,67054,0.0,1.7059347082980476e-12
r2219,Resistance-Nodulation-Cell Division (RND) TCDB:2.A.60.1.5,"Transport, extracellular",101488,0.0,1000.0
HMR_2703,HMR 2703,"Transport, mitochondrial",319800;30805;20517;57279;171405;236149;236293;214663;207151;434674,-3.1568499072285243e-12,0.0
RE3268R_1,"Phosphatidylinositol-3,4,5-Trisphosphate 3-Phosphatase",Phosphatidylinositol phosphate metabolism,234129,0.0,1.3282436335062115e-12
HMR_3423,Enoyl Coenzyme A Hydratase,Fatty acid oxidation,231086;15107;15108;97212;229211;235674;11370;93747;11364;11363;52538,0.0,1.521299670428861e-12
HMR_4124,UDP-D-Glucuronate Carboxy-Lyase (UDP-D-Xylose-Forming),Aminosugar metabolism,67883,0.0,0.0
SMS14,"Sphingomyelin Synthase, Formation of Sm (D18:0/24:0)",Glycerophospholipid metabolism,208449;74442,0.0,2.971400903106769e-12
ENGASE2ly,"Endo-beta-N-acetylglucosaminidase, lysosomal",N-glycan degradation,,0.0,0.0
HMR_3656,Acyl Coenzyme A:Cholesterol O-Acyltransferase,Cholesterol metabolism,20652;223920,0.0,1.5916157281026244e-12
HMR_0234,Palmitoyl Coenzyme A Hydrolase,Fatty acid oxidation,171210;217700;12012;70025;171281;171282,0.0,1.4779288903810084e-12
HMR_2977,Long-Chain-Fatty-Acid Coenzyme A Ligase,Fatty acid synthesis,328845;216739;14081;26458;74205;433256;94180;50790,0.0,1.3642420526593924e-12
PFK26,6 phosphofructo 2 kinase,Fructose and mannose metabolism,18639;170768;18640;270198,0.0,0.0
r2199,Resistance-Nodulation-Cell Division (RND) TCDB:2.A.60.1.5,"Transport, extracellular",101488,-1000.0,1000.0
CITRtm,"Citrulline transport via diffusion, mitochondria","Transport, mitochondrial",18408;83885,-1000.0,1000.0
UMPK4n,"UMP kinase (GTP),nuclear",Nucleotide interconversion,66588,-1000.0,1000.0
FAOXC181C181OHm,"Fatty Acid Beta Oxidation (C18:1->C18:1Oh), Mitochondrial",Fatty acid oxidation,11370;97212,0.0,8.206768598029157e-12
PI4PLC,Phosphatidylinositol 4-phosphate phospholipase C,Inositol phosphate metabolism,18798;18799;72469;18802;227120;18803;433022;234779;18797;269437;18795;18796;269615;74055;114875,0.0,5.277556169858144e-12
PMI12346PS,5 diphosphoinositol 1 2 3 4 6 pentakisphosphate synthase,Inositol phosphate metabolism,27399;227399;327655;271424;76500,0.0,1.887480551477854e-12
r2119,Major Facilitator(MFS) TCDB:2.A.1.13.1,"Transport, extracellular",20501,-1000.0,1000.0
r1168,EC:2.3.1.26,Miscellaneous,20652;223920,0.0,1.2391865311656147e-11
EICOSTETCRNt,Transport into the mitochondria (carnitine),Fatty acid oxidation,57279,-1000.0000000000069,1000.0000000000034
HMR_3204,3-Hydroxyacyl Coenzyme A Dehydrogenase,Fatty acid oxidation,15107;15108;97212,0.0,2.6177649783182217e-12
r0408,ATP:Sedoheptulose 7-phosphate 1-phosphotransferase EC:2.7.1.11,Miscellaneous,18641,-1000.0,1000.0
HMR_2695,HMR 2695,"Transport, mitochondrial",319800;30805;20517;57279;171405;236149;236293;214663;207151;434674,0.0,1.218429025722141e-12
C4CRNCPT2,Transport of butyryl carnitine in the mitochondrial matrix for final hydrolysis,Fatty acid oxidation,12896,-1000.0,1000.0
FAOXC2252053m,Beta oxidation of long chain fatty acid,Fatty acid oxidation,11364;11409,0.0,1.9326762412674725e-12
NTD9,5'-nucleotidase (GMP),Nucleotide interconversion,107569;76952;23959;70881;230718,0.0,3.296918293926865e-12
AMANK,N-acetyl-D-mannosamine kinase,Aminosugar metabolism,50798;56174,0.0,0.0
HMR_2677,Carnitine O-Acetyltransferase,"Transport, mitochondrial",12908;12896,-6.0822458181064576e-12,2.998324220510815e-12
PHEACGLYtm,"Transport of Phenylacetylglycine, Mitochondrial","Transport, mitochondrial",,0.0,9.282271920793308e-13
CYOR_u10mi,CYOR u10mi,Oxidative phosphorylation,66694;17711;66576;67003;67530;66594;22272;66445;22273;66152,135.06799999999998,135.06800000004526
5AOPtm,5 Aminolevulinate mitochondrial transport,Heme synthesis,,0.0,0.0
PVSOATPtu,Uptake of pravastatin by enterocytes,Drug metabolism,101488,-1000.0,1000.0
RE3193M,Enoyl Coenzyme A Hydratase,Fatty acid oxidation,93747;74147;97212;231086,0.0,0.0
NDPK3,Nucleoside-diphosphate kinase (ATP:CDP),Nucleotide interconversion,54369;171567;79059;18102;18103,-1000.0,1000.0
HMR_2699,Carnitine O-Palmitoyltransferase,Fatty acid oxidation,12894;12895;78070,-2.3874235921539366e-12,0.0
HMR_3232,3-Hydroxyacyl Coenzyme A Dehydrogenase,Fatty acid oxidation,15107;15108;97212,0.0,7.158718062783009e-12
r2497,ATP-binding Cassette (ABC) TCDB:3.A.1.203.3,"Transport, peroxisomal",11666,0.0,2.268756404535064e-12
DGNSKm,Deoxyguanosine kinase,Nucleotide interconversion,27369,0.0,3.4106051316484805e-12
FBP26,Fructose 2 6 bisphosphate 2 phosphatase,Fructose and mannose metabolism,170768;14121;18639;14120;18640;270198,0.0,2.268756404535064e-12
HMR_2359,HMR 2359,Fatty acid synthesis,60527;56473;76267,0.0,2.6048496692965274e-12
CYTK11n,"Cytidylate kinase (dCMP,dGTP),nuclear",Nucleotide interconversion,66588,-1000.0,1000.0
RE3301C_1,Phospholipase D,Glycerophospholipid metabolism,18806,0.0,5.490767254699955
OLEETH,Formation of Oleoyl Ethanolamide,Glycerophospholipid metabolism,18805;18806,0.0,1.62136383460082e-12
HMR_1735,Cholesterol 24-Hydroxylase,Bile acid synthesis,13116,0.0,0.0
HMR_2727,HMR 2727,"Transport, mitochondrial",319800;30805;20517;57279;171405;236149;236293;214663;207151;434674,-1000.0,1000.0
HMR_3183,Enoyl Coenzyme A Hydratase,Fatty acid oxidation,93747;97212,0.0,1.1587635167380255e-12
RE1516M,RE1516M,Fatty acid oxidation,11363;11430,0.0,3.864168244642012e-12
HMR_0354,Palmitoyl Coenzyme A Hydrolase,Fatty acid oxidation,171210;217700;12012;70025;171281;171282,0.0,1.8189894035458565e-12
RE3015R,Leukotriene-B4 20-Monooxygenase,Eicosanoid metabolism,72054;170716;320997,0.0,4.936495656693296e-12
HMR_3718,Steryl-Ester Acylhydrolase,Cholesterol metabolism,16889;12613,0.0,2.5011104298755527e-12
EX_glcr_e,D-Glucarate exchange,Exchange/demand reaction,,19.790002555669275,19.790002555788362
DLNLCGCPT1,Carnitine O-palmitoyltransferase,Fatty acid oxidation,12894;12895;78070,-1000.0000000000069,1000.0000000000043
r2128,Major Facilitator(MFS) TCDB:2.A.1.13.1,"Transport, extracellular",20501,-1000.0,1000.0
PLA2_2,Phospholipase A2,Glycerophospholipid metabolism,66350;237625;329502;53357;18780;18783;18784;211429;26971,0.0,3.183231456205249e-12
GLUPRT,Glutamine phosphoribosyldiphosphate amidotransferase,Purine synthesis,231327,0.0,0.0
RE3005M,3-Hydroxyacyl Coenzyme A Dehydrogenase,Fatty acid oxidation,15107;74147;15108;15488,0.0,1.0970779840135947e-11
PCHOLHEP_HSABCt,Transport of 1-Heptadecanoylglycerophosphocholine,"Transport, extracellular",54667;11982;54670;11303;18670,0.0,1.1500344822868063e-12
HMR_3222,Medium-Chain Acyl Coenzyme A Dehydrogenase,Fatty acid oxidation,11363;11370;11364;229211,0.0,1.7053025658242404e-12
PE203_HSABCt,"1-Eicosatrienoylglycerophosphoethanolamine (Delta 11, 14, 17), Lpe (20:3)","Transport, extracellular",50770;320940,0.0,1.7382178285008555e-12
OCD11COACPT1_1,Transport of 11-Octadecenoyl Carnitine into the Mitochondrial Matrix,Fatty acid oxidation,12894;12895;78070,0.0,4.405364961712621e-12
PCHOL2OLE_HSPLA2,Formation of 2-Oleoylglycerophosphocholine by Phospholipase A2,Glycerophospholipid metabolism,66350;237625;329502;53357;18780;18783;18784;211429;26971,0.0,1.1368683772161603e-12
EX_HC01700_e,Exchange of gamma-Glutamyl-3-aminopropiononitrile,Exchange/demand reaction,,0.0,7.617018127348274e-12
LCAT1e,Lecithin-cholesterol acyltransferase,Fatty acid oxidation,16816,0.0,96.50590652350638
FE2utm,Iron  II  uptake  mitochondrial,"Transport, mitochondrial",246696;67712,0.0,0.0
SIAASE3ly,"Sialidase, lysosomal",Keratan sulfate degradation,19025;50917;12091;18010,0.0,0.0
ORNt3m,Ornithine mitochondrial transport via proton antiport,"Transport, mitochondrial",18408;83885,-1000.0,1000.0
q10tm,Transport of ubiquinone into mitochondria,"Transport, mitochondrial",,-1000.0000000000167,1000.0
HMR_0809,HMR 0809,Glycosphingolipid metabolism,,0.0,9.362445459427201e-13
HMR_2676,HMR 2676,"Transport, mitochondrial",319800;30805;20517;57279;171405;236149;236293;214663;207151;434674,-4.774847184307873e-12,2.878586258248106e-12
HMR_3719,Steryl-Ester Acylhydrolase,Cholesterol metabolism,16889;12613,0.0,2.0463630789890885e-12
HMR_1754,Cholate Coenzyme A Ligase,Bile acid synthesis,26459;26458,0.0,9.094947017729282e-13
HMR_2685,HMR 2685,"Transport, mitochondrial",319800;30805;20517;57279;171405;236149;236293;214663;207151;434674,-5.343281372915953e-12,3.410605131648481e-12
RE1517M,RE1517M,Fatty acid oxidation,11363;11430,0.0,2.5579538487363607e-12
APRTO2,N acetylputrescine oxygen oxireductase  deaminating,Arginine and proline metabolism,17161;109731,0.0,1.7053025658242404e-12
RE3232C,RE3232,Fatty acid synthesis,,-1.8669510382096632e-12,3.0455638011517294e-12
HMR_0278,HMR 0278,"Transport, extracellular",225579;14077;14080;12140;26457;11770;16592;16204;12491;26568;26569;75497;21884,0.0,1.7053025658242404e-12
r2514m,"Transport of Hexadecenoate (N-C16:1) via Carnitine Antiport, Mitochondrial","Transport, mitochondrial",,0.0,4.312994406063808e-12
HMR_0437,Long-Chain-Fatty-Acid Coenzyme A Ligase,Fatty acid synthesis,328845;216739;14081;26458;74205;433256;94180;50790,0.0,1.9326762412674725e-12
PItg,"Phosphate transport, Golgi apparatus","Transport, golgi apparatus",,0.0,0.0
GTHOm,Glutathione oxidoreductase,Glutamate metabolism,14782,0.0,1000.0
r2131,Major Facilitator(MFS) TCDB:2.A.1.13.1,"Transport, extracellular",20501,-1000.0,1000.0
PPNCL2,Phosphopantothenate-cysteine ligase,CoA synthesis,106564,0.0,0.0
SMS8,"Sphingomyelin Synthase, Formation of Sm (D18:1/20:1)",Glycerophospholipid metabolism,208449;74442,0.0,3.3071323457534163e-12
r0311,Palmitate:CoA ligase (AMP-forming) Fatty acid metabolism EC:6.2.1.3,Fatty acid oxidation,328845;74205;433256;50790;216739;14081;26458,0.0,1.8189894035458565e-12
IPDDIx,Isopentenyl-diphosphate D-isomerase,Cholesterol metabolism,320581;319554,0.0,0.0
ST8SIA52g,"Beta-galactoside alpha-2,3-sialyltransferase",Sphingolipid metabolism,225742,0.0,0.0
CLPNDCRNt,Transport into the mitochondria (carnitine),Fatty acid oxidation,57279,-1000.0,1000.0
GNDer,"Phosphogluconate dehydrogenase, endoplasmic reticulum",Pentose phosphate pathway,110208,0.0,8.018071313637216e-12
DRPA,Deoxyribose-phosphate aldolase,Pentose phosphate pathway,232449,593.278292258912,593.278292258973
RE3476C,Carbonyl Reductase (NADPH),Arachidonic acid metabolism,109857;12408,0.0,6.348699344016495e-12
GLCtly,Glucose efflux from lysosome,"Transport, lysosomal",,0.0,0.0
HMR_2768,Carnitine O-Palmitoyltransferase,Fatty acid oxidation,12894;12895;78070,0.0,2.7934480125882798e-12
HMR_3699,Steryl-Ester Acylhydrolase,Cholesterol metabolism,16889;12613,0.0,1.7053025658242404e-12
HMR_3729,Steryl-Ester Acylhydrolase,Cholesterol metabolism,16889;12613,0.0,1.8189894035458565e-12
FTHFDH,10-formyltetrahydrofolate:NADP+ oxidoreductase,Folate metabolism,216188;107747,0.0,4.6360726907656166e-12
GDR,Glutathione-disulfide reductase,Glutathione metabolism,14782,-1000.0,1000.0
SIAASE4ly,"Sialidase, lysosomal",Keratan sulfate degradation,19025;50917;12091;18010,0.0,0.0
ALDD20xm,Aldehyde dehydrogenase  indole 3 acetaldehyde  NAD   mitochondrial,Tryptophan metabolism,11669;72535;212647,0.0,0.0
HMR_2982,Long-Chain-Fatty-Acid Coenzyme A Ligase,Fatty acid synthesis,328845;216739;14081;26458;74205;433256;94180;50790,0.0,2.0463630789890885e-12
HMR_3237,Acetyl Coenzyme A C-Acyltransferase,Fatty acid oxidation,97212;52538;231086,0.0,5.5848659030743875e-12
NACHEX24ly,"Beta-N-acetylhexosaminidase, lysosomal",Keratan sulfate degradation,15211;15212,0.0,9.61359701420635e-13
S3T1g,Heparin-glucosamine 3-O-sulfotransferase,Chondroitin synthesis,15476;628779;319415,0.0,0.0
HMR_2380,HMR 2380,Fatty acid synthesis,60527;56473;76267,0.0,1.9084717682177156e-12
HMR_0267,Long-Chain-Fatty-Acid Coenzyme A Ligase,Fatty acid synthesis,328845;216739;14081;26458;74205;433256;94180;50790,0.0,2.0463630789890885e-12
SCPx,Peroxisomal thiolase 2,Bile acid synthesis,20280,0.0,1.1368683772161603e-12
ATVLACThc,Uptake of atorvastatin-lactone into hepatocytes,Drug metabolism,101488,-1000.0,1000.0
NDPK6,Nucleoside-diphosphate kinase (ATP:dUDP),Nucleotide interconversion,54369;171567;79059;18102;18103,-1000.0,-90.35574708776744
ACNAM9PL,N-Acetylneuraminate 9-phosphate pyruvate-lyase (pyruvate-phosphorylating),Aminosugar metabolism,94181,0.0,0.0
r2092,Major Facilitator(MFS) TCDB:2.A.1.13.1,"Transport, extracellular",20501,-1000.0,1000.0
EX_peplys_e,Peptidyl-L-lysine exchange,Exchange/demand reaction,,0.0,0.0
HMR_2962,Long-Chain-Fatty-Acid Coenzyme A Ligase,Fatty acid synthesis,328845;216739;14081;26458;74205;433256;94180;50790,0.0,1.4779288903810084e-12
ACSm,Acetyl CoA synthetase,Glycolysis/gluconeogenesis,68738,0.0,3.524291969370097e-12
HMR_3721,Steryl-Ester Acylhydrolase,Cholesterol metabolism,16889;12613,0.0,1.8189894035458565e-12
ACOAD1fm,"Acyl-CoA dehydrogenase (butanoyl-CoA), mitochondrial",Butanoate metabolism,11409;11364;66948;66885;102632;229211,0.0,0.0
XYLTer,"UDP-xylose:protein xylosyltransferase, endoplasmic reticulum",Chondroitin synthesis,217119;233781,0.0,0.0
r2123,Major Facilitator(MFS) TCDB:2.A.1.13.1,"Transport, extracellular",20501,-1000.0,1000.0
GCALDDm,"Glycolaldehyde dehydrogenase, mitochondrial",Glyoxylate and dicarboxylate metabolism,104776;56454;212647;214579;11669;72535,0.0,3.922195901395753e-12
HMBS,Hydroxymethylbilane synthase,Heme synthesis,15288,0.0,0.0
EX_oxa_e,Oxalate exchange,Exchange/demand reaction,,0.0,1.2523315717771766e-12
HMR_3727,Steryl-Ester Acylhydrolase,Cholesterol metabolism,16889;12613,0.0,0.0
HMR_2701,Carnitine O-Acetyltransferase,"Transport, mitochondrial",12908;12896,0.0,2.5579538487363607e-12
PMI12346PHn,"5-diphosphoinositol-1,2,3,4,6-pentakisphosphate diphosphohydrolase, nuclear",Inositol phosphate metabolism,271424;76500;27399,0.0,0.0
HMR_3701,Steryl-Ester Acylhydrolase,Cholesterol metabolism,16889;12613,0.0,2.0463630789890885e-12
FATP1t,Fatty acid electroneutral transport,"Transport, extracellular",26568;26569;26457,-1000.0,1000.0
CTPS2,CTP synthase (glutamine),Pyrimidine synthesis,51797;55936,0.0,1.1795009413617663e-12
RE3010M,Carbonyl Reductase (NADPH),Eicosanoid metabolism,28200,-1000.0,0.0
r1668,Y+LAT2 Utilized transport,"Transport, extracellular",330836,-1000.0,1000.0
HMR_2974,Long-Chain-Fatty-Acid Coenzyme A Ligase,Fatty acid synthesis,328845;216739;14081;26458;74205;433256;94180;50790,0.0,0.0
HMR_1758,HMR 1758,"Transport, peroxisomal",,0.0,0.0
S6TASE25ly,"Galactose-6-sulfate sulfatase, lysosomal",Keratan sulfate degradation,19025;50917;12091;18010,0.0,0.0
ADRNCPT2,Carnitine transferase,Fatty acid oxidation,12896,0.0,2.923375090228944e-12
TTDCRNt,Transport into the mitochondria (carnitine),Fatty acid oxidation,57279,-1000.0,1000.0
r0310,Palmitoyl Coenzyme A:Oxygen 2-Oxidoreductase,Fatty acid oxidation,11370;80911;11364;11363;11430,0.0,2.1259438653942198e-11
RE3114R,Long-Chain-Fatty-Acid- Coenzyme A Ligase,Fatty acid oxidation,74205;433256;50790;216739;14081;26458,0.0,2.3305801732931286e-12
ATP2ter,"AMP/ATP transporter, endoplasmic reticulum","Transport, endoplasmic reticular",,0.0,2.2737367544323206e-12
MLTG1ly,"Maltodextrin glucosidase (maltotriose), lysosome",Starch and sucrose metabolism,14387,0.0,0.0
HMR_3199,Enoyl Coenzyme A Hydratase,Fatty acid oxidation,93747;97212,0.0,2.1359288942332586e-12
EX_octa_e,Octanoate (n-C8:0) exchange,Exchange/demand reaction,,0.0,0.0
ACOAD9m,"2-methylacyl-coa dehydrogenase, 2-Methylprop-2-enoyl-CoA forming","Valine, leucine, and isoleucine metabolism",11364;66948,55.2763443719655,55.27634437210749
HMR_2886,Carnitine O-Acetyltransferase,"Transport, endoplasmic reticular",12908,0.0,2.3305801732931286e-12
GALt1r,Galactose transport (uniport),"Transport, extracellular",20527;56017;170441;20525;20526,-1000.0,1000.0
r0830,Mitochondrial Carrier (MC) TCDB:2.A.29.2.2,"Transport, mitochondrial",27376,-1000.0,1000.0
FBA,Fructose-bisphosphate aldolase,Glycolysis/gluconeogenesis,230163;11674;11676,0.0,1000.0
LPS,Lipase,Triacylglycerol synthesis,116939;16956;15450;12613,0.0,1.9326762412674725e-12
HMR_0395,HMR 0395,"Transport, extracellular",11303,0.0,0.0
GALTg,"UDP-D-galactose:D-xylose galactosyltransferase, Golgi apparatus",Chondroitin synthesis,218271,0.0,0.0
HMR_3221,Acetyl Coenzyme A C-Acyltransferase,Fatty acid oxidation,97212;52538;231086,0.0,3.418598737425782e-12
r0364,Glycolysis / Glyconeogenesis EC:2.7.1.1,Aminosugar metabolism,15275;212032;15277,0.0,3.3484998855053913e-12
HMR_3698,Steryl-Ester Acylhydrolase,Cholesterol metabolism,16889;12613,0.0,1.5916157281026244e-12
RE0568C,RE0568,Fatty acid synthesis,67115,0.0,2.824999493592865e-12
FACOAE120,Fatty-acid-CoA thioesterase (dodecanoate),Fatty acid oxidation,171210;217700;12012;70025;171281;171282,0.0,1.5916157281026244e-12
HMR_3707,Steryl-Ester Acylhydrolase,Cholesterol metabolism,16889;12613,0.0,1.8189894035458565e-12
HMR_3202,2-Methyl-Branched-Chain-Enoyl Coenzyme A Reductase,Fatty acid oxidation,66885,0.0,9.465000655811332e-13
UMPK7,UMP kinase (dGTP),Nucleotide interconversion,66588,-1000.0,1000.0
RE2624M,Alpha-Methylacyl Coenzyme A Racemase,Fatty acid oxidation,17117,-1.1225373991949268e-12,0.0
ASPDt6,"D-aspartate transport via Na, H symport and K antiport","Transport, extracellular",20510;242607;20511;20512;20513,0.0,1000.0
HMR_2772,HMR 2772,"Transport, mitochondrial",319800;30805;20517;57279;171405;236149;236293;214663;207151;434674,0.0,1.154332989273199e-12
STRDNCCPT2,Carnitine transferase,Fatty acid oxidation,12896,-1.8000415972589205e-12,2.690588492744913e-12
DGK2m,Deoxyguanylate kinase (dGMP:dATP) (mitochondrial),Nucleotide interconversion,,0.0,3.214535355429146e-12
RE1534M,Acetyl Coenzyme A C-Acyltransferase,Fatty acid oxidation,97212;52538;231086,0.0,4.198123330449259e-12
G14T18g,"Beta-N-acetylglucosaminylglycopeptide beta-1,4-galactosyltransferase, Golgi",Keratan sulfate synthesis,14595;57370;53418;56336,0.0,0.0
GLYCTO1,Glycolate oxidase,"Glycine, serine, alanine, and threonine metabolism",15112;56185,0.0,9.951151014320203e-12
r1177,EC:3.1.1.13,Miscellaneous,16889;12613,0.0,1000.0
FVSitx,FVSitx,Drug metabolism,,99.99999999999149,100.0
HMR_0828,Beta-N-Acetylhexosaminidase,Glycosphingolipid metabolism,15211;238023;15212,-1.184830011879967e-12,0.0
PCHOL2OLE_HSABCt,Transport of 2-Oleoylglycerophosphocholine,"Transport, extracellular",54667;11982;54670;11303;18670,0.0,1.1368683772161603e-12
HMR_2972,Long-Chain-Fatty-Acid Coenzyme A Ligase,Fatty acid synthesis,328845;216739;14081;26458;74205;433256;94180;50790,0.0,1.7053025658242404e-12
MI3PP,1D-myo-Inositol 3-phosphate phosphohydrolase,Inositol phosphate metabolism,114663;55980,0.0,3.9931762857041218
HMR_2657,Carnitine O-Palmitoyltransferase,Fatty acid oxidation,12894;12895;78070,0.0,5.115907697472721e-12
EX_n2m2nmasn_e,"N-Acetyl-beta-D-glucosaminyl-1,2-alpha-D-mannosyl-1,3-(N-acetyl-beta-D-glucosaminyl-1,2-alpha-D-mannosyl-1,6)-(N-acetyl-beta-D-glucosaminyl-1,4)-beta-D-mannosyl-1,4-N-acetyl-beta-D-glucosaminyl-R exchange",Exchange/demand reaction,,0.0,0.0
RE3192M,Enoyl Coenzyme A Hydratase,Fatty acid oxidation,93747;74147;97212;231086,0.0,0.0
RE3121C,RE3121,Fatty acid oxidation,,0.0,2.1724071816804455e-12
HMR_3722,Steryl-Ester Acylhydrolase,Cholesterol metabolism,16889;12613,0.0,1.7053025658242404e-12
TMDK1,Thymidine kinase (ATP:thymidine),Nucleotide interconversion,57813;21877,0.0,3.808509063674137e-12
PCHOLN2254_HSABCt,"Transport of 1-Docosapentenoylglycerophosphocholine (Delta 4, 7, 10, 13, 16), Sn1-Lpc (22:5)-W6","Transport, extracellular",54667;11982;54670;11303;18670,0.0,9.094947017729282e-13
HMR_3677,Acyl Coenzyme A:Cholesterol O-Acyltransferase,Cholesterol metabolism,20652;223920,0.0,1.7053025658242404e-12
UDPGLCAter,UDPGlcA endoplasmic reticulum transport via UMP antiport,"Transport, endoplasmic reticular",242585,-1000.0,1000.0
EX_HC01577_e,Exchange of gamma-Glutamyl-beta-cyanoalanine,Exchange/demand reaction,,0.0,2.5352164811920375e-10
PROFVStev,Exit of des-isoproylpropionic-acid-fluvastatin into hepatic vein,Drug metabolism,,0.0,1.3335288089747202e-12
PCHOLPALM_HSPLA2,Formation of 1-Palmitoylglycerophosphocholine by Phospholipase A2,Glycerophospholipid metabolism,66350;237625;329502;53357;18780;18783;18784;211429;26971,0.0,9.094947017729282e-13
HPDCACRNCPT1,Carnitine fatty-acyl transferase,Fatty acid oxidation,12894;12895;78070,-3.296918293926865e-12,0.0
r0210,"L-Serine hydro-lyase (adding homocysteine) Glycine, serine and threonine metabolism EC:4.2.1.22",Methionine and cysteine metabolism,12411,0.0,3.922195901395753e-12
GTHPi,Glutathione peridoxase,Glutathione metabolism,625249;14775;14776;21672;18477,0.0,8.29913915367797e-12
HMR_2948,Long-Chain-Fatty-Acid Coenzyme A Ligase,Fatty acid synthesis,328845;216739;14081;26458;74205;433256;94180;50790,0.0,1.7053025658242404e-12
C10DCc,Production of sebacoylcarnitine,Fatty acid oxidation,12894;12895;78070,0.0,2.3874235921539366e-12
HEXDIACtr,Transport of Hexadecanedioc Acid by Diffusion,Fatty acid oxidation,,0.0,2.0463630789890885e-12
C161CPT12,Carnitine O-palmitoyltransferase,Fatty acid oxidation,12894;12895;78070,0.0,2.1600499167107046e-12
CRNCARtp,Carnitine acetylcarnitine carrier  peroxisomal,"Transport, peroxisomal",12908,0.0,1000.0
SUBERCROT,Production of suberyl carnitine,Fatty acid oxidation,74114,-1.3642420526593924e-12,0.0
RE0567C,RE0567,Fatty acid synthesis,,0.0,9.094947017729282e-13
PPBNGS,Porphobilinogen synthase,Heme synthesis,17025,0.0,9.094947017729282e-13
r1000,Facilitated diffusion,"Transport, endoplasmic reticular",,0.0,1.9326762412674725e-12
FAOXC204184m,Beta oxidation  fatty acid,Fatty acid oxidation,11364;11409,0.0,3.523630124189134e-12
LNLNCGCPT2,Carnitine transferase,Fatty acid oxidation,12896,-3.183231456205249e-12,2.9558577807620168e-12
GLCAT8g,Heparan glucuronyltransferase II,Chondroitin synthesis,14043;14042,0.0,0.0
HMR_2978,Long-Chain-Fatty-Acid Coenzyme A Ligase,Fatty acid synthesis,328845;216739;14081;26458;74205;433256;94180;50790,0.0,1.8189894035458565e-12
ACCOAC,Acetyl-CoA carboxylase,Fatty acid oxidation,107476;100705,0.0,0.0
SIAT9g,"Lactosylceramide alpha-2,3-sialyltransferase, Golgi apparatus",Sphingolipid metabolism,20454,0.0,0.0
HMR_3681,Acyl Coenzyme A:Cholesterol O-Acyltransferase,Cholesterol metabolism,20652;223920,0.0,1.8189894035458565e-12
SACCD3m,"Saccharopine dehydrogenase (NADP, L-lysine forming), mitochondrial",Lysine metabolism,30956,0.0,0.0
HMR_0429,Long-Chain-Fatty-Acid Coenzyme A Ligase,Fatty acid synthesis,328845;216739;14081;26458;74205;433256;94180;50790,0.0,1.1368683772161603e-12
GALASE17ly,"Beta-galactosidase, lysosomal",Keratan sulfate degradation,19025;50917;12091;18010,0.0,0.0
RE3191M,Acetyl Coenzyme A C-Acyltransferase,Fatty acid oxidation,97212;52538;231086,0.0,0.0
34DHOXMANDte,"3, 4-Dihydroxymandelate Transport, Cytosol","Transport, extracellular",19879;18399,0.0,2.6485480475457734e-12
HMR_4700,"N, N-Dimethylglycine:Electron-Transfer Flavoprotein Oxidoreductase (Demethylating)","Glycine, serine, alanine, and threonine metabolism",74129;319518,0.0,2.7498003873915877e-12
r0579,ATP:pantothenate 4-phosphotransferase Pantothenate and CoA biosynthesis EC:2.7.1.33,CoA synthesis,74450;75735;211347;269614,0.0,0.0
TMNDNCCRNt,Transport into the mitochondria (carnitine),Fatty acid oxidation,57279,-1000.0,1000.0
EX_leuktrB4woh_e,Exchnage for W-Hydroxyl Leukotriene B4,Exchange/demand reaction,,0.0,0.0
HPDCACRNt,Heptadecanoate transport into the mitochondria,Fatty acid oxidation,57279,-1000.0,1000.0000000000032
HMR_2722,HMR 2722,"Transport, mitochondrial",319800;30805;20517;57279;171405;236149;236293;214663;207151;434674,-1000.0,1000.0
r0173,(S)-Lactate:NAD+ oxidoreductase Glycolysis / Gluconeogenesis / Pyruvate metabolism EC:1.1.1.27,Glycolysis/gluconeogenesis,16828;16833;16832,-1000.0,247.9365767559808
HMR_3660,Acyl Coenzyme A:Cholesterol O-Acyltransferase,Cholesterol metabolism,20652;223920,0.0,1.2505552149377763e-12
r2080,Major Facilitator(MFS) TCDB:2.A.1.13.1,"Transport, extracellular",20501,-1000.0,1000.0
RE0944E,Alpha-Amylase,Starch and sucrose metabolism,11722;100043684;100043686;109959;100043688,-100.0,-99.99999999999497
HMR_3628,Acyl Coenzyme A:Cholesterol O-Acyltransferase,Cholesterol metabolism,20652;223920,0.0,1.7261292023247527e-12
PCHOLN204_HSABCt,"Transport of 1-Eicosatetraenoylglycerophosphocholine (Delta 8, 11, 14, 17), Sn1-Lpc (20:4)","Transport, extracellular",54667;11982;54670;11303;18670,0.0,1.2505552149377763e-12
ACACT10m,Acetyl-CoA C-acyltransferase,"Valine, leucine, and isoleucine metabolism",110446;231086;52538,0.0,1.9753088054130785e-12
HMR_3705,Steryl-Ester Acylhydrolase,Cholesterol metabolism,16889;12613,0.0,0.0
HMR_3665,Acyl Coenzyme A:Cholesterol O-Acyltransferase,Cholesterol metabolism,20652;223920,0.0,0.0
HMR_0247,HMR 0247,"Transport, extracellular",11303,0.0,0.0
EX_M01870_e,EX M01870[e],Exchange/demand reaction,,0.0,0.0
PPCDC,Phosphopantothenoylcysteine decarboxylase,CoA synthesis,66812,0.0,0.0
DESAT18_12,Fatty Acyl Coenzyme A Desaturase (N-C18:1CoA -> N-C18:2CoA),Fatty acid synthesis,56473,0.0,1.8829382497642655e-12
HMR_3653,Acyl Coenzyme A:Cholesterol O-Acyltransferase,Cholesterol metabolism,20652;223920,0.0,6.59383658785373e-12
HMR_2472,HMR 2472,Fatty acid synthesis,60527;56473;76267,0.0,4.078515303262975e-12
r2097,Major Facilitator(MFS) TCDB:2.A.1.13.1,"Transport, extracellular",20501,-1000.0,1000.0
DALAt2r,D-alanine transport via proton symport,"Transport, extracellular",215335,-1000.0,1000.0
ALATA_L,L-alanine transaminase,Glutamate metabolism,76282;108682,-578.4721487384662,-578.4721487375837
SERt4,L-serine via sodium symport,"Transport, extracellular",57394;69354;105727;70008;67760;56774;74338,0.0,1000.0
r2270,Resistance-Nodulation-Cell Division (RND) TCDB:2.A.60.1.5,"Transport, extracellular",101488,0.0,1000.0
DNDPt45m,DTTP transport via ADP antiport,"Transport, mitochondrial",67283,0.0,2.0321522242738865e-12
r1686,Y+LAT2 Utilized transport,"Transport, extracellular",330836,0.0,1000.0
HXCOAtx,"Transport of Hexanoate, Peroxisome","Transport, peroxisomal",,-1000.0000000000019,1000.0000000000025
BALAVECSEC_1,B-Alanine Secretion via Secretory Vesicle (ATP Driven),"Transport, extracellular",22348,0.0,0.0
DCK1m,"Deoxycytidine kinase, mitochondrial (ATP)",Nucleotide interconversion,,-702.4474442846318,-702.4474442842279
r2012,Amino Acid-Polyamine-Organocation (APC) TCDB:2.A.3.8.15,"Transport, extracellular",30962,0.0,1000.0
HMR_0276,Palmitoyl Coenzyme A Hydrolase,Fatty acid oxidation,171210;217700;12012;70025;171281;171282,0.0,1.9326762412674725e-12
EX_amp_e,AMP exchange,Exchange/demand reaction,,-2.3874235921539366e-12,0.0
r2374,Mitochondrial Carrier (MC) TCDB:2.A.29.7.2,"Transport, mitochondrial",13358,-1000.0,1000.0
PCRNte,Transport of O-Propanoylcarnitine,"Transport, extracellular",20520,0.0,1000.0
EX_M00117_e,EX M00117[e],Exchange/demand reaction,,-2.6716406864579767e-12,1.2765207228452176e-12
NACHEXA20ly,"Beta-N-acetylhexosaminidase A, lysosomal",Keratan sulfate degradation,15211;15212,0.0,0.0
C160CPT1,Carnitine O-palmitoyltransferase,Fatty acid oxidation,12894;12895;78070,-1000.0,1000.0
r1580,Amino Acid-Polyamine-Organocation (APC) TCDB:2.A.3.8.1,"Transport, extracellular",20539,-1000.0,1000.0
EX_hdca_e,Hexadecanoate (n-C16:0) exchange,Exchange/demand reaction,,-100.0,100.0
CYSTS,Cystathionine beta synthase,Methionine and cysteine metabolism,12411,-2.7755269347208325e-12,0.0
HMR_0253,HMR 0253,"Transport, extracellular",11303,0.0,0.0
r1621,Amino Acid-Polyamine-Organocation (APC) TCDB:2.A.3.8.1,"Transport, extracellular",20539,-1000.0,1000.0
RE1448N_1,"Phosphatidylinositol-3,4,5-Trisphosphate 3-Phosphatase",Phosphatidylinositol phosphate metabolism,,-500.0,0.0
SK_ficytb5_c,Sink ficytb5[c],,,999.9999999999372,1000.0
EX_arachd_e,NC20:4 exchange,Exchange/demand reaction,,-1.4949819160392508e-11,2.291760457011503e-12
PDE1g,"3',5'-cyclic-nucleotide phosphodiesterase,Golgi",Nucleotide interconversion,23984,0.0,1.9895196601282805e-12
SK_pro__L_c,Sink pro L[c],Exchange/demand reaction,,160.94025995983694,560.9402599603185
NDPK3n,"Nucleoside-diphosphate kinase (ATP:CDP),nuclear",Nucleotide interconversion,18102;18103,-1000.0,1000.0
UDPACGALtl,Udpacgal intracellular transport,"Transport, lysosomal",,0.0,0.0
CATm,Catalase,ROS detoxification,12359,25.337669999996333,25.33767000000808
DNDPt63m,DGTP transport via dCDP antiport,"Transport, mitochondrial",67283,0.0,6.185274514791672e-12
SK_5HPET_c,Sink for 5(S)-HPETE,Exchange/demand reaction,,-300.0000000000033,-299.99999999998613
EX_h2o_e,H2O exchange,Exchange/demand reaction,,-100.0,-99.99999999998693
MALTTTRt,"Transport of Maltotetraose, Reversible","Transport, extracellular",,0.0,1.5063505998114124e-12
HMR_0347,HMR 0347,"Transport, extracellular",11303,0.0,0.0
TMDS,Thymidylate synthase,Nucleotide interconversion,22171,9.21748232006371,9.217482320090085
FRUt1r,D-fructose transport in via uniport,"Transport, extracellular",56485;435818;56017;20526,-1000.0,1000.0
FACOAE181,Fatty-acid-CoA thioesterase (octadecenoate),Fatty acid synthesis,,-1000.0,1.8189894035458565e-12
r2521,Utilized transport,"Transport, endoplasmic reticular",,-1000.0,1000.0
PI345P3Pn,"Phosphatidylinositol-3,4,5-trisphosphate 3-phosphatase, nuclear",Inositol phosphate metabolism,19211,0.0,0.0
ACGAM2E,N-acetylglucosamine 2-epimerase,Aminosugar metabolism,19703,-2.0463630789890885e-12,0.0
BALAtmr,"Beta-alanine transport, mitochondria","Transport, mitochondrial",,483.63403934672465,483.6340393467525
HMR_6500,HMR 6500,Vitamin E metabolism,,-1000.0,1000.0
3SALAOX,Cysteinesulfinic acid oxidase,Taurine and hypotaurine metabolism,,0.0,9.284425080598642e-13
FTHFLi,Formate-tetrahydrofolate ligase,Folate metabolism,108156,0.0,9.55500509871407e-13
HMR_9621,HMR 9621,"Transport, extracellular",75750,0.0,1000.0
r0789,S-Adenosyl-L-methionine:phosphodimethylethanolamine N-methyltransferase Glycerophospholipid metabolism EC:2.1.1.103,Sphingolipid metabolism,,0.0,1.1226575225009583e-12
SPHMYLN18114_hs_SECt,Transport of Sphingomyelin (D18:1/14:0),"Transport, extracellular",,0.0,4.2166270475263445e-12
PYDXPP,Pyridoxal 5-phosphate phosphatase,Vitamin B6 metabolism,57028,0.0,0.0
ICDCHOLt2,Isochenodeoxycholic acid transport via sodium cotransport,"Transport, extracellular",20493;20494,0.0,1000.0
EX_dopa_e,Dopamine exchange,Exchange/demand reaction,,-1.4968766966679443e-12,3.296918293926865e-12
PDE4g,"3',5'-cyclic-nucleotide phosphodiesterase, Golgi",Nucleotide interconversion,23984,0.0,1.8189894035458565e-12
O2tn,"O2 transport (diffusion), nucleus","Transport, nuclear",,-3.574029960873304e-12,0.0
CLPNDCOAtx,Fatty acid intracellular transport,"Transport, peroxisomal",,-1.7053025658242404e-12,3.2617885156878668e-12
FAOXC150m,Beta oxidation of long chain fatty acid (odd chain),Fatty acid oxidation,11364;11409,0.0,2.2491558165465656e-12
HMR_2569,HMR 2569,"Transport, endoplasmic reticular",,-1.944044925039634e-11,2.0463630789890885e-12
r0086,2-Oxoglutaramate amidohydrolase Glutamate metabolism EC:3.5.1.3,Urea cycle,52633,0.0,557.9053379100725
EX_gthrd_e,Reduced glutathione exchange,Exchange/demand reaction,,-100.0,-99.99999999998693
r0986,Vesicular transport,"Transport, lysosomal",,0.0,1000.0000000000019
HSD11B1r,11-beta-hydroxysteroid dehydrogenase type 1,Steroid metabolism,15483,-1000.0,1000.0
ACOADH60_m,Acyl-CoA dehydrogenase (6:0),Fatty acid oxidation,66885,0.0,3.410605131648481e-11
H2Otn,H2O transport  nuclear,"Transport, nuclear",,-1000.0,1000.0
PCHOL_HStg,Phosphatidylcholine scramblase,"Transport, golgi apparatus",,0.0,2.9948393966037177
4TMEABUTNt1,"Transport of 4- (Trimethylammonio)Butanoate, Sodium Symport","Transport, extracellular",,-1000.0,1000.0
r1116,ATP Exporter (ATP-E) TCDB:9.A.6.1.1,"Transport, extracellular",,-100.0,-99.99999999999301
r2492,Resistance-Nodulation-Cell Division (RND) TCDB:2.A.60.1.14,"Transport, extracellular",108096,0.0,1000.0
2MOPtm,"Transport of 2-Methyl-3-Oxopropanoate, Mitochondrial","Transport, mitochondrial",,0.0,9.478640095039736e-12
GALGLUSIDEtg,Galgluside hs intracellular transport,"Transport, golgi apparatus",,0.0,0.0
r2141,Resistance-Nodulation-Cell Division (RND) TCDB:2.A.60.1.14,"Transport, extracellular",108096,-1000.0,1000.0
r1544,Amino Acid-Polyamine-Organocation (APC) TCDB:2.A.3.8.1,"Transport, extracellular",20539,-1000.0,1000.0
GDCA3St,Glycodeoxycholic acid 3-sulfate via bicarbonate countertransport,"Transport, extracellular",28253;101488,0.0,1.6116394261642655e-12
C05769te,Transport by Atb Binding Cassette Transporter ABCc2 into Extracellular Space,"Transport, extracellular",12780,0.0,2.080059685878579e-12
NACHEXA21ly,"Beta-N-acetylhexosaminidase A, lysosomal",Keratan sulfate degradation,15211;15212,0.0,0.0
GQ1Btg,Gq1b hs intracellular transport,"Transport, golgi apparatus",,9.237055564881302e-13,9.094947017729282e-13
HMR_0831,HMR 0831,"Transport, lysosomal",,0.0,0.0
THYOCHOLt2,Taurohyocholic acid transport via sodium cotransport,"Transport, extracellular",20493;20494,0.0,1000.0
RE1897C,Deoxyhypusine Synthase,Urea cycle,,0.0,0.0
HMR_0235,HMR 0235,"Transport, extracellular",11303,0.0,1.8958565204683055e-12
ALCD19y,Alcohol dehydrogenase  glycerol  NADP,Glycerophospholipid metabolism,11677;58810,-3.296918293926865e-12,0.0
UDCA3St,Ursodeoxycholic acid 3-sulfate transport via bicarbonate countertransport,"Transport, extracellular",28253;101488,0.0,1.4126874601514374e-12
FACOAL2251,Fatty-acid--CoA ligase,Fatty acid oxidation,14081,0.0,2.7284841053187847e-12
ILEPHELAT2tc,Transport of L-Isoleucine into the cell and efflux of L-Phenylalanine out of the cell by LAT2 on the basolateral surfaces of kidney and intestine and Amino Acid-Polyamine-Organocation (APC) TCDB:2.A.3.8.1,"Transport, extracellular",50934,-1000.0,1000.0
MMAte,Transport via Proton Antiport (Ammonium Transporter Rh Type C Or Type B) into Extracellular Space,"Transport, extracellular",58176;56315,-1000.0,1000.0
O16G2e,"Oligo-1,6-glucosidase (strch2 ->strch3), extracellular",Starch and sucrose metabolism,69983,0.0,1.0358134103525016e-12
PIt9,Phosphate transport in/out via two Na+ symporter,"Transport, extracellular",142681,-1000.0,1000.0
HMR_0419,HMR 0419,"Transport, extracellular",11303,0.0,1.625312334992115e-12
NDPK6m,"ATP:dUDP phosphotransferase, mitochondria",Nucleotide interconversion,54369;56520,-7.048583938740194e-12,1.9326762412674725e-12
r2385,Mitochondrial Carrier (MC) TCDB:2.A.29.7.2,"Transport, mitochondrial",13358,0.0,7.133849067031406e-12
r1533_1,ATP-Binding Cassette (ABC) Tcdb:3.A.1.208.15,"Transport, extracellular",27416,0.0,1.4168864658358189e-12
CARN1619Zt_m,(9Z)-hexadecenoyl-l-carnitine:carnitine antiport (Cytosol to mitochondira),"Transport, mitochondrial",,-1000.0,1000.0
r2532,Major Facilitator(MFS) TCDB:2.A.1.44.1,"Transport, extracellular",72401,-1000.0,1000.0
MDHm,Malate dehydrogenase  mitochondrial,Citric acid cycle,17448;17449,-522.2340436115508,7.689370110031831
SPHMYLN18123_hs_SECt,Transport of Sphingomyelin (D18:1/23:0),"Transport, extracellular",,0.0,3.751665644813329e-12
r2338,Major Facilitator(MFS) TCDB:2.A.1.19.1,"Transport, extracellular",20517,-1000.0,1000.0
SK_tmndnc_c,Sink tmndnc[c],Exchange/demand reaction,,-2.8421709430404007e-12,1.4779288903810084e-11
GLCt4_2,Glucose transport via sodium symport,"Transport, extracellular",20537,0.0,1000.0
r2254,Resistance-Nodulation-Cell Division (RND) TCDB:2.A.60.1.5,"Transport, extracellular",101488,0.0,1000.0
r0836,Mitochondrial Carrier (MC) TCDB:2.A.29.2.2,"Transport, mitochondrial",27376,-1000.0,1000.0
r1523,ATP-binding Cassette (ABC) TCDB:3.A.1.211.1,"Transport, extracellular",11303,0.0,1.397938659548883e-12
EX_pcholdoc_hs_e,Exchange of 1-Docosahexaenoylglycerophosphocholine,Exchange/demand reaction,,0.0,0.0
r0186,Ethanolamine-phosphate phospho-lyase (deaminating) EC:4.2.3.2,Glycerophospholipid metabolism,71760,0.0,1.738999172713731e-12
FAOXC2251836m,Beta oxidation of fatty acid,Fatty acid oxidation,11364;11409,0.0,1.8074659010353109e-12
DNDPt42m,DUTP transport via ADP antiport,"Transport, mitochondrial",67283,0.0,2.3495279795800647e-12
PI4PLCn,"Phosphatidylinositol 4-phosphate phospholipase C, nucleus",Inositol phosphate metabolism,18795,0.0,5.007549930269306e-12
EX_ala__L_e,L-Alanine exchange,Exchange/demand reaction,,-100.0,100.0
UREAt5,"Urea, water cotransport","Transport, extracellular",20537,-1000.0,1000.0
C05953t,"Transport of Prostaglandin A2, Lactate Antiport","Transport, extracellular",,-1000.0,1000.0
FAS180COA,Fatty acyl CoA synthase  n C180CoA,Fatty acid synthesis,54326;170439;68801;14104,0.0,2.9555802877316933e-12
HMR_3106,HMR 3106,"Transport, peroxisomal",,-1000.0,900.0000000000058
SO4OXAtex2,Sulfate transport via oxalate countertransport (2:1),"Transport, extracellular",171429,0.0,1000.0
HMR_3338,Acyl Coenzyme A Oxidase,Fatty acid oxidation,80911;11430,0.0,3.907985046680551e-12
r1648,Amino Acid-Polyamine-Organocation (APC) TCDB:2.A.3.8.1,"Transport, extracellular",20539,-1000.0,1000.0
EX_leuktrD4_e,Leukotriene D4 exchange,Exchange/demand reaction,,99.99999999998522,100.0
HMR_3094,Acyl Coenzyme A Oxidase,Fatty acid oxidation,80911;11430,0.0,1.5399398927746169e-12
GGT6,Gamma-glutamyltransferase,Eicosanoid metabolism,,-1000.0,900.0000000002472
MTHFD2m,"Methylenetetrahydrofolate dehydrogenase (NAD), mitochondrial",Folate metabolism,17768,-813.0021682346473,1000.0
r1587,Amino Acid-Polyamine-Organocation (APC) TCDB:2.A.3.8.1,"Transport, extracellular",20539,-1000.0,1000.0
NDPK1n,"Nucleoside-diphosphate kinase (ATP:GDP), nuclear",Nucleotide interconversion,18102;18103,-1000.0,1000.0
HMR_0406,Palmitoyl Coenzyme A Hydrolase,Fatty acid oxidation,171210;217700;12012;70025;171281;171282,0.0,1.9326762412674725e-12
FE2DMT1,Uptake of food iron by DMT1 transporter,"Transport, extracellular",18174,0.0,3.1604940886609256e-11
FATP6t,Fatty acid electroneutral transport,"Transport, extracellular",26459;26458,0.0,0.0
HMR_0806,Globotriaosylceramide 3-Beta-N-Acetylgalactosaminyltransferase,Glycosphingolipid metabolism,26879,0.0,1.2505552149377763e-12
HMR_1620,Cholate Coenzyme A Ligase,"Transport, mitochondrial",26459;26458,-1000.0000000000022,1000.0
CHOLESACATc_1,Esterification of Cholesterol to Cholesterol Ester,Cholesterol metabolism,20652;223920,0.0,2.1600499167107046e-12
r2330,Resistance-Nodulation-Cell Division (RND) TCDB:2.A.60.1.2,"Transport, extracellular",24059,-1000.0,0.0
EX_met__L_e,L-Methionine exchange,Exchange/demand reaction,,-100.0,-26.20749941604072
SMOX,Spermine oxidase,Beta-Alanine metabolism,,0.0,0.0
r1639,Amino Acid-Polyamine-Organocation (APC) TCDB:2.A.3.8.1,"Transport, extracellular",20539,-1000.0,1000.0
r2304,Resistance-Nodulation-Cell Division (RND) TCDB:2.A.60.1.5,"Transport, extracellular",101488,0.0,1000.0
3DHLCAt,3-dehydro-lithocholic acid transport via bicarbonate countertransport,"Transport, extracellular",106407;28253;101488;330962,-1000.0,0.0
ARACHCPT2,Carnitine transferase,Fatty acid oxidation,12896,-3.4029591494137436e-12,5.109817331166206e-12
HACD4m,3-hydroxyacyl-CoA dehydrogenase (C10:0),Fatty acid oxidation,15107;74147;97212,-6.5559409752798574e-12,5.4569682106375694e-12
HMR_0431,HMR 0431,"Transport, extracellular",11303,0.0,1.6779567481685413e-12
EX_ca2_e,name,Exchange/demand reaction,,-100.0,0.0
FAOXC141C121m,"Fatty Acid Beta Oxidation (C14:1->C12:1), Mitochondrial",Fatty acid oxidation,11370;97212;231086,0.0,3.934376634008783e-12
EX_ala__D_e,D-Alanine exchange,Exchange/demand reaction,,-100.0,100.0
EX_pcholn226_hs_e,"Exchange of 1-Docosahexenoylglycerophosphocholine (Delta 4, 7, 10, 13, 16, 19), Sn1-Lpc (22:6)",Exchange/demand reaction,,0.0,1.3642420526593924e-12
EX_glc__D_e,D-Glucose exchange,Exchange/demand reaction,,99.99999999995646,100.0
r2384,Mitochondrial Carrier (MC) TCDB:2.A.29.7.2,"Transport, mitochondrial",13358,0.0,6.139089236967266e-12
r1551,Amino Acid-Polyamine-Organocation (APC) TCDB:2.A.3.8.1,"Transport, extracellular",20539,-1000.0,1000.0
IPDPtx,Isopentenyl diphosphate transport (peroxisome),"Transport, peroxisomal",,0.0,0.0
GALt4,Galactose transport via sodium symport,"Transport, extracellular",246787;230612;109342,-1000.0,1000.0
EX_lcts_e,Lactose exchange,Exchange/demand reaction,,0.0,0.0
EX_cgly_e,Cys-Gly exchange,Exchange/demand reaction,,-100.0,-99.99999999998454
r2195,Resistance-Nodulation-Cell Division (RND) TCDB:2.A.60.1.14,"Transport, extracellular",108096,-1000.0,1000.0
NADPHtru,"NADPH transporter, endoplasmic reticulum","Transport, endoplasmic reticular",,0.0,1000.0
r1636,Amino Acid-Polyamine-Organocation (APC) TCDB:2.A.3.8.1,"Transport, extracellular",20539,-1000.0,1000.0
DURItn,Deoxyuridine  transport in nucleus,"Transport, nuclear",,-851.2237221422661,0.0
r2283,Resistance-Nodulation-Cell Division (RND) TCDB:2.A.60.1.5,"Transport, extracellular",101488,0.0,1000.0
TCDCA3St,Taurochenodeoxycholic acid 3-sulfate transport via bicarbonate countertransport,"Transport, extracellular",28253;101488,0.0,2.0474389707637934e-12
EX_ha_e,Hyaluronan exchange,Exchange/demand reaction,,-3.176126028847648e-12,0.0
AASAD3,L-aminoadipate-semialdehyde dehydrogenase (NADH),Lysine metabolism,110695,0.0,0.0
r1547,Amino Acid-Polyamine-Organocation (APC) TCDB:2.A.3.8.1,"Transport, extracellular",20539,-1000.0,1000.0
GBA,Glucosylceramidase,Sphingolipid metabolism,14466,0.0,2.994839396604675
12DHCHOLt2,12-Dehydrocholic acid transport via sodium cotransport,"Transport, extracellular",20493;20494,0.0,1000.0
IBUP_Rtdhep,Uptake of ibuprofen-R into hepatocytes,Drug metabolism,,-1000.0,1000.0
HOMt4,L-homoserine via sodium symport,"Transport, extracellular",11989;11987;11988,0.0,1000.0
ECOAH5p,3 hydroxyacyl CoA dehydratase  3 hydroxydodecanoyl CoA   peroxisomal,Fatty acid oxidation,93747;74147;97212,-2.145546333701976e-12,0.0
r1575,Amino Acid-Polyamine-Organocation (APC) TCDB:2.A.3.8.1,"Transport, extracellular",20539,-1000.0,1000.0
TMNDNCCOAtx,Fatty acid intracellular transport,"Transport, peroxisomal",,0.0,3.609557097661309e-12
HMR_9805,Sn-Glycero-3-Phosphocholine Cholinephosphohydrolase,Glycerophospholipid metabolism,320981,-2.5011104298755527e-12,2.1600499167107046e-12
RE2659R,RE2659,Vitamin A metabolism,,-1000.0,1000.0
HMR_3229,Acetyl Coenzyme A C-Acyltransferase,Fatty acid oxidation,97212;52538;231086,0.0,1.0174971976084635e-11
INSTt4_2,Inositol transport via sodium symport,"Transport, extracellular",233836,-1000.0,1000.0
RE0456N,Ribonucleoside-Diphosphate Reductase,Pyrimidine synthesis,382985,-809.1537336378263,1000.0
ACt2r,Acetate reversible transport via proton symport,"Transport, extracellular",,-1000.0,1000.0
r1613,Amino Acid-Polyamine-Organocation (APC) TCDB:2.A.3.8.1,"Transport, extracellular",20539,-1000.0,1000.0
PPAtr,"Propionate transport, diffusion","Transport, extracellular",,0.0,1000.0
DNDPt5m,DATP transport via dTDP antiport,"Transport, mitochondrial",67283,0.0,2.2421046860907836
FOLt2_1,Folate Transport via Anion Antiport,"Transport, extracellular",20509,-1000.0,1000.0
STRDNCt,Fatty acid transport via diffusion,"Transport, extracellular",,0.0,0.0
DAG_HStg,Diacylglycerol Golgi Export,"Transport, golgi apparatus",,0.0,2.9948393966023534
HMR_0254,HMR 0254,"Transport, extracellular",225579;14077;14080;12140;26457;11770;16592;16204;12491;26568;26569;75497;21884,-1.4210854715202004e-11,2.2737367544323206e-12
GLCt4,Glucose transport via sodium symport,"Transport, extracellular",246787;230612;109342;241612;233836;53881,-1000.0,1000.0
Ht,Proton diffusion,"Transport, extracellular",,-1000.0,1000.0
r2314,Resistance-Nodulation-Cell Division (RND) TCDB:2.A.60.1.2,"Transport, extracellular",24059,-1000.0,900.0000000003806
PYK2,Pyruvate kinase(2),Glycolysis/gluconeogenesis,18770,0.0,1000.0
AMPtp,"AMP transporter, peroxisome","Transport, peroxisomal",,-1000.0,1000.0
HMR_3023,HMR 3023,"Transport, peroxisomal",11666,0.0,1.4498288537868062e-12
r2237,Resistance-Nodulation-Cell Division (RND) TCDB:2.A.60.1.5,"Transport, extracellular",101488,0.0,1000.0
HMR_0232,HMR 0232,"Transport, extracellular",225579;14077;14080;12140;26457;11770;16592;16204;12491;26568;26569;75497;21884,0.0,2.0463630789890885e-12
3DHCDCHOLt2,3-Dehydrochenodeoxycholic acid transport via sodium cotransport,"Transport, extracellular",20493;20494,0.0,1000.0
FAOXC10C10OHm,"Fatty Acid Beta Oxidation (C10->Ohc10), Mitochondrial",Fatty acid oxidation,93747;11364,0.0,3.004885229529464e-11
KSII_CORE4tly,"Keratan sulfate II (core 4) transport, extracellular to lysosome","Transport, lysosomal",,0.0,0.0
SK_focytb5_c,Sink focytb5[c],,,-1000.0,-999.9999999999206
r2420,Mitochondrial Carrier (MC) TCDB:2.A.29.2.7,"Transport, mitochondrial",27376,-1000.0,1000.0
HMR_0467,HMR 0467,"Transport, endoplasmic reticular",,-1000.0,0.0
SPHMYLN181181_hs_SECt,Transport of Sphingomyelin (D18:1/18:1),"Transport, extracellular",,0.0,3.460343123151688e-12
UAG4Ei,UDP-N-acetylglucosamine 4-epimerase,Aminosugar metabolism,74246,0.0,0.0
NDPK6n,"Nucleoside-diphosphate kinase (ATP:dUDP), nuclear",Nucleotide interconversion,18102;18103,-1000.0,809.1537336378282
COAtl,CoA transport in lysosome via diffusion,"Transport, lysosomal",,0.0,0.0
PHETA1,Phenylalanine transaminase,Phenylalanine metabolism,14718,-100.0,-99.99999999997056
r0731,(S)-Hydroxyoctanoyl Coenzyme A Hydro-Lyase,Fatty acid oxidation,93747;74147;97212,0.0,6.139089236967266e-12
NDPK4n,"Nucleoside-diphosphate kinase (ATP:dTDP), nuclear",Nucleotide interconversion,18102;18103,-1000.0,1000.0
TUDCA3Sabc,Tauroursodeoxycholic acid 3-sulfate ABC bile acid transporter,"Transport, extracellular",12780;239273;26357;76408,0.0,0.0
r0732,Hexanoyl Coenzyme A:Acetyl Coenzyme A C-Acyltransferase,Fatty acid oxidation,52538;231086;235674,0.0,6.660153909858006e-12
DNDPt11m,DADP transport via dGDP antiport,"Transport, mitochondrial",67283,0.0,3.703704010149522e-12
3DHLCAt2,3-dehydro-lithocholic acid transport via sodium cotransport,"Transport, extracellular",20493;20494,0.0,1000.0
r1520,ATP-binding Cassette (ABC) TCDB:3.A.1.211.1,"Transport, extracellular",11303,0.0,1.3086275453607923e-12
r2375,Mitochondrial Carrier (MC) TCDB:2.A.29.7.2,"Transport, mitochondrial",13358,-1000.0,1000.0
ORNDC,Ornithine Decarboxylase,Urea cycle,18263,0.0,0.0
r2325,Resistance-Nodulation-Cell Division (RND) TCDB:2.A.60.1.2,"Transport, extracellular",24059,-1000.0,0.0
r0998,Facilitated diffusion,"Transport, endoplasmic reticular",,-1000.0,1000.0
O2Stn,Superoxide anion transport via diffusion (nucleus),"Transport, nuclear",,0.0,6.977529665164184e-12
THRPHELAT2tc,Transport of L-Threonine into the cell and efflux of L-Phenylalanine out of the cell by LAT2 on the basolateral surfaces of kidney and intestine and Amino Acid-Polyamine-Organocation (APC) TCDB:2.A.3.8.1,"Transport, extracellular",50934,-1000.0,1000.0
DHCHOLESTANATEtm,"Lipid, flip-flop intracellular transport","Transport, peroxisomal",,-2.542175967049556e-12,0.0
r2526,Major Facilitator(MFS) TCDB:2.A.1.44.1,"Transport, extracellular",72401,-1000.0,1000.0
HMR_0317,HMR 0317,"Transport, extracellular",11303,0.0,0.0
KSII_CORE4t,"Keratan sulfate II (core4) transport, golgi to extracellular","Transport, extracellular",,0.0,0.0
ALR3,Aldose reductase (acetol),Pyruvate metabolism,11677;58810;110198,0.0,1000.0
r2368,Organic anion transporter 5 Utilized transport,"Transport, extracellular",236149;319800;236293;434674;207151;171405,-1000.0,1000.0
COAtp,"Coenzyme A transport, peroxisomal","Transport, peroxisomal",,-1000.0,1000.0
r1603,Amino Acid-Polyamine-Organocation (APC) TCDB:2.A.3.8.1,"Transport, extracellular",20539,-1000.0,1000.0
r0002,Active transport,"Transport, endoplasmic reticular",,-1000.0,1000.0
HMR_2633,Carnitine O-Palmitoyltransferase,Fatty acid oxidation,12894;12895;78070,-1.6841210637439277e-12,4.689582056016661e-12
ETHAAL,Ethanolamine ammonia-lyase,Glycerophospholipid metabolism,,35.93892911268811,35.93892911269347
MDHp,Malate dehydrogenase  peroxisomal,Citric acid cycle,,-1000.0,1000.0
PCHOLN28_HSte,Transport of Lysopc A C28:0,"Transport, extracellular",,-2.8990143619012088e-12,0.0
FRUt4,D-fructose transport  via sodium cotransport,"Transport, extracellular",230612;109342,-1000.0,1000.0
TMDOATthc,Uptake of torasemide into hepatocytes via OAT1,Drug metabolism,18399,-1000.0,1000.0
FAOXC2051843m,Beta oxidation of fatty acid,Fatty acid oxidation,11364;11409,0.0,7.0407686553736845e-12
ALAB0AT3tc,Alanine Transport by B0At3,"Transport, extracellular",22598;57394,0.0,1000.0
r0287,Acetyl Coenzyme A:Acetyl Coenzyme A C-Acetyltransferase,Fatty acid oxidation,52538;231086;235674,0.0,7.92018302793925e-12
AK2LGCHOLABCt,1-Alkyl 2-Acylglycerol 3-Phosphocholine Transport,"Transport, extracellular",54667;11982;54670;11303;18670,0.0,1.8189894035458565e-12
r1554,Amino Acid-Polyamine-Organocation (APC) TCDB:2.A.3.8.1,"Transport, extracellular",20539,-1000.0,1000.0
HSD17B1,Testicular 17-beta-hydroxysteroid dehydrogenase,Steroid metabolism,14979;15485,-1000.0,0.0
r2262,Resistance-Nodulation-Cell Division (RND) TCDB:2.A.60.1.5,"Transport, extracellular",101488,0.0,1000.0
r2273,Resistance-Nodulation-Cell Division (RND) TCDB:2.A.60.1.5,"Transport, extracellular",101488,0.0,1000.0
ADNK1,Adenosine kinase,Nucleotide interconversion,11534,0.0,1.5347723092418164e-12
r1020,Postulated transport reaction,"Transport, mitochondrial",,0.0,2.1600499167107046e-12
PRISTtx,Prist peroxisomal transport,"Transport, peroxisomal",,-785.3648210318379,0.0
AHCYStm,S adenosyl L homocysteine reversible transport  mitochondrial,"Transport, mitochondrial",,-1000.0,1000.0
C03990t,"Transport of Lithocholate, Sodium Symport","Transport, extracellular",20493,-1000.0,1000.0
HMR_2281,Stearoyl Coenzyme A 9-Desaturase,Fatty acid synthesis,20249,0.0,5.172751116333529e-12
r2293,Resistance-Nodulation-Cell Division (RND) TCDB:2.A.60.1.5,"Transport, extracellular",101488,0.0,1000.0
SPODMx,"Superoxide dismutase, peroxisome",ROS detoxification,20655,0.0,3.943512183468556e-12
SK_asn__L_c,Sink asn L[c],Exchange/demand reaction,,-147.85731433120338,52.1426856688131
r1570,Amino Acid-Polyamine-Organocation (APC) TCDB:2.A.3.8.1,"Transport, extracellular",20539,-1000.0,1000.0
r2328,Resistance-Nodulation-Cell Division (RND) TCDB:2.A.60.1.2,"Transport, extracellular",24059,-1000.0,1000.0
ICDHxm,Isocitrate dehydrogenase  NAD,Citric acid cycle,15929;67834;170718,0.0,529.2172213716675
CHSTEROLt,Cholesterol efflux (ATP depedent),"Transport, extracellular",11303;27409;67470,0.0,2.3305801732931286e-12
HISSNAT5tc,Transport of L-Histidine with Symport of Sodium And Antiport of Proton by Snat5 Transporter,"Transport, extracellular",209837,-1000.0,1000.0
MECOALm,"Mesaconate--CoA ligase (ADP-forming), mitochondrial",C5-branched dibasic acid metabolism,20916;56451,0.0,1000.0
PYDXNK,Pyridoxine kinase,Vitamin B6 metabolism,216134,0.0,1.8189894035458565e-12
UAGALDP,UDP-N-acetylgalactosamine diphosphorylase,Aminosugar metabolism,,0.0,2.2737367544323206e-12
FACOAL1813,Fatty-acid--CoA ligase,Fatty acid oxidation,14081,0.0,2.2737367544323206e-12
RE1342C,Aldehyde Reductase,Fructose and mannose metabolism,,-4.547473508864641e-12,1000.0
OXAHCOtex,Oxalate transport via bicarbonate countertransport,"Transport, extracellular",13521;231583;13487,-3.0198066269804258e-12,1000.0
SPHMYLN181201_hs_SECt,Transport of Sphingomyelin (D18:1/20:1),"Transport, extracellular",,0.0,1.046392602196041e-11
r2255,Resistance-Nodulation-Cell Division (RND) TCDB:2.A.60.1.5,"Transport, extracellular",101488,0.0,1000.0
r2227,Resistance-Nodulation-Cell Division (RND) TCDB:2.A.60.1.5,"Transport, extracellular",101488,0.0,1000.0
H2O2tp,"Hydrogen peroxide transport via diffusion, glyoxysome","Transport, peroxisomal",,-19.7900025557896,-19.790002555636306
LKYNRtr2,Transport of L-Kynurenine,"Transport, extracellular",50934,-1000.0,1000.0
r2482,Resistance-Nodulation-Cell Division (RND) TCDB:2.A.60.1.14,"Transport, extracellular",108096,0.0,1000.0
HMGCOASm,Hydroxymethylglutaryl CoA synthase  mitochondrial,Cholesterol metabolism,15360,-3.979039320256561e-12,0.0
RE3470C,Carbonyl Reductase (NADPH),Arachidonic acid metabolism,109857;12408,-2.74032648424812e-12,0.0
HMR_0414,Palmitoyl Coenzyme A Hydrolase,Fatty acid oxidation,171210;217700;12012;70025;171281;171282,0.0,2.0463630789890885e-12
DNDPt24m,DTDP transport via dADP antiport,"Transport, mitochondrial",67283,0.0,7.503331289626658e-12
MI1P_Dtn,Inositol 1-phosphate nuclear transport (diffusion),"Transport, nuclear",,-2.104982854689297e-12,0.0
r0717,(S)-3-Hydroxyhexadecanoyl Coenzyme A Hydro-Lyase,Fatty acid oxidation,93747;74147;97212,0.0,1.7550405573274475e-12
FATP5t,Fatty acid electroneutral transport,"Transport, extracellular",26459,-1000.0,1000.0
SK_cholate_c,Sink for Cholate,Exchange/demand reaction,,-100.0,100.00000000000142
r2391,Mitochondrial Carrier (MC) TCDB:2.A.29.7.2,"Transport, mitochondrial",13358,0.0,6.0822458181064576e-12
SK_glygn2_c,Sink glygn2[c],Exchange/demand reaction,,-112.12564507542551,-112.12564507541946
r2297,Resistance-Nodulation-Cell Division (RND) TCDB:2.A.60.1.5,"Transport, extracellular",101488,0.0,1000.0
r0879,TCDB:2.A.29.2.4 TCDB:2.A.29.16.1,"Transport, extracellular",67283;217593,0.0,1000.0
C181CPT2,Carnitine octadecenoyl transferase,Fatty acid oxidation,12896,-1000.0,1000.0
r2224,Resistance-Nodulation-Cell Division (RND) TCDB:2.A.60.1.5,"Transport, extracellular",101488,0.0,1000.0
DNDPt25m,DTDP transport via dCDP antiport,"Transport, mitochondrial",67283,0.0,3.886668764607748e-12
r2364,Organic anion transporter 5 Utilized transport,"Transport, extracellular",236149;319800;236293;434674;207151;171405,-1000.0,1000.0
RE1834M,Palmitoyl Coenzyme A Hydrolase,Bile acid synthesis,171210;70025,0.0,4.206412995699793e-12
SPHPL,Sphinganine phosphate lyase,Sphingolipid metabolism,20397,-2.0463630789890885e-12,0.0
ARGtm,Arginine mitochondrial transport via ornithine carrier,"Transport, mitochondrial",18408;83885,0.0,8.071765478234738e-12
ASPDTDe,"D-aspartate transport, extracellular","Transport, extracellular",,0.0,1000.0
EX_hspg_e,Heparan sulfate proteoglycan exchange,Exchange/demand reaction,,0.0,0.0
r1514,ATP-binding Cassette (ABC) TCDB:3.A.1.211.1,"Transport, extracellular",11303,0.0,0.0
HMR_0769,HMR 0769,"Transport, lysosomal",,0.0,0.0
HISTAtu,Histamine uniport,"Transport, extracellular",20520;20518;20519,-1000.0,1000.0
FAOXC5C3x,"Fatty Acid Beta Oxidation (C5->C3), Mitochondrial",Fatty acid oxidation,93747;15107;52538;11409,0.0,2.386202220529665e-12
r1858,Y+LAT2 Utilized transport,"Transport, extracellular",330836,0.0,1000.0
HMR_2821,HMR 2821,"Transport, endoplasmic reticular",20520,-1000.0,1.8687273950490635e-12
GLYCLm,Glycine cleavage system  mitochondrial,"Transport, extracellular",434437,-1000.0,-641.5393772567872
SO4t4_2,Sulfate transport via sodium symport,"Transport, extracellular",243755,-1000.0,1000.0
TDCA3St,Taurodeoxycholic acid 3-sulfate transport via bicarbonate countertransport,"Transport, extracellular",28253;101488,0.0,0.0
DPCOAtl,Dephospho-CoA transport from lysosome via diffusion,"Transport, lysosomal",,0.0,0.0
12DHCHOLt,12-Dehydrocholic acid transport via bicarbonate countertransport,"Transport, extracellular",106407;28253;101488;330962,-1000.0,0.0
EX_ins_e,Inosine exchange,Exchange/demand reaction,,-100.0,-99.99999999999568
r2197,Resistance-Nodulation-Cell Division (RND) TCDB:2.A.60.1.14,"Transport, extracellular",108096,-1000.0,1000.0
r0437,Palmitoyl-CoA:L-carnitine O-palmitoyltransferase Fatty acid metabolism EC:2.3.1.21,Fatty acid oxidation,12894;12896,-1000.0,1000.0
r0509,Succinate:Ubiquinone Oxidoreductase,Citric acid cycle,66925;67680;66945;66052,0.0,1.2002487892459612e-10
r1655,Amino Acid-Polyamine-Organocation (APC) TCDB:2.A.3.8.1,"Transport, extracellular",20539,-1000.0,1000.0
r1612,Amino Acid-Polyamine-Organocation (APC) TCDB:2.A.3.8.1,"Transport, extracellular",20539,-1000.0,1000.0
ALCD22_D,Alcohol dehydrogenase (D-lactaldehyde),Pyruvate metabolism,11522;225791;11532;76187;26876;11529;100417514,0.0,1000.0
ATPtx,"ATP transporter, peroxisomal","Transport, peroxisomal",,-1000.0,1000.0
r1517,ATP-binding Cassette (ABC) TCDB:3.A.1.211.1,"Transport, extracellular",11303,0.0,1.959051258477711e-12
PRISTCOAtcx,Transport of pristanoylcoa from cytosol to peroxisomes.,"Transport, peroxisomal",19299,0.0,1.959051258477711e-12
3SALATAim,"3-sulfino-alanine transaminase (irreversible), mitochondrial",Methionine and cysteine metabolism,14719,0.0,8.846204491782454e-13
Kt3r,Potassium transport out via proton antiport,"Transport, extracellular",,-1000.0,1000.0
HMR_3334,Acyl Coenzyme A Oxidase,Fatty acid oxidation,80911;11430,0.0,1.3642420526593924e-12
ACOAO4p,Acyl CoA oxidase  decanoyl CoA   peroxisomal,Fatty acid oxidation,80911;11430,0.0,0.0
LEUTAm,Leucine transaminase  mitochondrial,"Valine, leucine, and isoleucine metabolism",12036,-1000.0,7.617018127348274e-12
SK_Tyr_ggn_c,Sink for Tyr-194 Of Apo-Glycogenin Protein (Primer For Glycogen Synthesis),Exchange/demand reaction,,112.12564507542004,112.12564507542567
Ser_Thrtg,Ser FSLASH Thrtg,"Transport, golgi apparatus",,0.0,0.0
GCHOLAt,Glycocholate transport via bicarbonate countertransport,"Transport, extracellular",28253;108096;101488,-1000.0,1000.0
r1567,Amino Acid-Polyamine-Organocation (APC) TCDB:2.A.3.8.1,"Transport, extracellular",20539,-1000.0,1000.0
EX_pcholn204_hs_e,"Exchange of 1-Eicosatetraenoylglycerophosphocholine (Delta 8, 11, 14, 17), Sn1-Lpc (20:4)",Exchange/demand reaction,,0.0,1.1368683772161603e-12
HMR_7197,HMR 7197,O-glycan metabolism,,481.0167734441843,481.0167734442092
NDPK8n,"Nucleoside-diphosphate kinase (ATP:dADP), nuclear",Nucleotide interconversion,18102;18103,-1000.0,1000.0
r2267,Resistance-Nodulation-Cell Division (RND) TCDB:2.A.60.1.5,"Transport, extracellular",101488,0.0,1000.0
Kt1,Potassium transport via uniport (facilitated diffusion),"Transport, extracellular",16514;20927;16523;20928,-1000.0,0.0
HMR_0303,HMR 0303,"Transport, extracellular",11303,0.0,0.0
GCC2am,Glycine cleavage complex  lipoamide   mitochondrial,"Glycine, serine, alanine, and threonine metabolism",68133;13382;104174;434437,0.0,358.4606227432141
GLACter,"D-glucurono-6,3-lactone transport, endoplasmic reticulum","Transport, endoplasmic reticular",,0.0,0.0
DGK1,Deoxyguanylate kinase (dGMP:ATP),Nucleotide interconversion,14923,-3.524291969370097e-12,0.0
OROTGLUt,Orotate-Glutamate Antiport,"Transport, extracellular",108114,-1000.0,1000.0
RE0452M,DTMP Kinase,Pyrimidine synthesis,,2.2421046860860443,2.2421046860860456
EX_pchol2linl_hs_e,Exchange of 2-Linoleoylglycerophosphocholine,Exchange/demand reaction,,0.0,1.0231815394945443e-12
r1428,Free diffusion,"Transport, peroxisomal",,-1000.0,981.0400525900368
EX_pailpalm_hs_e,Exchange of 1-Palmitoylglycerophosphoinositol,Exchange/demand reaction,,0.0,1.1954881529163686e-12
FAOXC204,Beta oxidation of long chain fatty acid,Fatty acid oxidation,11364;11409,0.0,1.4911252297243993e-12
r2308,Resistance-Nodulation-Cell Division (RND) TCDB:2.A.60.1.14,"Transport, extracellular",108096,-1000.0,1000.0
r0422,Isocitrate:NADP+ oxidoreductase (decarboxylating) Citrate cycle (TCA cycle) EC:1.1.1.42,Miscellaneous,15926;269951,0.0,4.852546810251045e-12
r0202,Sn-Glycerol-3-phosphate:NAD+ 2-oxidoreductase Glycerophospholipid metabolism EC:1.1.1.8,Glycolysis/gluconeogenesis,14555,-981.0400525900387,1000.0
r1562,Amino Acid-Polyamine-Organocation (APC) TCDB:2.A.3.8.1,"Transport, extracellular",20539,-1000.0,1000.0
TYRt,L-tyrosine transport,"Transport, extracellular",72472,-1000.0,1000.0
HYPOE,Hypothetical enyme,Vitamin B6 metabolism,57028,0.0,0.0
PPItm,"Diphopshate transporter, mitochondrial","Transport, mitochondrial",,-7.73070496506989e-12,5.4569682106375694e-12
HMR_3520,HMR 3520,"Transport, mitochondrial",,-1000.0,1000.0
EX_gly_e,Glycine exchange,Exchange/demand reaction,,99.99999999998158,100.0
CRNtp,Carnitine transport into peroxsiome,"Transport, peroxisomal",,-1000.0,1000.0
EX_itp_e,Exchange of ITP,Exchange/demand reaction,,99.99999999999159,100.0
DCYTtm,Deoxycytidine facilated transport in mitochondria,"Transport, mitochondrial",13340;63959,-702.4474442845343,-702.447444283561
BTNtn,"Biotin transport, nuclear","Transport, nuclear",,0.0,1000.0
HMR_2652,HMR 2652,"Transport, mitochondrial",319800;30805;20517;57279;171405;236149;236293;214663;207151;434674,-1.1141937951975383e-12,0.0
HMR_2649,HMR 2649,"Transport, mitochondrial",319800;30805;20517;57279;171405;236149;236293;214663;207151;434674,-2.5011104298755527e-12,0.0
ACNAMtn,N-acetylneuraminate nuclear import,"Transport, nuclear",,0.0,3.3651303965598346e-12
DGULND,Dehydro-L-gulonate decarboxylase,Pentose phosphate pathway,,0.0,1.9418960722499942e-12
r2143,Resistance-Nodulation-Cell Division (RND) TCDB:2.A.60.1.14,"Transport, extracellular",108096,-1000.0,1000.0
EX_xolest183_hs_e,"Exchange of 1-Gamma-Linolenoyl-Cholesterol, Cholesterol-Ester (18:3, Delta 6, 9, 12)",Exchange/demand reaction,,0.0,96.50590652350239
r0721,(S)-3-Hydroxytetradecanoyl Coenzyme A Hydro-Lyase,Fatty acid oxidation,93747;74147;97212,0.0,1.9661966157653277e-12
OCDEAFABP1tc,Transport of octadecenoyl coA into the enterocytes,"Transport, endoplasmic reticular",14080,-1000.0000000000009,500.00000000000114
PPItx,"Diphosphate transporter, peroxisome","Transport, peroxisomal",,-1.7053025658242404e-12,2.2239987629291136e-12
HMR_0761,Ceramide Glucosyltransferase,Sphingolipid metabolism,22234,0.0,2.9558577807620168e-12
SERDGLNexR,D-Serine/Glutamine reversible exchange,"Transport, extracellular",17254;53896,-1000.0,1000.0
r2259,Resistance-Nodulation-Cell Division (RND) TCDB:2.A.60.1.5,"Transport, extracellular",101488,0.0,1000.0
DOCOSACT,Activation of docosanoic acid for transport,Fatty acid oxidation,328845;94180,0.0,1.9326762412674725e-12
r2313,Resistance-Nodulation-Cell Division (RND) TCDB:2.A.60.1.2,"Transport, extracellular",24059,-1000.0,1000.0
r1529,ATP-binding Cassette (ABC) TCDB:3.A.1.211.1,"Transport, extracellular",11303,0.0,0.0
EX_sphmyln18116_hs_e,Exchange of Sphingomyelin (D18:1/16:0),Exchange/demand reaction,,0.0,3.979039320256561e-12
FAOXC2031836m,Beta oxidation of fatty acid,Fatty acid oxidation,11364;11409,0.0,3.922195901395753e-12
r1645,Amino Acid-Polyamine-Organocation (APC) TCDB:2.A.3.8.1,"Transport, extracellular",20539,-1000.0,1000.0
DNDPt4m,DATP transport via dUDP antiport,"Transport, mitochondrial",67283,0.0,2.24210468609175
r1135,Hydroxysteroid (17-Beta) Dehydrogenase 7,Miscellaneous,15490,0.0,0.0
r1576,Amino Acid-Polyamine-Organocation (APC) TCDB:2.A.3.8.1,"Transport, extracellular",20539,-1000.0,1000.0
CYSt4,L-cysteine reversible transport via sodium symport,"Transport, extracellular",57394;70008;67760;56774;74338,0.0,1000.0
ITPtn,ITP nuclear transport,"Transport, nuclear",,-1000.0,1000.0
GLYt7_311_r,GLYt7 LPAREN 311 RPAREN r,"Transport, extracellular",104245,-1000.0,1000.0
HMR_9593,HMR 9593,"Transport, extracellular",56774;14664,0.0,1000.0
DMATT,Dimethylallyltranstransferase,Cholesterol metabolism,14593,0.0,0.0
AMETtm,S Adenosyl L methionine reversible transport  mitochondrial,"Transport, mitochondrial",,-1000.0,1000.0
TAURt,Taurine transport,"Transport, extracellular",,0.0,1000.0
RE2677G_1,N-Acylsphingosine Galactosyltransferase,Glycosphingolipid metabolism,,0.0,0.0
r2326,Resistance-Nodulation-Cell Division (RND) TCDB:2.A.60.1.2,"Transport, extracellular",24059,-1000.0,1000.0
r0170,Farnesyl-Diphosphate:Farnesyl-Diphosphate Farnesyltransferase,Cholesterol metabolism,14137,-1000.0,0.0
DHFR,Dihydrofolate reductase,Folate metabolism,13361,9.217482320055522,9.217482320088493
DHPR,"6,7-dihydropteridine reductase",Tetrahydrobiopterin metabolism,110391,0.0,2.6494991654745026e-12
FACOAL2042,Fatty-acid--CoA ligase,Fatty acid oxidation,14081,0.0,2.5011104298755527e-12
HMR_8084,HMR 8084,"Transport, golgi apparatus",,0.0,1.2505552149377763e-12
EX_CE2839_e,Maltodecaose exchange,Exchange/demand reaction,,99.99999999999335,100.0
GD1Btl,Transport of Gd1B,"Transport, lysosomal",,0.0,0.0
ACCOALm,Acetate-CoA ligase (AMP-forming),Propanoate metabolism,380660;68738,0.0,3.325340003357269e-12
r1117,Facilitated diffusion,"Transport, mitochondrial",,9.217482320051502,9.217482320087925
r1600,Amino Acid-Polyamine-Organocation (APC) TCDB:2.A.3.8.1,"Transport, extracellular",20539,-1000.0,1000.0
r1632,Amino Acid-Polyamine-Organocation (APC) TCDB:2.A.3.8.1,"Transport, extracellular",20539,-1000.0,1000.0
CYStec,L-cysteine transport via diffusion (extracellular to cytosol),"Transport, extracellular",215113,-1000.0,1000.0
METtec,L-methionine transport via diffusion (extracellular to cytosol),"Transport, extracellular",215113;72401,-1000.0,1000.0
FAOXC226205m,Beta oxidation of long chain fatty acid,Fatty acid oxidation,11364;11409,-2.3987922759260982e-11,1.9870928118417894e-12
r0822,Mitochondrial Carrier (MC) TCDB:2.A.29.2.2,"Transport, mitochondrial",27376,-1000.0,1000.0
EX_gln__L_e,L-Glutamine exchange,Exchange/demand reaction,,-100.0,100.0
FAOXC121C101m,"Fatty Acid Beta Oxidation (C12:1->C10:1), Mitochondrial",Fatty acid oxidation,93747;15107;11364;52538,0.0,4.305888978706207e-12
RE2327C,RE2327,Vitamin E metabolism,,-1000.0,1000.0
r2291,Resistance-Nodulation-Cell Division (RND) TCDB:2.A.60.1.5,"Transport, extracellular",101488,0.0,1000.0
EX_sphmyln18114_hs_e,Exchange of Sphingomyelin (D18:1/14:0),Exchange/demand reaction,,0.0,3.4585667663122877e-12
HC00900t4,"Transport of Methylmalonate, Antiport with Phsophate","Transport, extracellular",,-1000.0,1000.0
IMPtr,Transport of IMP,"Transport, extracellular",,-78.42177623594817,-78.42177623593373
VALTAim,Valine transaminase  mitochondiral,"Valine, leucine, and isoleucine metabolism",12036,-944.7236556280507,55.27634437210888
DSMSTEROLtr,"Transport of Desmosterol, Endoplasmatic Reticulum, within Lipoproteins","Transport, endoplasmic reticular",,0.0,0.0
ACALDtx,"Acetaldehyde transport via diffusion, glyoxysome","Transport, peroxisomal",,0.0,3.751665644813329e-12
GLYtp,Glycine passive transport to peroxisome,"Transport, peroxisomal",,136.7480225556065,136.7480225557589
ACACT7m,Acetyl-CoA C-acyltransferase (C16:0),Fatty acid oxidation,52538;231086;235674,-1.0794049825816207e-11,0.0
EX_gsn_e,Guanosine exchange,Exchange/demand reaction,,99.99999999999528,100.0
HMGCOAtm,Hydroxymethylglutaryl CoA reversible mitochondrial transport,"Transport, mitochondrial",,-2.5011104298755527e-12,1.0018652574217413e-11
NH4tn,Ammonia nuclear transport,"Transport, nuclear",,-851.2237221422677,0.0
EX_malthx_e,Maltohexaose exchange,Exchange/demand reaction,,99.99999999999486,100.0
FAOXC140,Beta oxidation of long chain fatty acid,Fatty acid oxidation,11364;11409,0.0,3.979039320256561e-12
GLCt2_2,D-glucose transport in via proton symport,"Transport, extracellular",20537,-1000.0,1000.0
r2253,Resistance-Nodulation-Cell Division (RND) TCDB:2.A.60.1.5,"Transport, extracellular",101488,0.0,1000.0
RTOTALFATPc,Uptake of Rtotal by enterocytes,"Transport, extracellular",26569,0.0,2.6147972675971687e-12
UPPRT,Uracil phosphoribosyltransferase,Pyrimidine synthesis,331487,999.9999999999801,1000.0
PCHOL2PALM_HSte,Transport of 2-Palmitoylglycerophosphocholine,"Transport, extracellular",,-2.1813661987835076e-12,0.0
DLNLCGt,Fatty acid transport via diffusion,"Transport, extracellular",26459,0.0,0.0
r2257,Resistance-Nodulation-Cell Division (RND) TCDB:2.A.60.1.5,"Transport, extracellular",101488,0.0,1000.0
CYSTGL,Cystathionine g lyase,Methionine and cysteine metabolism,107869,0.0,1.461497589616556e-12
HMR_1325,HMR 1325,Eicosanoid metabolism,105349,0.0,1000.0
EX_M00260_e,EX M00260[e],Exchange/demand reaction,,-2.2737367544323206e-12,8.346508669395316e-12
r0386,"4-methyl-2-oxopentanoate:[dihydrolipoyllysine-residue (2-methylpropanoyl)transferase] lipoyllysine 2-oxidoreductase (decarboxylating, acceptor-2-methylpropanoylating) EC:1.2.4.4",Miscellaneous,12039;320208;12040,0.0,9.094947017729282e-12
FAOXC13C11m,"Fatty Acid Beta Oxidation (C13->C11), Mitochondrial",Fatty acid oxidation,11370;97212;231086,0.0,1.6295113406764957e-12
5MTHFt,5-Methyltetrahydrofolate transport via receptor binding and protolysis,"Transport, extracellular",14275;14276,-1000.0,1000.0
RTOTAL2t,RTOTAL2 transport,"Transport, extracellular",,-6.934897101018578e-12,0.0
NTD2,5'-nucleotidase (UMP),Pyrimidine catabolism,107569,0.0,1.7053025658242404e-12
DURIK1m,"Deoxyuridine kinase (ATP:Deoxyuridine), mitochondrial",Nucleotide interconversion,57813,0.0,0.0
ACACT1m,Acetyl CoA C acetyltransferase  mitochondrial,Tryptophan metabolism,110446;97212;231086,-5.594339806217856e-12,0.0
r0716_1,(S)-3-Hydroxyhexadecanoyl Coenzyme A Hydro-Lyase,Miscellaneous,93747;74147;97212,0.0,1.057287590811029e-11
CO2t,CO2 transporter via diffusion,"Transport, extracellular",,-1000.0,800.0000000000108
r0283,L-Histidine:beta-alanine ligase (AMP-forming) Alanine and aspartate metabolism / Histidine metabolism / beta-Alanine metabolism EC:6.3.2.11,Beta-Alanine metabolism,107239,0.0,2.0463630789890885e-12
ABUTD,Aminobutyraldehyde dehydrogenase,Beta-Alanine metabolism,56752,0.0,1.745270594710746e-12
r1015,Na (+)Bile Acid Symporter Active Transport,"Transport, extracellular",20493,0.0,1000.0
GD1Cte,Gd1c hs  transport,"Transport, extracellular",,0.0,0.0
D3AIBTm,"D-3-Amino-isobutanoate:pyruvate aminotransferase, mitochondrial",Pyrimidine catabolism,268782,-1000.0,1000.0
HMR_2702,Carnitine O-Palmitoyltransferase,Fatty acid oxidation,12894;12895;78070,-2.2737367544323206e-12,1.7242503721111764e-12
3HBCOAHLm,"3-hydroxyisobutyryl-CoA hydrolase, mitochondrial","Valine, leucine, and isoleucine metabolism",,55.27634437194433,55.276344372093476
ADNt2,Adenosine transport in via proton symport,"Transport, extracellular",114304;243328,-1000.0,1000.0
EX_sphmyln181201_hs_e,Exchange of Sphingomyelin (D18:1/20:1),Exchange/demand reaction,,0.0,4.027000954920368e-12
BHBt,(R)-3-Hydroxybutanoate transport via H+ symport,"Transport, extracellular",,-1000.0,1000.0
ACACT4m,Acetyl-CoA C-acyltransferase (C10:0),Fatty acid oxidation,52538;231086;235674,-7.238062001609554e-12,3.083755473198835e-12
FATP2t,Fatty acid electroneutral transport,"Transport, extracellular",26457,-1000.0,1000.0
HMR_2666,Carnitine O-Palmitoyltransferase,Fatty acid oxidation,12894;12895;78070,-4.291678123991005e-12,4.121147867408581e-12
NMNHYD,Nicotinamide ribonucleotide phosphohydrolase,Vitamin B2 metabolism,,0.0,1.8189894035458565e-12
FAOXC15C13m,"Fatty Acid Beta Oxidation (C15->C13), Mitochondrial",Fatty acid oxidation,11370;97212;231086,0.0,1.427290220611352e-12
HMR_0436,HMR 0436,"Transport, extracellular",225579;14077;14080;12140;26457;11770;16592;16204;12491;26568;26569;75497;21884,-1.5916157281026244e-12,0.0
TCA3St,Taurocholic acid 3-sulfate transport via bicarbonate countertransport,"Transport, extracellular",28253;101488,0.0,0.0
TTDCPT2,Carnitine transferase,Fatty acid oxidation,12896,-1000.0000000000038,1000.0
r2319,Resistance-Nodulation-Cell Division (RND) TCDB:2.A.60.1.2,"Transport, extracellular",24059,-1000.0,0.0
r1615,Amino Acid-Polyamine-Organocation (APC) TCDB:2.A.3.8.1,"Transport, extracellular",20539,-1000.0,1000.0
ILEtmi,Isoleucine transport from mitochondria to cytosol,"Transport, mitochondrial",,-2.035704937952687e-12,1000.0
PI345P3P,"Phosphatidylinositol-3,4,5-trisphosphate 3-phosphatase",Inositol phosphate metabolism,19211,0.0,0.0
DM_datp_m,DATP demand,Exchange/demand reaction,,2.2421046860688847,2.2421046860894194
C226COAtx,Fatty acid intracellular transport,"Transport, peroxisomal",,-5.90895388271091e-12,0.0
EX_pchol_hs_e,Phosphatidylcholine (homo sapiens) exchange,Exchange/demand reaction,,-96.50590652350472,0.0
SK_mi14p_c,"Demand for (1R,2R,3R,4R,5R,6S)-2,3,5,6-Tetrahydroxy-4-(Phosphonatooxy)Cyclohexyl Phosphate",Exchange/demand reaction,,-2.0830136040886464e-12,5.192291041566932e-12
EX_pchol2palm_hs_e,Exchange of 2-Palmitoylglycerophosphocholine,Exchange/demand reaction,,0.0,3.296918293926865e-12
VALTA,Valine transaminase,"Valine, leucine, and isoleucine metabolism",12035,0.0,1000.0
HMR_3149,Medium-Chain Acyl Coenzyme A Dehydrogenase,Fatty acid oxidation,11364;229211,0.0,7.879918939579511e-12
r1594,Amino Acid-Polyamine-Organocation (APC) TCDB:2.A.3.8.1,"Transport, extracellular",20539,-1000.0,1000.0
r1589,Amino Acid-Polyamine-Organocation (APC) TCDB:2.A.3.8.1,"Transport, extracellular",20539,-1000.0,1000.0
DM_ach_c,DM ach[c],Exchange/demand reaction,,583.6340393467289,583.634039347093
ACACT7p,Acetyl CoA acyltransferase  tetradecanoyl CoA   peroxisomal,Fatty acid oxidation,235674,0.0,1.676880856393831e-12
r1518,ATP-binding Cassette (ABC) TCDB:3.A.1.211.1,"Transport, extracellular",11303,0.0,1.1368683772161603e-12
RE1807M,RE1807,Bile acid synthesis,104086,0.0,0.0
HMR_9609,HMR 9609,"Transport, extracellular",330064,0.0,1000.0
ATPS4mi,ATP synthase (four protons for one ATP),Oxidative phosphorylation,11949;66043;11950;11947;228033;11951;11957;27425;11958;57423;28080;18195;71679;67942;11946;68055;67126,337.66999999999996,337.67
HMR_3329,Acetyl Coenzyme A C-Acyltransferase,Fatty acid oxidation,17919;235674,0.0,1.1368683772161603e-12
HMR_2282,Stearoyl Coenzyme A 9-Desaturase,Fatty acid synthesis,20249,0.0,0.0
r2310,Resistance-Nodulation-Cell Division (RND) TCDB:2.A.60.1.14,"Transport, extracellular",108096,-1000.0,1000.0
NKCCt,Na+-K+-Cl- cotransport,"Transport, extracellular",20496;20495,-1000.0,1000.0
DNDPt16m,DUDP transport via dADP antiport,"Transport, mitochondrial",67283,0.0,8.071765478234738e-12
DCYTDn,"Deoxycytidine deaminase, nuclear",Nucleotide interconversion,11628,0.0,851.2237221422682
r1525,ATP-binding Cassette (ABC) TCDB:3.A.1.211.1,"Transport, extracellular",11303,0.0,0.0
r1659,Amino Acid-Polyamine-Organocation (APC) TCDB:2.A.3.8.1,"Transport, extracellular",20539,-1000.0,1000.0
RE1807C,RE1807,Bile acid synthesis,,-833.2161224919957,1000.0
FACOAL1832,Alpha-Linolenic acid:CoA ligase (AMP-forming),Fatty acid oxidation,14081,0.0,3.0324591130322165e-12
EX_pcholpalme_hs_e,Exchange of 1-Palmitoleoylglycerophosphocholine (Delta 9),Exchange/demand reaction,,0.0,1.0231815394945443e-12
r2519,Utilized transport,"Transport, endoplasmic reticular",,-1000.0,1000.0
CERT1gt,Ceramide transport protein,"Transport, golgi apparatus",68018,-2.3874235921539366e-12,2.994839396602808
RE1898C,Deoxyhypusine Synthase,Urea cycle,,0.0,1.5081269566508126e-12
NADS1,NAD synthase (nh3),NAD metabolism,78914,0.0,0.0
EX_maltttr_e,Maltotetraose exchange,Exchange/demand reaction,,-100.0,-99.99999999999028
ECOAH1m,"3-Hydroxybutanoyl-CoA hydro-lyase, mitochondria",Tryptophan metabolism,93747;11992;97212;231086,-3.817982966817605e-12,0.0
SK_btn_c,Sink btn[c],Exchange/demand reaction,,-1000.0,100.0
GCA3Sabc,Glycocholic acid 3-sulfate ABC bile acid transporter,"Transport, extracellular",12780;239273;26357;76408,0.0,0.0
SCP22x,Sterol carrier protein 2,"Transport, peroxisomal",20280,-1000.0000000000028,1000.0
PESTE_HSABCt,Transport of 1-Stearoylglycerophosphoethanolamine,"Transport, extracellular",50770;320940,0.0,0.0
OLEICFATPtc,Uptake of octadecenoate by the enterocytes,"Transport, extracellular",26569,0.0,1.8189894035458565e-12
ARGSS,Argininosuccinate synthase,Alanine and aspartate metabolism,11898,0.0,1.938974749794045e-12
LCA3St,Lithocholic acid 3-sulfate transport via bicarbonate countertransport,"Transport, extracellular",28253;101488,0.0,0.0
GLCURter,Glucuronate endoplasmic reticular transport,"Transport, endoplasmic reticular",,-5.478608062212252e-12,0.0
PPItr,"Diphosphate transporter, endoplasmic reticulum","Transport, endoplasmic reticular",,-1000.0,1000.0
EX_xolest2_hs_e,Cholesterol ester (from R2) exchange,Exchange/demand reaction,,0.0,96.50590652350154
PNTOt1,Pantothenate sodium symporter  II,"Transport, extracellular",330064,0.0,1000.0
r2228,Resistance-Nodulation-Cell Division (RND) TCDB:2.A.60.1.5,"Transport, extracellular",101488,0.0,1000.0
ALAtN1,"Alanine transport (Na, H coupled)","Transport, extracellular",76257;209837,-1000.0,1000.0
r0698,Propanoyl Coenzyme A:Acetyl Coenzyme A C-Acyltransferase Bile Acid Biosynthesis,Bile acid synthesis,52538;231086;235674,136.74802255560695,136.74802255576037
3DHCDCHOLt,3-Dehydrochenodeoxycholic acid transport via bicarbonate countertransport,"Transport, extracellular",106407;28253;101488;330962,-1000.0,0.0
DM_Lcystin_c,Demand for L-Cystine,Exchange/demand reaction,,546.0118761998034,546.0118761998435
FAOXC226,Beta oxidation of long chain fatty acid,Fatty acid oxidation,11364;11409,0.0,1.369440683148283e-12
COPROSTt,Coprostanol transport via bicarbonate countertransport,"Transport, extracellular",106407;28253;101488;330962,-1000.0,0.0
HMR_0641,Acetylcholinesterase,Glycerophospholipid metabolism,11423;12038,0.0,9.094947017729282e-12
r0812,Mitochondrial Carrier (MC) TCDB:2.A.29.20.1,Purine catabolism,20524,-1000.0,1000.0
O2tm,O2 transport  diffusion,"Transport, mitochondrial",,-8.479010000002823,-8.479009999977364
r2489,Resistance-Nodulation-Cell Division (RND) TCDB:2.A.60.1.14,"Transport, extracellular",108096,0.0,1000.0
FAOXC246226x,Beta oxidation of long chain fatty acid,Fatty acid oxidation,11430;74147;15488;235674,0.0,3.1456219824498524e-12
ALCD22_L,Alcohol dehydrogenase (L-lactaldehyde),Pyruvate metabolism,11522;225791;11532;76187;26876;11529;100417514,0.0,1000.0
r1530,ATP-binding Cassette (ABC) TCDB:3.A.1.208.15,"Transport, extracellular",27416,0.0,0.0
r2234,Resistance-Nodulation-Cell Division (RND) TCDB:2.A.60.1.5,"Transport, extracellular",101488,0.0,1000.0
DOPAMT,Dopamine:amet O-methyltransferase,Tyrosine metabolism,12846,0.0,2.531308496145357e-12
r0381,Hypotaurine:NAD+ oxidoreductase Taurine and hypotaurine metabolism EC:1.8.1.3,Taurine and hypotaurine metabolism,,0.0,2.4442670110147446e-12
CEPTE,Ethanolamine phosphotransferase,Glycerophospholipid metabolism,99712,0.0,1.4690471061840071e-12
UDPXYLter,UDP-Xyl endoplasmic reticular transport via CMP antiport,"Transport, endoplasmic reticular",,0.0,0.0
7DHCHOLt2,7-Dehydrocholic acid transport via sodium cotransport,"Transport, extracellular",20493;20494,0.0,1000.0
r1578,Amino Acid-Polyamine-Organocation (APC) TCDB:2.A.3.8.1,"Transport, extracellular",20539,-1000.0,1000.0
HDCECRNte,Transport of Palmitoleoyl-Carnitine,"Transport, extracellular",20520,0.0,1000.0
EX_sphmyln1824_hs_e,Exchange of Sphingomyelin (D18:0/24:0),Exchange/demand reaction,,0.0,3.799627279477136e-12
r0480,S-Adenosyl-L-methionine:ethanolamine-phosphate N-methyltransferase Glycerophospholipid metabolism EC:2.1.1.103,Glycerophospholipid metabolism,,0.0,1.0800249583553523e-12
r1611,Amino Acid-Polyamine-Organocation (APC) TCDB:2.A.3.8.1,"Transport, extracellular",20539,-1000.0,1000.0
ALDD19xr,"Aldehyde dehydrogenase (phenylacetaldehyde, NAD)",Phenylalanine metabolism,56847;67689;11670;73458;621603,0.0,1000.0
LEUyLAThtc,Transport of Leucine by y+LAT1 or y+LAT2 with co-transporter of h in small intestine and kidney,"Transport, extracellular",20540;330836;17254,0.0,1000.0
r1650,Amino Acid-Polyamine-Organocation (APC) TCDB:2.A.3.8.1,"Transport, extracellular",20539,-1000.0,1000.0
HMR_0321,HMR 0321,"Transport, extracellular",11303,0.0,0.0
SK_lnlccoa_c,Sink lnlccoa[c],Exchange/demand reaction,,-1.2505552149377763e-11,1.142197447734361e-12
r1546,Amino Acid-Polyamine-Organocation (APC) TCDB:2.A.3.8.1,"Transport, extracellular",20539,-1000.0,1000.0
NNATr,Nicotinate-nucleotide adenylyltransferase,NAD metabolism,66454;226518;74080,0.0,0.0
EX_pi_e,Phosphate exchange,Exchange/demand reaction,,99.99999999999693,100.0
r1143,Major Facilitator(MFS) TCDB:2.A.18.6.3,"Transport, extracellular",76257,0.0,1000.0
NACSMCTte,Nicotinate Transport by Smct1,"Transport, extracellular",216225,-1000.0,0.0
r1597,Amino Acid-Polyamine-Organocation (APC) TCDB:2.A.3.8.1,"Transport, extracellular",20539,-1000.0,1000.0
OBDHm,2 Oxobutanoate dehydrogenase,Propanoate metabolism,13171;13382;12039;12040,-19.53543179368033,-19.535431793666945
NADK,NAD kinase,NAD metabolism,192185,0.0,0.0
SPHMYLN18122_hs_SECt,Transport of Sphingomyelin (D18:1/22:0),"Transport, extracellular",,0.0,0.0
RE0579C_1,Palmitoyl Coenzyme A Hydrolase,Fatty acid synthesis,171281;217700;12012,0.0,0.0
r2221,Resistance-Nodulation-Cell Division (RND) TCDB:2.A.60.1.5,"Transport, extracellular",101488,0.0,1000.0
TCYNTtm,Thiocyanate transport via diffusion (mitochondrial),"Transport, mitochondrial",,-8.540723683836404e-12,5.9117155615240335e-12
KSII_CORE2tly,"Keratan sulfate II (core 2) transport, extracellular to lysosome","Transport, lysosomal",,0.0,0.0
UGCG,Ceramide glucosyltransferase,Sphingolipid metabolism,22234,0.0,1.1368683772161603e-12
EX_phe__L_e,L-Phenylalanine exchange,Exchange/demand reaction,,-100.0,100.0
r0603,"(S)-2-Methylbutanoyl Coenzyme A:Acceptor 2, 3-Oxidoreductase Valine, Leucine And Isoleucine Degradation","Valine, leucine, and isoleucine metabolism",66885;11364;11409,0.0,1.5099033134902155e-12
HMR_9640,HMR 9640,"Transport, extracellular",,-3.637978807091713e-12,0.0
G3PD2m,"Glycerol-3-phosphate dehydrogenase (FAD), mitochondrial",Glycolysis/gluconeogenesis,14571,0.0,2.808064891723916e-11
GLNtN1,"Glutamine transport (Na, H coupled)","Transport, extracellular",76257;209837,-1000.0,1000.0
SK_stcoa_c,Sink stcoa[c],Exchange/demand reaction,,-6.728839707648149e-12,3.201865599532497e-12
CEPTC,Choline phosphotransferase,Glycerophospholipid metabolism,99712;212862,0.0,1.7763568394002505e-12
3MHISt1,Transport of Methyl-Histidine by System N Transport,"Transport, extracellular",,-1000.0,1000.0
PAFS,Alkyl glycerol phosphocholine acetyl transferase,Glycerophospholipid metabolism,,0.0,1.4210854715202004e-12
THRGLYexR,L-threonine/glycine reversible exchange,"Transport, extracellular",17254;53896,-1000.0,1000.0
NRPPHRt4_2_r,NRPPHRt4 LPAREN 2 RPAREN r,"Transport, extracellular",20538;13162,-1000.0,1000.0
DNDPt44m,DTTP transport via ATP antiport,"Transport, mitochondrial",67283,0.0,1.5916157281026244e-12
r2292,Resistance-Nodulation-Cell Division (RND) TCDB:2.A.60.1.5,"Transport, extracellular",101488,0.0,1000.0
HMR_0825,Exo-Alpha-Sialidase,Glycosphingolipid metabolism,18010;241159;23956;50877,-6.640106131366654e-12,1.7532642004880472e-12
4OHPROIMINOtc,Transport of L-OH-Proline by the apical IMINO amino acid transporters in kidney and intestine,"Transport, extracellular",102680;57394,0.0,1000.0
DNDPt59m,DGTP transport via dADP antiport,"Transport, mitochondrial",67283,0.0,7.787548383930698e-12
TTDCAtr,Fatty acid transport,"Transport, extracellular",26458,0.0,0.0
TMNDNCCPT1,Carnitine O-palmitoyltransferase,Fatty acid oxidation,12894;12895;78070,-3.637978807091713e-12,1.751132572280767e-11
4HATVACIDtep,Efflux of 4-hydroxy-atorvastatin-acid into portal blood,Drug metabolism,,-1000.0,1000.0
TTDCPT1,Carnitine O-palmitoyltransferase,Fatty acid oxidation,12894;12895;78070,-1000.0,1000.0000000000034
OIVD3m,"2-oxoisovalerate dehydrogenase (acylating; 3-methyl-2-oxopentanoate), mitochondrial","Valine, leucine, and isoleucine metabolism",13171;13382;12039;12040,0.0,2.8634872251132037e-12
r1605,Amino Acid-Polyamine-Organocation (APC) TCDB:2.A.3.8.1,"Transport, extracellular",20539,-1000.0,1000.0
CLHCOtex,Chloride transport via bicarbonate countertransport,"Transport, extracellular",208890;224661;13521;320718,0.0,1000.0
r1573,Amino Acid-Polyamine-Organocation (APC) TCDB:2.A.3.8.1,"Transport, extracellular",20539,-1000.0,1000.0
EX_leu__L_e,L-Leucine exchange,Exchange/demand reaction,,-100.0,100.0
HMR_6617,HMR 6617,"Transport, nuclear",,-809.1537336378312,1000.0
HMR_2888,HMR 2888,"Transport, endoplasmic reticular",20520,-1000.0000000000055,1000.0000000000041
ACITL,ATP-Citrate lyase,Citric acid cycle,104112,0.0,1.5207641501823395e-12
PAIL45P_HStn,"Phosphatidylinositol 4,5-bisphosphate nuclear transport (diffusion)","Transport, nuclear",,-500.0,0.0
NADH2_u10mi,NADH2 u10mi,Oxidative phosphorylation,67130;595136;102631912;67184;17716;68194;70316;17717;68197;17718;407785;66414;68198;67264;66416;68202;17719;67273;17721;225887;17720;17722;80286;66495;226646;68342;68349;68375;227197;17991;66377;17992;104130;54405;17993;17995;66046;100041273;66091;100042503;66108;66916;230075;66218;69875;75406;72900;78330,135.06799999993297,135.0680000000103
FACOAL1812_1,Fatty-Acid- Coenzyme A Ligase,Fatty acid oxidation,14081,0.0,3.453237695794087e-12
CERK,Ceramide kinase,Sphingolipid metabolism,223753,0.0,0.0
ARACHDCOAtx,Fatty acid intracellular transport,"Transport, peroxisomal",,-3.410605131648481e-12,1000.0000000000132
r1552,Amino Acid-Polyamine-Organocation (APC) TCDB:2.A.3.8.1,"Transport, extracellular",20539,-1000.0,1000.0
OIVD1m,"2-oxoisovalerate dehydrogenase (acylating; 4-methyl-2-oxopentaoate), mitochondrial","Valine, leucine, and isoleucine metabolism",13171;13382;12039;12040,0.0,6.394884621840902e-12
STCRNtr,Transport of O-Octadecanoyl-R-Carnitine,"Transport, extracellular",,0.0,1000.0
CRVStu,Cerivastatin uptake by enterocytes,Drug metabolism,,-1000.0,1000.0
r2298,Resistance-Nodulation-Cell Division (RND) TCDB:2.A.60.1.5,"Transport, extracellular",101488,0.0,1000.0
EX_pe2linl_hs_e,Exchange of 2-Linoleoylglycerophosphoethanolamine,Exchange/demand reaction,,0.0,0.0
ARACHDtr,Intracellular transport,"Transport, endoplasmic reticular",,-1000.0,1000.0
GALt2_2,D-galactose transport  via proton symport,"Transport, extracellular",20537,-1000.0,1000.0
r0909,Transport Reaction,"Transport, endoplasmic reticular",,-1000.0,2.1032064978498966e-12
HMR_0387,HMR 0387,"Transport, extracellular",11303,0.0,0.0
DOCOSACTDe,Uptake of docosanoic acid by cells by diffusion,Fatty acid oxidation,,0.0,0.0
r1630,Amino Acid-Polyamine-Organocation (APC) TCDB:2.A.3.8.1,"Transport, extracellular",20539,-1000.0,1000.0
r0656,"3-methylbutanoyl-CoA:enzyme N6-(dihydrolipoyl)lysine S-(3-methylbutanoyl)transferase Valine, leucine and isoleucine degradation EC:2.3.1.168",Miscellaneous,13171,0.0,1.5916157281026244e-12
FACOAL161,Fatty acid  CoA ligase  hexadecenoate,Fatty acid oxidation,328845;14081,0.0,0.0
PEFLIPm,Phosphatidylethanolamine flippase,"Transport, mitochondrial",11980;11982,0.0,0.0
EX_na1_e,Sodium exchange,Exchange/demand reaction,,-100.0,0.0
ACACT4p,Acetyl CoA C acetyltransferase  octanoyl CoA   peroxisomal,Fatty acid oxidation,235674,0.0,1.6452570533465804e-12
r1638,Amino Acid-Polyamine-Organocation (APC) TCDB:2.A.3.8.1,"Transport, extracellular",20539,-1000.0,1000.0
r1516,ATP-binding Cassette (ABC) TCDB:3.A.1.211.1,"Transport, extracellular",11303,0.0,0.0
GALGLUSIDEtl,Galgluside hs intracellular transport,"Transport, lysosomal",,0.0,0.0
ACOAR7m,Trans-2-enoyl-CoA reductase (NADPH) (C16:0),Fatty acid oxidation,26922;111175,-7.49385738648319e-12,3.205968823749572e-11
EX_pe17_hs_e,Exchange of 1-Heptadecanoylglycerophosphoethanolamine (C17:0 Pe),Exchange/demand reaction,,0.0,0.0
FAOXC9C7m,"Fatty Acid Beta Oxidation (C9->C7), Mitochondrial",Fatty acid oxidation,93747;15107;11364;52538,0.0,1.533225683033767e-12
DNDPt58m,DGTP transport via ADP antiport,"Transport, mitochondrial",67283,0.0,1.6979750938617144e-12
C226CRNt,C226 transport into the mitochondria,Fatty acid oxidation,,-1000.0,1000.0000000000025
VALLAT1tc,"Transport of L-Valine by LAT1 in association with 4F2hc, across the apical surface of the memebranes and Amino Acid-Polyamine-Organocation (APC) TCDB:2.A.3.8.1","Transport, extracellular",17254;20539,-1000.0,1000.0
IBUP_Stdhep,Uptake of ibuprofen-S into hepatocytes,Drug metabolism,,-1000.0,1000.0
NBAHH_ir,Nalpha-(beta-alanyl)-L-histidine hydrolase IR,Beta-Alanine metabolism,338403;66054,0.0,2.0463630789890885e-12
r0835,Mitochondrial Carrier (MC) TCDB:2.A.29.2.2,"Transport, mitochondrial",27376,-1000.0,1000.0
r0783,Lanosterol D24-reductase Biosynthesis of steroids EC:1.3.1.72,Cholesterol metabolism,74754,-4.620304139280051e-12,0.0
NRPPHRtu,Norepinephrine uniport,"Transport, extracellular",20518;20519;20517,-1000.0,1000.0
G3PD1ir,Glycerol 3 phosphate dehydrogenase  NAD,Glycerophospholipid metabolism,14555,-1000.0,981.0400525900351
r0451,2-Oxoadipate:lipoamde 2-oxidoreductase(decarboxylating and acceptor-succinylating) Lysine degradation EC:1.2.4.2,Miscellaneous,18293,0.0,8.412825991399586e-12
3HPVSTETCOAhcm,"Beta oxidation of 3-S-hydroxy-pravastatin-CoA to tatranor-CoA derivative in hepatocytes, mitochondria",Drug metabolism,11370;97212;231086,0.0,3.865352482534945e-12
C80CPT1,Production of octanoylcarnitine,Fatty acid oxidation,12894;12895;78070,-1000.0,0.0
HACD6m,3-hydroxyacyl-CoA dehydrogenase (C14:0),Fatty acid oxidation,15107;74147;97212,-7.891761318508847e-12,0.0
PUNP4,Purine-nucleoside phosphorylase (Deoxyguanosine),Purine catabolism,18950;667034,-1.0681204439825638e-11,3.1112890042095387e-12
RE3431C,RE3431,Eicosanoid metabolism,,-1000.0,1000.0
HSD11B2r,11-beta-hydroxysteroid dehydrogenase type 2,Steroid metabolism,15484,-1000.0,1000.0
TYMte,"Tyraminium Transport, Cytosol","Transport, extracellular",20518;20519;20517,-1000.0000000000023,1000.0
PGLYCABCte,Phosphatidylglycerol Transport by ABCa3,"Transport, extracellular",27410,0.0,0.0
IBUP_Rtdu,Passive diffusion of ibuprofen R,Drug metabolism,,-1000.0,1000.0
LNELDCCRNtr,"Transport of 6Z,9Z-Octadecadienoylcarnitine","Transport, extracellular",,0.0,1000.0
r2329,Resistance-Nodulation-Cell Division (RND) TCDB:2.A.60.1.2,"Transport, extracellular",24059,-1000.0,1000.0
HMR_0326,HMR 0326,"Transport, extracellular",225579;14077;14080;12140;26457;11770;16592;16204;12491;26568;26569;75497;21884,0.0,2.776337726207698e-12
PTVSTtep,Efflux of pitavastatin from enterocytes into portal blood,Drug metabolism,,-1000.0,1000.0
NADHtpu,"NADH transporter, peroxisome","Transport, peroxisomal",,0.0,1000.0
r1377,S-(hydroxymethyl)glutathione synthase Methane metabolism EC:4.4.1.22,Miscellaneous,,-1000.0,1000.0
PPM2,Phosphopentomutase 2 (deoxyribose),Pentose phosphate pathway,66681,593.2782922589082,593.27829225896
CBPter,"Carbamoyl phosphate transport, endoplasmic reticulum","Transport, endoplasmic reticular",,0.0,0.0
EX_pcholar_hs_e,Exchange of 1-Arachidonoyl-Glycero-3-Phosphocholine,Exchange/demand reaction,,0.0,1.4518756567364714e-12
r1602,Amino Acid-Polyamine-Organocation (APC) TCDB:2.A.3.8.1,"Transport, extracellular",20539,-1000.0,1000.0
EX_cys__L_e,L-Cysteine exchange,Exchange/demand reaction,,-100.0,-99.99999999994895
r1553,Amino Acid-Polyamine-Organocation (APC) TCDB:2.A.3.8.1,"Transport, extracellular",20539,-1000.0,1000.0
FAOXC18280m,Beta oxidation of fatty acid,Fatty acid oxidation,11364;11409,0.0,2.0003481189760517e-12
r1640,Amino Acid-Polyamine-Organocation (APC) TCDB:2.A.3.8.1,"Transport, extracellular",20539,-1000.0,1000.0
EX_sphmyln18122_hs_e,Exchange of Sphingomyelin (D18:1/22:0),Exchange/demand reaction,,0.0,5.845990358466224e-12
RE3597C,Carbonyl Reductase (NADPH),Eicosanoid metabolism,109857;12408,0.0,0.0
r1109,Citrate oxaloacetate-lyase ((pro-3S)-CH2COO- -->acetate) Citrate cycle (TCA cycle) EC:4.1.3.6,Miscellaneous,,470.78277862834705,470.7827786283981
LACLt,Lactate transport,"Transport, peroxisomal",,0.0,1000.0
CYTDt2,Cytidine transport in via proton symport,"Transport, extracellular",114304,-1000.0,900.0000000000016
NDPK4m,"ATP:dTDP phosphotransferase, mitochondria",Nucleotide interconversion,56520,2.2421046860806655,2.242104686088851
FAOXC6C4x,"Fatty Acid Beta Oxidation (C6->C4), Peroxisomal",Fatty acid oxidation,11430;74147;15488;235674,0.0,4.594843024581981e-12
RE3273R_1,Phospholipase D,Phosphatidylinositol phosphate metabolism,18805,-1000.0,0.0
r2376,Mitochondrial Carrier (MC) TCDB:2.A.29.7.2,"Transport, mitochondrial",13358,-1000.0,1000.0
r0670,"(S)-3-Methyl-2-oxopentanoate:[dihydrolipoyllysine-residue (2-methylpropanoyl)transferase] lipoyllysine 2-oxidoreductase (decarboxylating, acceptor-2-methylpropanoylating) EC:1.2.4.4",Miscellaneous,12039;320208;12040,0.0,2.049915792667889e-12
r0157,L-Glutamine:pyruvate aminotransferase Glutamate metabolism EC:2.6.1.15,Urea cycle,,0.0,557.9053379100777
HMR_3335,Enoyl Coenzyme A Hydratase,Fatty acid oxidation,74147,0.0,1.4566740104297368e-12
PCRNtc,Transport into the cytosol from peroxisome (carnitine),Fatty acid oxidation,,0.0,1000.0
HMR_2650,Carnitine O-Acetyltransferase,"Transport, mitochondrial",12908;12896,-2.5011104298755527e-12,0.0
10FTHFtm,10-Formyltetrahydrofolate mitochondrial transport via diffusion,"Transport, mitochondrial",,-716.921245486428,-186.9978317656651
EX_cholate_e,Cholate exchange,Exchange/demand reaction,,-100.0,100.0
HMR_0371,HMR 0371,"Transport, extracellular",11303,0.0,0.0
SUCCtm,Succinate transport  mitochondrial,"Transport, mitochondrial",27376,-1000.0,1000.0
C204CPT1,Carnitine C20:4 transferase,Fatty acid oxidation,12894;12895;78070,-1000.0,1.2789769243681803e-12
B3GNT38g,"UDP-GlcNAc:betaGal beta-1,3-N-acetylglucosaminyltransferase 3, Golgi apparatus",Glycosphingolipid metabolism,56386,0.0,0.0
MMAt2e,Facilitated Diffusion via Aquaporin into Extracellular Space,"Transport, extracellular",11833,-1000.0,1000.0
XYLUR,Xylulose reductase,Pentose phosphate pathway,67880,-1000.0,1000.0
EX_thf_e,"5,6,7,8-Tetrahydrofolate exchange",Exchange/demand reaction,,-100.0,100.0
NaKt_1,Na+/K+ Exchanging ATPase,"Transport, extracellular",27222;232975;11928;11931;67821;11932;11933;98660,0.0,0.0
r1148,Active transport,"Transport, peroxisomal",,-1000.0,1000.0000000000016
THYOCHOLt,Taurohyocholic acid transport via bicarbonate countertransport,"Transport, extracellular",106407;28253;101488;330962,-1000.0,0.0
EX_btn_e,Biotin exchange,Exchange/demand reaction,,-100.0,100.0
ECOAH4m,Enoyl-CoA hydratase (C10:0),Fatty acid oxidation,93747;74147;97212,-8.86757334228605e-12,2.000888343900442e-11
PHPYRtm,"Transport of Phenylpyruvate via Proton Symport, Mitochondrial","Transport, mitochondrial",55951;70456,-7.16227077646181e-12,0.0
SK_val__L_c,Sink val L[c],Exchange/demand reaction,,-115.66759080453073,-115.66759080436441
FAOXC18480m,Beta oxidation of fatty acid,Fatty acid oxidation,11364;11409,0.0,8.628324020636483e-12
PI45P4P,"Phosphatidylinositol-4,5-bisphosphate 4-phosphatase",Inositol phosphate metabolism,,-1.9809019536213487e-12,500.0
HMR_6619,HMR 6619,"Transport, nuclear",,-1000.0,809.153733637829
GLYBt4_2_r,GLYBt4 LPAREN 2 RPAREN r,"Transport, extracellular",14411,-1000.0,1000.0
HXAND,Hypoxanthine dehydrogenase,Nucleotide interconversion,22436,99.9999999999958,100.00000000000242
LKYNRtr3,Transport of L-Kynurenine,"Transport, extracellular",72401,-1000.0,1000.0
DESAT18,Stearoyl CoA desaturase  n C180CoA   n C181CoA,Fatty acid synthesis,20249;328035,0.0,4.959588295605499e-12
PGPP_hs,Phosphatidylglycerol phosphate phosphatase (homo sapiens),Glycerophospholipid metabolism,66461,0.0,2.808864252301646e-12
UREAt,Urea transport via facilitate diffusion,"Transport, extracellular",27411;108052;114479;20537,-1000.0,1000.0
r2190,Resistance-Nodulation-Cell Division (RND) TCDB:2.A.60.1.14,"Transport, extracellular",108096,0.0,1000.0
PA_HStm,"Transport of Phosphatidate, Mitochondrial","Transport, mitochondrial",,0.0,6.3806737671257e-12
EX_bilirub_e,Bilirubin exchange,Exchange/demand reaction,,0.0,0.0
7DHCDCHOLt,7-Dehydrochenodeoxycholic acid transport via bicarbonate countertransport,"Transport, extracellular",106407;28253;101488;330962,-1000.0,0.0
EX_gluside_hs_e,Exchange/Demand Reaction,Exchange/demand reaction,,-2.9948393966069604,-2.994839396600762
FAOXC2051843x,Beta oxidation of long chain fatty acid,Fatty acid oxidation,11430;74147;15488;235674,0.0,1.0802099537089012e-12
RE0691C,RE0691,Urea cycle,,-9.071780090909371e-13,0.0
r1585,Amino Acid-Polyamine-Organocation (APC) TCDB:2.A.3.8.1,"Transport, extracellular",20539,-1000.0,1000.0
ASNNm,L-asparaginase (mitochondrial),Alanine and aspartate metabolism,66514,0.0,8.185452315956354e-12
GLYtm,Glycine passive transport to mitochondria,"Transport, mitochondrial",,-1000.0,-641.539377256795
r1629,Amino Acid-Polyamine-Organocation (APC) TCDB:2.A.3.8.1,"Transport, extracellular",20539,-1000.0,1000.0
ALCD1,Alcohol dehydrogenase (methanol),Miscellaneous,11522;225791;11532;76187;26876;11529;100417514,-1.0157208407690632e-11,0.0
r1391,"Amylo-1,6-glucosidase, 4-alpha-glucanotransferase EC:2.4.1.25",Miscellaneous,77559,-887.8743549245792,0.0
FUMSO3tm,"Fumarate:sulfite antiport, mitochondrial","Transport, mitochondrial",27376,-1000.0,1000.0
FACOAL245_1,Fatty-acid--CoA ligase,Fatty acid oxidation,14081,0.0,2.1600499167107046e-12
FVStep,Efflux of fluvastatin from enterocytes into portal blood,Drug metabolism,,-1000.0,900.0000000000058
ACOAO5p,Acyl CoA oxidase  dodecanoyl CoA   peroxisomal,Fatty acid oxidation,80911;11430,0.0,1.7133507145475448e-12
HMR_0435,HMR 0435,"Transport, extracellular",11303,0.0,0.0
PROSTGE2t,Prostaglandin transport via bicarbonate countertransport,"Transport, extracellular",24059;108096;108115;108116,-1000.0,1000.0
SPHS1Pte,Sphingosine-1-phosphate transport,"Transport, extracellular",,-2.7512152376934235e-12,3.637978807091713e-12
PYDAMK,Pyridoxamine kinase,Vitamin B6 metabolism,216134,0.0,0.0
HMR_9634,HMR 9634,"Transport, endoplasmic reticular",,0.0,2.225775119768514e-12
HMR_2890,Carnitine O-Acetyltransferase,"Transport, endoplasmic reticular",12908,-1000.0,1000.0
r0829,Mitochondrial Carrier (MC) TCDB:2.A.29.2.2,"Transport, mitochondrial",27376,-1000.0,1000.0
ADRNLtu,"Adrenaline (epinephrine) transport, uniport","Transport, extracellular",,0.0,3.1590003127064134e-12
SK_thf_c,EX thf LPAREN c RPAREN,Exchange/demand reaction,,-1.9042545318370685e-11,199.9999999999999
r2377,Mitochondrial Carrier (MC) TCDB:2.A.29.7.2,"Transport, mitochondrial",13358,-1000.0,1000.0
EX_pcholole_hs_e,Exchange of 1-Oleoylglycerophosphocholine (Delta 9),Exchange/demand reaction,,0.0,1.1368683772161603e-12
r2276,Resistance-Nodulation-Cell Division (RND) TCDB:2.A.60.1.5,"Transport, extracellular",101488,0.0,1000.0
r1643,Amino Acid-Polyamine-Organocation (APC) TCDB:2.A.3.8.1,"Transport, extracellular",20539,-1000.0,1000.0
LCA3Sabc,Lithocholic acid 3-sulfate ABC bile acid transporter,"Transport, extracellular",12780;239273;26357;76408,0.0,0.0
NACHORCTL3le,Transport of Nicotinate,"Transport, extracellular",102570,0.0,1000.0
HMR_1629,7Alpha-Hydroxycholest-4-En-3-One 12Alpha-Hydroxylase,"Transport, peroxisomal",13124,0.0,1.069462490429895e-12
FACOAL224,Fatty-acid--CoA ligase,Fatty acid oxidation,14081,0.0,1.9326762412674725e-12
FAOXC6DCC4DCx,"Fatty Acid Beta Oxidation (C6Dc->C4Dc), Peroxisomal",Fatty acid oxidation,11430;74147;15488;235674,0.0,1.0690371533527634e-12
DHEASt,Dehydroepiandrosterone sulfate transport via bicarbonate countertransport,"Transport, extracellular",28253;108096;101488,-1000.0,0.0
LYSATB0tc,Transport of L-Lysine into the intestinal cells by ATB0 transporter,"Transport, extracellular",56774,0.0,1000.0
r1707,Y+LAT2 Utilized transport,"Transport, extracellular",330836,0.0,1000.0
r1599,Amino Acid-Polyamine-Organocation (APC) TCDB:2.A.3.8.1,"Transport, extracellular",20539,-1000.0,1000.0
CAt7r,"Calcium / sodium antiporter (1:3), reversible","Transport, extracellular",110893;20541;110891,-1000.0,1000.0
r1610,Amino Acid-Polyamine-Organocation (APC) TCDB:2.A.3.8.1,"Transport, extracellular",20539,-1000.0,1000.0
RE3430X,RE3430,Eicosanoid metabolism,,-1000.0,5.5706550483591855e-12
r1653,Amino Acid-Polyamine-Organocation (APC) TCDB:2.A.3.8.1,"Transport, extracellular",20539,-1000.0,1000.0
PI45P3Kn,"Phosphatidylinositol 4,5-bisphosphate 3-kinase, nuclear",Inositol phosphate metabolism,,0.0,0.0
r2382,Mitochondrial Carrier (MC) TCDB:2.A.29.7.2,"Transport, mitochondrial",13358,0.0,7.73070496506989e-12
r1106,Postulated transport reaction,"Transport, extracellular",,0.0,1.0231815394945443e-12
HMR_0215,HMR 0215,"Transport, extracellular",11303,0.0,0.0
3MOPt2im,3-Methyl-2-oxopentanoate mitochondrial transport via proton symport,"Transport, mitochondrial",,0.0,1000.0
RE0912C,RE0912,Tyrosine metabolism,29859;20887,0.0,0.0
FAOXC181C161m,"Fatty Acid Beta Oxidation (C18:1->C16:1), Mitochondrial",Fatty acid oxidation,11370;97212;231086,0.0,2.0059188056703042e-12
DNDPt12m,DADP transport via ADP antiport,"Transport, mitochondrial",67283,0.0,2.0463630789890885e-12
r1384,Guanosine aminohydrolase EC:3.5.4.15,Nucleotide interconversion,,-1000.0,-99.99999999999523
PDHm,Pyruvate dehydrogenase,Glycolysis/gluconeogenesis,13382;235339;68263;27402;18597;18598,0.0,2.4010660126805305e-10
SK_hdca_c,Sink hdca[c],Exchange/demand reaction,,-100.00000000000261,100.00000000000128
r1934,Y+LAT2 Utilized transport,"Transport, extracellular",330836,0.0,1000.0
DESAT20_1,Fatty acyl-CoA desaturase (n-C20:3CoA -> n-C20:4CoA),Fatty acid synthesis,76267,0.0,3.0127011996228248e-12
OMHPALTD,Transport of W-Hydroxypalmitic Acid by Diffusion,Fatty acid oxidation,,0.0,3.2354206799611074e-12
r1614,Amino Acid-Polyamine-Organocation (APC) TCDB:2.A.3.8.1,"Transport, extracellular",20539,-1000.0,1000.0
ACP1e,Acid phosphatase  extracellular  secreted,"Transport, extracellular",11648;11431,0.0,1.3642420526593924e-12
r2275,Resistance-Nodulation-Cell Division (RND) TCDB:2.A.60.1.5,"Transport, extracellular",101488,0.0,1000.0
SPHMYLN181221_hs_SECt,Transport of Sphingomyelin (D18:1/22:1),"Transport, extracellular",,0.0,3.242295321115307e-12
DM_n5m2masn_g,"Demand for  ((N-Acetyl-D-Glucosaminyl)5-(Alpha-D-Mannosyl)2-Beta-D-Mannosyl-Diacetylchitobiosyl)-L-Asparagine (Protein),  Golgi Apparatus",Exchange/demand reaction,,0.0,100.0
HSD3B7,"Hydroxy-delta-5-steroid dehydrogenase, 3 beta- and steroid delta-isomerase 7",Bile acid synthesis,15494;15492;15497;15493,-1000.0,0.0
GLRASE,Glucuronolactone reductase,Vitamin C metabolism,,19.79000255561587,19.790002555781967
CITtam,Citrate transport  mitochondrial,"Transport, mitochondrial",13358,-1000.0,1000.0
IBUP_Stdu,Passive diffusion of ibuprofen S,Drug metabolism,,-1000.0,1000.0
EX_pe_hs_e,Phosphatidylethanolamine (homo sapiens) exchange,Exchange/demand reaction,,-45.42287265309616,-45.42287265308229
EX_pcholet_hs_e,"Exchange of 1-Eicosatrienoylglycerophosphocholine (Delta 11, 14, 17)",Exchange/demand reaction,,0.0,1.1368683772161603e-12
SK_coa_c,Sink coa[c],Exchange/demand reaction,,0.0,1.0118128557223827e-11
HSD3B7P,"Hydroxy-delta-5-steroid dehydrogenase, 3 beta- and steroid delta-isomerase 7",Bile acid synthesis,101502,0.0,1000.0
EX_pcholste_hs_e,Exchange of 1-Stearoylglycerophosphocholine,Exchange/demand reaction,,0.0,9.094947017729282e-13
HMGCOARx,Hydroxymethylglutaryl CoA reductase (ir),Cholesterol metabolism,15357,0.0,500.0000000000026
ITKPK,Inositol-tetrakisphosphate 1-kinase,Inositol phosphate metabolism,217837,0.0,5.6843418860808015e-12
HMR_3966,Nucleoside-Triphosphate Diphosphatase,Nucleotide metabolism,16434,0.0,2.6147972675971687e-12
RE3164C,RE3164,Fatty acid oxidation,,0.0,1.5916157281026244e-12
DNDPt3m,DATP transport via dCDP antiport,"Transport, mitochondrial",67283,0.0,5.002220859751105e-12
EX_pcholn261_hs_e,Exchange of Lysopc A C26:1 (Delta 5),Exchange/demand reaction,,0.0,2.8670399387920042e-12
TSULt4_3,Thiosulfate transport via sodium symport,"Transport, extracellular",55961,-1000.0,1000.0
EX_pcholmyr_hs_e,Exchange of 1-Myristoylglycerophosphocholine,Exchange/demand reaction,,0.0,0.0
r0934,Neurotransmitter:Sodium Symporter (NSS) TCDB:2.A.22.3.3,"Transport, peroxisomal",21366,0.0,1000.0
r0023,NADH:Ferricytochrome-B5 Oxidoreductase,Miscellaneous,320635;72017;109754,0.0,4.277467269275803e-12
HYOCHOLt2,Hyocholic acid transport via sodium cotransport,"Transport, extracellular",20493;20494,0.0,1000.0
GLUTCOADHm,Glutaryl-CoA dehydrogenase (mitochondria),Tryptophan metabolism,270076,0.0,4.432676699021732e-12
SUCOASm,Succinate  CoA ligase  ADP forming,Citric acid cycle,20916;56451,-1000.0,55.27634437199363
FUMSO4tm,"Fumarate:sulfate antiport, mitochondrial","Transport, mitochondrial",27376,-1000.0,1000.0
r2048,Amino Acid-Polyamine-Organocation (APC) TCDB:2.A.3.8.15,"Transport, extracellular",30962,0.0,1000.0
GCDCA3St,Glycochenodeoxycholic acid 3-sulfate via bicarbonate countertransport,"Transport, extracellular",28253;101488,0.0,0.0
HMR_0374,Palmitoyl Coenzyme A Hydrolase,Fatty acid oxidation,171210;217700;12012;70025;171281;171282,0.0,2.2737367544323206e-12
CBPPer,"Carbamoyl phosphate phosphotransferase, endoplasmic reticulum",Glycolysis/gluconeogenesis,14377;68401;14378,0.0,8.242295734817162e-13
DM_taur_c,Demand for Taurine,Exchange/demand reaction,,0.0,1.7053025658242404e-12
PVStep,Pravastatin exit into portal blood,Drug metabolism,,-1000.0,1000.0
SERtN1,"Serine transport (Na, H coupled)","Transport, extracellular",209837,-1000.0,1000.0
r1581,Amino Acid-Polyamine-Organocation (APC) TCDB:2.A.3.8.1,"Transport, extracellular",20539,-1000.0,1000.0
FACOAL241,Fatty-acid--CoA ligase,Fatty acid oxidation,14081,0.0,2.2737367544323206e-12
EHGLAT2m,"L-erythro-4-Hydroxyglutamate:2-oxoglutarate aminotransferase 2, mitochondrial",Arginine and proline metabolism,14719,0.0,5.002220859751105e-12
AKR1C41,"Aldo-keto reductase family 1, member C4 (chlordecone reductase; 3-alpha hydroxysteroid dehydrogenase, type I; dihydrodiol dehydrogenase 4)",Bile acid synthesis,83702,0.0,1000.0
SK_tmndnccoa_c,Sink tmndnccoa[c],Exchange/demand reaction,,-1.722355591482483e-11,1.9326762412674725e-12
FOLABCCte,Folate Transport by ABCa11,"Transport, extracellular",12780;26357;27416;239273;18670;17250,0.0,0.0
DESAT16,Palmitoyl CoA desaturase  n C160CoA   n C161CoA,Fatty acid synthesis,20249,0.0,4.206412995699793e-12
r1888,Y+LAT2 Utilized transport,"Transport, extracellular",330836,0.0,1000.0
DNDPt28m,DCDP transport via dGDP antiport,"Transport, mitochondrial",67283,0.0,2.7284841053187847e-12
ITCOAL1m,"Itaconate--CoA ligase (GDP-forming), mitochondrial",C5-branched dibasic acid metabolism,20917;56451,-1000.0,0.0
ALDD21,"Aldehyde dehydrogenase (pristanal, NAD)",Fatty acid oxidation,11671,0.0,785.3648210316853
PYDXK,Pyridoxal kinase,Vitamin B6 metabolism,216134,0.0,0.0
UDPtl,Udp intracellular transport,"Transport, lysosomal",,-2.1600499167107046e-12,0.0
ECOAH12m,"Enoyl-coa hydratase, 3-Hydroxyisobutyryl-CoA forming","Valine, leucine, and isoleucine metabolism",93747;97212;231086,55.27634437194193,55.276344372090534
NEU39e,"Sialidase, Plasma Membrane (Neu3)",Sphingolipid metabolism,50877,0.0,0.0
r2274,Resistance-Nodulation-Cell Division (RND) TCDB:2.A.60.1.5,"Transport, extracellular",101488,0.0,1000.0
MALSO3tm,"Malate:sulfite antiport, mitochondrial","Transport, mitochondrial",27376,-1000.0,1000.0
HMR_0439,HMR 0439,"Transport, extracellular",11303,0.0,0.0
MALTt1r,Maltose transport (uniport),"Transport, extracellular",20527,0.0,9.611705371009356e-13
2HATVLACtep,Efflux of 2-hydroxy-atorvastatin-lactone into portal blood,Drug metabolism,,-1000.0,1000.0
r1477,Long-Chain-Acyl Coenzyme A Dehydrogenase,Fatty acid oxidation,15107;74147;15108;15488,0.0,1.3244516594568267e-11
HMR_0842,(N-Acetylneuraminyl)-Galactosylglucosylceramide N-Acetylgalactosaminyltransferase,Glycosphingolipid metabolism,14421,0.0,0.0
r1604,Amino Acid-Polyamine-Organocation (APC) TCDB:2.A.3.8.1,"Transport, extracellular",20539,-1000.0,1000.0
EX_pcholn19_hs_e,"Exchange of 1-NoNADecanoylglycerophosphocholine, Sn1-Lpc (19:0)",Exchange/demand reaction,,0.0,9.663381206337363e-13
MAL_Ltx,Transport reaction for malate,"Transport, peroxisomal",,-1000.0,1000.0
r2140,Resistance-Nodulation-Cell Division (RND) TCDB:2.A.60.1.14,"Transport, extracellular",108096,-1000.0,1000.0
HMR_3397,HMR 3397,Fatty acid oxidation,,0.0,1.5427528885586629e-12
FAOXC80,Beta oxidation of med/long chain fatty acid,Fatty acid oxidation,11364;11409,0.0,4.746425474877469e-12
PMTCOAFABP1tc_1,Transport of Palmitoyl Coenzyme A,"Transport, endoplasmic reticular",14080,-500.0,500.00000000000114
r0423,Isocitrate:NADP+ oxidoreductase (decarboxylating) Citrate cycle (TCA cycle) EC:1.1.1.42,Miscellaneous,15926;269951,0.0,1000.0
GABAVESSEC_1,GABA Secretion via Secretory Vesicle (ATP Driven),"Transport, extracellular",22348,0.0,1.4779288903810084e-12
L_LACtcm,L-lactate transport via diffusion (cytosol to mitochondria),"Transport, mitochondrial",64008,752.0634232440281,752.0634232444053
r2388,Mitochondrial Carrier (MC) TCDB:2.A.29.7.2,"Transport, mitochondrial",13358,0.0,5.9117155615240335e-12
RE3076X,Long-Chain-Aldehyde Dehydrogenase,Fatty acid oxidation,,-785.3648210316891,1.3642420526593924e-12
EX_leuktrC4_e,Leukotriene C4 exchange,Exchange/demand reaction,,99.99999999998192,100.0
HMR_1283,HMR 1283,"Transport, peroxisomal",,-1.1709744285326451e-11,1000.0
BETALDHy,Betaine-aldehyde dehydrogenase,"Glycine, serine, alanine, and threonine metabolism",110695,-1000.0,1000.0
ACChex,Palmitoyl Coenzyme A Hydrolase,Fatty acid oxidation,171210;217700;12012;70025;171281;171282,-2.1857374525387737e-12,0.0
r0942,Neurotransmitter:Sodium Symporter (NSS) TCDB:2.A.22.3.4,"Transport, extracellular",102857,-1000.0,1000.0
THBPT4ACAMDASE,Tetrahydrobiopterin-4a-carbinolamine dehydratase,Tetrahydrobiopterin metabolism,13180,0.0,4.547473508864641e-12
r2490,Resistance-Nodulation-Cell Division (RND) TCDB:2.A.60.1.14,"Transport, extracellular",108096,0.0,1000.0
HMR_3396,HMR 3396,Fatty acid oxidation,,0.0,1.8115234016505267e-12
MI1PS,Myo Inositol 1 phosphate synthase,Inositol phosphate metabolism,71780,-2.2737367544323206e-12,3.993176285700935
r1515,ATP-binding Cassette (ABC) TCDB:3.A.1.211.1,"Transport, extracellular",11303,0.0,1.7053025658242404e-12
ODECRNtr,Transport of L-Oleoylcarnitine,"Transport, extracellular",,0.0,1000.0
r1569,Amino Acid-Polyamine-Organocation (APC) TCDB:2.A.3.8.1,"Transport, extracellular",20539,-1000.0,1000.0
DCTPtn,DCTP diffusion in nucleus,"Transport, nuclear",,-311.13842249238417,1000.0
ATPasel_1,"V-Type ATPase, H+ Transporting, Lysosomal","Transport, lysosomal",110935;140494;73834;11964;21871;11966;27060;11972;11973;66144;11974;11975;338375;74915;11984;114143;66237;66335;66290;68775;108664;242341,0.0,1.1368683772161603e-12
r2241,Resistance-Nodulation-Cell Division (RND) TCDB:2.A.60.1.5,"Transport, extracellular",101488,0.0,1000.0
EX_pe14_hs_e,Exchange of 1-Myristoylglycerophosphoethanolamine (C14:0 Pe),Exchange/demand reaction,,0.0,0.0
r2317,Resistance-Nodulation-Cell Division (RND) TCDB:2.A.60.1.2,"Transport, extracellular",24059,-1000.0,1000.0
METLEUex,Methionine/Leucine exchange (Met in),"Transport, extracellular",17254;20539,0.0,1000.0
3HKYNAKGAT,3-Hydroxy-L-kynurenine:2-oxoglutarate aminotransferase,Tryptophan metabolism,70266;23923,0.0,1000.0
SK_cys__L_c,Sink cys L[c],Exchange/demand reaction,,-1000.0,-999.9999999999485
FOLOAT2tc,Folate Transport by Oats,"Transport, extracellular",108114;19879,-1000.0,1000.0
r0647,Spontaneous reaction,Tryptophan metabolism,,0.0,1000.0
r0432_1,Palmitoyl Coenzyme A:L-Carnitine O-Palmitoyltransferase,Fatty acid oxidation,12894;12896,-3.183231456205249e-12,5.462837952689742e-12
ELAIDCPT1,Carnitine O-palmitoyltransferase,Fatty acid oxidation,12894;12895;78070,-3.623767952376511e-12,5.343281372915953e-12
INSTt2,Inositol transport in via proton symport,"Transport, extracellular",239606,-1000.0,1000.0
EX_tyr__L_e,L-Tyrosine exchange,Exchange/demand reaction,,-100.0,100.0
MI3PS,1D-myo-inositol-3-phosphate lyase (isomerizing),Inositol phosphate metabolism,71780,-1.183188141512405e-12,3.9931762857056565
EX_pcholn28_hs_e,Exchange of Lysopc A C28:0,Exchange/demand reaction,,0.0,2.5011104298755527e-12
SPHMYLN1824_hs_SECt,Transport of Sphingomyelin (D18:0/24:0),"Transport, extracellular",,0.0,3.5722536040339037e-12
SK_ile__L_c,Sink ile L[c],Exchange/demand reaction,,-148.99677827409374,51.00322172590915
NMNAT,Nicotinamide-nucleotide adenylyltransferase,NAD metabolism,226518;74080,-1.7053025658242404e-12,0.0
PPCOAtm,"Propanoyl-CoA transport, mitochondria","Transport, mitochondrial",,-1000.0,1000.0
FDH,Formate dehydrogenase,Fatty acid oxidation,107747,0.0,7.711486474467001e-12
r2331,Resistance-Nodulation-Cell Division (RND) TCDB:2.A.60.1.2,"Transport, extracellular",24059,-1000.0,0.0
EX_malttr_e,Maltotriose exchange,Exchange/demand reaction,,-100.0,-99.99999999998931
ALAGLYexR,L-alanine/glycine reversible exchange,"Transport, extracellular",17254;53896,-1000.0,1000.0
r2268,Resistance-Nodulation-Cell Division (RND) TCDB:2.A.60.1.5,"Transport, extracellular",101488,0.0,1000.0
HMR_9665,HMR 9665,"Transport, golgi apparatus",,0.0,3.183231456205249e-12
r0834,Mitochondrial Carrier (MC) TCDB:2.A.29.2.2,"Transport, mitochondrial",27376,-1000.0,1000.0
SK_gly_c,Sink gly[c],Exchange/demand reaction,,999.9999999999795,1000.0
r2389,Mitochondrial Carrier (MC) TCDB:2.A.29.7.2,"Transport, mitochondrial",13358,0.0,8.58335624798201e-12
RPEc,Ribulose 5-Phosphate 3-Epimerase,Pentose phosphate pathway,66646,-536.5480843040721,463.4519156959442
GUAD,Guanine deaminase,Purine catabolism,14544,0.0,900.0000000000033
HMR_7749,Beta-D-Glucose 6-Phosphate Ketol-Isomerase,Glycolysis/gluconeogenesis,14751,-714.7489090743152,1000.0
C40CPT1,Production of butyrylcarnitine,Fatty acid oxidation,12894;12895;78070,-1000.0,1000.0000000000057
EX_k_e,K+ exchange,Exchange/demand reaction,,-100.0,0.0
PROSTGI2t,Prostaglandin I2 transport,"Transport, extracellular",,-1000.0,1000.0
HMR_3332,3-Hydroxyacyl Coenzyme A Dehydrogenase,Fatty acid oxidation,74147;15488,0.0,2.0605739337042905e-12
r1805,Y+LAT2 Utilized transport,"Transport, extracellular",330836,0.0,1000.0
DCA3St,Deoxycholic acid 3-sulfate transport via bicarbonate countertransport,"Transport, extracellular",28253;101488,0.0,0.0
r0908,Postulated transport reaction,"Transport, endoplasmic reticular",,-2.9096162048198087e-12,1000.0
HMR_2866,Carnitine O-Acetyltransferase,"Transport, endoplasmic reticular",12908,-1.4097167877480388e-11,1.7053025658242404e-12
FACOAL246_1,Fatty-acid--CoA ligase,Fatty acid oxidation,14081,0.0,2.0463630789890885e-12
ESTRONEtr,Estrone intracellular transport,"Transport, endoplasmic reticular",,-1000.0,0.0
r0733,(S)-Hydroxyhexanoyl Coenzyme A:NAD+ Oxidoreductase,Fatty acid oxidation,15107;74147;97212,-1.3102408047416247e-11,8.033869865660867e-12
DM_hista_c,DM hista[c],Exchange/demand reaction,,0.0,8.071765478234738e-12
r1651,Amino Acid-Polyamine-Organocation (APC) TCDB:2.A.3.8.1,"Transport, extracellular",20539,-1000.0,1000.0
FAOXC4020m,Beta oxidation of med/long chain fatty acid,Fatty acid oxidation,93747;15107;52538;11409,-7.894129794294713e-12,9.229950137523701e-12
CE2510t,Transport of 11-Cis-Eicosenoate,"Transport, extracellular",,0.0,0.0
AKGICITtm,"Dicarboxylate/tricarboxylate carrier (akg:icit), mitochondrial","Transport, peroxisomal",13358,-1000.0,1000.0
DCSPTN1COAtx,Fatty acid intracellular transport,"Transport, peroxisomal",,-2.041123038883455e-12,0.0
ADRNCOAtx,Fatty acid intracellular transport,"Transport, peroxisomal",,0.0,4.06008651802249e-12
SPHMYLN18118_hs_SECt,Transport of Sphingomyelin (D18:1/18:0),"Transport, extracellular",,0.0,3.410605131648481e-12
SRTNtu,Serotonin uniport,"Transport, extracellular",20518;20517,-1000.0,1000.0
EX_pe15_hs_e,Exchange of 1-Pentadecanoylglycerophosphoethanolamine (C15:0 Pe),Exchange/demand reaction,,-1.482192146795569e-11,0.0
PAILR_HSSECt,Transport of 1-Arachidonoylglycerophosphoinositol,"Transport, extracellular",,0.0,1.4921397450962104e-12
r2258,Resistance-Nodulation-Cell Division (RND) TCDB:2.A.60.1.5,"Transport, extracellular",101488,0.0,1000.0
Htx,"H transporter, peroxisome","Transport, peroxisomal",,-453.00790977751774,1000.0
r2294,Resistance-Nodulation-Cell Division (RND) TCDB:2.A.60.1.5,"Transport, extracellular",101488,0.0,1000.0
CRNt,L carnitine reversible transport,"Transport, extracellular",20520,-1000.0,1000.0
EX_lpchol_hs_e,Lysophosphatidylcholine (homo sapiens) exchange,Exchange/demand reaction,,-21.455703997417075,75.05020252612245
MMTSADm,"Malonate-semialdehyde dehydrogenase (acetylating), mitochondrial","Valine, leucine, and isoleucine metabolism",,55.27634437193797,55.27634437206859
CE2537ABCt,"Transport of 15-Hydroxy- (8Z, 11Z, 13E)-Eicosatrienoate, Active","Transport, extracellular",26459;225579;26568;26569;26457;26458,0.0,0.0
CYTD,Cytidine deaminase,Pyrimidine catabolism,72269;11628,0.0,899.5094807256435
THFtm,"5,6,7,8-Tetrahydrofolate transport, diffusion, mitochondrial","Transport, mitochondrial",,-641.5393772568113,-283.0787545135722
Htg,"Proton transport, Golgi","Transport, golgi apparatus",,-8.731149137020112e-12,0.0
GLYt4,Glycine transport via sodium symport,"Transport, extracellular",57394;69354;105727;70008;67760;56774;74338,0.0,1000.0
VALtec,L-valine transport via diffusion (extracellular to cytosol),"Transport, extracellular",215113;72401,-1000.0,1000.0
PROSTGD2t,Prostaglandin transport via bicarbonate countertransport,"Transport, extracellular",24059,-1000.0,1000.0
r2236,Resistance-Nodulation-Cell Division (RND) TCDB:2.A.60.1.5,"Transport, extracellular",101488,0.0,1000.0
r2014,Amino Acid-Polyamine-Organocation (APC) TCDB:2.A.3.8.15,"Transport, extracellular",30962,0.0,1000.0
BILIRUBtr,"Lipid, flip-flop intracellular transport","Transport, endoplasmic reticular",,-1000.0,1000.0
LPS2,Lipase,Triacylglycerol synthesis,16956;12613,-4.092726157978177e-12,2.794209308376594e-12
HMR_0366,Palmitoyl Coenzyme A Hydrolase,Fatty acid oxidation,171210;217700;12012;70025;171281;171282,0.0,1.6218137943724287e-12
HMR_6558,"Phosphatidylinositol-3, 4, 5-Trisphosphate 3-Phosphatase",Inositol phosphate metabolism,19211;234129,0.0,0.0
EX_pcholn24_hs_e,"Exchange of 1-Lignocericylglycerophosphocholine (24:0), Lysopc A C24",Exchange/demand reaction,,0.0,8.207252674289106e-13
SRTNENT4tc,Serotonin Transport by Ent4,"Transport, extracellular",243328,-1000.0,1000.0
EX_sphmyln18120_hs_e,Exchange of Sphingomyelin (D18:1/20:0),Exchange/demand reaction,,0.0,4.320099833421409e-12
SPHMYLN18120_hs_SECt,Transport of Sphingomyelin (D18:1/20:0),"Transport, extracellular",,0.0,6.184563972055912e-12
SPHMYLN18117_hs_SECt,Transport of Sphingomyelin (D18:1/17:0),"Transport, extracellular",,0.0,4.774847184307873e-12
SUCCt4_3,Succinate transport via sodium symport,"Transport, extracellular",114644,0.0,1000.0
CYTDK2m,"Cytidine kinase (ATP), mitochondrial",Nucleotide interconversion,,0.0,6.0254023992456496e-12
ADK3,Adentylate kinase (GTP),Nucleotide interconversion,229949,-86.30279732911299,1000.0
34DHPHAMT,"3,4-Dihydroxyphenylacetate:amet O-methyltransferase",Tyrosine metabolism,12846,0.0,0.0
SPHMYLN181161_hs_SECt,Transport of Sphingomyelin (D18:1/16:1),"Transport, extracellular",,0.0,4.267993366132335e-12
URIt2,Uridine transport in via proton symport,"Transport, extracellular",114304,-1000.0,900.0000000000026
LEUt5m,Leucine mitochondrial transport,"Transport, mitochondrial",,-1000.0,2.4578512277759543e-12
EX_fe2_e,Fe2+ exchange,Exchange/demand reaction,,-3.68913788406644e-11,0.0
r0074,L-Glutamate 5-semialdehyde:NAD+ oxidoreductase Arginine and proline metabolism EC:1.5.1.12,Urea cycle,212647,-596.548388738911,-131.5866818783547
TAURtcx,Taurine transport (sodium symport) (cytosol to peroxisome),Taurine and hypotaurine metabolism,21366,-1000.0,0.0
r0788,S-Adenosyl-L-methionine:methylethanolamine phosphate N-methyltransferase Glycerophospholipid metabolism EC:2.1.1.103,Sphingolipid metabolism,,-2.7284841053187847e-12,0.0
r2218,Resistance-Nodulation-Cell Division (RND) TCDB:2.A.60.1.5,"Transport, extracellular",101488,0.0,1000.0
NTD1,5'-nucleotidase (dUMP),Pyrimidine catabolism,107569;50773,0.0,1.2256862191861728e-12
VALt5m,Valine reversible mitochondrial transport,"Transport, mitochondrial",,-944.7236556280653,55.2763443720941
3HPVSTETtev,Exit of 3-S-hydroxy-pravastatin-tetranor into hepatic vein,Drug metabolism,,0.0,1.9966623671325796e-12
r1590,Amino Acid-Polyamine-Organocation (APC) TCDB:2.A.3.8.1,"Transport, extracellular",20539,-1000.0,1000.0
EX_gal_e,D-Galactose exchange,Exchange/demand reaction,,0.0,9.094947017729282e-13
EX_pailar_hs_e,Exchange of 1-Arachidonoylglycerophosphoinositol,Exchange/demand reaction,,0.0,1.4477308241112041e-12
RE3010X,Carbonyl Reductase (NADPH),Eicosanoid metabolism,28200,-1000.0,5.229594535194337e-12
HMR_2287,Stearoyl Coenzyme A 9-Desaturase,Fatty acid synthesis,20249,0.0,3.998006967604766e-12
GT1Atg,Gt1a hs intracellular transport,"Transport, golgi apparatus",,0.0,0.0
HMR_0308,HMR 0308,"Transport, extracellular",225579;14077;14080;12140;26457;11770;16592;16204;12491;26568;26569;75497;21884,0.0,1.9560741268593163e-12
PEFLIP,Phosphatidylethanolamine flippase,"Transport, extracellular",11980;11982;18670,0.0,1.6888142320904276e-12
r2371,Mitochondrial Carrier (MC) TCDB:2.A.29.7.2,"Transport, mitochondrial",13358,-1000.0,1000.0
C4STMO1r,"C-4 sterol methyl oxidase (4,4-dimethylzymosterol)",Cholesterol metabolism,66234,0.0,0.0
UDCA3Sabc,Ursodeoxycholic acid 3-sulfate ABC bile acid transporter,"Transport, extracellular",12780;239273;26357;76408,0.0,1.3669930299246221e-12
ICDCHOLt,Isochenodeoxycholic acid transport via bicarbonate countertransport,"Transport, extracellular",106407;28253;101488;330962,-1000.0,0.0
EX_cytd_e,Cytidine exchange,Exchange/demand reaction,,99.99999999999795,100.0
ASPt6,"L-aspartate transport via Na, H symport and K antiport","Transport, extracellular",20510;242607;20511;20512;20513,0.0,1000.0
HMR_9191,HMR 9191,"Transport, extracellular",17254;53896,0.0,1000.0
HMR_3096,3-Hydroxyacyl Coenzyme A Dehydrogenase,Fatty acid oxidation,74147;15488,0.0,1.7502288942055579e-12
G6PDH1er,"Glucose-6-phosphate dehydrogenase, endoplasmic reticulum",Pentose phosphate pathway,100198,-1000.0,1000.0
PGP_hs_tm,"Transport of Phosphatidyl Glycerol Phosphate, Mitochondrial","Transport, mitochondrial",,-2.495756587399423,-2.495756587396727
SK_ser__L_c,Sink ser L[c],Exchange/demand reaction,,-1000.0,-999.9999999999812
HMR_0211,HMR 0211,"Transport, extracellular",11303,0.0,1.1431174110266708e-12
GUDCA3St,Glycoursodeoxycholic acid 3-sulfate via bicarbonate countertransport,"Transport, extracellular",28253;101488,0.0,1.4072206801953479e-12
7DHCHOLt,7-Dehydrocholic acid transport via bicarbonate countertransport,"Transport, extracellular",106407;28253;101488;330962,-1000.0,0.0
3DHDCAt2,3-dehydro-deoxycholic acid transport via sodium cotransport,"Transport, extracellular",20493;20494,0.0,1000.0
PA_HSter,Phosphatidate scramblase,"Transport, endoplasmic reticular",,0.0,1000.0
LNLCCRNNAt,"Transport of Linoleyl Carnitine, Sodium Symport","Transport, extracellular",,-1000.0,1000.0
r1571,Amino Acid-Polyamine-Organocation (APC) TCDB:2.A.3.8.1,"Transport, extracellular",20539,-1000.0,1000.0
RSVtev,Exit of rosuvastatin into hepatic vein,Drug metabolism,,-1000.0,1000.0
HMR_0194,HMR 0194,"Transport, extracellular",11303,0.0,1.947670416441184e-12
LPCHOLt,Lysophosphatidylcholine Transport,"Transport, extracellular",,21.45570399738142,21.45570399741106
HMR_0362,Palmitoyl Coenzyme A Hydrolase,Fatty acid oxidation,171210;217700;12012;70025;171281;171282,0.0,1.389821591146756e-11
HMR_1557,HMR 1557,Cholesterol metabolism,235293,0.0,3.815614491031738e-12
DNDPt43m,DUTP transport via ATP antiport,"Transport, mitochondrial",67283,0.0,4.007461029686965e-12
EX_asn__L_e,L-Asparagine exchange,Exchange/demand reaction,,-100.0,100.0
PUNP5,Purine-nucleoside phosphorylase (Inosine),Purine catabolism,18950;667034,99.99999999999551,100.00000000000237
SK_lys__L_c,Sink lys L[c],Exchange/demand reaction,,-101.41177710619142,-101.41177710619142
GA1tl,Ganglioside Ga1 (Asialo Gm1) Endocytosis,"Transport, extracellular",,0.0,0.0
HMR_3095,Enoyl Coenzyme A Hydratase,Fatty acid oxidation,74147,0.0,2.030073417827997e-12
r2238,Resistance-Nodulation-Cell Division (RND) TCDB:2.A.60.1.5,"Transport, extracellular",101488,0.0,1000.0
EX_sphmyln181161_hs_e,Exchange of Sphingomyelin (D18:1/16:1),Exchange/demand reaction,,0.0,4.913847106990943e-12
DUTPDPm,DUTP diphosphatase,Nucleotide interconversion,16434;110074,0.0,3.595346242946107e-12
ACGALK,N-acetylgalactosamine kinase,Aminosugar metabolism,,0.0,2.8421709430404007e-12
DNDPt50m,DTTP transport via dCDP antiport,"Transport, mitochondrial",67283,0.0,1.7355006320940447e-12
r2264,Resistance-Nodulation-Cell Division (RND) TCDB:2.A.60.1.5,"Transport, extracellular",101488,0.0,1000.0
PIt7,Phosphate transport in/out via three Na+ symporter,"Transport, extracellular",319848;218103;20531;20504;20505;105355,-1000.0,1000.0
FAOXC161C141m,"Fatty Acid Beta Oxidation (C16:1->C14:1), Mitochondrial",Fatty acid oxidation,11370;97212;231086,0.0,4.488853733164433e-12
FAS120COA,Fatty acyl CoA synthase  n C120CoA,Fatty acid synthesis,54326;170439;68801;14104,0.0,7.57161029472535e-12
INSt4,Inosine transport in via sodium symport,"Transport, extracellular",114304;269346,0.0,1000.0
DNDPt7m,"Deoxynucleotide carrier (datp), mitochondrial","Transport, mitochondrial",67283,0.0,6.366462912410498e-12
GLNt,L-glutamine transport via diffusion,"Transport, extracellular",72401,-1000.0,1000.0
ATPtm,"ADP/ATP transporter, mitochondrial","Transport, mitochondrial",11740;11739;73333,999.9999999999927,1000.0
PItn,"Phosphate transport, nuclear","Transport, nuclear",,-1000.0,0.0
r2334,Resistance-Nodulation-Cell Division (RND) TCDB:2.A.60.1.2,"Transport, extracellular",24059,-1000.0,1000.0
MMSAD3m,Methylmalonate-semialdehyde dehydrogenase (acylating),Propanoate metabolism,104776,483.6340393467284,483.6340393467553
r0431_1,Palmitoyl Coenzyme A:L-Carnitine O-Palmitoyltransferase,Fatty acid oxidation,12894;12896,-8.504883438165817e-12,4.599955682141381e-12
DESAT18_3,Stearoyl-CoA desaturase (n-C18:0CoA -> n-C18:1CoA),Fatty acid synthesis,20249,0.0,6.295408638834488e-12
r1606,Amino Acid-Polyamine-Organocation (APC) TCDB:2.A.3.8.1,"Transport, extracellular",20539,-1000.0,1000.0
UCHOLt,Ursocholic acid transport via bicarbonate countertransport,"Transport, extracellular",106407;28253;101488;330962,-1000.0,0.0
HMR_8510,HMR 8510,"Transport, mitochondrial",,0.0,1.152019812162342e-11
LEUKTRD4t,Leukotriene D4 transport,"Transport, extracellular",,-1000.0,900.0000000003737
ACHEe,Acetylcholinesterase,Glycerophospholipid metabolism,11423,0.0,1.0231815394945443e-11
MI14Ptn,"Inositol 1,4-bisphosphate nuclear transport (diffusion)","Transport, nuclear",,-3.8902214782865485e-12,2.6147972675971687e-12
r2249,Resistance-Nodulation-Cell Division (RND) TCDB:2.A.60.1.5,"Transport, extracellular",101488,0.0,1000.0
ARACHCPT1,Carnitine transferase,Fatty acid oxidation,12894;12895;78070,-7.52832453313315e-12,3.637978807091713e-12
RE2651R,RE2651,Vitamin A metabolism,,-1000.0,0.0
CYSPHELAT2tc,Transport of L-Cysteine into the cell and efflux of L-Phenylalanine out of the cell by LAT2 on the basolateral surfaces of kidney and intestine and Amino Acid-Polyamine-Organocation (APC) TCDB:2.A.3.8.1,"Transport, extracellular",50934,-1000.0,1000.0
GLUVESSEC,L-glutamate secretion via secretory vesicle (ATP driven),"Transport, extracellular",216227;140919;72961,0.0,1.8042500980846843e-12
UGLT,UDPglucose--hexose-1-phosphate uridylyltransferase,Galactose metabolism,14430,-1000.0,1000.0
NDPK9n,"Nucleoside-diphosphate kinase (ATP:IDP), nuclear",Nucleotide interconversion,18102;18103,-1000.0,1000.0
r2392,Mitochondrial Carrier (MC) TCDB:2.A.29.7.2,"Transport, mitochondrial",13358,0.0,6.87805368215777e-12
EX_atp_e,EX atp LPAREN e RPAREN,Exchange/demand reaction,,-100.0,-99.99999999999227
MMALtm,"Transport of Methylmalonate, Mitochondrial","Transport, mitochondrial",,0.0,1.0683961399107061e-11
r2510,Utilized transport,"Transport, endoplasmic reticular",,-2.0463630789890885e-12,1.8189894035458565e-12
34DHPHELAT1tc,"Transport of 3,4-Dihydroxy-L-phenylalanine by LAT1 in association with 4F2hc, across the apical surface of the memebranes.","Transport, extracellular",17254;20539,0.0,1000.0
EX_Rtotal_e,R total exchange,Exchange/demand reaction,,21.455703997381974,21.455703997419363
ADK3m,Adentylate kinase  GTP,Nucleotide interconversion,56248,-1000.0000000000034,1000.0000000000034
EX_pcholn205_hs_e,"Exchange of 1-Eicosapentenoylglycerophosphocholine (Delta 5, 8, 11, 14, 17), Sn1-Lpc (20:5)",Exchange/demand reaction,,0.0,1.4210854715202004e-12
r0899,Amino acid transporter ATB0+ Facilitated diffusion,"Transport, extracellular",,0.0,1000.0
RE3238C,RE3238,Fatty acid synthesis,,0.0,1.8189894035458565e-12
r1146,Biosynthesis of Steroids Enzyme Catalyzed,"Transport, mitochondrial",,0.0,1.3740120152760937e-12
RE0453M,Nucleoside-Diphosphate Kinase,Pyrimidine synthesis,56520,-2.2421046860929694,-2.242104686077596
DESAT20_2,Fatty acyl-CoA desaturase (n-C20:4CoA -> n-C20:5CoA),Fatty acid synthesis,76267,0.0,4.583000645652646e-12
PPAtm,"Propanoate transport, mitochondria","Transport, mitochondrial",,0.0,4.092726157978177e-12
r2387,Mitochondrial Carrier (MC) TCDB:2.A.29.7.2,"Transport, mitochondrial",13358,0.0,8.355982572538778e-12
ADNK1m,"Adenosine kinase, mitochondria",Nucleotide interconversion,,0.0,4.44638368819617e-12
HMR_3478,HMR 3478,"Transport, peroxisomal",,0.0,0.0
r2327,Resistance-Nodulation-Cell Division (RND) TCDB:2.A.60.1.2,"Transport, extracellular",24059,-1000.0,0.0
r2305,Resistance-Nodulation-Cell Division (RND) TCDB:2.A.60.1.5,"Transport, extracellular",101488,0.0,1000.0
HMR_4422,L-Ornithine Carboxy-Lyase (Putrescine-Forming),Arginine and proline metabolism,18263,0.0,2.0179413695586845e-12
PSSA1_hs,Phosphatidylserine synthase homo sapiens,Glycerophospholipid metabolism,19210,-34.94059222359482,-29.44982496889252
NTPP9,Nucleoside triphosphate pyrophosphorylase (itp),Nucleotide interconversion,16434,0.0,8.640199666842818e-12
OIVD2m,"2-oxoisovalerate dehydrogenase (acylating; 3-methyl-2-oxobutanoate), mitochondrial","Valine, leucine, and isoleucine metabolism",13171;13382;12039;12040,0.0,55.27634437210861
TCDCA3Sabc,Taurochenodeoxycholic acid 3-sulfate ABC bile acid transporter,"Transport, extracellular",12780;239273;26357;76408,0.0,0.0
EX_sphmyln181181_hs_e,Exchange of Sphingomyelin (D18:1/18:1),Exchange/demand reaction,,0.0,5.163869332136528e-12
HMR_1623,HMR 1623,"Transport, peroxisomal",,-1000.0,1000.0
CBR2,Carbonyl reductase [NADPH] 1,Eicosanoid metabolism,12408,0.0,1000.0
DNDPt60m,DGTP transport via dUDP antiport,"Transport, mitochondrial",67283,0.0,2.751221472863108e-11
GULND,Gulonate dehydrogenase,Miscellaneous,58810,0.0,6.078724444921388e-12
SK_pmtcoa_c,Sink pmtcoa[c],Exchange/demand reaction,,-8.640199666842818e-12,1.546851535749738e-11
ACt2m,Acetate mitochondrial transport via proton symport,"Transport, mitochondrial",,-1000.0,-470.78277862834466
EX_pcholn201_hs_e,"Exchange of 1-Eicosenoylglycerophosphocholine (Delta 11) , Sn1-Lpc (20:1)",Exchange/demand reaction,,0.0,8.526512829121202e-13
NDPK2n,"Nucleoside-diphosphate kinase (ATP:UDP), nuclear",Nucleotide interconversion,18102;18103,-1000.0,1000.0
INSTt4,Inositol transport via sodium symport,"Transport, extracellular",53881,-1000.0,1000.0
HDCECRNtr,Transport of Palmitoleoyl-Carnitine,"Transport, extracellular",,0.0,1000.0
PROSTGE2t2m,"Transport of Prostaglandin E2, Mitochondrial","Transport, mitochondrial",,-1000.0,1000.0
NEU310e,"Sialidase, Plasma Membrane (Neu3)",Sphingolipid metabolism,,0.0,3.637978807091713e-12
LCADi,Lactaldehyde dehydrogenase,Pyruvate metabolism,56847;73458;621603;11671;56752;19378;11670;110695;11668;67689,0.0,2.9558577807620168e-12
CRNtx,Carnitine transport peroxisome to mitochondria,"Transport, peroxisomal",,-1000.0,1000.0
ACRNte,Transport of O-Acetylcarnitine,"Transport, extracellular",20520,-1000.0,1000.0
ALADGLNexR,L-alanine/glutamine reversible exchange,"Transport, extracellular",17254;53896,-1000.0,1000.0
GLYt7_211_r,GLYt7 LPAREN 211 RPAREN r,"Transport, extracellular",14664,-1000.0,1000.0
NTD5m,"5'-nucleotidase (dTMP), mitochondrial",Nucleotide interconversion,103850,6.975377633969288,6.975377634001802
r0655,"3-Methylbutanoyl Coenzyme A: (Acceptor) 2, 3-Oxidoreductase Valine, Leucine And Isoleucine Degradation","Valine, leucine, and isoleucine metabolism",56357;11364,0.0,2.6147972675971687e-12
r1019,Postulated transport reaction,"Transport, peroxisomal",,-136.74802255575855,-136.74802255562727
DM_k_c,Demand for Potassium,Exchange/demand reaction,,0.0,100.0
OCCOAtm,"Octanoyl-CoA transport, diffusion","Transport, mitochondrial",,0.0,1000.0000000000026
r1726,Y+LAT2 Utilized transport,"Transport, extracellular",330836,0.0,1000.0
r2284,Resistance-Nodulation-Cell Division (RND) TCDB:2.A.60.1.5,"Transport, extracellular",101488,0.0,1000.0
GULN3D,L-gulonate 3-dehydrogenase,Pentose phosphate pathway,,0.0,0.0
r2277,Resistance-Nodulation-Cell Division (RND) TCDB:2.A.60.1.5,"Transport, extracellular",101488,0.0,1000.0
LEUKTRA4t,Leukotriene A4 transmembrane (homo sapiens) transport,"Transport, extracellular",236149;319800;236293;434674;207151;171405,-1000.0,900.0000000000143
UCHOLt2,Ursocholic acid transport via sodium cotransport,"Transport, extracellular",20493;20494,0.0,1000.0
NCCt,Na+-Cl- cotransport,"Transport, extracellular",20497,0.0,1000.0
LCARS,"Lacaldehyde reductase (S-propane-1,2-diol forming)",Pyruvate metabolism,11522;225791;11532;76187;26876;11529;100417514,-1000.0,0.0
r2316,Resistance-Nodulation-Cell Division (RND) TCDB:2.A.60.1.2,"Transport, extracellular",24059,-1000.0,900.0000000000163
MTHFD,Methylenetetrahydrofolate dehydrogenase (NADP),Folate metabolism,108156;17769,-1000.0,813.0021682346166
ASNt4,L-asparagine transport in via sodium symport,"Transport, extracellular",57394;69354;105727;70008;67760;56774;74338,0.0,1000.0
r0642,"(S)-Methylmalonate semialdehyde:NAD+ oxidoreductase Valine, leucine and isoleucine degradation EC:1.2.1.3",Miscellaneous,11671;56752;110695;11669;72535,-7.110626534647833e-12,0.0
HMR_1706,"3Alpha, 7Alpha, 12Alpha-Trihydroxy-5Beta-Cholest-24-Enoyl Coenzyme A Hydratase",Bile acid synthesis,15488,0.0,5.4356519285647664e-12
PEHSFABPe,Transport of Lysophosphatidylethanolamine,"Transport, endoplasmic reticular",14080,-500.0,500.0
CO2tp,CO2 peroxisomal transport,"Transport, peroxisomal",,58.60629538098988,58.606295381043104
RE2658R,RE2658,Vitamin A metabolism,,0.0,1000.0
MCPST,3-mercaptopyruvate sulfurtransferase,Methionine and cysteine metabolism,246221,0.0,8.458300726488233e-11
EX_imp_e,IMP exchange,Exchange/demand reaction,,78.42177623593398,78.42177623595103
HMR_0287,HMR 0287,"Transport, extracellular",11303,0.0,0.0
56DURAt,"Transport of 5, 6-Dihydrouracil, Sodium Symport","Transport, extracellular",,-1000.0,1000.0
RTOTAL2FATPc,Uptake of Rtotal2 by enterocytes,"Transport, extracellular",26569,0.0,6.252776074688882e-12
CE2512te,Ce2512Te,"Transport, extracellular",,-2.5011104298755527e-12,0.0
EX_pcholn183_hs_e,"Exchange of 1-Octadeca-Trienoylglycerophosphocholine, Sn1-Lpc (18:3, Delta 9, 12, 15)",Exchange/demand reaction,,0.0,1.3642420526593924e-12
BALAPAT1tc2,Transport of 3-Ureidopropionate,"Transport, extracellular",,-1000.0,1000.0
C05769te3,Transport by OATP1B Carriers into Extracellular Space,"Transport, extracellular",28253;101488,0.0,0.0
HXPRT,Hypoxanthine phosphoribosyltransferase (Hypoxanthine),Nucleotide salvage pathway,15452,0.0,2.5721647034515627e-12
PGPP_hsc,"Transport of Phosphatidyl Glycerol Phosphate, Mitochondrial",Glycerophospholipid metabolism,,2.4957565873958742,2.4957565873994225
EX_pcholn203_hs_e,"Exchange of 1-Dihomo-Linolenoylglycerophosphocholine (20:3, Delta 8, 11, 14), Lysopc A C20:3",Exchange/demand reaction,,0.0,1.3642420526593924e-12
EX_pcholeic_hs_e,"Exchange of 1-Eicosadienoylglycerophosphocholine (Delta 11, 14)",Exchange/demand reaction,,0.0,1.3642420526593924e-12
HMR_7628,L-Phenylalanine:Oxygen Oxidoreductase (Decarboxylating),Phenylalanine metabolism,13861;76113;11758;69675,0.0,2.3305801732931286e-12
4HPRO_LTte,Transport of trans-4-hydroxy-L-proline,"Transport, extracellular",,0.0,4.320099833421409e-12
DIGALSGALSIDEte,Transport of Digalactosylceramidesulfate,"Transport, extracellular",,0.0,2.7284841053187847e-12
ACGAMK,N-acetylglucosamine kinase,Aminosugar metabolism,56174,0.0,7.105427357601002e-12
COPROSTt2,Coprostanol transport via sodium cotransport,"Transport, extracellular",20493;20494,0.0,1000.0
HMR_0378,Palmitoyl Coenzyme A Hydrolase,Fatty acid oxidation,171210;217700;12012;70025;171281;171282,0.0,0.0
PEPCKm,Phosphoenolpyruvate carboxykinase (GTP),Glycolysis/gluconeogenesis,18534;74551,230.53557198204857,230.53557198244505
LEUt4,L-leucine transport in via sodium symport,"Transport, extracellular",17254;11987;11988;11989;57394;69354;105727;70008;56774;74338,0.0,1000.0
DNDPt49m,DTTP transport via dADP antiport,"Transport, mitochondrial",67283,0.0,4.035882739117369e-12
7DHCDCHOLt2,7-Dehydrochenodeoxycholic acid transport via sodium cotransport,"Transport, extracellular",20493;20494,0.0,1000.0
EX_glu__L_e,L-Glutamate exchange,Exchange/demand reaction,,-100.0,-99.99999999998232
SK_arg__L_c,Sink arg L[c],Exchange/demand reaction,,-61.5307103753168,-61.53071037531436
r1633,Amino Acid-Polyamine-Organocation (APC) TCDB:2.A.3.8.1,"Transport, extracellular",20539,-1000.0,1000.0
EX_adp_e,Adp exchange,Exchange/demand reaction,,0.0,0.0
UTPtn,UTP diffusion in nucleus,"Transport, nuclear",,-809.1537336378316,1000.0
RE2626C,RE2626,Bile acid synthesis,,-1000.0,1000.0
r0575,Presqualene Diphosphate:Farnesyl-Diphosphate Farnesyltransferase,Cholesterol metabolism,14137,-1000.0,0.0
HMR_0422,Palmitoyl Coenzyme A Hydrolase,Fatty acid oxidation,171210;217700;12012;70025;171281;171282,0.0,2.0463630789890885e-12
EX_leuktrA4_e,Leukotriene A4 exchange,Exchange/demand reaction,,99.99999999998761,100.0
r1635,Amino Acid-Polyamine-Organocation (APC) TCDB:2.A.3.8.1,"Transport, extracellular",20539,-1000.0,1000.0
HMR_1666,Cholate Coenzyme A Ligase,"Transport, mitochondrial",26459;26458,0.0,1.4466262197320731e-12
NMNDA,Nicotinamide-nucleotide amidase,NAD metabolism,,0.0,2.112088282046898e-12
r1564,Amino Acid-Polyamine-Organocation (APC) TCDB:2.A.3.8.1,"Transport, extracellular",20539,-1000.0,1000.0
DNDPt23m,DTDP transport via dGTP antiport,"Transport, mitochondrial",67283,0.0,7.617018127348274e-12
RNTR1,Ribonucleoside triphosphate reductase  ATP,Nucleotide interconversion,20133;20135;382985,-995.5000337237902,0.0
r1583,Amino Acid-Polyamine-Organocation (APC) TCDB:2.A.3.8.1,"Transport, extracellular",20539,-1000.0,1000.0
r2247,Resistance-Nodulation-Cell Division (RND) TCDB:2.A.60.1.5,"Transport, extracellular",101488,0.0,1000.0
XOLEST2te,Cholesterol ester transporter,"Transport, extracellular",,-2.3305801732931286e-12,5.343281372915953e-12
EX_sphmyln18118_hs_e,Exchange of Sphingomyelin (D18:1/18:0),Exchange/demand reaction,,0.0,5.277556169858144e-12
LTHSTRLtr,"Transport of 5Alpha-Cholest-7-En-3Beta-Ol, Endoplasmatic Reticulum","Transport, endoplasmic reticular",,0.0,0.0
r2378,Mitochondrial Carrier (MC) TCDB:2.A.29.7.2,"Transport, mitochondrial",13358,-1000.0,1000.0
LEUtec,L-leucine transport via diffusion,"Transport, extracellular",215113;72401,-1000.0,1000.0
CYANSTm,"Cyanide sulfurtransferase, mitochondrial",Miscellaneous,22117,0.0,6.59383658785373e-12
EX_doco13ac_e,Exchange of Docosenoic Acid (C22:1),Exchange/demand reaction,,-2.3874235921539366e-12,0.0
CRMte,Ceramide Diffusion,Sphingolipid metabolism,,0.0,2.9948393966056965
PRDX,Peroxidase (multiple substrates),Miscellaneous,13861;11758,0.0,9.137579581874888e-12
PHETA1m,"L-Phenylalanine:2-oxoglutarate aminotransferase, mitochondria",Phenylalanine metabolism,14719;234724,-7.275957614183426e-12,0.0
RE1447N_1,"Phosphatidylinositol-3,4-Bisphosphate 4-Phosphatase",Phosphatidylinositol phosphate metabolism,,-500.0,2.0648553107080807e-12
DM_gd3_hs_l,"Demand for  Gd3,  Lysosomal",Exchange/demand reaction,,0.0,0.0
It,Iodide uniport,"Transport, extracellular",216225,-1000.0,1000.0
SK_glu__L_c,Sink glu L[c],Exchange/demand reaction,,-1000.0,-999.9999999999859
P45046A1r,"Cytochrome P450, family 46, subfamily A, polypeptide 1",Bile acid synthesis,13116,0.0,0.0
5HOXINDACTO2OX,5-Hydroxyindoleacetaldehyde:oxygen oxidoreductase,Tryptophan metabolism,11761,0.0,1.0928147275990341e-11
r2220,Resistance-Nodulation-Cell Division (RND) TCDB:2.A.60.1.5,"Transport, extracellular",101488,0.0,1000.0
LEUPHELAT2tc,Transport of L-Leucine into the cell and efflux of L-Phenylalanine out of the cell by LAT2 on the basolateral surfaces of kidney and intestine and Amino Acid-Polyamine-Organocation (APC) TCDB:2.A.3.8.1,"Transport, extracellular",50934,-1000.0,1000.0
r1657,Amino Acid-Polyamine-Organocation (APC) TCDB:2.A.3.8.1,"Transport, extracellular",20539,-1000.0,1000.0
NEU21,"Sialidase, Cytosol (Neu2)",Sphingolipid metabolism,23956,0.0,2.0463630789890885e-12
ASPte,Diffusion of aspartate into blood,"Transport, extracellular",,0.0,1000.0
DM_na1_c,Sink na1,Exchange/demand reaction,,0.0,100.0
EX_ump_e,UMP exchange,Exchange/demand reaction,,0.0,1.4779288903810084e-12
r0885,Mitochondrial Carrier (MC) TCDB:2.A.29.2.7,"Transport, mitochondrial",27376,-1000.0,1000.0
DNDPt6m,DATP transport via dGDP antiport,"Transport, mitochondrial",67283,0.0,8.640199666842818e-12
CYTDtm,Cytidine facilated transport in mitochondria,"Transport, mitochondrial",63959,0.0,8.753886504564434e-12
PHEtec,L-phenylalanine transport via diffusion (extracellular to cytosol),"Transport, extracellular",72472;72401;215113,-1000.0,1000.0
PESTE_HSt1e,"Transport of 1-Stearoylglycerophosphoethanolamine, Vescicular","Transport, extracellular",,0.0,2.2737367544323206e-12
CYANtm,Cyanide transport via diffusion (mitochondrial),"Transport, mitochondrial",,0.0,8.185452315956354e-12
3DHDCAt,3-dehydro-deoxycholic acid transport via bicarbonate countertransport,"Transport, extracellular",106407;28253;101488;330962,-1000.0,0.0
G6PDH2c,Glucose 6-Phosphate Dehydrogenase,Pentose phosphate pathway,14381,0.0,333.33333333333707
FRDPtc,"Lipid, flip-flop intracellular transport","Transport, peroxisomal",,-1000.0,1000.0
r1586,Amino Acid-Polyamine-Organocation (APC) TCDB:2.A.3.8.1,"Transport, extracellular",20539,-1000.0,1000.0
LTA4H,Leukotriene A-4 hydrolase,Eicosanoid metabolism,16993,0.0,4.874323167314287e-12
GLYB0AT3tc,Glycine Transport by B0At3,"Transport, extracellular",22598;57394,0.0,1000.0
r1531_1,ATP-Binding Cassette (ABC) Tcdb:3.A.1.208.15,"Transport, extracellular",27416,0.0,2.0250467969162855e-12
EX_pchollinl_hs_e,"Exchange of 1-Linoleoylglycerophosphocholine (Delta 9, 12)",Exchange/demand reaction,,0.0,1.4779288903810084e-12
EX_trp__L_e,L-Tryptophan exchange,Exchange/demand reaction,,-100.0,100.0
EX_uri_e,Uridine exchange,Exchange/demand reaction,,99.99999999999704,100.0
r2300,Resistance-Nodulation-Cell Division (RND) TCDB:2.A.60.1.5,"Transport, extracellular",101488,0.0,1000.0
NMNS,NMN synthetase,NAD metabolism,59027,0.0,0.0
EX_orn_e,Ornithine exchange,Exchange/demand reaction,,-100.0,100.0
r2263,Resistance-Nodulation-Cell Division (RND) TCDB:2.A.60.1.5,"Transport, extracellular",101488,0.0,1000.0
C06439t,"Transport of Prostaglandin E3, Lactate Antiport","Transport, extracellular",,-1000.0,1000.0
r0999,Facilitated diffusion,"Transport, peroxisomal",,-1000.0,1000.0
HMR_1095,HMR 1095,"Transport, nuclear",,-702.4474442845383,1000.0
PYK,Pyruvate kinase,Glycolysis/gluconeogenesis,18770;18746,0.0,1000.0
ESTRAABCtc,17Beta-Estradiol 3-Glucosiduronic Acid Transport by ABCa8,"Transport, extracellular",27404,0.0,0.0
GD1Atg,Transport of Gd1A,"Transport, golgi apparatus",,-3.420552729949121e-11,0.0
r1607,Amino Acid-Polyamine-Organocation (APC) TCDB:2.A.3.8.1,"Transport, extracellular",20539,-1000.0,1000.0
r2390,Mitochondrial Carrier (MC) TCDB:2.A.29.7.2,"Transport, mitochondrial",13358,0.0,8.526512829121202e-12
THMDt2,Thymidine transport in via proton symport,"Transport, extracellular",114304,-1000.0,-6.975377633965584
3AIBt1,"3-Amino-Isobutyrate Transport, Proton Symport","Transport, extracellular",,-1000.0000000000039,1000.0
FUMTSULtm,"Fumarate:thiosulfate antiport, mitochondrial","Transport, mitochondrial",27376,-1000.0,1000.0
r0424,Isocitrate:NADP+ oxidoreductase (decarboxylating) Citrate cycle (TCA cycle) EC:1.1.1.42,Miscellaneous,15926;269951,0.0,7.048583938740194e-12
AKGtp,AKG transporter  peroxisome,"Transport, peroxisomal",,-1000.0,1000.0
FAS100COA,Fatty acyl CoA synthase  n C100CoA,Fatty acid synthesis,54326;170439;68801;14104,0.0,2.548519153462854e-12
r2235,Resistance-Nodulation-Cell Division (RND) TCDB:2.A.60.1.5,"Transport, extracellular",101488,0.0,1000.0
r1155,TCDB:2.A.1.13.5 TCDB:2.A.1.13.1,"Transport, mitochondrial",20501;20503,0.0,3.844036200462142e-12
r1617,Amino Acid-Polyamine-Organocation (APC) TCDB:2.A.3.8.1,"Transport, extracellular",20539,-1000.0,1000.0
ASPTAm,Aspartate transaminase,Alanine and aspartate metabolism,14719,-7.789433130216968e-12,1.7848833522293717e-11
r0604,"(S)-2-methylbutanoyl-CoA:enzyme N6-(dihydrolipoyl)lysine S-(2-methylbutanoyl)transferase Valine, leucine and isoleucine degradation EC:2.3.1.168",Miscellaneous,13171,0.0,2.279065824950521e-12
q10h2tc,Transport of ubiquinol into cytosol,"Transport, mitochondrial",,-1000.0,1000.0
r2425,Mitochondrial Carrier (MC) TCDB:2.A.29.16.1,"Transport, mitochondrial",67283,0.0,2.0463630789890885e-12
RE3432X,Carbonyl Reductase (NADPH),Eicosanoid metabolism,28200,-1000.0,6.252776074688882e-12
ACCOACrm,Acetyl Coa carboxylase  mitochondrial,Fatty acid oxidation,100705,0.0,4.348521542851813e-12
EX_cmp_e,CMP exchange,Exchange/demand reaction,,-1.1368683772161603e-12,0.0
DNDPt46m,DTTP transport via dUDP antiport,"Transport, mitochondrial",67283,0.0,7.16227077646181e-12
FAOXC161802m,Beta oxidation  fatty acid,Fatty acid oxidation,11364;11409,0.0,5.566549098852983e-12
ICDHym,Isocitrate dehydrogenase  NADP,Citric acid cycle,269951,-1000.0,-470.782778628345
r2260,Resistance-Nodulation-Cell Division (RND) TCDB:2.A.60.1.5,"Transport, extracellular",101488,0.0,1000.0
TMDOATPtsc,Uptake of torasemide into enterocytes via antiport,Drug metabolism,,-1000.0,1000.0
H2Otly,"H2O transport, lysosomal","Transport, lysosomal",,0.0,0.0
r0840,Free diffusion,"Transport, endoplasmic reticular",,-1000.0,926.9038313918884
HMR_0392,HMR 0392,"Transport, extracellular",225579;14077;14080;12140;26457;11770;16592;16204;12491;26568;26569;75497;21884,0.0,2.2737367544323206e-12
EX_maltpt_e,Maltopentaose exchange,Exchange/demand reaction,,99.99999999999011,100.0
DM_srtn_c,DM srtn[c],Exchange/demand reaction,,0.0,0.0
EX_sphmyln18121_hs_e,Exchange of Sphingomyelin (D18:1/21:0),Exchange/demand reaction,,0.0,4.084732552200876e-12
FAOXC7C5m,"Fatty Acid Beta Oxidation (C7->C5), Mitochondrial",Fatty acid oxidation,93747;15107;11364;52538,0.0,1.883247181388509e-12
r1481,Long-Chain-Acyl Coenzyme A Dehydrogenase,Fatty acid oxidation,52538;231086;235674,-5.4996007747831754e-12,1.3983481039758772e-11
r2299,Resistance-Nodulation-Cell Division (RND) TCDB:2.A.60.1.5,"Transport, extracellular",101488,0.0,1000.0
SK_lnlncgcoa_c,Sink lnlncgcoa[c],Exchange/demand reaction,,-5.5138116294983774e-12,1.1186784831807016e-11
r1561,Amino Acid-Polyamine-Organocation (APC) TCDB:2.A.3.8.1,"Transport, extracellular",20539,-1000.0,1000.0
3DHCHOLt,3-Dehydrocholic acid  transport via bicarbonate countertransport,"Transport, extracellular",106407;28253;101488;330962,-1000.0,0.0
TRPHYDRO2,"L-Tryptophan,tetrahydrobiopterin:oxygen oxidoreductase (5-hydroxylating)",Tryptophan metabolism,216343;21990,0.0,2.188194133110785e-12
FTHFCLm,5 formethyltetrahydrofolate cyclo ligase  mitochondrial,Folate metabolism,107885;100039707,0.0,2.8602832320553472e-12
H2Oter,H2O endoplasmic reticulum transport,"Transport, endoplasmic reticular",,-1000.0000000000132,1000.0000000000166
PROSTGH2t,Prostaglandin H2 transport,"Transport, extracellular",,-1000.0,1000.0
SK_gln__L_c,Sink gln L[c],Exchange/demand reaction,,-713.738899841582,-313.7388998412571
r2381,Mitochondrial Carrier (MC) TCDB:2.A.29.7.2,"Transport, mitochondrial",13358,0.0,5.9117155615240335e-12
r1392,"Amylo-1,6-glucosidase, 4-alpha-glucanotransferase EC:3.2.1.33",Miscellaneous,77559,-887.8743549245808,0.0
DMNONCOACRNCPT1,DMNONCOACRNCPT1,Fatty acid oxidation,,-1000.0,1000.0
EX_hco3_e,EX hco3 LPAREN e RPAREN,Exchange/demand reaction,,99.99999999998317,100.0
2HATVACIDtep,Efflux of 2-hydroxy-atorvastatin-acid into portal blood,Drug metabolism,,-1000.0,1000.0
PI4P4Pn,"Phosphatidylinositol-4-phosphate 4-phosphatase, nuclear",Phosphatidylinositol phosphate metabolism,,-3.637978807091713e-12,3.0411229090532288e-12
MMSAD1m,Methylmalonate-semialdehyde dehydrogenase,"Valine, leucine, and isoleucine metabolism",104776,0.0,1.2505552149377763e-12
TYRPHELAT2tc,Transport of L-Tyrosine into the cell and efflux of L-Phenylalanine out of the cell by LAT2 on the basolateral surfaces of kidney and intestine and Amino Acid-Polyamine-Organocation (APC) TCDB:2.A.3.8.1,"Transport, extracellular",50934,-1000.0,1000.0
PGLYCt,Phosphatidylglycerol Transport,"Transport, extracellular",,0.0,0.0
HC00900t1,"Transport of Methylmalonate, Antiport with Sulphite","Transport, extracellular",,-1000.0,1000.0
r0915,Mitochondrial Carrier (MC) TCDB:2.A.29.7.2,"Transport, mitochondrial",13358,-1000.0,1000.0
EX_akg_e,2-Oxoglutarate exchange,Exchange/demand reaction,,-100.0,-99.99999999999227
IDPtn,IDP nuclear transport,"Transport, nuclear",,-1000.0,1000.0
r0084,Oxalosuccinate:NADP+ oxidoreductase (decarboxylating) Citrate cycle (TCA cycle) EC:1.1.1.42,Miscellaneous,15926;269951,0.0,8.753886504564434e-12
TETHEX3COAtx,Fatty acid intracellular transport,"Transport, peroxisomal",,0.0,5.082042415932242e-12
r2309,Resistance-Nodulation-Cell Division (RND) TCDB:2.A.60.1.14,"Transport, extracellular",108096,-1000.0,1000.0
SK_thcholstoic_c,"Sink for 3Alpha, 7Alpha, 12Alpha-Trihydroxy-5Beta-Cholestanoate",Exchange/demand reaction,,-1.5916157281026244e-12,0.0
DCMPtm,DCMPtm,"Transport, mitochondrial",,-702.4474442845379,-702.4474442841981
THRGLNexR,L-threonine/glycine reversible exchange,"Transport, extracellular",17254;53896,-1000.0,1000.0
DNDPt19m,DUDP transport via ATP antiport,"Transport, mitochondrial",67283,0.0,6.934897101018578e-12
SMS1S2,Sphingomyelin Synthase 1 Or Sphingomyelin Synthase 2,Sphingolipid metabolism,208449;74442,0.0,2.994839396602922
ALAR,Alanine racemase,Alanine and aspartate metabolism,114863,-100.0,100.0
LEUKTRB4t,Leukotriene B4 transmembrane (homo sapiens) transport,"Transport, extracellular",236149;319800;236293;434674;207151;171405,-1000.0,1000.0
CO2tm,CO2 transport  diffusion   mitochondrial,"Transport, mitochondrial",,225.02774396569893,225.0277439657716
FAOXC10DCC8DCx,Fatty Acid Beta Oxidation (C10Dc->C8Dc),Fatty acid oxidation,11430;74147;15488;235674,0.0,1.3642420526593924e-12
CHSTEROLtrc,Transport of cholesterol into the cytosol,"Transport, endoplasmic reticular",,-1000.000000000002,1000.0
FACOAE1839Z12Z15Z,"Alpha-Linolenoyl-CoA hydrolase (18:3(9Z,12Z,15Z))",Fatty acid oxidation,171210;217700;12012;70025;171281;171282,0.0,0.0
NACHEXA22ly,"Beta-N-acetylhexosaminidase A, lysosomal",Keratan sulfate degradation,15211;15212,0.0,0.0
STRDNCCPT1,Carnitine O-palmitoyltransferase,Fatty acid oxidation,12894;12895;78070,-2.316111693083487e-12,3.684606838295514e-12
ACACT6m,Acetyl-CoA C-acyltransferase (C14:0),Fatty acid oxidation,52538;231086;235674,-9.393374966748524e-12,0.0
BALABETAtc,Transport of beta alanine into the intestinal cells by beta transport system,"Transport, extracellular",21366,0.0,1000.0
HMR_7898,HMR 7898,"Transport, extracellular",,-6.366462912410498e-12,0.0
EX_CE2838_e,Maltononaose exchange,Exchange/demand reaction,,-100.0,-99.99999999999204
ASNtN1,"Asparagine transport (Na, H coupled)","Transport, extracellular",76257;209837,-1000.0,1000.0
DNDPt62m,DGTP transport via dGDP antiport,"Transport, mitochondrial",67283,0.0,5.7980287238024175e-12
MGSA,Methylglyoxal synthase,Pyruvate metabolism,,0.0,9.137579581874888e-12
EX_ser__L_e,L-Serine exchange,Exchange/demand reaction,,-100.0,-99.99999999998545
SK_phe__L_c,Sink phe L[c],Exchange/demand reaction,,-44.43892250250508,155.56107749751732
HMR_0292,HMR 0292,"Transport, extracellular",225579;14077;14080;12140;26457;11770;16592;16204;12491;26568;26569;75497;21884,-1.7053025658242404e-12,0.0
HMR_2292,Stearoyl Coenzyme A 9-Desaturase,Fatty acid synthesis,20249,0.0,5.5990767577895895e-12
AACOAT,Acetoacetyl-CoA:acetate CoA-transferase,Propanoate metabolism,78894,0.0,1.7053025658242404e-12
r2355,Organic anion transporter 5 Utilized transport,"Transport, extracellular",236149;319800;236293;434674;207151;171405,-1000.0,1000.0
ALCD2y,"Alcohol dehydrogenase (ethanol, NADP)",Glycolysis/gluconeogenesis,58810,0.0,2.5352164811920375e-11
r0383,"Pyruvate:[dihydrolipoyllysine-residue acetyltransferase]-lipoyllysine 2-oxidoreductase (decarboxylating, acceptor-acetylating) EC:1.2.4.1",Miscellaneous,18597;68263;18598,0.0,3.306013240944594e-10
H2O2tn,Hydrogen peroxide nuclear transport,"Transport, nuclear",,-3.915090474038152e-12,0.0
56DTHMt,"Transport of 5, 6-Dihydrothymine, Sodium Symport","Transport, extracellular",,-1000.0,1000.0
r1557,Amino Acid-Polyamine-Organocation (APC) TCDB:2.A.3.8.1,"Transport, extracellular",20539,-1000.0,1000.0
MITKP,"D-myo-Inositol 1,3,4,5-tetrakisphosphate 3-phosphohydrolase",Inositol phosphate metabolism,17330,0.0,3.979039320256561e-12
ISOCHOLt,Isocholic acid transport via bicarbonate countertransport,"Transport, extracellular",106407;28253;101488;330962,-1000.0,0.0
DM_ca2_c,name,,,0.0,100.0
MALOAAtm,"Dicarboxylate/tricarboxylate carrier (mal:oaa), mitochondrial","Transport, mitochondrial",,-1000.0,-470.0765862787343
SK_his__L_c,Sink his L[c],Exchange/demand reaction,,-21.649643644447174,-21.649643644442165
DIGALSGALSIDEtg,Digalsgalside hs intracellular transport,"Transport, golgi apparatus",,-1.5031926320969232e-12,0.0
AKGCITtm,"Dicarboxylate/tricarboxylate carrier (akg:cit), mitochondrial","Transport, mitochondrial",13358,-1000.0,1000.0
r0841,Free diffusion,"Transport, endoplasmic reticular",,-926.9038313918834,1000.0
r2272,Resistance-Nodulation-Cell Division (RND) TCDB:2.A.60.1.5,"Transport, extracellular",101488,0.0,1000.0
LAPCOAl,Lysosomal acid phosphorylase (CoA),CoA catabolism,11433;66659;11432;56318,0.0,0.0
r1627,Amino Acid-Polyamine-Organocation (APC) TCDB:2.A.3.8.1,"Transport, extracellular",20539,-1000.0,1000.0
r1637,Amino Acid-Polyamine-Organocation (APC) TCDB:2.A.3.8.1,"Transport, extracellular",20539,-1000.0,1000.0
C05953tm,"Transport of Prostaglandin A2, Intracellular","Transport, mitochondrial",,-1000.0,1000.0
3SPYRSPm,"3-sulfinopyruvate hydrolase (spotaneous reaction), mitochondrial",Methionine and cysteine metabolism,,0.0,1.6453360489575237e-12
SERGLYexR,L-Serine/Glycine reversible exchange,"Transport, extracellular",17254;53896,-1000.0,1000.0
AK2LGCHOLt,"1-Alkyl 2-Acylglycerol 3-Phosphocholine Transport, Vescicular","Transport, extracellular",,0.0,0.0
ECOAH4p,3 hydroxyacyl CoA dehydratase  3 hydroxydecanoyl CoA   peroxisomal,Fatty acid oxidation,93747;74147;97212,-1.9042545318370685e-12,0.0
HSD3A1r,3 alpha-hydroxysteroid dehydrogenase (type 3),Steroid metabolism,83702,-1000.0,1000.0
CYSSNAT5tc,Transport of L-Cysteine into the cell coupled with co-transport with Sodium and counter transport with proton by SNAT5 transporter.,"Transport, extracellular",209837,-1000.0,1000.0
EX_pcholn224_hs_e,"Exchange of 1-Docosatetraenoylglycerophosphocholine (Delta 7, 10, 13, 16), Sn1-Lpc (22:4)",Exchange/demand reaction,,0.0,0.0
HMR_0344,HMR 0344,"Transport, extracellular",225579;14077;14080;12140;26457;11770;16592;16204;12491;26568;26569;75497;21884,0.0,0.0
HMR_7199,HMR 7199,"Transport, lysosomal",,481.01677344418044,481.01677344421114
3DHCHOLt2,3-Dehydrocholic acid  transport via sodium cotransport,"Transport, extracellular",20493;20494,0.0,1000.0
CREATt4_2_r,CREATt4 LPAREN 2 RPAREN r,"Transport, extracellular",102857,-1000.0,1000.0
HMR_1085,Membrane Dipeptidase,Leukotriene metabolism,71854;319446;13479,0.0,1000.0
HYOCHOLt,Hyocholic acid transport via bicarbonate countertransport,"Transport, extracellular",106407;28253;101488;330962,-1000.0,0.0
ILETA,Isoleucine transaminase,"Valine, leucine, and isoleucine metabolism",12035,0.0,1000.0
EX_pcholn281_hs_e,Exchange of Lysopc A C28:1 (Delta 5),Exchange/demand reaction,,0.0,2.5011104298755527e-12
DNDPt30m,DCDP transport via ADP antiport,"Transport, mitochondrial",67283,0.0,1.9326762412674725e-12
FAOXC61C4x,"Fatty Acid Beta Oxidation (C6:1->C4:0), Peroxisomal",Fatty acid oxidation,74147;15488;235674,0.0,3.514818066226629e-12
CITt4_2,Citrate transport via sodium symport,"Transport, extracellular",20500,-1000.0,1000.0
ETOHtx,"Ethanol transport via diffusion, glyoxysome","Transport, peroxisomal",,0.0,8.526512829121202e-12
EX_pcholn1836_hs_e,"Exchange of 1-Octadeca-Trienoylglycerophosphocholine, Sn1-Lpc (18:3, Delta 6, 9, 12)",Exchange/demand reaction,,0.0,9.094947017729282e-13
FACOAL200,Fatty-acid--CoA ligase,Fatty acid oxidation,14081,0.0,0.0
HMR_0384,HMR 0384,"Transport, extracellular",225579;14077;14080;12140;26457;11770;16592;16204;12491;26568;26569;75497;21884,-1.6017191814554325e-12,1.5258905250448151e-12
FAOXC16080m,Beta oxidation of long chain fatty acid,Fatty acid oxidation,11364;11409,0.0,3.799627279477136e-12
CHOLt4,"Choline, sodium cotransport","Transport, extracellular",63993,-1000.0,1000.0
GLYSNAT5tc,Transport of Glycine into the cell coupled with co-transport with Sodium and counter transport with proton by SNAT5 transporter.,"Transport, extracellular",209837,-1000.0,1000.0
ACOAO7p,Acyl CoA oxidase  hexadecanoyl CoA   peroxisomal,Fatty acid oxidation,11430,0.0,1.863598825848204e-12
r2514e,Transport of Hexadecenoate (N-C16:1) via Carnitine Antiport,"Transport, extracellular",,-1000.0,1000.0
GLYCLTDy,Glycolate dehydrogenase (NADP),Glyoxylate and dicarboxylate metabolism,76238,0.0,9.663381206337363e-12
CYSGLUexR,L-cysteine/L-glutamine reversible exchanger,"Transport, extracellular",17254;20539;53896,-1000.0,1000.0
PSSA2_hs,Phosphatidylserine synthase homo sapiens,Glycerophospholipid metabolism,27388,35.938929112684924,35.938929112693174
NH4tr,"Ammonia Er Transport, Diffusion","Transport, endoplasmic reticular",,-8.974733902147674e-13,0.0
SK_Ser_Gly_Ala_X_Gly_r,"Sink Ser Gly Ala X Gly, Endoplasmic Reticulum",Exchange/demand reaction,,481.01677344418204,481.0167734442085
G5SADrm,L glutamate 5 semialdehyde dehydratase  reversible  mitochondrial,Arginine and proline metabolism,,-3.1604940886609256e-11,0.0
HMR_2651,Carnitine O-Palmitoyltransferase,Fatty acid oxidation,12894;12895;78070,-1.807620719773695e-11,1.4495071809506044e-12
PAIL_HStn,Phosphatidylinositol nuclear transport (diffusion),"Transport, nuclear",,0.0,500.0000000000019
GPDDACHOL,Glycerophosphocholine Phosphodiesterase,Glycerophospholipid metabolism,74182,21.45570399737966,21.455703997410456
PTDCAt,Fatty acid transport via diffusion,"Transport, extracellular",,0.0,0.0
r1588,Amino Acid-Polyamine-Organocation (APC) TCDB:2.A.3.8.1,"Transport, extracellular",20539,-1000.0,1000.0
CITt2r,Citrate reversible transport via symport,"Transport, extracellular",,-1000.0,1000.0
PUNP2,Purine-nucleoside phosphorylase (Deoxyadenosine),Purine catabolism,18950;667034,0.0,3.905954924578379e-12
r2280,Resistance-Nodulation-Cell Division (RND) TCDB:2.A.60.1.5,"Transport, extracellular",101488,0.0,1000.0
NDP1,Nucleoside diphosphatase  ADP,Purine catabolism,72090;215446;12495,0.0,1.7621459846850485e-12
R03184_PLUS_R00647,R03184 PLUS R00647,,268756,-19.790002555794743,-19.79000255559737
LINOFATPtc,Uptake of linoleic acid by the enterocytes,"Transport, extracellular",26569,0.0,0.0
HACD1m,"3-Hydroxybutanoyl-CoA:NAD+ oxidoreductase, mitochondria",Tryptophan metabolism,15107;15108;231086;97212,-5.172751116333529e-12,0.0
r1598,Amino Acid-Polyamine-Organocation (APC) TCDB:2.A.3.8.1,"Transport, extracellular",20539,-1000.0,1000.0
FOLt2,Folate transport via anion exchange,"Transport, extracellular",,-100.0,1000.0
PAILPALM_HSSECt,Transport of 1-Palmitoylglycerophosphoinositol,"Transport, extracellular",,0.0,1.3145040611561853e-12
LNELDCCRNte,"Transport of 6Z,9Z-Octadecadienoylcarnitine","Transport, extracellular",20520,0.0,1000.0
FACOAL260,Fatty-acid--CoA ligase (n-C26:0),Fatty acid oxidation,14081,0.0,1.8189894035458565e-12
DNDPt2m,DATP transport via ATP antiport,"Transport, mitochondrial",67283,0.0,2.5011104298755527e-12
ASNALANaEx,L-alanine/L-asparagine Na-dependent exchange (Asn-L in),"Transport, extracellular",20514,0.0,1000.0
r0826,Transport reaction,"Transport, endoplasmic reticular",,0.0,1000.0
2OXOADOXm,2-Oxoadipate:lipoamde 2-oxidoreductase(decarboxylating and acceptor-succinylating) (mitochondria),Lysine metabolism,78920;13382;18293;27402,0.0,5.7973982652734135e-12
EX_ac_e,Acetate exchange,Exchange/demand reaction,,99.99999999996851,100.0
SPHMYLN18121_hs_SECt,Transport of Sphingomyelin (D18:1/21:0),"Transport, extracellular",,0.0,4.5501380441237416e-12
DNDPt20m,DTDP transport via ATP antiport,"Transport, mitochondrial",67283,0.0,2.3874235921539366e-12
GLNtm,L-glutamine transport via electroneutral transporter,"Transport, mitochondrial",,357.9053379096964,557.9053379100764
r0730,(S)-Hydroxyoctanoyl Coenzyme A:NAD+ Oxidoreductase,Fatty acid oxidation,15107;74147;97212,-2.4158453015843406e-12,1.0440241264101738e-11
DNDPt21m,DTDP transport via ADP antiport,"Transport, mitochondrial",67283,0.0,3.979039320256561e-12
HMR_3855,"Propane-1, 2-Diol:NAD+ 1-Oxidoreductase",Pyruvate metabolism,11677;14187,0.0,1000.0
r1579,Amino Acid-Polyamine-Organocation (APC) TCDB:2.A.3.8.1,"Transport, extracellular",20539,-1000.0,1000.0
FAOXC160140m,Beta oxidation of long chain fatty acid,Fatty acid oxidation,11370;97212;231086,0.0,0.0
PGLYCtm,"Transport of Phosphatidylglycerol, Endoplasmatic Reticulum","Transport, mitochondrial",,2.4957565873953627,2.495756587399422
VACCt,Fatty acid transport via diffusion,"Transport, extracellular",,-4.746425474877469e-12,2.2737367544323206e-12
DM_dgtp_m,"Demand for dGTP, Mitochondrial",Exchange/demand reaction,,0.0,3.2173375075217336e-11
r0611,ITP:D-Tagatose 6-phosphate 1-phosphotransferase Galactose metabolism EC:2.7.1.11,Miscellaneous,18641,-1000.0,1000.0
HEXCOAACBP,Transport of Hexanoyl Coenzyme A (N-C6:0CoA) from Mitochondria into Cytosol,Fatty acid oxidation,13167,-2.1884716261411086e-12,4.4716822837168974e-12
PUNP6,Purine-nucleoside phosphorylase (Deoxyinosine),Purine catabolism,18950;667034,0.0,5.6843418860808015e-12
r2333,Resistance-Nodulation-Cell Division (RND) TCDB:2.A.60.1.2,"Transport, extracellular",24059,-1000.0,0.0
FAOXC1811601m,Beta oxidation  fatty acid,Fatty acid oxidation,11364;11409,0.0,5.301940704653548e-12
GF6PTA,Glutamine-fructose-6-phosphate transaminase,Aminosugar metabolism,14584;14583,0.0,0.0
EX_dhdascb_e,Dehydroascorbate exchange,Exchange/demand reaction,,-3.1604940886609256e-11,2.818486185181731e-12
3MHISt3,Transport of Methyl-Histidine by System L Transport (Lat2),"Transport, extracellular",,-1000.0,1000.0
r1548,Amino Acid-Polyamine-Organocation (APC) TCDB:2.A.3.8.1,"Transport, extracellular",20539,-1000.0,1000.0
HMR_0257,HMR 0257,"Transport, extracellular",11303,0.0,0.0
BPNT2,3'-Phospho-5'-adenylyl sulfate 3'-phosphohydrolase,Nucleotide interconversion,23827,0.0,0.0
O2Stx,Superoxide anion transport via diffusion (peroxisome),"Transport, peroxisomal",,0.0,9.194423000735696e-12
r2201,Resistance-Nodulation-Cell Division (RND) TCDB:2.A.60.1.5,"Transport, extracellular",101488,-1000.0,1000.0
r2506,Utilized transport,"Transport, endoplasmic reticular",,-1000.0,1000.0
EX_pnto__R_e,(R)-Pantothenate exchange,Exchange/demand reaction,,0.0,0.0
r1936,Y+LAT2 Utilized transport,"Transport, extracellular",330836,0.0,1000.0
r2233,Resistance-Nodulation-Cell Division (RND) TCDB:2.A.60.1.5,"Transport, extracellular",101488,0.0,1000.0
r2511,Utilized transport,"Transport, endoplasmic reticular",,-1000.0,2.8421709430404007e-12
r2031,Amino Acid-Polyamine-Organocation (APC) TCDB:2.A.3.8.15,"Transport, extracellular",30962,0.0,1000.0
HMR_3341,Acetyl Coenzyme A C-Acyltransferase,Fatty acid oxidation,17919;235674,0.0,0.0
DCYTD,Deoxycytidine deaminase,Pyrimidine catabolism,72269;11628,0.0,1000.0
r2485,Resistance-Nodulation-Cell Division (RND) TCDB:2.A.60.1.14,"Transport, extracellular",108096,0.0,1000.0
MLTHFtm,"5,10-Methylenetetrahydrofolate transport from the cytosol to the mitochondria","Transport, mitochondrial",,470.0765862789583,1000.0
FAS160COA,Fatty acyl CoA synthase  n C160CoA,Fatty acid synthesis,54326;170439;68801;14104,-1.930781460638779e-11,2.2680524125462398e-11
PALFATPtc,Uptake of Hexadecanoate by the enterocytes,"Transport, extracellular",26569,0.0,2.0463630789890885e-12
FAOXC182806m,Beta oxidation of fatty acid,Fatty acid oxidation,11364;11409,0.0,3.636608082519881e-12
r0892,Facilitated diffusion,"Transport, extracellular",,-100.0,-99.99999999999636
EX_M00315_e,EX M00315[e],Exchange/demand reaction,,0.0,0.0
UDPGLDCg,"UDP-D-glucuronate decarboxylase, Golgi apparatus",Nucleotide sugar metabolism,67883,0.0,0.0
r0517,Succinyl Coenzyme A:Glycine C-Succinyl-Transferase (Decarboxylating),Miscellaneous,11656;11655,-1000.0,3.4619647877830964e-12
LTD4DP,Leukotriene D4 dipeptidase,Eicosanoid metabolism,,-1000.0,900.0000000003567
NH4t3r,Ammonia transport via proton antiport,"Transport, extracellular",19743;58176,-1000.0,1000.0
r1608,Amino Acid-Polyamine-Organocation (APC) TCDB:2.A.3.8.1,"Transport, extracellular",20539,-1000.0,1000.0
HMR_9680,HMR 9680,"Transport, peroxisomal",,-1000.0,1000.0
EX_4hpro_LT_e,Exchange reaction for hydroxy proline,Exchange/demand reaction,,-6.366462912410498e-12,0.0
EX_pe12_hs_e,Exchange of 1-Didecanoylglycerophosphoethanolamine (C12:0 Pe),Exchange/demand reaction,,-1.5347723092418164e-11,1.5916157281026244e-12
SK_lnlc_c,Sink lnlc[c],Exchange/demand reaction,,0.0,1.0686562745831907e-11
CAT2p,"Catalase A, peroxisomal (ethanol)",Glycolysis/gluconeogenesis,12359,0.0,7.16227077646181e-12
PUNP1,Purine-nucleoside phosphorylase (Adenosine),Nucleotide interconversion,18950;667034,-3.069544618483633e-12,1.7053025658242404e-12
TDCA3Sabc,Taurodeoxycholic acid 3-sulfate ABC bile acid transporter,"Transport, extracellular",12780;239273;26357;76408,0.0,1.800187349614974e-12
HMR_0288,HMR 0288,"Transport, extracellular",225579;14077;14080;12140;26457;11770;16592;16204;12491;26568;26569;75497;21884,-3.673505943879718e-12,1.2505552149377763e-12
DSMSTOLR,Desmosterol reductase,Cholesterol metabolism,74754,0.0,1.0669983415330837e-12
EX_thymd_e,Thymidine exchange,Exchange/demand reaction,,6.975377633964513,6.975377634001347
SGPL12r,Sphingosine-1-phosphate lyase,Sphingolipid metabolism,20397,0.0,1.3642420526593924e-12
6EPVStep,6-epi-pravastatin exit into portal blood,Drug metabolism,,-1000.0,1000.0
r2306,Resistance-Nodulation-Cell Division (RND) TCDB:2.A.60.1.5,"Transport, extracellular",101488,0.0,1000.0
RE0908C,Steryl-Sulfatase,Tyrosine metabolism,,0.0,2.0463630789890885e-12
PIt2r,Phosphate reversible transport via symport,"Transport, extracellular",,-1000.0,1000.0
r2250,Resistance-Nodulation-Cell Division (RND) TCDB:2.A.60.1.5,"Transport, extracellular",101488,0.0,1000.0
r0082,Oxalosuccinate:NADP+ oxidoreductase (decarboxylating) Citrate cycle (TCA cycle) EC:1.1.1.42,Miscellaneous,15926,0.0,7.844391802791506e-12
HMR_0418,Palmitoyl Coenzyme A Hydrolase,Fatty acid oxidation,171210;217700;12012;70025;171281;171282,0.0,2.5011104298755527e-12
FAOXC16180m,Beta oxidation  fatty acid,Fatty acid oxidation,11364;11409,0.0,3.926932852967487e-12
TMDK1m,Thymidine kinase (ATP:thymidine),Nucleotide interconversion,57813,0.0,4.11089181952031e-12
r2196,Resistance-Nodulation-Cell Division (RND) TCDB:2.A.60.1.14,"Transport, extracellular",108096,-1000.0,1000.0
r2341,Organic anion transporter 5 Utilized transport,"Transport, extracellular",236149;319800;236293;434674;207151;171405,-1000.0,1000.0
GUDCA3Sabc,Glycoursodeoxycholic acid 3-sulfate ABC bile acid transporter,"Transport, extracellular",12780;239273;26357;76408,0.0,0.0
r2307,Resistance-Nodulation-Cell Division (RND) TCDB:2.A.60.1.5,"Transport, extracellular",101488,0.0,1000.0
r2363,Organic anion transporter 5 Utilized transport,"Transport, extracellular",236149;319800;236293;434674;207151;171405,-1000.0,1000.0
TAUBETAtc,Transport of taurine into the intestinal cells by beta transport system,"Transport, extracellular",21366,0.0,1000.0
EX_ile__L_e,L-Isoleucine exchange,Exchange/demand reaction,,-100.0,100.0
HMR_0280,Palmitoyl Coenzyme A Hydrolase,Fatty acid oxidation,171210;217700;12012;70025;171281;171282,0.0,2.0463630789890885e-12
FACOAL1822,Fatty-acid--CoA ligase,Fatty acid oxidation,14081,0.0,2.0463630789890885e-12
r2322,Resistance-Nodulation-Cell Division (RND) TCDB:2.A.60.1.2,"Transport, extracellular",24059,-1000.0,0.0
FEROc,Ferroxidase,Vitamin B2 metabolism,15203,0.0,8.499867476530198e-12
5MTHFt2_1,5-Methyltetrahydrofolate Transport via Anion Exchange,"Transport, extracellular",20509,-1000.0,1000.0
PTRCtex2,Putrescine excretion  cytosol to extracellular,"Transport, extracellular",,-3.637978807091713e-12,0.0
DM_btn_n,DM btn[n],Exchange/demand reaction,,0.0,1000.0
TRDR2,Thioredoxin (ubiquinone 10) reductase (NADPH),Miscellaneous,50493,0.0,2.2538415578310378e-11
HMR_0239,HMR 0239,"Transport, extracellular",11303,0.0,0.0
r1565,Amino Acid-Polyamine-Organocation (APC) TCDB:2.A.3.8.1,"Transport, extracellular",20539,-1000.0,1000.0
PCHOLN261_HSte,Transport of Lysopc A C26:1 (Delta 5),"Transport, extracellular",,-2.5011104298755527e-12,0.0
r2335,Resistance-Nodulation-Cell Division (RND) TCDB:2.A.60.1.2,"Transport, extracellular",24059,-1000.0,1000.0
r0525,"N6-(L-1,3-Dicarboxypropyl)-L-lysine:NAD+ oxidoreductase; N6-(L-1,3-Dicarboxypropyl)-L-lysine:NAD+ oxidoreductase (L-glutamate-forming) Lysine degradation EC:1.5.1.9",Lysine metabolism,30956,0.0,4.850638409455617e-12
EX_Rtotal2_e,R total 2 position exchange,Exchange/demand reaction,,-1.2505552149377763e-12,7.958078640513122e-12
r0510,"Steroyl Coenzyme A, Hydrogen-Donor:Oxygen Oxidoreductase Polyunsaturated Fatty Acid Biosynthesis",Miscellaneous,20249,0.0,5.4575111222993555e-12
FAOXC180,Beta oxidation of long chain fatty acid,Fatty acid oxidation,11364;11409,0.0,7.8017592386459e-12
ACOAD10m,"2-methylacyl-coa dehydrogenase, trans-2-Methylbut-2-enoyl-CoA forming","Valine, leucine, and isoleucine metabolism",66885;11364,0.0,2.6659563445718946e-12
PE_HStm,Phosphatidylethanolamine scramblase,"Transport, mitochondrial",,0.0,0.0
r0714_1,(S)-3-Hydroxyhexadecanoyl Coenzyme A:NAD+ Oxidoreductase,Fatty acid oxidation,15107;74147;97212,0.0,8.670989852059089e-12
r1318,Transport reaction,"Transport, endoplasmic reticular",,-1.9326762412674725e-12,1000.0
LALDO2,D-Lactaldehyde:NADP+ 1-oxidoreductase,Pyruvate metabolism,76238,0.0,1000.0
MECOAS1m,Mesaconate--CoA ligase (GDP-forming),C5-branched dibasic acid metabolism,20917;56451,-1000.0,0.0
HMR_4964,HMR 4964,"Transport, mitochondrial",13358,0.0,7.844391802791506e-12
PHEt4,L-phenylalanine transport in via sodium symport,"Transport, extracellular",11987;67760;11988;11989;57394;105727;69354;70008;56774;74338,0.0,1000.0
DCMPDA,DCMP deaminase,Pyrimidine catabolism,320685,-1000.0,502.00525530465995
HIStN1,"Histidine transport (Na, H coupled)","Transport, extracellular",76257,-1000.0,1000.0
r1292,Postulated transport reaction,"Transport, peroxisomal",,-19.535431793685685,980.4645682063403
r2245,Resistance-Nodulation-Cell Division (RND) TCDB:2.A.60.1.5,"Transport, extracellular",101488,0.0,1000.0
r2315,Resistance-Nodulation-Cell Division (RND) TCDB:2.A.60.1.2,"Transport, extracellular",24059,-1000.0,0.0
34DHPHEt,"3,4-Dihydroxy-L-phenylalanine transport","Transport, extracellular",72472,-1000.0,0.0
SK_tag_hs_c,Sink tag hs[c],Exchange/demand reaction,,-100.0,100.0
DOPAENT4tc,Dopa Transport by Ent4,"Transport, extracellular",243328,-1000.0,1000.0
HIBDm,"3-hydroxyisobutyrate dehydrogenase, mitochondrial","Valine, leucine, and isoleucine metabolism",58875,55.27634437193581,55.27634437213291
SO4t_e,"Sulfate transport, extracellular","Transport, extracellular",13521;231583,-1000.0,0.0
r1456,Transport reaction,"Transport, mitochondrial",,0.0,1.057287590811029e-11
EX_pa_hs_e,Exchange of Phosphatidate,Exchange/demand reaction,,0.0,9.2228447101661e-12
r0881,Active transport,"Transport, extracellular",,0.0,1000.0
r2332,Resistance-Nodulation-Cell Division (RND) TCDB:2.A.60.1.2,"Transport, extracellular",24059,-1000.0,0.0
HMR_0325,HMR 0325,"Transport, extracellular",11303,0.0,2.2737367544323206e-12
r1591,Amino Acid-Polyamine-Organocation (APC) TCDB:2.A.3.8.1,"Transport, extracellular",20539,-1000.0,1000.0
GLYK,Glycerol kinase,Glycerophospholipid metabolism,14933;14626,0.0,4.7268855496440665e-12
ICDHyr,Isocitrate dehydrogenase (NADP),Citric acid cycle,15926,0.0,4.604316927725449e-12
FRDPtr,"Lipid, flip-flop intracellular transport","Transport, peroxisomal",,-1000.0,1000.0
UROLACer,"Uronolactonase, endoplasmic reticulum",Vitamin C metabolism,,-5.626318923590115e-12,0.0
SK_dhcholestanate_c,"Sink for 3Alpha, 7Alpha-Dihydroxy-5Beta-Cholestanate",Exchange/demand reaction,,166.78387750777856,631.7455843686633
r0839,Postulated transport reaction,"Transport, extracellular",,-1000.0,1000.0
GLUt4,Na+/glutamate symport,"Transport, extracellular",76257,0.0,1000.0
r1540,Neurotransmitter:Sodium Symporter (Nss) Tcdb:2.A.22.3.3,"Transport, extracellular",21366,0.0,1000.0
FAOXC2242046m,Beta oxidation of long chain fatty acid,Fatty acid oxidation,11364;11409,0.0,3.634846394816567e-12
HMR_1329,"(5Z, 13E)- (15S)-9Alpha, 11Alpha, 15-Trihydroxyprosta-5, 13-Dienoate:NADP+ 11-Oxidoreductase",Eicosanoid metabolism,105349,-1000.0,1000.0
FUMtm,"Fumarate transport, mitochondrial","Transport, mitochondrial",27376,-1000.0,1000.0
VALPHELAT2tc,Transport of L-Valine into the cell and efflux of L-Phenylalanine out of the cell by LAT2 on the basolateral surfaces of kidney and intestine and Amino Acid-Polyamine-Organocation (APC) TCDB:2.A.3.8.1,"Transport, extracellular",50934,-1000.0,1000.0
SK_citr__L_c,Sink citr c,Exchange/demand reaction,,-2.8990143619012088e-12,2.2737367544323206e-12
FAOXC160,Beta oxidation of long chain fatty acid,Fatty acid oxidation,11364;11409,0.0,0.0
CYSGLYex,L-cysteine/glycine exchanger,"Transport, extracellular",17254;53896;50934,-1000.0,1000.0
3SALAASPm,Cysteinesulfinate-aspartate mitochondrial shuttle,"Transport, mitochondrial",50799;78830,-7.503331289626658e-12,0.0
HMR_0426,Palmitoyl Coenzyme A Hydrolase,Fatty acid oxidation,171210;217700;12012;70025;171281;171282,0.0,1.2027679405844415e-12
r0409,UTP:Sedoheptulose 7-phosphate 1-phosphotransferase EC:2.7.1.11,Miscellaneous,18641,-1000.0,1000.0
r1559,Amino Acid-Polyamine-Organocation (APC) TCDB:2.A.3.8.1,"Transport, extracellular",20539,-1000.0,1000.0
RNTR3,Ribonucleoside triphosphate reductase  CTP,Nucleotide interconversion,20133;20135;382985,-1000.0,893.3142770967818
HMR_0358,Palmitoyl Coenzyme A Hydrolase,Fatty acid oxidation,171210;217700;12012;70025;171281;171282,0.0,1.0231815394945443e-12
HMR_3996,L-Cysteine:NAD+ Oxidoreductase;,Methionine and cysteine metabolism,,-1000.0,0.0
ILEtec,L-isoleucine transport via diffusion (extracellular to cytosol),"Transport, extracellular",215113;72401,-1000.0,1000.0
r2483,Resistance-Nodulation-Cell Division (RND) TCDB:2.A.60.1.14,"Transport, extracellular",108096,0.0,1000.0
UDPGP,UDP-glucose glucophosphohydrolase,Starch and sucrose metabolism,18605;18606;209558,0.0,0.0
SK_tyr__L_c,Sink tyr L[c],Exchange/demand reaction,,-127.34696335895231,72.65303664104769
SPRMS,Spermine synthase,Urea cycle,20810;20603,-2.794383668687066e-12,8.819611707622244e-13
HMR_0815,(N-Acetylneuraminyl)-Galactosylglucosylceramide N-Acetylgalactosaminyltransferase,Glycosphingolipid metabolism,14421,0.0,2.7284841053187847e-12
GRTT,Geranyltranstransferase,Cholesterol metabolism,14593,0.0,0.0
r2278,Resistance-Nodulation-Cell Division (RND) TCDB:2.A.60.1.5,"Transport, extracellular",101488,0.0,1000.0
ADPT,Adenine phosphoribosyltransferase,Nucleotide salvage pathway,11821,0.0,2.7284841053187847e-12
r1519,ATP-binding Cassette (ABC) TCDB:3.A.1.211.1,"Transport, extracellular",11303,0.0,0.0
NH4tm,NH3 mitochondrial transport,"Transport, mitochondrial",,999.9999999999874,1000.0
ELAIDt,Fatty acid transport via diffusion,"Transport, extracellular",26458,0.0,2.2737367544323206e-12
MLTHFte3,Transport by Folr into Extracellular Space,"Transport, extracellular",14275;14276,0.0,1000.0
ALDD19x_P,"Aldehyde dehydrogenase (phenylacetaldehyde, NADP)",Phenylalanine metabolism,56847;67689;11670;73458;621603,-1000.0,0.0
DM_4abut_c,DM 4abut[c],Exchange/demand reaction,,999.9999999999858,1000.0
HMR_9612,HMR 9612,"Transport, extracellular",,0.0,1000.0
URIDK2r,Uridylate kinase (dUMP),Nucleotide interconversion,,-1000.0,-100.49051927436767
r2136,Major Facilitator(MFS) TCDB:2.A.1.14.6,"Transport, extracellular",20504,0.0,1000.0
FAOXC200180m,Beta oxidation of long chain fatty acid,Fatty acid oxidation,11364;11409,0.0,2.8797346574481242e-12
FAOXC11C9m,"Fatty Acid Beta Oxidation (C11->C9), Mitochondrial",Fatty acid oxidation,93747;15107;11364;52538,0.0,2.3191474139542562e-12
r2352,Organic anion transporter 5 Utilized transport,"Transport, extracellular",236149;319800;236293;434674;207151;171405,-1000.0,1000.0
HMR_3337,Acetyl Coenzyme A C-Acyltransferase,Fatty acid oxidation,17919;235674,0.0,8.562039965909207e-13
CYTK3,Cytidylate kinase (CMP)(GTP),Nucleotide interconversion,229949,-1000.0,1000.0
3HPVStep,3-hydroxy pravastatin exit into portal blood,Drug metabolism,,-1000.0,1000.0
r1662,Amino Acid-Polyamine-Organocation (APC) TCDB:2.A.3.8.1,"Transport, extracellular",20539,-1000.0,1000.0
r2320,Resistance-Nodulation-Cell Division (RND) TCDB:2.A.60.1.2,"Transport, extracellular",24059,-1000.0,1000.0
r1966,Y+LAT2 Utilized transport,"Transport, extracellular",330836,0.0,1000.0
GLCAE2g,Heparosan-N-sulfate-glucuronate 5-epimerase,Chondroitin synthesis,93683,0.0,0.0
MMMm,Methylmalonyl-CoA mutase,"Valine, leucine, and isoleucine metabolism",17850,55.276344371956164,55.27634437211582
TRIOK,Triokinase,Fructose and mannose metabolism,,0.0,3.653481557690115e-12
LNLNCGt,Fatty acid transport via diffusion,"Transport, extracellular",26459,-1.6754597709223162e-11,1.9326762412674725e-12
FATP9t,Fatty acid electroneutral transport,"Transport, extracellular",26459;26458,0.0,0.0
ALAGLNexR,L-alanine/glutamine reversible exchange,"Transport, extracellular",17254;53896,-1000.0,1000.0
ALCD2x,Alcohol dehydrogenase (ethanol),Glycolysis/gluconeogenesis,11522;225791;11532;76187;26876;11529;100417514,0.0,2.660272002685815e-11
CDPDAGtm,Intracellular transport,"Transport, mitochondrial",,-7.73070496506989e-12,0.0
EX_utp_e,UTP exchange,Exchange/demand reaction,,-100.0,-99.99999999999659
r2295,Resistance-Nodulation-Cell Division (RND) TCDB:2.A.60.1.5,"Transport, extracellular",101488,0.0,1000.0
ICDHyp,Isocitrate dehydrogenase  NADP,Citric acid cycle,15926,0.0,6.707523425575346e-12
EX_M03045_e,EX M03045[e],Exchange/demand reaction,,-1.8189894035458565e-12,4.547473508864641e-12
HMR_0383,HMR 0383,"Transport, extracellular",11303,0.0,0.0
HMR_0304,HMR 0304,"Transport, extracellular",225579;14077;14080;12140;26457;11770;16592;16204;12491;26568;26569;75497;21884,0.0,0.0
EX_M02451_e,EX M02451[e],Exchange/demand reaction,,-100.0,-99.99999999999181
r0842,Postulated transport reaction,"Transport, endoplasmic reticular",,-1000.0,1000.0000000000016
GCDCA3Sabc,Glycochenodeoxycholic acid 3-sulfate ABC bile acid transporter,"Transport, extracellular",12780;239273;26357;76408,0.0,0.0
FATP4t,Fatty acid electroneutral transport,"Transport, extracellular",26459,-1.9326762412674725e-12,0.0
GABABGTtc,GABA Transport by Bgt,"Transport, extracellular",14411,-1000.0,1000.0
FACOAL203,Fatty-acid--CoA ligase,Fatty acid oxidation,14081,0.0,2.3874235921539366e-12
FAOXC1811603m,Beta oxidation  fatty acid,Fatty acid oxidation,11364;11409,0.0,2.8990143619012088e-12
NAtx,Sodium transport via diffusion (perioxisome),"Transport, peroxisomal",,0.0,1000.0
SPHMYLN18116_hs_SECt,Transport of Sphingomyelin (D18:1/16:0),"Transport, extracellular",,0.0,3.9892533720831125e-12
PMI12346PH,5 diphosphoinositol 1 2 3 4 6 pentakisphosphate diphosphohydrolase,Inositol phosphate metabolism,271424;27399,0.0,0.0
HMGCOAS,Hydroxymethylglutaryl CoA synthase,Cholesterol metabolism,208715,-2.3874235921539366e-12,0.0
GBAl,Glucosylceramidase,Sphingolipid metabolism,14466,0.0,0.0
FACOAL205,Fatty-acid--CoA ligase,Fatty acid oxidation,14081,0.0,2.4300561562995426e-12
O2Stm,Superoxide anion transport via diffusion (mitochondria),"Transport, mitochondrial",,99.99999999999439,100.0
DNDPt47m,"Deoxynucleotide carrier (dttp), mitochondrial","Transport, mitochondrial",67283,0.0,7.503331289626658e-12
HMR_0827,(N-Acetylneuraminyl)-Galactosylglucosylceramide N-Acetylgalactosaminyltransferase,Glycosphingolipid metabolism,14421,0.0,2.3874235921539366e-12
HMR_1685,Cholestanetriol 26-Monooxygenase,Bile acid synthesis,104086,0.0,1000.0
HACD6p,3 Hydroxyacyl CoA dehydrogenase  3 oxotetradecanoyl CoA   peroxisomal,Fatty acid oxidation,15107;74147;97212,-1.809632367560387e-12,0.0
r1532_1,ATP-Binding Cassette (ABC) Tcdb:3.A.1.208.15,"Transport, extracellular",27416,0.0,0.0
r1378,S-(hydroxymethyl)glutathione dehydrogenase Methane metabolism EC:1.1.1.284,Miscellaneous,11532,-1000.0,1000.0
HMR_7198,HMR 7198,"Transport, lysosomal",,481.0167734441834,481.0167734442125
EX_ascb__L_e,L-Ascorbate exchange,Exchange/demand reaction,,-100.0,-19.790002555612432
ILETAm,Isoleucine transaminase  mitochondrial,"Valine, leucine, and isoleucine metabolism",12036,-1000.0,1.4566126083082054e-12
r0946,Amino Acid-Polyamine-Organocation (APC) TCDB:2.A.3.8.15,"Transport, extracellular",30962,-1000.0,1000.0
PI3PP,Phosphatidylinositol-3-phosphate 3-phosphatase,Phosphatidylinositol phosphate metabolism,,-1.4779288903810084e-12,500.0
r2534,Major Facilitator(MFS) TCDB:2.A.1.44.1,"Transport, extracellular",72401,-1000.0,1000.0
r2230,Resistance-Nodulation-Cell Division (RND) TCDB:2.A.60.1.5,"Transport, extracellular",101488,0.0,1000.0
PIPLCn,"Phosphatidylinositol phospholipase C, nucleus",Inositol phosphate metabolism,18795,0.0,2.2737367544323206e-12
HMR_3333,Acetyl Coenzyme A C-Acyltransferase,Fatty acid oxidation,17919;235674,0.0,0.0
r2279,Resistance-Nodulation-Cell Division (RND) TCDB:2.A.60.1.5,"Transport, extracellular",101488,0.0,1000.0
ACACT5p,Acetyl CoA C acyltransferase  decanoyl CoA   peroxisomal,Fatty acid oxidation,235674,0.0,4.4184848265205716e-12
SRTNt6_2_r,SRTNt6 LPAREN 2 RPAREN r,"Transport, extracellular",15567,-1000.0,1000.0
MALSO4tm,"Malate:sulfate antiport, mitochondrial","Transport, mitochondrial",27376,-1000.0,1000.0
HMR_0191,HMR 0191,"Transport, extracellular",225579;14077;14080;12140;26457;11770;16592;16204;12491;26568;26569;75497;21884,0.0,0.0
RE3526C,Arachidonate 12-Lipoxygenase,Arachidonic acid metabolism,11684,0.0,0.0
EX_vacc_e,Vaccenic acid exchange,Exchange/demand reaction,,-1.9326762412674725e-12,4.352074256530614e-12
DOPAt4_2_r,DOPAt4 LPAREN 2 RPAREN r,"Transport, extracellular",20538;13162,-1000.0,1000.0
EX_pchol2ole_hs_e,Exchange of 2-Oleoylglycerophosphocholine,Exchange/demand reaction,,0.0,1.0231815394945443e-12
RE0577C,Palmitoyl Coenzyme A Hydrolase,Fatty acid synthesis,171281;217700;12012,0.0,2.0463630789890885e-12
GLNt4,L-glutamine reversible transport via sodium symport,"Transport, extracellular",57394;69354;105727;70008;67760;56774;74338,0.0,1000.0
PROt4,Na+/Proline-L symporter,"Transport, extracellular",57394;69354;105727;70008;67760;74338,0.0,1000.0
r2318,Resistance-Nodulation-Cell Division (RND) TCDB:2.A.60.1.2,"Transport, extracellular",24059,-1000.0,0.0
PDXPP,Pyridoxine 5-phosphate phosphatase,Vitamin B6 metabolism,57028,0.0,0.0
r1005,Facilitated Diffusion,"Transport, mitochondrial",,-3.04186337314611e-12,3.467448550509289e-12
HMR_0291,HMR 0291,"Transport, extracellular",11303,0.0,0.0
HMR_0432,HMR 0432,"Transport, extracellular",225579;14077;14080;12140;26457;11770;16592;16204;12491;26568;26569;75497;21884,0.0,0.0
NTPP2,Nucleoside triphosphate pyrophosphorylase (gtp),Purine catabolism,16434,0.0,0.0
SUCFUMtm,Succinate fumarate transport  mitochondrial,"Transport, mitochondrial",27376,-1000.0,1000.0
r0960,Resistance-Nodulation-Cell Division (RND) TCDB:2.A.65.1.1,"Transport, endoplasmic reticular",12870,-1000.0,1000.0
ALOX52,Arachidonate 5-lipoxygenase,Eicosanoid metabolism,11689,299.99999999997647,300.0
HMR_3331,Enoyl Coenzyme A Hydratase,Fatty acid oxidation,74147,0.0,1.0584889247023334e-12
DESAT18_11,Stearoyl Coenzyme A Desaturase (N-C18:0CoA -> N-C18:1CoA),Fatty acid synthesis,20249,-4.092726157978177e-12,2.4442670110147446e-12
FAOXC170150m,Beta oxidation of long chain fatty acid (odd chain),Fatty acid oxidation,11370;97212;231086,0.0,1.922018100231071e-12
EX_10fthf5glu_e,10-formyltetrahydrofolate-[Glu](5) exchange,Exchange/demand reaction,,-100.0,0.0
r0191,UTP:D-fructose-6-phosphate 1-phosphotransferase EC:2.7.1.11,Fructose and mannose metabolism,18641,0.0,1000.0
HMR_0770,HMR 0770,"Transport, extracellular",56356,-2.994839396604789,2.5011104298755527e-12
r2393,Mitochondrial Carrier (MC) TCDB:2.A.29.7.2,"Transport, mitochondrial",13358,0.0,769.4644280179782
DNDPt10m,DADP transport via dCDP antiport,"Transport, mitochondrial",67283,-9.094947017729282e-12,3.865352482534945e-12
LNLCCRNtd,"Transport of Linoleyl Carnitine, Diffusion","Transport, extracellular",,-1000.0,1000.0
SK_trp__L_c,Sink trp L[c],Exchange/demand reaction,,-102.27892788580644,97.72107211419595
CKc_cho,ATP Creatine kinase (c),Urea cycle,12715;12709,0.0,4.229150363244117e-12
DNDPt48m,DTTP transport via dGDP antiport,"Transport, mitochondrial",67283,0.0,2.9558577807620168e-12
EX_thr__L_e,L-Threonine exchange,Exchange/demand reaction,,-100.0,100.0
RE1903R,Retinal Dehydrogenase,Vitamin A metabolism,,-1000.0,1000.0
CYTK4,Cytidylate kinase (dCMP)(GTP),Nucleotide interconversion,229949,-1000.0,1000.0
EX_pchol2ste_hs_e,Exchange of 2-Stearoylglycerophosphocholine,Exchange/demand reaction,,0.0,9.094947017729282e-13
HMR_0844,"Beta-Galactoside Alpha-2, 3-Sialyltransferase",Glycosphingolipid metabolism,20443;20444;20442,0.0,2.5011104298755527e-12
TALA,Transaldolase,Pentose phosphate pathway,21351,-248.7030066216406,751.2969933783785
HMR_7756,2-Phenylacetamide Amidohydrolase,Phenylalanine metabolism,,-4.661160346586257e-12,8.467709292368644e-13
PEt,Phosphatidylethanolamine Transport,"Transport, extracellular",,45.422872653087246,45.42287265309606
r0786,Sphinganine-1-phosphate palmitaldehyde-lyase Sphingolipid metabolism EC:4.1.2.27,Sphingolipid metabolism,20397,0.0,6.366462912410498e-12
r1658,Amino Acid-Polyamine-Organocation (APC) TCDB:2.A.3.8.1,"Transport, extracellular",20539,-1000.0,1000.0
r2239,Resistance-Nodulation-Cell Division (RND) TCDB:2.A.60.1.5,"Transport, extracellular",101488,0.0,1000.0
RE3050R,Retinal Dehydrogenase,Vitamin A metabolism,,-1000.0,1000.0
EX_co2_e,CO2 exchange,Exchange/demand reaction,,99.99999999999443,100.0
r2507,Utilized transport,"Transport, endoplasmic reticular",,-1000.0,1000.0
3MOBt2im,3-methyl-2-oxobutanoate mitochondrial transport via proton symport,"Transport, mitochondrial",,0.0,1000.0
TUDCA3St,Tauroursodeoxycholic acid 3-sulfate transport via bicarbonate countertransport,"Transport, extracellular",28253;101488,0.0,2.7039301752169393e-12
r1592,Amino Acid-Polyamine-Organocation (APC) TCDB:2.A.3.8.1,"Transport, extracellular",20539,-1000.0,1000.0
CHSTEROLtg,"Cholesterol efflux (ATP depedent), golgi","Transport, golgi apparatus",11303,0.0,2.8367212553678326e-12
HMR_0816,Ganglioside Galactosyltransferase,Glycosphingolipid metabolism,54218,0.0,0.0
r1134,Methylsterol Monooxygenase,Miscellaneous,,0.0,0.0
FAS140COA,Fatty acyl CoA synthase  n C140CoA,Fatty acid synthesis,54326;170439;68801;14104,0.0,4.774847184307873e-12
EX_sphmyln18117_hs_e,Exchange of Sphingomyelin (D18:1/17:0),Exchange/demand reaction,,0.0,6.187050871631072e-12
ACRNtr,Transport of Acetyl Carnitine,"Transport, extracellular",,-1000.0,1000.0
PYRSMCT1,Pyruvate Transport by Smct1,"Transport, extracellular",216225,-1000.0,1000.0
DM_C02712_c,Demand for N-Acetylmethionine,Exchange/demand reaction,,899.9999999999905,1000.0
r1952,Y+LAT2 Utilized transport,"Transport, extracellular",330836,0.0,1000.0
GALUi,UTP-glucose-1-phosphate uridylyltransferase (irreversible),Galactose metabolism,216558,-1000.0,1000.0
HMR_0281,HMR 0281,"Transport, extracellular",11303,0.0,2.266470504202226e-12
RE3432C,Carbonyl Reductase (NADPH),Eicosanoid metabolism,109857;12408,-1000.0,1000.0
r1646,Amino Acid-Polyamine-Organocation (APC) TCDB:2.A.3.8.1,"Transport, extracellular",20539,-1000.0,1000.0
ECOAH5m,Enoyl-CoA hydratase (C12:0),Fatty acid oxidation,93747;74147;97212,-9.796015850345915e-12,2.680167199287098e-11
GALGT2,"Beta-1,4 N-acetylgalactosaminyltransferase",Sphingolipid metabolism,14421,-3.055333763768431e-12,0.0
G5SADs,L-glutamate 5-semialdehyde dehydratase (spontaneous),Urea cycle,,231.58668187823994,631.5866818788866
r2324,Resistance-Nodulation-Cell Division (RND) TCDB:2.A.60.1.2,"Transport, extracellular",24059,-1000.0,0.0
DNDPt57m,DGTP transport via ATP antiport,"Transport, mitochondrial",67283,0.0,3.979039320256561e-12
r1401,Facilitated diffusion,Fatty acid oxidation,,-1000.0,1000.0
FAOXC170m,Beta oxidation of long chain fatty acid (odd chain),Fatty acid oxidation,11364,0.0,2.3590018827235326e-12
CA3St,Cholic acid 3-sulfate transport via bicarbonate countertransport,"Transport, extracellular",28253;101488,0.0,1.5736585878678892e-12
HMR_3327,Enoyl Coenzyme A Hydratase,Fatty acid oxidation,74147,0.0,1.1368683772161603e-12
STCRNte,Transport of O-Octadecanoyl-R-Carnitine,"Transport, extracellular",20520,0.0,1000.0
SK_thr__L_c,Sink thr L[c],Exchange/demand reaction,,-153.55463404569898,46.445365954301025
DNDPt40m,DUTP transport via dADP antiport,"Transport, mitochondrial",67283,0.0,3.808509063674137e-12
HMR_0203,HMR 0203,"Transport, extracellular",225579;14077;14080;12140;26457;11770;16592;16204;12491;26568;26569;75497;21884,0.0,0.0
HMR_0296,HMR 0296,"Transport, extracellular",225579;14077;14080;12140;26457;11770;16592;16204;12491;26568;26569;75497;21884,0.0,0.0
COAtr,"COA transporter, endoplasmic reticulum","Transport, endoplasmic reticular",,-1000.0,1000.0
HMR_0311,HMR 0311,"Transport, extracellular",11303,0.0,0.0
HACD5m,3-hydroxyacyl-CoA dehydrogenase (C12:0),Fatty acid oxidation,15107;74147;97212,-8.86757334228605e-12,4.774847184307873e-12
r0555,Acetyl-CoA:enzyme N6-(dihydrolipoyl)lysine S-acetyltransferase Glycolysis / Gluconeogenesis / Alanine and aspartate metabolism / Pyruvate metabolism EC:2.3.1.12,Miscellaneous,235339,0.0,4.256435204297304e-10
3AIBSYMPt,"3-Amino-Isobutyrate Transport, Sodium Symport","Transport, extracellular",,-1000.0,1000.0
r2287,Resistance-Nodulation-Cell Division (RND) TCDB:2.A.60.1.5,"Transport, extracellular",101488,0.0,1000.0
PE224_HSte,"Transport of 1-Docosatetraenoyglycerophosphoethanolamine (22:4, Delta 7, 10, 13, 16)","Transport, extracellular",,-1.0061285138363019e-11,0.0
r1400,Active transport,Fatty acid oxidation,,-1000.0,1000.0
GLYC2P3Pc,Formation of Glycerol-3-Phosphate,"Transport, extracellular",,21.455703997382273,21.455703997410378
SK_leu__L_c,Sink leu L[c],Exchange/demand reaction,,-193.43570077657364,6.564299223426403
ASNtm,"L-asparagine transport, mitochondrial","Transport, mitochondrial",,0.0,1.3301360013429075e-11
r2266,Resistance-Nodulation-Cell Division (RND) TCDB:2.A.60.1.5,"Transport, extracellular",101488,0.0,1000.0
r2386,Mitochondrial Carrier (MC) TCDB:2.A.29.7.2,"Transport, mitochondrial",13358,0.0,7.389644451905042e-12
SERGLNexR,L-Serine/Glutamine reversible exchange,"Transport, extracellular",17254;53896,-1000.0,1000.0
PE_HSter,Phosphatidylethanolamine scramblase,"Transport, endoplasmic reticular",,-1000.0,1000.0
r2517,ATP-binding Cassette (ABC) TCDB:3.A.1.203.1,"Transport, peroxisomal",19299,0.0,0.0
CHOLESTTDe,CHOLESTTDe vesicular transport,"Transport, extracellular",,-3.494093476500737,-3.494093476492907
THFATm,Tetrahydrofolate aminomethyltransferase  mitochondrial,Folate metabolism,434437,0.0,3.865352482534945e-12
FAOXOHC16C16DCc,Fatty Acid Omega Oxidation (W-Ohc16->C16Dc),Fatty acid oxidation,11532;11671,0.0,9.094947017729282e-13
r1993,Amino Acid-Polyamine-Organocation (APC) TCDB:2.A.3.8.15,"Transport, extracellular",30962,0.0,1000.0
r0870,Facilitated diffusion,"Transport, extracellular",,-2.5011104298755527e-12,0.0
r1616,Amino Acid-Polyamine-Organocation (APC) TCDB:2.A.3.8.1,"Transport, extracellular",20539,-1000.0,1000.0
HMR_0391,HMR 0391,"Transport, extracellular",11303,0.0,0.0
NKCC2t,Na+-K+-Cl- cotransport (NH4+),"Transport, extracellular",20496;20495,-1000.0,1000.0
RTOTALt,RTOTAL transport,"Transport, extracellular",,-21.455703997420155,-21.455703997381956
RE3237C,RE3237,Fatty acid synthesis,,0.0,2.5011104298755527e-12
SUCD1m,Succinate dehydrogenase,Citric acid cycle,66925;67680;66945;66052,-55.27634437208644,-55.27634437196173
UDPXYLtg,UDP-Xyl Golgi transport via CMP antiport,"Transport, golgi apparatus",58246,-2.1316282072803006e-12,0.0
CYSGLTH,Glutathione:cystine oxidoreductase,Methionine and cysteine metabolism,,-1000.0000000000113,1000.0
HMR_0270,HMR 0270,"Transport, extracellular",225579;14077;14080;12140;26457;11770;16592;16204;12491;26568;26569;75497;21884,-4.945377440890297e-12,2.1600499167107046e-12
DNDPt31m,DCDP transport via ATP antiport,"Transport, mitochondrial",67283,0.0,4.547473508864641e-12
ACNML,N-Acetylneuraminate lyase,Aminosugar metabolism,,-8.01492205937393e-12,0.0
r2232,Resistance-Nodulation-Cell Division (RND) TCDB:2.A.60.1.5,"Transport, extracellular",101488,0.0,1000.0
r1474,Long-Chain-Acyl Coenzyme A Dehydrogenase,Fatty acid oxidation,93747;74147;97212,0.0,9.549694368615746e-12
ASNPHELAT2tc,Transport of L-Asparagine into the cell and efflux of L-Phenylalanine out of the cell by LAT2 on the basolateral surfaces of kidney and intestine and Amino Acid-Polyamine-Organocation (APC) TCDB:2.A.3.8.1,"Transport, extracellular",50934,-1000.0,1000.0
DCA3Sabc,Deoxycholic acid 3-sulfate ABC bile acid transporter,"Transport, extracellular",12780;239273;26357;76408,0.0,2.2364632870452092e-12
GLY3Pt,Glycerol phopshate free diffusion,"Transport, peroxisomal",,-1000.0,981.0400525900379
HMR_3953,HMR 3953,"Transport, endoplasmic reticular",,0.0,0.0
ASPGLUm,Aspartate-glutamate mitochondrial shuttle,"Transport, mitochondrial",50799;78830,0.0,5.4569682106375694e-12
GCA3St,Glycocholic acid 3-sulfate transport via bicarbonate countertransport,"Transport, extracellular",28253;101488,0.0,0.0
PRISTANALtx,Pristanal peroxisomal transport,"Transport, peroxisomal",,0.0,785.3648210316989
KCC2t,K+-Cl- cotransporter (NH4+),"Transport, extracellular",20499;107723;20498,-1000.0,1000.0
r0249,D-Ribose-5-phosphate ketol-isomerase Pentose phosphate pathway EC:5.3.1.6,Pentose phosphate pathway,19895,-1000.0,926.9038313918886
EX_fe3_e,Fe3+ exchange,Exchange/demand reaction,,0.0,1.6683543435647152e-11
HMR_0322,HMR 0322,"Transport, extracellular",225579;14077;14080;12140;26457;11770;16592;16204;12491;26568;26569;75497;21884,-2.6147972675971687e-12,1.609106010829027e-12
HMR_9617,HMR 9617,"Transport, extracellular",240332,0.0,1000.0
HMR_0273,HMR 0273,"Transport, extracellular",11303,0.0,2.600215205357293e-12
ARACHDFATPtc,Arachidonate (N-C18:1) Transport by FATP,"Transport, extracellular",26569;26457,0.0,2.0463630789890885e-12
r1652,Amino Acid-Polyamine-Organocation (APC) TCDB:2.A.3.8.1,"Transport, extracellular",20539,-1000.0,1000.0
RE3017R,RE3017,Eicosanoid metabolism,,0.0,6.110667527536862e-12
56DTHMtd,"Transport of 5, 6-Dihydrothymine, Diffusion","Transport, extracellular",,-1000.0,1000.0
r2246,Resistance-Nodulation-Cell Division (RND) TCDB:2.A.60.1.5,"Transport, extracellular",101488,0.0,1000.0
r2229,Resistance-Nodulation-Cell Division (RND) TCDB:2.A.60.1.5,"Transport, extracellular",101488,0.0,1000.0
r2394,Mitochondrial Carrier (MC) TCDB:2.A.29.7.2,"Transport, mitochondrial",13358,0.0,769.4644280179299
Htr,"H transporter, endoplasmic reticulum","Transport, endoplasmic reticular",,-1000.0000000000011,1000.0000000000164
r0483,(R)-3-Amino-2-methylpropanoate:2-oxoglutarate aminotransferase EC:2.6.1.22,Pyrimidine catabolism,268860,-1000.0,1000.0
r1641,Amino Acid-Polyamine-Organocation (APC) TCDB:2.A.3.8.1,"Transport, extracellular",20539,-1000.0,1000.0
r2493,Resistance-Nodulation-Cell Division (RND) TCDB:2.A.60.1.14,"Transport, extracellular",108096,0.0,1000.0
r2290,Resistance-Nodulation-Cell Division (RND) TCDB:2.A.60.1.5,"Transport, extracellular",101488,0.0,1000.0
SPHMYLN180241_hs_SECt,Transport of Sphingomyelin (D18:0/24:1),"Transport, extracellular",,0.0,3.276490190273762e-12
GLUN,Glutaminase,Glutamate metabolism,216456,0.0,6.59383658785373e-12
ACOADH100_m,Acyl-CoA dehydrogenase (10:0),Fatty acid oxidation,11364;229211,0.0,3.89945853385143e-11
HMGCOAtx,Hydroxymethylglutaryl-CoA reversible peroxisomal transport,"Transport, peroxisomal",,0.0,500.0000000000029
r2269,Resistance-Nodulation-Cell Division (RND) TCDB:2.A.60.1.5,"Transport, extracellular",101488,0.0,1000.0
EX_chsterol_e,Cholesterol exchange,Exchange/demand reaction,,-100.0,-3.4940934764941147
EX_pe203_hs_e,"Exchange of 1-Eicosatrienoylglycerophosphoethanolamine (Delta 11, 14, 17), Lpe (20:3)",Exchange/demand reaction,,0.0,0.0
PROSTGE1t,Prostaglandin transport via bicarbonate countertransport,"Transport, extracellular",24059,-1000.0,1000.0
EX_peste_hs_e,Exchange of 1-Stearoylglycerophosphoethanolamine,Exchange/demand reaction,,-1.3244516594568267e-11,0.0
TRDR3,Thioredoxin (ubiquinone 10) reductase (NADH),Miscellaneous,50493,0.0,2.1330492927518208e-11
FRDPtcr,Transport of Farnesyl diphosphate into the endoplasmic reticulum,"Transport, endoplasmic reticular",,-1000.0,1000.0
NRVNCABCt,"Transport of 15-Tetracosenoate, Diffusion","Transport, extracellular",26459;225579;26568;26569;26457;26458,0.0,0.0
HC02220t,Chenodeoxycholic acid 3-sulfate transport via bicarbonate countertransport,"Transport, extracellular",28253;101488,-1000.0,0.0
DTTPtn,DTTP diffusion in nucleus,"Transport, nuclear",,-997.7578953139141,1000.0
LTHSTRLOR,"Lathosterol, NADPH:oxygen 5-oxidoreductase",Cholesterol metabolism,235293,0.0,0.0
FAOXC12DCC10DCx,"Fatty Acid Beta Oxidation (C12Dc->C10Dc), Peroxisomal",Fatty acid oxidation,11430;74147;15488;235674,0.0,0.0
RNTR2,Ribonucleoside triphosphate reductase  GTP,Nucleotide interconversion,20133;20135;382985,-998.3047626474035,1.6952373526247504
HMR_9614,HMR 9614,"Transport, extracellular",13162,0.0,1000.0
DNDPt37m,DUTP transport via dTDP antiport,"Transport, mitochondrial",67283,0.0,7.389644451905042e-12
SK_doco13ecoa_c,Sink doco13ecoa[c],Exchange/demand reaction,,0.0,0.0
XOL24OHtr,"Transport of (24S)-24-Hydroxycholesterol, Endoplasmatic Reticulum, within Lipoproteins","Transport, endoplasmic reticular",,0.0,0.0
ADK1m,Adenylate kinase  mitochondrial,Nucleotide interconversion,11639;11637,-1000.0,1000.0
r0205,Sn-Glycerol-3-Phosphate: (Acceptor) 2-Oxidoreductase,Oxidative phosphorylation,14571,0.0,1.0530243343964685e-11
r1642,Amino Acid-Polyamine-Organocation (APC) TCDB:2.A.3.8.1,"Transport, extracellular",20539,-1000.0,1000.0
GLUt6,"Glutamate transport via Na, H symport and K antiport","Transport, extracellular",20510;242607;20511;20512;20513,337.66999999999996,337.67
HC00900t3,"Transport of Methylmalonate, Antiport with Thio-Sulphate","Transport, extracellular",,-1000.0,1000.0
4TMEABUTNt2,"Transport of 4- (Trimethylammonio)Butanoate, Proton Symport","Transport, extracellular",,-1000.0,1000.0
HMR_3340,3-Hydroxyacyl Coenzyme A Dehydrogenase,Fatty acid oxidation,74147;15488,0.0,2.6210145165350696e-12
EX_pcholpalm_hs_e,Exchange of 1-Palmitoylglycerophosphocholine,Exchange/demand reaction,,0.0,9.094947017729282e-13
r1631,Amino Acid-Polyamine-Organocation (APC) TCDB:2.A.3.8.1,"Transport, extracellular",20539,-1000.0,1000.0
r2286,Resistance-Nodulation-Cell Division (RND) TCDB:2.A.60.1.5,"Transport, extracellular",101488,0.0,1000.0
ASCBSVCTtc,Transport of L-Ascorbate by SVCT1 or SVCT2 transporter,"Transport, extracellular",54338;20522,0.0,0.0
GLU5SAtmc,"Glutamate semi-aldehyde transport, mitochondrial","Transport, mitochondrial",,231.58668187828388,631.5866818788343
PNTOt4,Pantothenate sodium symporter,"Transport, extracellular",,-1000.0,0.0
NDPK5n,"Nucleoside-diphosphate kinase (ATP:dGDP), nuclear",Nucleotide interconversion,18102;18103,-1000.0,1000.0
r0434,Palmitoyl-CoA:L-carnitine O-palmitoyltransferase Fatty acid metabolism EC:2.3.1.21,Fatty acid oxidation,12894;12896,-1000.0,1000.0
HMR_2851,HMR 2851,"Transport, endoplasmic reticular",20520,-2.2737367544323206e-12,0.0
RE1518M,RE1518M,Fatty acid oxidation,11363;11430,-2.091837814077735e-11,4.995115432393504e-12
LGNCFATPtc,Lignocerate Transport by FATP,"Transport, extracellular",26457;26458,0.0,0.0
HMR_0805,Globotriaosylceramide 3-Beta-N-Acetylgalactosaminyltransferase,Glycosphingolipid metabolism,26879,0.0,1.1368683772161603e-12
LEUTA,Leucine transaminase,"Valine, leucine, and isoleucine metabolism",12035,0.0,1000.0
HMR_0415,HMR 0415,"Transport, extracellular",11303,0.0,4.092726157978177e-12
r1051,Vesicular Transport,"Transport, endoplasmic reticular",,-1000.0,1000.0000000000009
BETBGTtc,Betaine Transport by Bgt,"Transport, extracellular",14411,-1000.0,1000.0
FT,"Trans,trans,cis-geranylgeranyl diphosphate synthase",N-glycan synthesis,,0.0,1000.0
CRVNCtr,Fatty acid transport via diffusion,"Transport, extracellular",,-1000.0,1000.0
r1654,Amino Acid-Polyamine-Organocation (APC) TCDB:2.A.3.8.1,"Transport, extracellular",20539,-1000.0,1000.0
r2139,Resistance-Nodulation-Cell Division (RND) TCDB:2.A.60.1.14,"Transport, extracellular",108096,-1000.0,1000.0
RE3626M,Acyl Coenzyme A Oxidase,Fatty acid oxidation,11430,0.0,4.092726157978177e-12
ODECRNte,Transport of L-Oleoylcarnitine,"Transport, extracellular",20520,0.0,1000.0
ME2,Malic enzyme (NADP),Pyruvate metabolism,17436,0.0,7.503331289626658e-12
RE2078M,RE2078,Eicosanoid metabolism,,-1000.0,1000.0
FAS80COA_L,Fatty acyl CoA synthase  n C80CoA   lumped reaction,Fatty acid synthesis,14104,0.0,1.986974822017159e-12
EX_sphmyln180241_hs_e,Exchange of Sphingomyelin (D18:0/24:1),Exchange/demand reaction,,0.0,4.629185923477053e-12
SCP21cx,Transport of phytanoylcoa from cytosol to peroxisomes.,"Transport, peroxisomal",19299,0.0,0.0
r2231,Resistance-Nodulation-Cell Division (RND) TCDB:2.A.60.1.5,"Transport, extracellular",101488,0.0,1000.0
r1468,Postulated transport reaction,"Transport, mitochondrial",,-1000.0000000000052,1000.0
HMR_2827,Carnitine O-Acetyltransferase,"Transport, endoplasmic reticular",12908,-2.5011104298755527e-12,1000.0
HMR_8086,HMR 8086,"Transport, golgi apparatus",,0.0,0.0
HMR_0299,HMR 0299,"Transport, extracellular",11303,0.0,2.4278093796764373e-12
HMR_0750,Sphingosine N-Acyltransferase,Sphingolipid metabolism,241447;71949;93898;545975;67260;76893,0.0,2.3874235921539366e-12
RE0915C,Alpha-Amylase,Starch and sucrose metabolism,,0.0,0.0
TYMte2,"Tyraminium Proton Symport, Cytosol","Transport, extracellular",243328,-1000.0,1000.0
LPS3,Lipase,Triacylglycerol synthesis,23945,0.0,3.751665644813329e-12
PNP,Purine nucleoside phosphorylase,NAD metabolism,18950;667034,0.0,2.0463630789890885e-12
HMR_9627,HMR 9627,"Transport, endoplasmic reticular",,0.0,1.3125810389654896e-12
MANt1r,Mannose transport (uniport),"Transport, extracellular",20527;20525;20526,-1000.0,1000.0
DNDPt15m,DUDP transport via dGDP antiport,"Transport, mitochondrial",67283,0.0,3.637978807091713e-12
ACOAR2m,Trans-2-enoyl-CoA reductase (NADPH) (C6:0),Fatty acid oxidation,26922;111175,-1.0345502232667059e-11,3.922195901395753e-11
HMR_7748,Alpha-D-Glucose 6-Phosphate Ketol-Isomerase,Glycolysis/gluconeogenesis,14751,-1000.0,714.7489090743144
BALAt2r,Beta Alanine transport in via proton symport,"Transport, extracellular",215335,0.0,1000.0
r0734,(S)-Hydroxyhexanoyl Coenzyme A Hydro-Lyase,Fatty acid oxidation,93747;74147;97212,0.0,1.0497084682962546e-11
ACYP,Acylphosphatase,Glycolysis/gluconeogenesis,66204;75572;69519,0.0,0.0
NAt,Sodium transport (uniport),"Transport, extracellular",53881;114479;20537,-1000.0,1000.0
ASCBt,L-ascorbate transport via facilitated diffusion,"Transport, extracellular",,-1000.0,1000.0
DHRT_ibcoa,"Dihydrolipoyllysine-residue (2-methylpropanoyl)transferase, Isobutyryl-CoA forming","Valine, leucine, and isoleucine metabolism",13171,0.0,55.276344372157595
OCOAT1m,3-oxoacid CoA-transferase,"Valine, leucine, and isoleucine metabolism",67041;353371,0.0,8.526512829121202e-12
EX_pcholn15_hs_e,"Exchange of 1-Pentadecanoylglycerophosphocholine, Sn1-Lpc (15:0)",Exchange/demand reaction,,0.0,1.4779288903810084e-12
EX_pcholn225_hs_e,"Exchange of 1-Docosapentenoylglycerophosphocholine (Delta 7, 10, 13, 16, 19), Sn1-Lpc (22:5)-W3",Exchange/demand reaction,,0.0,1.5916157281026244e-12
ISOCHOLt2,Isocholic acid transport via sodium cotransport,"Transport, extracellular",20493;20494,0.0,1000.0
DM_dctp_n,"Demand for dCTP, Nuclear",Exchange/demand reaction,,389.69188387708425,389.6918838771004
r1467,Postulated transport reaction,"Transport, mitochondrial",,-1000.0000000000033,1000.0
r1568,Amino Acid-Polyamine-Organocation (APC) TCDB:2.A.3.8.1,"Transport, extracellular",20539,-1000.0,1000.0
HMR_1916,HMR 1916,"Transport, golgi apparatus",18145;110611,0.0,2.5011104298755527e-12
HMR_3951,HMR 3951,"Transport, extracellular",,-1000.0,1000.0
HACD4p,3 hydroxyacyl CoA dehydrogenase  3 oxodecanoyl CoA   peroxisomal,Fatty acid oxidation,15107;74147;97212,-2.3305801732931286e-12,0.0
r2342,Organic anion transporter 5 Utilized transport,"Transport, extracellular",236149;319800;236293;434674;207151;171405,-1000.0,1000.0
SK_HC01115_c,Sink HC01115[c],,,999.9999999999789,1000.0000000000026
ESTRADIOLtr,Estradiol intracellular transport,"Transport, endoplasmic reticular",,0.0,1000.0
r2248,Resistance-Nodulation-Cell Division (RND) TCDB:2.A.60.1.5,"Transport, extracellular",101488,0.0,1000.0
r0193,L-Cysteine L-homocysteine-lyase (deaminating) Cysteine metabolism EC:4.4.1.1,Methionine and cysteine metabolism,107869,-1.7989294190260941e-12,4.661160346586257e-12
FAOXC8DCC6DCx,"Fatty Acid Beta Oxidation (C8Dc->C6Dc), Peroxisomal",Fatty acid oxidation,11430;74147;15488;235674,0.0,8.707046910533848e-13
ACGAM6PS,N acetylglucosamine 6 phosphate synthase,Aminosugar metabolism,54342,0.0,1.7394086171407253e-11
RE1804M,RE1804M,Bile acid synthesis,104086,-1000.0,0.0
GLXtm,"Glyoxylate transport, mitochondrial","Transport, mitochondrial",,-2.6147972675971687e-12,5.236083823231661e-12
B3GALT42g,"Beta-1,3-galactosyltransferase 4",Sphingolipid metabolism,54218,0.0,0.0
GDCA3Sabc,Glycodeoxycholic acid 3-sulfate ABC bile acid transporter,"Transport, extracellular",12780;239273;26357;76408,0.0,2.1600499167107046e-12
GD1Ctg,Gd1c hs  intracellular transport,"Transport, golgi apparatus",,-1.0658141036401503e-12,2.7284841053187847e-12
r1566,Amino Acid-Polyamine-Organocation (APC) TCDB:2.A.3.8.1,"Transport, extracellular",20539,-1000.0,1000.0
UMPtr,UMP transport (ER),"Transport, endoplasmic reticular",,-1000.0,1000.0
SK_lnlncacoa_c,Sink lnlncacoa[c],Exchange/demand reaction,,-5.115907697472721e-12,2.7284841053187847e-12
r0385,"3-methyl-2-oxobutanoate:[dihydrolipoyllysine-residue (2-methylpropanoyl)transferase] lipoyllysine 2-oxidoreductase (decarboxylating, acceptor-2-methylpropanoylating) EC:1.2.4.4",Miscellaneous,12039;320208;12040,0.0,55.276344372157254
r2538,Utilized transport,"Transport, endoplasmic reticular",,-1000.0,1000.0000000000053
FACOAL2252,Fatty-acid--CoA ligase,Fatty acid oxidation,14081,0.0,2.8421709430404007e-12
r0987,Vesicular transport,"Transport, lysosomal",,-1000.0000000000025,0.0
r2265,Resistance-Nodulation-Cell Division (RND) TCDB:2.A.60.1.5,"Transport, extracellular",101488,0.0,1000.0
UDCHOLt2,Ursodeoxycholic acid transport via sodium cotransport,"Transport, extracellular",20493;20494,0.0,1000.0
HMR_3330,Acyl Coenzyme A Oxidase,Fatty acid oxidation,80911;11430,0.0,4.0385472743764694e-12
r1634,Amino Acid-Polyamine-Organocation (APC) TCDB:2.A.3.8.1,"Transport, extracellular",20539,-1000.0,1000.0
HMR_2852,Carnitine O-Acetyltransferase,"Transport, endoplasmic reticular",12908,0.0,2.2737367544323206e-12
DESAT22_2p,Fatty acyl-CoA desaturase (n-C22:5CoA -> n-C22:6CoA),Fatty acid synthesis,,0.0,0.0
RE3525M,Arachidonate 12-Lipoxygenase,Arachidonic acid metabolism,,0.0,0.0
HC00900t2,"Transport of Methylmalonate, Antiport with Sulphate","Transport, extracellular",,-1000.0,1000.0
GTHRDt2,Glutathione transport,"Transport, extracellular",,-1000.0,0.0
FAOXC15NADPx,Fatty acid alpha oxidation(2-Hydroxyphytanoyl-CoA)(nadp)x,Fatty acid oxidation,11671;56794,0.0,1.4582328074545734e-12
r1593,Amino Acid-Polyamine-Organocation (APC) TCDB:2.A.3.8.1,"Transport, extracellular",20539,-1000.0,1000.0
HMR_3097,Acetyl Coenzyme A C-Acyltransferase,Fatty acid oxidation,17919;235674,0.0,1.618541558089323e-12
EX_M02613_e,EX M02613[e],Exchange/demand reaction,,-2.5011104298755527e-12,2.2737367544323206e-12
HMR_0208,HMR 0208,"Transport, extracellular",225579;14077;14080;12140;26457;11770;16592;16204;12491;26568;26569;75497;21884,0.0,2.1600499167107046e-12
AKR1C42,"Aldo-keto reductase family 1, member C4 (chlordecone reductase; 3-alpha hydroxysteroid dehydrogenase, type I; dihydrodiol dehydrogenase 4)",Bile acid synthesis,83702,0.0,1000.0
SK_odecoa_c,Sink odecoa[c],Exchange/demand reaction,,-1.6370904631912708e-11,6.983683974593055e-12
DTDPtn,DTDP nuclear transport,"Transport, nuclear",,-997.757895313914,1000.0
FOLOAT1tc,Folate Transport by Oat1,"Transport, extracellular",18399,-1000.0,1000.0
MAN6PI,Mannose-6-phosphate isomerase,Fructose and mannose metabolism,110119,0.0,0.0
URIDK2m,"Uridylate kinase (dUMP), mitochondrial",Nucleotide interconversion,21915,0.0,0.0
RE0453C,Nucleoside-Diphosphate Kinase,Pyrimidine synthesis,,-1000.0,1000.0
r1560,Amino Acid-Polyamine-Organocation (APC) TCDB:2.A.3.8.1,"Transport, extracellular",20539,-1000.0,1000.0
UDPGALt2r,"UDPgalactose Transport, Endoplasmatic Reticulum","Transport, endoplasmic reticular",,0.0,3.544755600159988e-10
r2256,Resistance-Nodulation-Cell Division (RND) TCDB:2.A.60.1.5,"Transport, extracellular",101488,0.0,1000.0
XYLTD_D,Xylitol dehydrogenase  D xyulose forming,Pentose phosphate pathway,,0.0,0.0
r2200,Resistance-Nodulation-Cell Division (RND) TCDB:2.A.60.1.5,"Transport, extracellular",101488,-1000.0,0.0
r2150,Resistance-Nodulation-Cell Division (RND) TCDB:2.A.60.1.14,"Transport, extracellular",108096,-1000.0,0.0
r0784,Xylitol:NAD oxidoreductase Pentose and glucuronate interconversions EC:1.1.1.15,Pentose phosphate pathway,,-1000.000000000005,1000.0
EX_mlthf_e,"Exchange of 5,10-Methylenetetrahydrofolate",Exchange/demand reaction,,-100.0,-99.99999999998215
DNDPt32m,DGDP transport via ATP antiport,"Transport, mitochondrial",67283,0.0,3.822719918389339e-12
DNDPt41m,DUTP transport via dCDP antiport,"Transport, mitochondrial",67283,0.0,3.410605131648481e-12
r2303,Resistance-Nodulation-Cell Division (RND) TCDB:2.A.60.1.5,"Transport, extracellular",101488,0.0,1000.0
FAOXC12C12OHm,"Fatty Acid Beta Oxidation (C12->Ohc12), Mitochondrial",Fatty acid oxidation,93747;11364,0.0,2.6489033189136535e-11
PPAP,Phosphatidic acid phosphatase,Triacylglycerol synthesis,50784;19012;67916,0.0,1.7532642004880472e-12
HMR_2295,Stearoyl Coenzyme A 9-Desaturase,Fatty acid synthesis,20249,0.0,4.785505325344275e-12
OCDCEAt,Octadecenoate  n C181  transport in via uniport,"Transport, extracellular",26459,-1000.0,1000.0
HMR_3864,HMR 3864,"Transport, mitochondrial",50799;78830,0.0,7.048583938740194e-12
r0990,Postulated transport reaction,"Transport, peroxisomal",,-1.6938150862028234e-12,3.737454790098127e-12
HMR_2711,Carnitine O-Palmitoyltransferase,Fatty acid oxidation,12894;12895;78070,-1000.0,1000.0000000000017
r0610,CTP:D-Tagatose 6-phosphate 1-phosphotransferase Galactose metabolism EC:2.7.1.11,Miscellaneous,18641,-1000.0,1000.0
CO2tg,CO2 Golgi transport,"Transport, golgi apparatus",,0.0,0.0
r1549,Amino Acid-Polyamine-Organocation (APC) TCDB:2.A.3.8.1,"Transport, extracellular",20539,-1000.0,1000.0
ADPtx,"ADP transporter, peroxisomal","Transport, peroxisomal",,-1000.0,1000.0
ST3GAL22g,"CMP-N-acetylneuraminate-beta-galactosamide-alpha-2,3-sialyltransferase, Golgi apparatus",Sphingolipid metabolism,20444,0.0,0.0
SPODMn,"Superoxide dismutase, nuclear",ROS detoxification,20655,0.0,3.0340174816956278e-12
r1522,ATP-binding Cassette (ABC) TCDB:3.A.1.211.1,"Transport, extracellular",11303,0.0,0.0
DMNONCRNt,"4,8 dimethylnonanoyl crn transport",Fatty acid oxidation,,-1000.0,1000.0
r0511,"Steroyl Coenzyme A, Hydrogen-Donor:Oxygen Oxidoreductase Polyunsaturated Fatty Acid Biosynthesis",Miscellaneous,20249,0.0,6.643574579356937e-12
r2302,Resistance-Nodulation-Cell Division (RND) TCDB:2.A.60.1.5,"Transport, extracellular",101488,0.0,1000.0
C05770te,Transport by Atb Binding Cassette Transporter ABCc2 into Extracellular Space,"Transport, extracellular",12780;74104,0.0,0.0
UDCHOLt,Ursodeoxycholic acid transport via bicarbonate countertransport,"Transport, extracellular",106407;28253;101488;330962,-1000.0,0.0
r1563,Amino Acid-Polyamine-Organocation (APC) TCDB:2.A.3.8.1,"Transport, extracellular",20539,-1000.0,1000.0
DUTPDPn,"DUTP diphosphatase, nuclear",Nucleotide interconversion,110074,0.0,2.9558577807620168e-12
HMR_0370,Palmitoyl Coenzyme A Hydrolase,Fatty acid oxidation,171210;217700;12012;70025;171281;171282,0.0,2.0463630789890885e-12
SMVtv,Uptake of simvastatin by enterocytes,Drug metabolism,,-1000.0,1000.0
r1625,Amino Acid-Polyamine-Organocation (APC) TCDB:2.A.3.8.1,"Transport, extracellular",20539,-1000.0,1000.0
3ISPVStep,3-alpha-iso-pravastatin exit into portal blood,Drug metabolism,,-1000.0,1000.0
r2312,Resistance-Nodulation-Cell Division (RND) TCDB:2.A.60.1.14,"Transport, extracellular",108096,-1000.0,1000.0
HMR_3328,3-Hydroxyacyl Coenzyme A Dehydrogenase,Fatty acid oxidation,74147;15488,0.0,0.0
HMR_0201,Palmitoyl Coenzyme A Hydrolase,Fatty acid oxidation,171210;217700;12012;70025;171281;171282,0.0,1.8189894035458565e-12
EX_sphmyln18115_hs_e,Exchange of Sphingomyelin (D18:1/15:0),Exchange/demand reaction,,0.0,4.206412995699793e-12
MANt4,D-mannose transport via sodium cotransport,"Transport, extracellular",230612;109342,-1000.0,1000.0
r2301,Resistance-Nodulation-Cell Division (RND) TCDB:2.A.60.1.5,"Transport, extracellular",101488,0.0,1000.0
C180CPT1,Carnitine O-stearoyl transferase,Fatty acid oxidation,12894;12895;78070,-1.8189894035458565e-12,0.0
DUMPtn,DUMP nuclear transport,"Transport, nuclear",,0.0,0.0
ACACT6p,Acetyl CoA C acetyltransferase  dodecanoyl   peroxisomal,Fatty acid oxidation,235674,0.0,1.9497292669257147e-12
KAS8,"B-ketoacyl synthetase (palmitate, n-C16:0)",Fatty acid synthesis,54326;170439;68801;14104,0.0,5.530770848574869e-13
NDPK1m,"Nucleoside-diphosphate kinase (ATP:GDP), mitochondrial",Nucleotide interconversion,54369;56520,-1000.0,1000.0
DNDPt61m,DGTP transport via dTDP antiport,"Transport, mitochondrial",67283,0.0,3.183231456205249e-11
DNDPt14m,DUDP transport via dTDP antiport,"Transport, mitochondrial",67283,0.0,2.2421046860933984
TCA3Sabc,Taurocholic acid 3-sulfate ABC bile acid transporter,"Transport, extracellular",12780;239273;26357;76408,0.0,0.0
DM_ascb__L_c,Demand for  Ascorbic Acid,Exchange/demand reaction,,0.0,80.20999744437006
ACNAMt2,N-acetylneuraminate proton symport,"Transport, extracellular",,0.0,2.1827872842550278e-11
r2242,Resistance-Nodulation-Cell Division (RND) TCDB:2.A.60.1.5,"Transport, extracellular",101488,0.0,1000.0
PPASMCT1,Propionate Transport by Smct1,"Transport, extracellular",216225,-1000.0,1000.0
CALAtr,Transport of 3-Ureidopropionate,"Transport, extracellular",,-1000.0,1000.0
TMNDNCt,Fatty acid transport via diffusion,"Transport, extracellular",,0.0,1.776894785287603e-12
G6PPer,"Glucose-6-phosphate phosphatase, edoplasmic reticular",Glycolysis/gluconeogenesis,14377;68401;14378,0.0,0.0
PROt4_2_r,PROt4 LPAREN 2 RPAREN r,"Transport, extracellular",240332,-1000.0,1000.0
SPHMYLN18115_hs_SECt,Transport of Sphingomyelin (D18:1/15:0),"Transport, extracellular",,0.0,5.948574965941589e-12
r0557,Glutaryl-CoA:dihydrolipoamide S-succinyltransferase Lysine degradation EC:2.3.1.61,Miscellaneous,78920,0.0,4.733956110762069e-12
SPHMYLN1825_hs_SECt,Transport of Sphingomyelin (D18:0/25:0),"Transport, extracellular",,0.0,5.948574965941589e-12
3HPVSTETCOAitm,3HPVSTETCOAitm,Drug metabolism,,0.0,3.3557202768784508e-12
EX_pcholhep_hs_e,Exchange of 1-Heptadecanoylglycerophosphocholine,Exchange/demand reaction,,0.0,1.2505552149377763e-12
HMR_0837,"Beta-Galactoside Alpha-2, 3-Sialyltransferase",Glycosphingolipid metabolism,20443;20444;20442,0.0,2.1600499167107046e-12
HMR_1081,Leukotriene-C4 Synthase,Leukotriene metabolism,17001,199.99999999998545,199.9999999999999
DM_Asn_X_Ser_Thr_l,DM Asn  X  Ser FSLASH Thr LPAREN ly RPAREN,Exchange/demand reaction,,0.0,0.0
GLYVESSEC_1,Secretion of Glycine  via Secretory Vesicle (ATP Driven),"Transport, extracellular",22348,0.0,1.5916157281026244e-12
PSFLIP,Phosphatidylserine flippase,"Transport, extracellular",11980;11982,0.0,1.0275541101761449e-12
SK_chol_c,Sink chol[c],Exchange/demand reaction,,-691.6281603186333,-491.62816031822103
r2323,Resistance-Nodulation-Cell Division (RND) TCDB:2.A.60.1.2,"Transport, extracellular",24059,-1000.0,0.0
HMR_5389,"1, 2-Dihydroxy-5- (Methylthio)Pent-1-En-3-One:Oxygen Oxidoreductase (Formate-Forming)",Methionine and cysteine metabolism,104923,0.0,2.0311714192921894e-12
C05770te4,Transport by OATP1B Carriers into Extracellular Space,"Transport, extracellular",28253;101488,0.0,0.0
RE2799C,Prostaglandin-F Synthase,Eicosanoid metabolism,,-1000.0,1000.0
CITt4_3,Citrate transport via sodium symport (1:3),"Transport, extracellular",114644;330836,0.0,1000.0
HPYRRy,Hydroxypyruvate reductase (NADPH),Glyoxylate and dicarboxylate metabolism,76238,0.0,6.252776074688882e-12
AGTim,Alanine---glyoxylate aminotransferase,Alanine and aspartate metabolism,268782;71760,0.0,3.446066902636139e-12
PYK6,RE2954,Pyrimidine synthesis,18746,-769.4644280179049,1000.0
CA2t,Calcium (Ca+2) transport via diffusion (extracellular to periplasm),"Transport, extracellular",,-1000.0,1000.0
ALAt4,Alanine-Sodium symporter,"Transport, extracellular",11987;67760;11988;11989;57394;105727;69354;70008;56774;74338,0.0,1000.0
H2Otp,H2O transport  peroxisomal,"Transport, peroxisomal",,-1000.0,-214.63517896831155
HMR_0300,HMR 0300,"Transport, extracellular",225579;14077;14080;12140;26457;11770;16592;16204;12491;26568;26569;75497;21884,0.0,2.6342622522146103e-12
FACOAL240_1,Fatty-Acid- Coenzyme A Ligase,Fatty acid oxidation,14081,0.0,2.3874235921539366e-12
r0744,"(24R,25R)-3alpha,7alpha,12alpha,24-tetrahydroxy-5beta-cholestanoyl- CoA hydro-lyase Bile acid biosynthesis EC:4.2.1.107",Bile acid synthesis,15488,0.0,1.5365510132127437e-12
SK_for_c,Sink for(c),Exchange/demand reaction,,0.0,3.637978807091713e-12
FATP3t,Fatty acid electroneutral transport,"Transport, extracellular",26457,0.0,0.0
PUNP7,Purine-nucleoside phosphorylase (Xanthosine),Nucleotide interconversion,18950;667034,-1000.0,-99.99999999999562
FAOXC16OHC16r,"Fatty Acid Omega Oxidation (C16->W-Ohc16), Endoplasmatic Reticulum",Fatty acid oxidation,72054;170716,0.0,8.722546550317703e-13
EX_pcholn2254_hs_e,"Exchange of 1-Docosapentenoylglycerophosphocholine (Delta 4, 7, 10, 13, 16), Sn1-Lpc (22:5)-W6",Exchange/demand reaction,,0.0,1.5916157281026244e-12
HPDCAt,Fatty acid transport via diffusion,"Transport, extracellular",,0.0,0.0
CATp,Catalase A  peroxisomal,Miscellaneous,12359,40.10499872210251,40.10499872216909
GHMT2r,"Glycine hydroxymethyltransferase, reversible","Glycine, serine, alanine, and threonine metabolism",20425,192.29623683365287,550.7568595768889
EX_sphmyln1825_hs_e,Exchange of Sphingomyelin (D18:0/25:0),Exchange/demand reaction,,0.0,7.958078640513122e-12
DNDPt17m,DUDP transport via dCDP antiport,"Transport, mitochondrial",67283,0.0,2.6147972675971687e-12
LTC4CP,Leukotriene C4 carboxypeptidase,Eicosanoid metabolism,,-900.0000000003615,1000.0
HMR_3336,3-Hydroxyacyl Coenzyme A Dehydrogenase,Fatty acid oxidation,74147;15488,0.0,0.0
HMR_9613,HMR 9613,"Transport, extracellular",14412;232333;243616,0.0,1000.0
r1656,Amino Acid-Polyamine-Organocation (APC) TCDB:2.A.3.8.1,"Transport, extracellular",20539,-1000.0,1000.0
EX_sphs1p_e,Sphingosine 1-phosphate exchange,Exchange/demand reaction,,0.0,0.0
UPPN,B-ureidopropionase,Pyrimidine catabolism,103149,483.63403934672937,483.634039346754
EX_lac__D_e,D-lactate exchange,Exchange/demand reaction,,-100.0,-99.99999999998471
r2281,Resistance-Nodulation-Cell Division (RND) TCDB:2.A.60.1.5,"Transport, extracellular",101488,0.0,1000.0
PCHOLN281_HSte,Transport of Lysopc A C28:1 (Delta 5),"Transport, extracellular",,-3.296918293926865e-12,0.0
DNDPt18m,DUDP transport via ADP antiport,"Transport, mitochondrial",67283,0.0,3.489653011001792e-12
r0706,"Acyl-Coenzyme A dehydrogenase family, member 9 Bile acid biosynthesis EC:1.3.3.6",Bile acid synthesis,229211,0.0,1.3642420526593924e-12
r0321,Acetoacetate:CoA ligase (AMP-forming) Butanoate metabolism EC:6.2.1.16,Cholesterol metabolism,78894,0.0,3.410605131648481e-12
r2271,Resistance-Nodulation-Cell Division (RND) TCDB:2.A.60.1.5,"Transport, extracellular",101488,0.0,1000.0
r1444,Acyl-CoA Oxidase,Fatty acid oxidation,80911;11430,0.0,1.9113131265033047e-12
EX_chol_e,Choline exchange,Exchange/demand reaction,,-100.0,100.0
r2486,Resistance-Nodulation-Cell Division (RND) TCDB:2.A.60.1.14,"Transport, extracellular",108096,0.0,1000.0
BUTSMCT1,Butyrate Transport by Smct1,"Transport, extracellular",216225,-1000.0,1000.0
NDPK7n,"Nucleoside-diphosphate kinase (ATP:dCDP), nuclear",Nucleotide interconversion,18102;18103,-1000.0,1000.0
FACOAL184,Fatty-acid--CoA ligase,Fatty acid oxidation,14081,0.0,2.0463630789890885e-12
r2509,Utilized transport,"Transport, endoplasmic reticular",,-1000.0,1000.0
56DURAtd,"Transport of 5, 6-Dihydrouracil, Diffusion","Transport, extracellular",,-1000.0,1000.0
r2282,Resistance-Nodulation-Cell Division (RND) TCDB:2.A.60.1.5,"Transport, extracellular",101488,0.0,1000.0
RPE,Ribulose 5-phosphate 3-epimerase,Pentose phosphate pathway,66646,-1000.0,1000.0
DESAT16_2,Palmitoyl-CoA desaturase (n-C16:0CoA -> n-C16:1CoA),Fatty acid synthesis,20249,0.0,4.964072529558189e-12
r1649,Amino Acid-Polyamine-Organocation (APC) TCDB:2.A.3.8.1,"Transport, extracellular",20539,-1000.0,1000.0
MALtm,Malate transport  mitochondrial,"Transport, mitochondrial",27376,-1000.0,1000.0
HMR_5387,"5- (Methylthio)-2, 3-Dioxopentyl-Phosphate Phosphohydrolase (Isomerizing)",Methionine and cysteine metabolism,67870,0.0,1.5588216935603361e-12
r1661,Amino Acid-Polyamine-Organocation (APC) TCDB:2.A.3.8.1,"Transport, extracellular",20539,-1000.0,1000.0
COAtim,CoA transporter  mitochondrial   irreversible,"Transport, mitochondrial",73132,-1000.0,1000.0
r2379,Mitochondrial Carrier (MC) TCDB:2.A.29.7.2,"Transport, mitochondrial",13358,-1000.0,1000.0
PRISTCOAtx,Pristcoa peroxisomal transport,"Transport, peroxisomal",,0.0,0.0
RE1901R,Retinal Dehydrogenase,Vitamin A metabolism,,-1000.0,0.0
FE3t,"Ferric iron uptake, plasma membrane","Transport, extracellular",53945,-3.035438567167148e-11,0.0
NAHCO3_HCLt,Bicarbonate transport (HCl/NaHCO3 exchange),"Transport, extracellular",94229;59033,-1000.0,1000.0
r0196,Succinyl Coenzyme A:Glycine C-Succinyl-Transferase (Decarboxylating),Miscellaneous,11656;11655,-1000.0,2.6147972675971687e-12
r1609,Amino Acid-Polyamine-Organocation (APC) TCDB:2.A.3.8.1,"Transport, extracellular",20539,-1000.0,1000.0
FAOXC140120m,Beta oxidation of long chain fatty acid,Fatty acid oxidation,11370;97212;231086,0.0,9.019155792581538e-12
TYRDOPO,Tyrosine:dopa oxidase,Tyrosine metabolism,22173,0.0,3.2578384434600594e-12
C161CPT22,C161 transport into the mitochondria,Fatty acid oxidation,12896,-8.911157273385611e-12,1.5212719972623745e-11
DNDPt13m,DADP transport via ATP antiport,"Transport, mitochondrial",67283,0.0,2.9558577807620168e-12
ATVLACtdhc,Passive diffusion of atorvastatin lactone into hepatocytes,Drug metabolism,,-1000.0,1000.0
HDCAt,Hexadecanoate  n C160  transport in via uniport,"Transport, extracellular",26459,-1000.0,1000.0
CYOOm3i,CYOOm3i,Oxidative phosphorylation,12867;84682;12868;66142;333182;20463;12857;12858;12859;110323;12861;78174;12862;75483;12864;17708;12865;17709;12866;17710,67.534,67.53400000002488
FAOXC183803m,Beta oxidation of fatty acid,Fatty acid oxidation,11364;11409,0.0,4.0955812229002425e-12
HMR_0307,HMR 0307,"Transport, extracellular",11303,0.0,0.0
ARACHDt2,Fatty acid transport via diffusion,"Transport, extracellular",26459,-1000.0,1000.0
SK_met__L_c,Sink met L[c],Exchange/demand reaction,,-1000.0,-926.2074994160408
SERLYSNaex,Serine/Lysine Na-dependent exchange (Ser in),"Transport, extracellular",20540;20532,0.0,1000.0
NH4t,Ammonia reversible transport,"Transport, extracellular",,-1000.0,1000.0
PROSTGE2t2,Prostaglandin uniport,"Transport, extracellular",20518;20517,-1000.0,1000.0
r2285,Resistance-Nodulation-Cell Division (RND) TCDB:2.A.60.1.5,"Transport, extracellular",101488,0.0,1000.0
r2311,Resistance-Nodulation-Cell Division (RND) TCDB:2.A.60.1.14,"Transport, extracellular",108096,-1000.0,1000.0
INSt2,Inosine transport in via proton symport,"Transport, extracellular",114304,-1000.0,1000.0
r1457,Hexadecanal:NADP+ delta2-oxidoreductase EC:1.3.1.27,Sphingolipid metabolism,,0.0,7.882287415365378e-12
KSII_CORE2t,"Keratan sulfate II (core2) transport, golgi to extracellular","Transport, extracellular",,-1.6484591469634324e-12,0.0
HMR_2653,Carnitine O-Acetyltransferase,"Transport, mitochondrial",12908;12896,-2.0463630789890885e-12,0.0
r2252,Resistance-Nodulation-Cell Division (RND) TCDB:2.A.60.1.5,"Transport, extracellular",101488,0.0,1000.0
r1459,Transport reaction,"Transport, nuclear",,-9.549694368615747e-13,0.0
EX_h_e,H+ exchange,Exchange/demand reaction,,-100.0,-99.99999999964643
r1574,Amino Acid-Polyamine-Organocation (APC) TCDB:2.A.3.8.1,"Transport, extracellular",20539,-1000.0,1000.0
SPHMYLNtg,Sphingomyelin intracellular transport,"Transport, golgi apparatus",,-2.9948393966026945,2.9558577807620168e-12
DUDPtn,DUDP nuclear transport,"Transport, nuclear",,-1000.0,809.1537336378286
L_LACt4r,L-lactate reversible transport via sodium symport,"Transport, extracellular",216225,-1000.0,1000.0
G3PD2,Glycerol-3-phosphate dehydrogenase (NADP),Glycerophospholipid metabolism,14555,-1000.0,0.0
PSHSABCtc,Phosphatidylserine Transport by ABCa1,"Transport, extracellular",11303,0.0,0.0
CITtcm,Citrate transport  mitochondrial,"Transport, mitochondrial",13358,-1000.0,1000.0
EX_galgluside_hs_e,Exchange of Galactosyl Glucosyl Ceramide,Miscellaneous,,0.0,1.1254996934439987e-11
RE2349C,Kynurenine-Oxoglutarate Transaminase,Tryptophan metabolism,70266,-1000.0,0.0
HMR_6583,"Phosphatidylinositol-3, 4, 5-Trisphosphate 3-Phosphatase",Inositol phosphate metabolism,19211;234129,0.0,500.0
FADDPle,FAD diphosphatase,Vitamin B2 metabolism,18605,0.0,0.0
ICITt_x,Isocitrate shuttle,"Transport, peroxisomal",,-1000.0,1000.0
EX_sphmyln18123_hs_e,Exchange of Sphingomyelin (D18:1/23:0),Exchange/demand reaction,,0.0,0.0
r2400,Mitochondrial Carrier (MC) TCDB:2.A.29.19.1,"Transport, mitochondrial",83885,0.0,6.59383658785373e-12
ADKd,Adenylate kinase (d form),Nucleotide interconversion,229949,-1000.0,1000.0
r2518,ATP-binding Cassette (ABC) TCDB:3.A.1.203.1,"Transport, peroxisomal",19299,0.0,2.231040299059097e-12
FAOXC16Brx,Phyt fatty acid activation,Fatty acid oxidation,26458,0.0,1.1368683772161603e-12
r0809,Facilitated diffusion,Purine catabolism,,-1000.0,1000.0
DESAT18_5,Stearoyl-CoA desaturase (n-C18:0CoA -> n-C18:1CoA),Fatty acid synthesis,20249,0.0,5.132148674290095e-12
HMR_2865,HMR 2865,"Transport, endoplasmic reticular",20520,-1.9753088054130785e-12,2.020783540501725e-11
DSREDUCr,Desmosterol Reductase,Squalene and cholesterol synthesis,74754,0.0,0.0
r2296,Resistance-Nodulation-Cell Division (RND) TCDB:2.A.60.1.5,"Transport, extracellular",101488,0.0,1000.0
r1628,Amino Acid-Polyamine-Organocation (APC) TCDB:2.A.3.8.1,"Transport, extracellular",20539,-1000.0,1000.0
SUCCt4_2,Succinate transport via sodium symport,"Transport, extracellular",20500,-1000.0,0.0
MALICITtm,"Dicarboxylate/tricarboxylate carrier (mal:icit), mitochondrial","Transport, mitochondrial",13358,-1000.0,1000.0
THRt4,L-threonine  via sodium symport,"Transport, extracellular",57394;105727;70008;67760;56774;74338,0.0,1000.0
HC02149td,"Transport of O-Propanoylcarnitine, Sodium Symport","Transport, extracellular",,-1000.0,0.0
HACD5p,3 hydroxyacyl CoA dehydrogenase  3 oxodecanoyl CoA   peroxisomal,Fatty acid oxidation,15107;74147;97212,-1.807620719773695e-12,0.0
NADPtru,"NADP transporter, endoplasmic reticulum","Transport, endoplasmic reticular",,0.0,1000.0
C181CPT1,Carnitine octadecenoyl transferase,Fatty acid oxidation,12894;12895;78070,-1000.0,1000.0
GCC2bim,Glycine cleavage system  lipoamide  irreversible  mitochondrial,"Glycine, serine, alanine, and threonine metabolism",68133;13382;104174;434437,0.0,358.4606227432123
THCHOLSTOICtm,"Lipid, flip-flop intracellular transport","Transport, peroxisomal",,-1000.0,1000.0
r2226,Resistance-Nodulation-Cell Division (RND) TCDB:2.A.60.1.5,"Transport, extracellular",101488,0.0,1000.0
METt4,L-methionine transport in via sodium symport,"Transport, extracellular",20520;57394;105727;70008;67760;56774;74338,0.0,1000.0
r1472,Long-Chain-Acyl Coenzyme A Dehydrogenase,Fatty acid oxidation,11363,0.0,1.5006662579253316e-11
CE2510ABCt,"Transport of 11-Cis-Eicosenoate, Active","Transport, extracellular",26459;225579;26568;26569;26457;26458,0.0,1.9651325218854703e-12
r0715,(S)-3-Hydroxyhexadecanoyl Coenzyme A:NAD+ Oxidoreductase,Fatty acid oxidation,15107;74147;97212,0.0,2.4158453015843406e-12
r1595,Amino Acid-Polyamine-Organocation (APC) TCDB:2.A.3.8.1,"Transport, extracellular",20539,-1000.0,1000.0
r2240,Resistance-Nodulation-Cell Division (RND) TCDB:2.A.60.1.5,"Transport, extracellular",101488,0.0,1000.0
SK_asp__L_c,Sink asp L[c],Exchange/demand reaction,,876.6430390855456,876.6430390860756
CHSTEROLt3,Cholesterol intracellular transport,"Transport, mitochondrial",,-1000.0,1000.000000000001
DNDPt1m,DATP transport via ADP antiport,"Transport, mitochondrial",67283,0.0,2.1600499167107046e-12
ITCOALm,Itaconate  CoA ligase  ADP forming   mitochondrial,C5-branched dibasic acid metabolism,20916;56451,0.0,1000.0
FAOXC183806m,Beta oxidation of fatty acid,Fatty acid oxidation,11364;11409,0.0,3.73261698104128e-12
HDCEAt,Hexadecenoate  n C161  transport in via uniport,"Transport, extracellular",26458,-1000.0,1000.0000000000017
r2321,Resistance-Nodulation-Cell Division (RND) TCDB:2.A.60.1.2,"Transport, extracellular",24059,-1000.0,0.0
PMTCOAtx,Fatty acid intracellular transport,"Transport, peroxisomal",,-1000.000000000002,1000.0000000000018
SK_ala__L_c,Sink ala L[c],Exchange/demand reaction,,291.87323161853146,691.8732316193494
ACACT5m,Acetyl-CoA C-acyltransferase (C12:0),Fatty acid oxidation,52538;231086;235674,-7.342274936187701e-12,4.092726157978177e-12
DNDPt39m,DUTP transport via dGDP antiport,"Transport, mitochondrial",67283,0.0,3.410605131648481e-12
r0819,Mitochondrial Carrier (MC) TCDB:2.A.29.2.2,"Transport, mitochondrial",27376,-1000.0,1000.0
HMR_2648,Carnitine O-Palmitoyltransferase,Fatty acid oxidation,12894;12895;78070,0.0,2.9558577807620168e-12
GUAPRT,Guanine phosphoribosyltransferase,Nucleotide salvage pathway,15452,0.0,2.1600499167107046e-12
SK_xol7ah3_c,"Sink for 5Beta-Cholestane-3Alpha, 7Alpha, 26-Triol",Exchange/demand reaction,,-631.7455843686394,-166.78387750804984
TCHOLAt,Taurocholate transport via bicarbonate countertransport,"Transport, extracellular",28253;108096;108115;101488,-1000.0,1000.0
ASCBt5,L-ascorbate transport via proton symport (1:2 ascb/na ratio),"Transport, extracellular",20522,0.0,1000.0
ODECOAtx,Fatty acid intracellular transport,"Transport, peroxisomal",,-3.140598892059643e-12,0.0
r2223,Resistance-Nodulation-Cell Division (RND) TCDB:2.A.60.1.5,"Transport, extracellular",101488,0.0,1000.0
GSNt2,Guanosine transport in via proton symport,"Transport, extracellular",114304,-1000.0,900.000000000004
3HPVSCOAitm,3HPVSCOAitm,Drug metabolism,,-3.47455397786689e-12,0.0
HMR_3339,Enoyl Coenzyme A Hydratase,Fatty acid oxidation,74147,0.0,1.3571366253017914e-12
O2tp,O2 transport glycosome,"Transport, peroxisomal",,28.269012555624755,28.26901255577515
SPHMYLNtl,Sphingomyelin intracellular transport,"Transport, lysosomal",,0.0,2.2737367544323206e-12
4HATVLACtep,Efflux of 4-hydroxy-atorvastatin-lactone into portal blood,Drug metabolism,,-1000.0,1000.0
MGCHrm,Methylglutaconyl-coa hydratase,"Valine, leucine, and isoleucine metabolism",11992,0.0,2.5011104298755527e-12
HMR_3326,Acyl Coenzyme A Oxidase,Fatty acid oxidation,80911;11430,0.0,1.4424017535930034e-12
CA3Sabc,Cholic acid 3-sulfate ABC bile acid transporter,"Transport, extracellular",12780;239273;26357;76408,0.0,0.0
r1660,Amino Acid-Polyamine-Organocation (APC) TCDB:2.A.3.8.1,"Transport, extracellular",20539,-1000.0,1000.0
RNTR4,Ribonucleoside triphosphate reductase  UTP,Nucleotide interconversion,20133;20135;382985,-1000.0,-90.3557470877621
FATP7t,Fatty acid electroneutral transport,"Transport, extracellular",26459;26458,-1000.0,1000.0
ESTRADIOLGLCt,Estradiol glucuronide transport via bicarbonate countertransport,"Transport, extracellular",108115;28253;58807;101488;108096,0.0,0.0
HMR_0363,HMR 0363,"Transport, extracellular",11303,0.0,0.0
RE1530C,Thymidine Kinase,Pyrimidine synthesis,,-1000.0,717.8601302334699
ALADGLYexR,D-alanine/glycine reversible exchange,"Transport, extracellular",17254;53896,-1000.0,1000.0
r1596,Amino Acid-Polyamine-Organocation (APC) TCDB:2.A.3.8.1,"Transport, extracellular",20539,-1000.0,1000.0
DESAT22_1p,Fatty acyl-CoA desaturase (n-C22:4CoA -> n-C22:5CoA),Fatty acid synthesis,,0.0,1.0516032489249483e-11
EX_sphmyln181221_hs_e,Exchange of Sphingomyelin (D18:1/22:1),Exchange/demand reaction,,0.0,4.004352405218015e-12
TETTET6t,Fatty acid transport via diffusion,"Transport, extracellular",,0.0,2.0463630789890885e-12
ILELAT1tc,"Transport of L-Isoleucine by LAT1 in association with 4F2hc, across the apical surface of the memebranes and Amino Acid-Polyamine-Organocation (APC) TCDB:2.A.3.8.1","Transport, extracellular",17254;20539,-1000.0,1000.0
r2251,Resistance-Nodulation-Cell Division (RND) TCDB:2.A.60.1.5,"Transport, extracellular",101488,0.0,1000.0
r2372,Mitochondrial Carrier (MC) TCDB:2.A.29.7.2,"Transport, mitochondrial",13358,-1000.0,1000.0
EX_digalsgalside_hs_e,Digalactosylceramidesulfate exchange,Exchange/demand reaction,,0.0,0.0
r1556,Amino Acid-Polyamine-Organocation (APC) TCDB:2.A.3.8.1,"Transport, extracellular",20539,-1000.0,1000.0
HMR_1104,HMR 1104,"Transport, peroxisomal",,-1000.0,8.185452315956354e-12
NADtx,"Nad transport, glycosomal","Transport, peroxisomal",,0.0,1000.0
r1584,Amino Acid-Polyamine-Organocation (APC) TCDB:2.A.3.8.1,"Transport, extracellular",20539,-1000.0,1000.0
H2Otm,H2O transport  mitochondrial,"Transport, mitochondrial",11833,-1000.0,1000.0
DM_gd3_hs_g,"Demand for  Gd3,  Golgi",Exchange/demand reaction,,0.0,0.0
CERT2rt,Ceramide transport protein,"Transport, endoplasmic reticular",68018,-1.0800249583553523e-12,1.4779288903810084e-12
GBA2e,"Beta-Glucosidase, Plasma Membrane (Gba2)",Sphingolipid metabolism,230101,0.0,2.9948393966042204
PROtm,L proline transport  mitochondrial,"Transport, mitochondrial",,0.0,2.921751729445532e-11
LGTHL,Lactoylglutathione lyase,Pyruvate metabolism,109801,0.0,1000.0
HMR_6550,"Phosphatidylinositol-3, 4, 5-Trisphosphate 3-Phosphatase",Inositol phosphate metabolism,19211;234129,0.0,0.0
TAGt,Triacylglycerol Transport,"Transport, extracellular",,-100.0,100.0
EX_tag_hs_e,Triacylglycerol (homo sapiens) exchange,Exchange/demand reaction,,-100.0,100.0
EX_Rtotal3_e,R total 3 position exchange,Exchange/demand reaction,,-100.0,0.0
DM_Rtotal3[e],R Total 3 Position demand_smiley,,,0.0,100.0
