reaction_id,reaction_name,subsystem,genes,minimum,maximum
UAGDP,UDP-N-acetylglucosamine diphosphorylase,Aminosugar metabolism,227620;107652,0.0,0.0
AMY1e,"Alpha-amylase, extracellular (strch1 -> strch2)",Starch and sucrose metabolism,100043686;100043688;30962;20532;17254;109959;11722;100043684,0.0,9.094947017729282e-13
EX_n5m2masn_e,EX n5m2masn[e],Exchange/demand reaction,,-100.0,0.0
BTNt2i,Biotin uptake,"Transport, extracellular",20501,-1000.0,0.0
HMR_3708,Steryl-Ester Acylhydrolase,Cholesterol metabolism,16889;12613,0.0,1.8189894035458565e-12
EX_3octdece1crn_e,Exchange of 3-Hydroxy-Octadecenoyl Carnitine,Exchange/demand reaction,,0.0,0.0
NDP7ex,"Nucleoside-diphosphatase (UDP), extracellular",Nucleotide interconversion,76025;215446;72090;12495,0.0,9.094947017729282e-13
r0795,Spontaneous reaction,Miscellaneous,,0.0,0.0
ACOAD8m,Isovaleryl-coa dehydrogenase,"Valine, leucine, and isoleucine metabolism",56357,0.0,1.2412327180787665e-12
HMR_3714,Steryl-Ester Acylhydrolase,Cholesterol metabolism,16889;12613,0.0,0.0
DHPM1,"Dihydropyrimidinase (5,6-dihydrouracil)",Pyrimidine catabolism,64705;12934;22240,483.40154683305894,483.4015468330782
ARGORNt7,Arginine/ornithine antiporter,"Transport, extracellular",330836,-1000.0,1000.0
RE1526M,3-Hydroxyacyl Coenzyme A Dehydrogenase,Fatty acid oxidation,74147;15108;15107;15488,-7.386684652000422e-12,5.8548721426632255e-12
PE17_HSABCt,Transport of 1-Heptadecanoylglycerophosphoethanolamine (C17:0 Pe),"Transport, extracellular",320940;50770,0.0,0.0
HMR_0810,Globoside Alpha-N-Acetylgalactosaminyltransferase,Glycosphingolipid metabolism,227671,0.0,1.4779288903810084e-12
EX_M01111_e,EX M01111[e],Exchange/demand reaction,,0.0,7.117350789579234
HMR_0272,Palmitoyl Coenzyme A Hydrolase,Fatty acid oxidation,171210;12012;171281;217700;171282;70025,0.0,2.7142732506035827e-12
NTD6,5'-nucleotidase (dAMP),Nucleotide interconversion,230718;70881;23959;76952;50773;107569,0.0,8.526512829121202e-12
CYTK10,"Cytidylate kinase (CMP,dGTP)",Nucleotide interconversion,66588,-1000.0,1000.0
PRPPS,Phosphoribosylpyrophosphate synthetase,Pentose phosphate pathway,19139;110639,999.9999999999956,1000.0
DPGase,Diphosphoglycerate phosphatase,Glycolysis/gluconeogenesis,56012;12183;18648,-3.637978807091713e-12,0.0
AMY2e,"Alpha-amylase, extracellular (glygn2 -> glygn4)",Starch and sucrose metabolism,100043686;100043688;30962;20532;17254;109959;11722;100043684,0.0,9.663381206337363e-13
HMR_0003,Triacylglycerol Lipase,Glycerophospholipid metabolism,18946;16890;18947;16891;67717;67758;69060;116939;231871;66853;15450;12613;269060,0.0,1.1823431123048067e-11
PHYTt,Fatty acid transport via diffusion,"Transport, extracellular",,0.0,0.0
GGH_5DHFe,"Gamma-glutamyl hydrolase (5DHF), extracellular",Folate metabolism,14590,0.0,100.0
EBP2r,"3-beta-hydroxysteroid-delta(8),delta(7)-isomerase",Cholesterol metabolism,13595,0.0,9.059419880941277e-13
ACS2,Acetyl-CoA synthase (propionate),Propanoate metabolism,78894;60525,0.0,0.0
r1900,Y+LAT2 Utilized transport,"Transport, extracellular",330836,0.0,1000.0
r1779,Y+LAT2 Utilized transport,"Transport, extracellular",330836,0.0,1000.0
EX_fvs_e,Exchange reaction for fluvastatin in intestinal lumen,Exchange/demand reaction,,-100.0,-99.99999999999625
C160CRNt,C160 transport into the mitochondria,Fatty acid oxidation,57279,-1000.0,1000.0
ACGAMtly,N-acetyl-glucosamine lysosomal efflux,"Transport, lysosomal",,0.0,1000.0
GLUDym,"Glutamate dehydrogenase (NADP), mitochondrial",Glutamate metabolism,14661,-1000.0,283.4015468331059
C4DCCACT,Transport of succinyl carnitine into cytosol,Fatty acid oxidation,57279,0.0,1.868460123594926e-12
R00100,R01803,,12764,-500.0,-499.99999999998437
EX_aracheth_e,Exchange of O-Arachidonoyl Ethanolamine,Exchange/demand reaction,,0.0,9.549694368615746e-12
HMR_2964,Long-Chain-Fatty-Acid Coenzyme A Ligase,Fatty acid synthesis,26458;216739;50790;328845;74205;14081;94180;433256,0.0,0.0
GLUDC,Glutamate Decarboxylase,Glutamate metabolism,14415;14417,0.0,2.176290893528079e-12
ACOADH120_m,Acyl-CoA dehydrogenase (12:0),Fatty acid oxidation,229211;11370;11363;11364,0.0,2.786748609651113e-11
HMR_0389,Long-Chain-Fatty-Acid Coenzyme A Ligase,Fatty acid synthesis,26458;216739;50790;328845;74205;14081;94180;433256,0.0,0.0
CHSTEROLt1,Cholesterol intracellular transport,"Transport, mitochondrial",59045,-1000.0,1000.0
MTHFD2i,Methylenetetrahydrofolate dehydrogenase  NAD,Folate metabolism,17768;665563,-1000.0,854.4744008628769
OCT11EFATP_1,Uptake of Vaccenic Acid,Fatty acid oxidation,26568;26569;26457;26458;26459;225579,0.0,0.0
RE3113C,RE3113,Fatty acid oxidation,,0.0,1.7550405573274475e-12
HMR_2673,HMR 2673,"Transport, mitochondrial",207151;171405;434674;20517;236149;236293;319800;57279;214663;30805,-1000.0,1000.0
HMR_2193,Very-Long-Chain (3R)-3-Hydroxyacyl Coenzyme A Dehydratase,Fatty acid synthesis,67044;70757;57874;30963;66775,0.0,2.2026824808563106e-12
LDH_Lm,"L-lactate dehydrogenase, mitochondria",Pyruvate metabolism,52815;16832;16828,779.0024957121251,779.002495712181
PPMI12346Ptn,5-diphosphatidylinositol pentakisphosphate nuclear transport (diffusion),"Transport, nuclear",,0.0,0.0
NABTNO,N4 AcetylaminobutanalNAD oxidoreductase,Arginine and proline metabolism,11668;19378;110695;11671;56752,0.0,0.0
UMPK5n,"UMP kinase (dATP),nuclear",Nucleotide interconversion,66588,-1000.0,1000.0
HMR_2884,HMR 2884,"Transport, endoplasmic reticular",20520,0.0,0.0
ACNMCT,CTP:N-acylneuraminate cytidylyltransferase,Aminosugar metabolism,12764,0.0,0.0
r2113,Major Facilitator(MFS) TCDB:2.A.1.13.1,"Transport, extracellular",20501,-1000.0,1000.0
HOXG,Heme oxygenase 1,Heme degradation,15369;15368,0.0,6.908661676928974e-13
HMR_0629,Phospholipase D,Glycerophospholipid metabolism,104759;18805;194908;18806;18807,0.0,0.0
GALASE20ly,"Beta-galactosidase, lysosomal",Keratan sulfate degradation,18010;12091;50917;19025,0.0,0.0
HMR_3072,3-Hydroxyacyl Coenzyme A Dehydrogenase,Fatty acid oxidation,74147;15488,0.0,9.075136310795347e-13
PCHOLN201_HSABCt,"Transport of 1-Eicosenoylglycerophosphocholine (Delta 11) , Sn1-Lpc (20:1)","Transport, extracellular",54670;11303;18670;54667;11982,0.0,0.0
HSD17B4x,Hydroxysteroid (17-beta) dehydrogenase 4,Bile acid synthesis,15488,0.0,0.0
HMR_3235,Enoyl Coenzyme A Hydratase,Fatty acid oxidation,93747;97212,0.0,0.0
ALAPAT4te,Transport of Alanine via Pat4,"Transport, extracellular",234967,-1000.0,1000.0
DATPtn,DATP diffusion in nucleus,"Transport, nuclear",,2.264985031212973,2.2649850312130058
HMR_7758,HMR 7758,"Transport, mitochondrial",13167,-1.8118839761882555e-12,0.0
r0221_1,Propinol Adenylate:Coa Ligase (AMP-Forming),Miscellaneous,68738;60525;380660,0.0,0.0
HMR_3625,Acyl Coenzyme A:Cholesterol O-Acyltransferase,Cholesterol metabolism,223920;20652,0.0,0.0
HMR_1242,HMR 1242,"Transport, peroxisomal",,-1000.0,1000.0000000000014
HMR_0271,Long-Chain-Fatty-Acid Coenzyme A Ligase,Fatty acid synthesis,26458;216739;50790;328845;74205;14081;94180;433256,0.0,0.0
C226CPT1,Carnitine C22:6 transferase,Fatty acid oxidation,12894;12895;78070,0.0,1.6925127965805586e-11
r1664,Y+LAT2 Utilized transport,"Transport, extracellular",330836,-1000.0,1000.0
CPK1,Adenylate kinase,Nucleotide interconversion,66588,-1000.0,1000.0
SPTc,Serine-pyruvate aminotransferase,"Glycine, serine, alanine, and threonine metabolism",11611,0.0,2.0569986776029066e-12
HMR_2700,HMR 2700,"Transport, mitochondrial",207151;171405;434674;20517;236149;236293;319800;57279;214663;30805,-1.077798962422802e-12,0.0
MI4PP,1D-myo-Inositol 4-phosphate phosphohydrolase,Inositol phosphate metabolism,114663;55980,0.0,1.3509193763638905e-12
LDH_L,L-lactate dehydrogenase,Glycolysis/gluconeogenesis,54122;106557;16828;16832;16833,-1000.0,220.99750428786444
PCHOLSTE_HSABCt,Transport of 1-Stearoylglycerophosphocholine,"Transport, extracellular",54670;11303;18670;54667;11982,0.0,0.0
HMR_0298,Palmitoyl Coenzyme A Hydrolase,Fatty acid oxidation,171210;12012;171281;217700;171282;70025,0.0,9.480550392601639e-13
G5SDym,"Glutamate-5-semialdehyde dehydrogenase, mitochondria",Urea cycle,56454,0.0,2.4371615836571436e-12
ACACT1r,Acetyl-CoA C-acetyltransferase,Tryptophan metabolism,110460;224530,-1.4566126083082054e-12,0.0
HEXA2l,"Hexosaminidase A, Lysosomal",Sphingolipid metabolism,15211;15212,0.0,0.0
MI14PP,"D-myo-Inositol-1,4-bisphosphate 1-phosphohydrolase",Inositol phosphate metabolism,16329,0.0,8.961720254774264e-13
ADNtm,"Equilibrative nucleoside transporter, mitochondrial","Transport, mitochondrial",63959,0.0,1.8474111129762605e-12
r0358,Glycolysis / Glyconeogenesis EC:2.7.1.1,Fructose and mannose metabolism,212032;15275;15277,0.0,0.0
LNLNCGCPT1,Carnitine O-palmitoyltransferase,Fatty acid oxidation,12894;12895;78070,0.0,3.154809746774845e-12
HMR_2757,HMR 2757,"Transport, mitochondrial",207151;171405;434674;20517;236149;236293;319800;57279;214663;30805,-1000.0,1000.0
CRVSM23hr,Beta-glucuronidase of cerivastatin-M23-glucuronide to M23 form,Drug metabolism,110006,0.0,0.0
ACONT,Aconitate hydratase,Citric acid cycle,64602;11428,-1000.0,1000.0
CVM23GLUChc,Glucuronidation of cerivastatin-M23,Drug metabolism,394436;22236,0.0,0.0
KHK,Ketohexokinase,Fructose and mannose metabolism,16548,0.0,0.0
ESTRONESt,Estrone 3-sulfate transport via bicarbonate countertransport,"Transport, extracellular",108116;28253;58807;108096;101488;108115,-1000.0,1000.0
RE3247X,Acyl Coenzyme A Oxidase,Fatty acid oxidation,11430;93732;80911,0.0,0.0
PCHOLN183_HSABCt,"Transport of 1-Octadeca-Trienoylglycerophosphocholine, Sn1-Lpc (18:3, Delta 9, 12, 15)","Transport, extracellular",54670;11303;18670;54667;11982,0.0,0.0
HMR_2985,Long-Chain-Fatty-Acid Coenzyme A Ligase,Fatty acid synthesis,26458;216739;50790;328845;74205;14081;94180;433256,0.0,9.094947017729282e-13
HMR_3716,Steryl-Ester Acylhydrolase,Cholesterol metabolism,16889;12613,0.0,9.094947017729282e-13
EX_cyan_e,Hydrogen cyanide exchange,Exchange/demand reaction,,-1.8246737454319373e-11,0.0
HMR_0188,Long-Chain-Fatty-Acid Coenzyme A Ligase,Fatty acid synthesis,26458;216739;50790;328845;74205;14081;94180;433256,0.0,9.663381206337363e-13
HPYRDCm,"Hydroxypyruvate decarboxylase, mitochondria",Glyoxylate and dicarboxylate metabolism,,0.0,0.0
DEOXFVShc,Formation of deoxy-fluvastatin-dinor,Drug metabolism,74147;235674;15488;11430,99.99999999999558,100.0
IMPC,IMP cyclohydrolase,Purine synthesis,108147,-8.90321889319128e-13,0.0
HPDECECOAm,Dehydrogenation of Heptadecanoyl Coa,Fatty acid oxidation,11363,0.0,0.0
3HCO3_NAt,Bicarbonate transport (Na/HCO3 1:3 cotransport),"Transport, extracellular",54403;232156,-1000.0,1000.0
PHPYRte,Transport of Phenylpyruvate via Proton Symport,"Transport, extracellular",80879;20503;20501,99.9999999999797,100.0
RE1522M,Enoyl Coenzyme A Hydratase,Fatty acid oxidation,74147;93747;97212;231086,0.0,2.165023715861025e-12
EX_M00234_e,EX M00234[e],Exchange/demand reaction,,0.0,0.0
HMR_2705,Carnitine O-Palmitoyltransferase,Fatty acid oxidation,12894;12895;78070,0.0,1.4617443058442506e-12
APNPT,ATP:pantetheine 4'-phosphotransferase,CoA synthesis,269614;75735;74450;211347,0.0,0.0
CERT1rt,Ceramide transport protein,"Transport, endoplasmic reticular",68018,0.0,1.1368683772161603e-12
AKGDm,2-oxoglutarate dehydrogenase,Citric acid cycle,13382;27402;18293;78920,962.4249056901377,962.4249056901889
PGESc,Prostaglandin E synthase,Eicosanoid metabolism,96979;56351;64292,0.0,1000.0
SMPD3g,"Sphingomyelin phosphodiesterase 3, neutral membrane (neutral sphingomyelinase II)",Sphingolipid metabolism,238011;77626;58994,0.0,1.5916157281026244e-12
RE3228C,RE3228,Fatty acid synthesis,,0.0,4.909850304102292e-12
TRYPTAOX,Tryptamine:oxygen oxidoreductase(deaminating)(flavin-containing),Tryptophan metabolism,237940;17161;76507;109731,0.0,0.0
RE2649M,Palmitoyl Coenzyme A Hydrolase,Bile acid synthesis,171210;70025,0.0,1.2505552149377763e-12
GLNS,Glutamine synthetase,Glutamate metabolism,266744;14645,0.0,0.0
r1967,Y+LAT2 Utilized transport,"Transport, extracellular",330836,0.0,1000.0
PA_HStn,"Phosphatidate transport, nuclear","Transport, nuclear",,-3.742783860616328e-12,0.0
HMR_2215,Very-Long-Chain 3-Oxoacyl Coenzyme A Synthase,Fatty acid synthesis,68801;54326;12686;83603;170439;54325;74559,0.0,1.0685469603161507e-12
HPDECEm,Hydrolysis of Heptadecenoyl Coa,Fatty acid oxidation,171210;66834;70025;170789,0.0,1.4708234630234074e-12
r0750,"3alpha,7alpha,12alpha-Trihydroxy-5beta-cholestane:NADP+ oxidoreductase (B-specific); 3alpha,7alpha,12alpha-Trihydroxy-5beta-cholestane:NADP+ oxidoreductase Bile acid biosynthesis EC:1.1.1.50",Bile acid synthesis,83702,0.0,1000.0
ADMDC,Adenosylmethionine decarboxylase,Arginine and proline metabolism,11702;100041585,0.0,1.3791190411893695e-12
HMR_0290,Palmitoyl Coenzyme A Hydrolase,Fatty acid oxidation,171210;12012;171281;217700;171282;70025,0.0,0.0
HMR_2621,HMR 2621,"Transport, mitochondrial",207151;171405;434674;20517;236149;236293;319800;57279;214663;30805,0.0,0.0
HMR_2989,Long-Chain-Fatty-Acid Coenzyme A Ligase,Fatty acid synthesis,26458;216739;50790;328845;74205;14081;94180;433256,0.0,0.0
GUACYC,Guanylate cyclase,Nucleotide interconversion,230103;245650;234889;60596;54195;14917;18160;14919,0.0,1.5916157281026244e-12
PEAR_HSABCt,Transport of 1-Arachidonoyl-Sn-Glycero-3-Phosphoethanolamine,"Transport, extracellular",320940;50770,0.0,0.0
MDRPD,5-Methylthio-5-deoxy-D-ribulose 1-phosphate dehydratase,Arginine and proline metabolism,,0.0,0.0
GK1,Guanylate kinase (GMP:ATP),Nucleotide interconversion,14923,7.905885322858545,7.905885322871541
HMR_8476,HMR 8476,"Transport, nuclear",13340;63959,-311.04272852157385,688.9572714784632
RE3120C,RE3120,Fatty acid oxidation,54326;83603;170439;68801,0.0,1.870913680389864e-12
PGL,6-phosphogluconolactonase,Pentose phosphate pathway,66171,0.0,0.0
DM_pcreat_c,"Demand for  Phosphocreatine,  Cytosolic",Exchange/demand reaction,,0.0,1.1874945471390674e-12
GASNASE2ly,"Glycosylasparaginase, lysosomal",N-glycan degradation,11593,0.0,0.0
EX_didecaeth_e,"Exchange of C12:0-Ethanolamide, Didecanoyl Ethanolamide",Exchange/demand reaction,,0.0,1.750777300912887e-11
HMR_3670,Acyl Coenzyme A:Cholesterol O-Acyltransferase,Cholesterol metabolism,223920;20652,0.0,0.0
RE3241C,RE3241,Fatty acid synthesis,54326;83603;170439;68801,0.0,1.9674138861268554e-12
RE2999M,Dodecenoyl Coenzyme A Isomerase,Fatty acid oxidation,23986;74147;13177,0.0,0.0
PNTK,Pantothenate kinase,CoA synthesis,269614;75735;74450;211347,0.0,0.0
HMR_0814,"Alpha-N-Acetylneuraminate Alpha-2, 8-Sialyltransferase",Glycosphingolipid metabolism,20449,1.4779288903810084e-12,0.0
RE3178M,3-Hydroxyacyl Coenzyme A Dehydrogenase,Fatty acid oxidation,97212;15107;74147;15108;231086;15488,0.0,0.0
r2225,Resistance-Nodulation-Cell Division (RND) TCDB:2.A.60.1.5,"Transport, extracellular",101488,0.0,1000.0
PHYHx,"Phytanoyl-CoA dioxygenase, peroxisomal",Fatty acid oxidation,16922,0.0,8.424372310855688e-13
GARFT,Phosphoribosylglycinamide formyltransferase,Purine synthesis,14450,0.0,0.0
r2093,Major Facilitator(MFS) TCDB:2.A.1.13.1,"Transport, extracellular",20501,-1000.0,1000.0
HMR_8579,Alpha-Amylase,Starch and sucrose metabolism,100043686;100043688;109959;11722;100043684,99.9999999999949,100.0
THYOXt2,T4 transport via facilitated diffusion,"Transport, extracellular",20502,-1000.0,1000.0
GLYOXm,Hydroxyacylglutathione hydrolase  mitochondrial,Pyruvate metabolism,14651,0.0,6.366462912410498e-12
ACNAMlt,N-acetylneuraminate transport into lysososme,"Transport, lysosomal",235504,0.0,0.0
RE3168C,RE3168,Fatty acid oxidation,,0.0,9.485084573266851e-13
PPM,Phosphopentomutase,Pentose phosphate pathway,66681;72157,888.0761415344432,888.076141534492
PCHOLMYR_HsABCt,Transport of 1-Myristoylglycerophosphocholine,"Transport, extracellular",54670;11303;18670;54667;11982,0.0,0.0
PI3P4K,Phosphatidylinositol 3-phosphate 4-kinase,Inositol phosphate metabolism,107650;18719;224020;18720;84095;18717,0.0,0.0
HMR_3651,Acyl Coenzyme A:Cholesterol O-Acyltransferase,Cholesterol metabolism,223920;20652,0.0,0.0
EX_hepdeceth_e,Exchange of Heptadecanoyl Thanolamide (C17:0),Exchange/demand reaction,,0.0,1.2732925824820995e-11
HMR_2263,Very-Long-Chain 3-Oxoacyl Coenzyme A Synthase,Fatty acid synthesis,68801;54326;12686;83603;170439;54325;74559,0.0,9.86233317235019e-12
r1150,Facilitated diffusion,"Transport, lysosomal",,0.0,6.139089236967266e-12
NDPK3m,"ATP:CDP phosphotransferase, mitochondria",Nucleotide interconversion,54369;56520,0.0,3.623767952376511e-12
FAOXC164C165x,"Fatty Acid Beta Oxidation (C16:4->C16:5), Peroxisomal",Fatty acid oxidation,11430,0.0,1.6674069532503684e-12
HMR_2264,Very-Long-Chain 3-Oxoacyl Coenzyme A Reductase,Fatty acid synthesis,56348,0.0,2.2468940288591613e-12
HMR_3627,Acyl Coenzyme A:Cholesterol O-Acyltransferase,Cholesterol metabolism,223920;20652,0.0,0.0
PCHOLN1836_HSABCt,"Transport of 1-Octadeca-Trienoylglycerophosphocholine, Sn1-Lpc (18:3, Delta 6, 9, 12)","Transport, extracellular",54670;11303;18670;54667;11982,0.0,0.0
RE3169C,RE3169,Fatty acid oxidation,,-4.26813553059145e-12,1.1834977442504169e-12
BUTt,Butyrate transport (diffusion),"Transport, extracellular",26457;12491;75497;14077;11770;14080;16592;26568;16204;26569;21884;12140;225579,-1000.0,1000.0
HSD3A2r,3 alpha-hydroxysteroid dehydrogenase (type 3),Steroid metabolism,83702,-1000.0,1000.0
NAt5,Sodium/ammonium proton antiporter,"Transport, extracellular",105243;20544;226999,-1000.0,1000.0
HMR_3205,Acetyl Coenzyme A C-Acyltransferase,Fatty acid oxidation,52538;97212;231086,0.0,1.645301179248943e-12
PGDI,Prostaglandin-H2 D-isomerase [Precursor],Eicosanoid metabolism,54486;19215,-1000.0,1000.0
GALASE18ly,"Beta-galactosidase, lysosomal",Keratan sulfate degradation,18010;12091;50917;19025,0.0,0.0
EX_strch1_e,"Starch, structure 1 (1,6-{7[1,4-Glc], 4[1,4-Glc]}) exchange",Exchange/demand reaction,,-1.010549668636587e-12,0.0
R01115,R01115,Aminosugar metabolism,12764,0.0,1.1937117960769683e-12
3MOX4HOXPGALDOX_NADP,3-Methoxy-4-hydroxyphenylglycolaldehyde:NADP+ oxidoreductase,Tyrosine metabolism,621603;67689;73458;56847;11670,0.0,1.1463422803596284e-12
HMR_3664,Acyl Coenzyme A:Cholesterol O-Acyltransferase,Cholesterol metabolism,223920;20652,0.0,8.677503160470224e-12
HMR_2348,Very-Long-Chain 3-Oxoacyl Coenzyme A Reductase,Fatty acid synthesis,56348,0.0,1.666222715357435e-12
HMR_2622,Carnitine O-Acetyltransferase,"Transport, mitochondrial",12908;12896,0.0,0.0
MI1345PP,"D-myo-Inositol 1,3,4,5-tetrakisphosphate 5-phosphohydrolase",Inositol phosphate metabolism,170835;64436;16330;16331;104015;16332;212111,0.0,0.0
r0220_1,Propinol Adenylate:Coa Ligase (AMP-Forming) Ec:6.2.1.17 Ec:6.2.1.1,Miscellaneous,68738;60525;380660,0.0,0.0
ADRNCRNt,Transport into the mitochondria (carnitine),Fatty acid oxidation,57279,-1000.0,1000.0
RE3103C,RE3103,Fatty acid oxidation,54326;83603;170439;68801,0.0,1.1635550618686905e-12
RE2998M,Acyl Coenzyme A Oxidase,Fatty acid oxidation,11430,0.0,4.551026222543442e-12
BILIRED2,Nadh biliverdin reductase,Heme synthesis,109778;233016,0.0,0.0
r0541,"Glutaryl Coenzyme A: (Acceptor) 2, 3-Oxidoreductase (Decarboxylating)",Tryptophan metabolism,270076,0.0,2.5555498318357146e-12
GLCNACT3g,Alpha-N-acetylglucosaminyltransferase II,Chondroitin synthesis,14042;54616;14043;56219,0.0,0.0
HMR_2364,Very-Long-Chain Enoyl Coenzyme A Reductase,Fatty acid synthesis,243078;106529,0.0,0.0
ST6GALNAC31_1,"Alpha-N-Acetylgalactosaminide Alpha-2, 6-Sialyltransferase 3",Sphingolipid metabolism,50935;26938;20447,0.0,0.0
CHOLK,Choline kinase,Glycerophospholipid metabolism,12651;12660,0.0,0.0
r1908,Y+LAT2 Utilized transport,"Transport, extracellular",330836,0.0,1000.0
HMR_3704,Steryl-Ester Acylhydrolase,Cholesterol metabolism,16889;12613,0.0,0.0
SPHS1Ptr,Sphingosine-1-phosphate transport,"Transport, endoplasmic reticular",,0.0,1.0231815394945443e-12
HMR_3425,Enoyl Coenzyme A Hydratase,Fatty acid oxidation,97212;15107;229211;15108;93747;52538;235674;11363;11364;11370;231086,0.0,0.0
HMR_3696,Steryl-Ester Acylhydrolase,Cholesterol metabolism,16889;12613,0.0,0.0
EBP1r,"3-beta-hydroxysteroid-delta(8),delta(7)-isomerase",Cholesterol metabolism,13595,0.0,1.0018652574217413e-12
PEPALM_HSASBCt,Transport of 1-Palmitoylglycerophosphocholine,"Transport, extracellular",54670;11303;18670;54667;11982,0.0,0.0
HMR_0428,HMR 0428,"Transport, extracellular",26457;12491;75497;14077;11770;14080;16592;26568;16204;26569;21884;12140;225579,0.0,0.0
HMR_0824,"Lactosylceramide Alpha-2, 3-Sialyltransferase",Glycosphingolipid metabolism,20454,0.0,0.0
r1448,Acyl-CoA Oxidase,Fatty acid oxidation,11430;80911,0.0,2.0335733097454067e-11
r1253,Long-Chain-Fatty-Acid---Coa Ligase,Fatty acid oxidation,14081;26458;216739;50790;328845;74205;433256,0.0,9.947598300641403e-13
RE2626M,RE2626M,Bile acid synthesis,104086,0.0,1000.0
TPI,Triose-phosphate isomerase,Glycolysis/gluconeogenesis,21991,231.51220495167001,231.51220495168354
HMR_3694,Steryl-Ester Acylhydrolase,Cholesterol metabolism,16889;12613,0.0,0.0
HMR_2261,Very-Long-Chain (3R)-3-Hydroxyacyl Coenzyme A Dehydratase,Fatty acid synthesis,67044;70757;57874;30963;66775,0.0,1.1635550618686905e-12
CPPPGO,Coproporphyrinogen oxidase (O2 required),Heme synthesis,12892,0.0,6.631732200427601e-13
HMR_0192,Long-Chain-Fatty-Acid Coenzyme A Ligase,Fatty acid synthesis,26458;216739;50790;328845;74205;14081;94180;433256,0.0,0.0
HMR_0847,Exo-Alpha-Sialidase,Glycosphingolipid metabolism,18010;241159;23956;50877,0.0,0.0
HMR_2689,Carnitine O-Acetyltransferase,"Transport, mitochondrial",12908;12896,-3.709033080667723e-12,0.0
HMR_0305,Long-Chain-Fatty-Acid Coenzyme A Ligase,Fatty acid synthesis,26458;216739;50790;328845;74205;14081;94180;433256,0.0,0.0
HMR_0245,Long-Chain-Fatty-Acid Coenzyme A Ligase,Fatty acid synthesis,26458;216739;50790;328845;74205;14081;94180;433256,0.0,0.0
PAPStg,3'-Phosphoadenylyl sufate Golgi transport,"Transport, golgi apparatus",73836,-4.547473508864641e-12,0.0
S6T2g,"Galactose/N-acetylglucosamine 6-O-sulfotransferase, Golgi apparatus",Keratan sulfate synthesis,56773;54371;26887,0.0,0.0
OCTAt,Octanoate transport via diffusion,"Transport, extracellular",,0.0,1.2505552149377763e-12
HMR_9803,3-Oxopropionyl Coenzyme A:NAD+ Oxidoreductase,Propanoate metabolism,,0.0,0.0
G14T21g,"Beta-N-acetylglucosaminylglycopeptide beta-1,4-galactosyltransferase, Golgi",Keratan sulfate synthesis,56336;14595;57370;53418,0.0,0.0
PE161_HSABCt,"Transport of 1-Hexadecenoylglycerophosphoethanolamine (C16:1 Pe, Delta 9)","Transport, extracellular",320940;50770,0.0,0.0
r1826,Y+LAT2 Utilized transport,"Transport, extracellular",330836,0.0,1000.0
r2520,Mitochondrial Carrier (MC) TCDB:2.A.29.2.1,"Transport, mitochondrial",67863,-1000.0,1000.0
HMR_0244,HMR 0244,"Transport, extracellular",26457;12491;75497;14077;11770;14080;16592;26568;16204;26569;21884;12140;225579,-9.094947017729282e-13,0.0
r0443,Palmitoyl-CoA:L-carnitine O-palmitoyltransferase Fatty acid metabolism EC:2.3.1.21,Fatty acid oxidation,12894;12896,0.0,1000.0
NDP7er,"Nucleoside-diphosphatase (UDP), endoplasmic reticulum",Nucleotide interconversion,12499;76025;67464;100862375,0.0,0.0
CBPS,Carbamoyl-phosphate synthase (glutamine-hydrolysing),Pyrimidine synthesis,69719,0.0,0.0
HMR_2857,HMR 2857,"Transport, endoplasmic reticular",20520,0.0,0.0
RE3247M,Acyl Coenzyme A Oxidase,Fatty acid oxidation,11430,0.0,1.0507695901778942e-12
PCHOLEIC_HSABCt,"Transport of 1-Eicosadienoylglycerophosphocholine (Delta 11, 14)","Transport, extracellular",54670;11303;18670;54667;11982,0.0,0.0
DUTCP,DUTP:cytidine 5'-phosphotransferase,Nucleotide interconversion,22245;80914,-1000.0,-99.99999999999903
FAOXC184C164x,"Fatty Acid Beta Oxidation (C18:4->C16:4), Peroxisomal",Fatty acid oxidation,74147;235674;15488;11430,0.0,1.1480590879920119e-12
FVStu,Uptake of fluvastatin by enterocytes,Drug metabolism,101488,-900.0000000000036,1000.0
PROPAT4te,Transport of Proline via Pat4,"Transport, extracellular",234967,-1000.0,1000.0
r1167,EC:2.3.1.26,Miscellaneous,223920;20652,0.0,1000.0
HMR_3662,Acyl Coenzyme A:Cholesterol O-Acyltransferase,Cholesterol metabolism,223920;20652,0.0,0.0
HMR_3686,Steryl-Ester Acylhydrolase,Cholesterol metabolism,16889;12613,0.0,0.0
HMR_0209,Long-Chain-Fatty-Acid Coenzyme A Ligase,Fatty acid synthesis,26458;216739;50790;328845;74205;14081;94180;433256,0.0,0.0
HMR_3680,Acyl Coenzyme A:Cholesterol O-Acyltransferase,Cholesterol metabolism,223920;20652,0.0,0.0
FAOXC164C143x,"Fatty Acid Beta Oxidation (C16:4->C14:3), Peroxisomal",Fatty acid oxidation,74147;235674;15488,0.0,0.0
EICOSTETCPT1,Carnitine O-palmitoyltransferase,Fatty acid oxidation,12894;12895;78070,0.0,0.0
HMR_3647,Acyl Coenzyme A:Cholesterol O-Acyltransferase,Cholesterol metabolism,223920;20652,0.0,0.0
IND3ACt,Transport of Indole-3-Acetate,"Transport, extracellular",,0.0,0.0
BILIRUBt2,Bilirubin transport via bicarbonate countertransport,"Transport, extracellular",101488,-1000.0,1000.0
HMR_0306,Palmitoyl Coenzyme A Hydrolase,Fatty acid oxidation,171210;12012;171281;217700;171282;70025,0.0,0.0
HMR_0382,Palmitoyl Coenzyme A Hydrolase,Fatty acid oxidation,171210;12012;171281;217700;171282;70025,0.0,0.0
C12DCACOT,Thioesterification of Dodecanedioyl Coenzyme A for Release into Cytosol,Fatty acid oxidation,170789,0.0,0.0
HMR_3646,Acyl Coenzyme A:Cholesterol O-Acyltransferase,Cholesterol metabolism,223920;20652,0.0,0.0
NDPK1,Nucleoside-diphosphate kinase (ATP:GDP),Nucleotide interconversion,18103;54369;18102;79059;171567,-1000.0,1000.0
RE3176C,RE3176,Fatty acid oxidation,,0.0,1.4400332778071363e-12
RE3628M,Dodecenoyl Coenzyme A Isomerase,Fatty acid oxidation,23986;74147;13177,-2.9672264645341785e-12,0.0
PGMT,Phosphoglucomutase,Glycolysis/gluconeogenesis,66681;72157,336.3733920127442,336.37339201275046
CYSO,Cysteine oxidase,Taurine and hypotaurine metabolism,12583,0.0,0.0
HMR_0309,Long-Chain-Fatty-Acid Coenzyme A Ligase,Fatty acid synthesis,26458;216739;50790;328845;74205;14081;94180;433256,0.0,0.0
ORNt4m,Ornithine mitochondrial transport exchange with citruline,"Transport, mitochondrial",18408;83885,-1000.0,1000.0
HMR_3650,Acyl Coenzyme A:Cholesterol O-Acyltransferase,Cholesterol metabolism,223920;20652,0.0,0.0
UGALNACtg,UDP-GalNAc Golgi transport via CMP antiport,"Transport, golgi apparatus",22232,0.0,0.0
r0009,Pyrophosphate phosphohydrolase EC:3.6.1.1,Purine catabolism,76429;67895;74776,0.0,0.0
LNLNCACRNt,Transport into the mitochondria (carnitine),Fatty acid oxidation,57279,-1000.0,1000.0
HMR_0345,Long-Chain-Fatty-Acid Coenzyme A Ligase,Fatty acid synthesis,26458;216739;50790;328845;74205;14081;94180;433256,0.0,0.0
AMACR2p,Alpha-methylacyl-CoA racemase (reductase),Bile acid synthesis,17117,151.5742146511743,151.5742146512145
H2Ot,H2O transport via diffusion,"Transport, extracellular",11826;17339;11827;11829;11830;11833,-1000.0,1000.0
RE3167C,RE3167,Fatty acid oxidation,,0.0,5.289280124998186e-12
PRAGSr,Phosphoribosylglycinamide synthase,Purine synthesis,14450,0.0,0.0
DHCRD1,Dihydroceramide desaturase,Sphingolipid metabolism,70059;13244,0.0,0.0
r1812,Y+LAT2 Utilized transport,"Transport, extracellular",330836,0.0,1000.0
r0145,"L-Arginine, NADPH:Oxygen Oxidoreductase (Nitric-Oxide-Forming)",Arginine and proline metabolism,18125;18126;18127,0.0,1.163513729807164e-12
HMR_2334,Very-Long-Chain 3-Oxoacyl Coenzyme A Reductase,Fatty acid synthesis,56348,0.0,0.0
SSALxm,"Succinate-semialdehyde:NAD+ oxidoreductase, mitochondria",Glutamate metabolism,214579,-1000.0,-999.9999999999917
EX_profvs_e,Exchnage reaction for des-isoproylpropionic-acid-fluvastatin in hepatic vein,Exchange/demand reaction,,0.0,1.085354028873553e-12
HMR_0981,Leukotriene-B4 20-Monooxygenase,Arachidonic acid metabolism,631304;320997;170716;72054;106648,0.0,1.2505552149377763e-12
UDPGALtg,UDP-Gal Golgi transport via CMP antiport,"Transport, golgi apparatus",22232,0.0,0.0
EX_glygn4_e,"Glycogen, structure 4 (glycogenin-1,6-{2[1,4-Glc], [1,4-Glc]}) exchange",Exchange/demand reaction,,0.0,0.0
HMR_3108,Enoyl Coenzyme A Hydratase,Fatty acid oxidation,93747;97212,0.0,1.3589242533524833e-12
HMR_6595,1-Phosphatidylinositol-4-Phosphate 5-Kinase,Inositol phosphate metabolism,227733;18719;18717;18720,0.0,0.0
HMR_3246,3-Hydroxyacyl Coenzyme A Dehydrogenase,Fatty acid oxidation,15108;97212;15107,0.0,3.0720875507684915e-12
NTD4l,"5'-nucleotidase (CMP), lysosome",Pyrimidine catabolism,66659;11433;56318;11432,0.0,0.0
HMR_2368,"Linoleoyl Coenzyme A, Ferrocytochrome B5:Oxygen Oxidoreductase (6, 7 Cis-Dehydrogenating)",Fatty acid synthesis,60527;76267;56473,0.0,2.8244073746463982e-12
NTD9l,"5'-nucleotidase (GMP), lysosome",Purine catabolism,66659;11433;56318;11432,0.0,1.4779288903810084e-12
HMR_2773,Carnitine O-Acetyltransferase,"Transport, mitochondrial",12908;12896,0.0,0.0
HMR_3636,Acyl Coenzyme A:Cholesterol O-Acyltransferase,Cholesterol metabolism,223920;20652,0.0,0.0
CHOLtu,Choline uniport,"Transport, extracellular",20520;20518,-1000.0,1000.0
MI134PP,"D-myo-Inositol 1,3,4-trisphosphate 1-phosphohydrolase",Inositol phosphate metabolism,16329,-1.6768808563938364e-12,0.0
GSNt,Guanosine facilated transport in cytosol,"Transport, extracellular",13340;63959,-1000.0,900.0000000000019
UMPK5,UMP kinase (dATP),Nucleotide interconversion,66588,-1000.0,1000.0
GLCURtly,Glucuronate transport into lysososme,"Transport, lysosomal",235504,0.0,0.0
HMR_0240,HMR 0240,"Transport, extracellular",26457;12491;75497;14077;11770;14080;16592;26568;16204;26569;21884;12140;225579,0.0,0.0
NEU24,"Sialidase, Cytosol (Neu2)",Sphingolipid metabolism,23956,0.0,1.1368683772161603e-12
HMR_2946,Long-Chain-Fatty-Acid Coenzyme A Ligase,Fatty acid synthesis,26458;216739;50790;328845;74205;14081;94180;433256,0.0,0.0
HMR_2955,Long-Chain-Fatty-Acid Coenzyme A Ligase,Fatty acid synthesis,26458;216739;50790;328845;74205;14081;94180;433256,0.0,0.0
HMR_0820,"Lactosylceramide Alpha-2, 3-Sialyltransferase",Glycosphingolipid metabolism,20454,0.0,1.1368683772161603e-12
HMR_2659,Carnitine O-Acetyltransferase,"Transport, mitochondrial",12908;12896,-2.5244568340505273e-12,0.0
PTRCAT1,Putrescine acetyltransferase,Arginine and proline metabolism,20229;69215,0.0,0.0
HMR_3063,Enoyl Coenzyme A Hydratase,Fatty acid oxidation,74147,0.0,9.40910557482418e-13
SMS1,"Sphingomyelin Synthase, Formation of Sm (D18:1/14:0)",Glycerophospholipid metabolism,74442;208449,0.0,-2.3283597272438783e-12
ACP1_FMN,Acid phosphatase (FMN),Vitamin B2 metabolism,66659;11433;56318;11431,0.0,0.0
PAN4PP,Phosphatase (pan4p),CoA catabolism,,0.0,0.0
RE2649C,Palmitoyl Coenzyme A Hydrolase,Bile acid synthesis,12012;171281;217700,-6.139089236967266e-12,0.0
GLCAT9g,Heparan glucuronyltransferase II,Chondroitin synthesis,14042;14043,0.0,0.0
r0450,L-2-Aminoadipate:2-oxoglutarate aminotransferase Lysine biosynthesis / Lysine degradation EC:2.6.1.39,Lysine metabolism,23923,0.0,0.0
G14T2g,"Beta-N-acetylglucosaminylglycopeptide beta-1,4-galactosyltransferase, Golgi",Keratan sulfate synthesis,56336;14595;57370;53418,0.0,0.0
r0097,Acetate:CoA ligase (AMP-forming) Pyruvate metabolism EC:6.2.1.1,Miscellaneous,68738;60525,0.0,1.2505552149377763e-12
HMR_0302,Palmitoyl Coenzyme A Hydrolase,Fatty acid oxidation,171210;12012;171281;217700;171282;70025,0.0,0.0
FAOXC12DCTc,Transport of Dodecanedioyl Carnitine into Cytosol,Fatty acid oxidation,57279,0.0,0.0
CSNATm,Carnitine O aceyltransferase  mitochondrial,Fatty acid oxidation,12908,-483.40154683314,-483.4015468330549
UMPK2,UMP kinase (CTP),Nucleotide interconversion,66588,-1000.0,1000.0
RE1527M,3-Hydroxyacyl Coenzyme A Dehydrogenase,Fatty acid oxidation,74147;15108;15107;15488,0.0,3.2137847938429332e-12
r0649_1,(5-Glutamyl)-Peptide:Amino-Acid 5-Glutamyltransferase Cyanoamino Acid Metabolism,Miscellaneous,23887;71522;207182;14598,0.0,3.637978807091713e-12
SQLEr,Squalene epoxidase  endoplasmic reticular  NADP,Cholesterol metabolism,20775,0.0,0.0
HMR_2634,HMR 2634,"Transport, mitochondrial",207151;171405;434674;20517;236149;236293;319800;57279;214663;30805,-1000.0,1000.0
PIK5,Phosphatidylinositol 5-kinase,Inositol phosphate metabolism,18719;18717;18720,0.0,0.0
r1174,EC:3.1.1.13,Miscellaneous,16889;12613,0.0,0.0
HMR_3635,Acyl Coenzyme A:Cholesterol O-Acyltransferase,Cholesterol metabolism,223920;20652,0.0,0.0
PRFGS,Phosphoribosylformylglycinamidine synthase,Purine synthesis,237823,0.0,0.0
HMR_2259,Very-Long-Chain 3-Oxoacyl Coenzyme A Synthase,Fatty acid synthesis,68801;54326;12686;83603;170439;54325;74559,0.0,1.5862979287957154e-12
HMR_2736,Carnitine O-Palmitoyltransferase,Fatty acid oxidation,12894;12895;78070,0.0,0.0
r2122,Major Facilitator(MFS) TCDB:2.A.1.13.1,"Transport, extracellular",20501,-1000.0,1000.0
r2121,Major Facilitator(MFS) TCDB:2.A.1.13.1,"Transport, extracellular",20501,-1000.0,1000.0
HMR_7330,HMR 7330,"Transport, golgi apparatus",,0.0,0.0
PCREATtmdiffir,Phosphocreatine transport to/from mitochondria via diffusion,Urea cycle,,0.0,2.489155007388275e-12
4HATVLACthc,Uptake of 4-hydroxy-atorvastatin-lactone into hepatocytes,Drug metabolism,101488,-1000.0,1000.0
SERt2r,L serine reversible transport via proton symport,"Transport, extracellular",215335,0.0,1000.0
r1762,Y+LAT2 Utilized transport,"Transport, extracellular",330836,0.0,1000.0
DURIK1,Deoxyuridine kinase (ATP:Deoxyuridine),Nucleotide interconversion,21877;57813,0.0,1000.0
R01803,R01803,Aminosugar metabolism,12764,0.0,0.0
AMETt2m,"S-Adenosyl-L-methionine reversible transport, mitochondrial","Transport, mitochondrial",67582,-1000.0,1000.0
HMR_2537,Very-Long-Chain Enoyl Coenzyme A Reductase,Fatty acid synthesis,243078;106529,0.0,8.789022131810153e-13
HMR_3175,Enoyl Coenzyme A Hydratase,Fatty acid oxidation,93747;97212,0.0,1.4779288903810084e-12
PYRt2,Pyruvate transport in via proton symport,"Transport, extracellular",80879;20503;20501,-1000.0,1000.0
GND,Phosphogluconate dehydrogenase,Pentose phosphate pathway,110208,0.0,0.0
HMR_1102,Carbonyl Reductase (NADPH),Leukotriene metabolism,28200;109857;12408,0.0,1000.0
r2094,Major Facilitator(MFS) TCDB:2.A.1.13.1,"Transport, extracellular",20501,-1000.0,1000.0
HMR_2965,Long-Chain-Fatty-Acid Coenzyme A Ligase,Fatty acid synthesis,26458;216739;50790;328845;74205;14081;94180;433256,0.0,0.0
HMR_3058,Enoyl Coenzyme A Hydratase,Fatty acid oxidation,74147,0.0,1.2659066261866028e-12
HMR_2434,Very-Long-Chain 3-Oxoacyl Coenzyme A Reductase,Fatty acid synthesis,56348,0.0,9.070906848722823e-13
HMR_3099,Enoyl Coenzyme A Hydratase,Fatty acid oxidation,74147,0.0,4.061298962158233e-12
DESAT24_1,Fatty acyl-CoA desaturase (n-C24:5CoA -> n-C24:6CoA),Fatty acid synthesis,56473,0.0,2.2855791333616557e-12
S3T3g,Heparin-glucosamine 3-O-sulfotransferase,Chondroitin synthesis,328779;54710;628779;15478,0.0,0.0
XSERtg,Xyl-L-Ser (protein) transport from endoplasmic reticulum to Golgi apparatus,"Transport, golgi apparatus",,0.0,0.0
PCHOLN225_HSABCt,"Transport of 1-Docosapentenoylglycerophosphocholine (Delta 7, 10, 13, 16, 19), Sn1-Lpc (22:5)-W3","Transport, extracellular",54670;11303;18670;54667;11982,0.0,0.0
DIHOLINETH,Formation of Dihomo-Gamma-Linolenoyl Ethanolamide,Glycerophospholipid metabolism,18805;18806,0.0,0.0
FACOAE140,Fatty-acid-CoA thioesterase (tetradecanoate),Fatty acid oxidation,171210;12012;171281;217700;171282;70025,0.0,1.0231815394945443e-12
GLCNACT5g,Alpha-N-acetylglucosaminyltransferase II,Chondroitin synthesis,14042;54616;14043;56219,0.0,0.0
r1380,Delta24-sterol reductase Biosynthesis of steroids EC:1.3.1.72,Cholesterol metabolism,74754,0.0,8.810729923425242e-13
r1259,EC:6.2.1.3,Fatty acid oxidation,14081;26458;216739;50790;328845;74205;433256,0.0,1.4210854715202004e-12
r2261,Resistance-Nodulation-Cell Division (RND) TCDB:2.A.60.1.5,"Transport, extracellular",101488,0.0,1000.0
DHAAt1r,Dehydroascorbate transport (uniport),"Transport, extracellular",20525;20528;20527,-63.35778534882431,-63.35778534878736
HMR_1651,3-Hydroxyacyl Coenzyme A Dehydrogenase,Steroid metabolism,15108;97212;15107,-3.183231456205249e-12,1.0111911308285926e-12
RE3242C,RE3242,Fatty acid synthesis,,0.0,0.0
SMVGLUChep,Glucuronidation of the open acid form of simvastatin,Drug metabolism,394436;22236,0.0,0.0
CRVSM1hr,Beta-glucuronidase of cerivastatin-M1-glucuronide to M1 form,Drug metabolism,110006,0.0,0.0
L_LACt2r,L lactate reversible transport via proton symport,"Transport, extracellular",57274;20501;80879;20503;12215,-1000.0,1000.0
HMR_2668,Carnitine O-Acetyltransferase,"Transport, mitochondrial",12908;12896,-2.5813999829046154e-12,0.0
OCTDECCACT,Transport of Octadecenoyl Coenzyme A into Mitochondrial Matrix,Fatty acid oxidation,57279,0.0,0.0
HMR_0963,Glutathione Peroxidase,Arachidonic acid metabolism,14775;67305;14776;14778;11758;14780;625249;75512;69590,0.0,0.0
RE0915E,Alpha-Amylase,Starch and sucrose metabolism,100043686;100043688;109959;11722;100043684,-200.0,-199.99999999999238
MALTly,"Alpha-glucosidase, lysosomal",Starch and sucrose metabolism,14387,0.0,1.4551915228366853e-12
HMR_2712,HMR 2712,"Transport, mitochondrial",207151;171405;434674;20517;236149;236293;319800;57279;214663;30805,-1000.0,1000.0
r2102,Major Facilitator(MFS) TCDB:2.A.1.13.1,"Transport, extracellular",20501,-1000.0,1000.0
4AABUTNt,Diffusion of 4-Acetamidobutanoate,"Transport, extracellular",,0.0,0.0
DADK,Deoxyadenylate kinase,Nucleotide interconversion,11639;229949;78801;11636;11637,-1000.0,1000.0
HMR_3629,Acyl Coenzyme A:Cholesterol O-Acyltransferase,Cholesterol metabolism,223920;20652,0.0,0.0
PCHOLDOC_HSABCt,Transport of 1-Docosahexaenoylglycerophosphocholine,"Transport, extracellular",54670;11303;18670;54667;11982,0.0,0.0
HMR_2288,Stearoyl Coenzyme A 9-Desaturase,Fatty acid synthesis,20249,0.0,0.0
HMR_3408,Enoyl Coenzyme A Hydratase,Fatty acid oxidation,97212;15107;229211;15108;93747;52538;235674;11363;11364;11370;231086,0.0,1.1630714957086196e-12
HMR_3710,Steryl-Ester Acylhydrolase,Cholesterol metabolism,16889;12613,0.0,0.0
RDH1a,"Retinol dehydrogenase (all-trans,NADPH)",Vitamin A metabolism,108841;98711;235033;242285;17252;105014;77974,0.0,1000.0
HEPDECETH,Formation of Heptadecanoyl Thanolamide (C17:0),Glycerophospholipid metabolism,18805;18806,0.0,1.460875864722766e-11
RE1520M,Enoyl Coenzyme A Hydratase,Fatty acid oxidation,74147;93747;97212;231086,0.0,3.5917935292673064e-12
GCC2cm,Glycine cleavage complex  lipoamide   mitochondrial,"Glycine, serine, alanine, and threonine metabolism",434437;13382;104174;68133,0.0,118.78754715496791
LNELDCCPT2,Carnitine transferase,Fatty acid oxidation,12896,0.0,0.0
HISt4,L-histidine transport in via sodium symport,"Transport, extracellular",56774;67760,0.0,1000.0
r0355,Glycolysis / Glyconeogenesis EC:2.7.1.1,Glycolysis/gluconeogenesis,212032;15275;15277;103988,0.0,1.7711212613472814e-12
HMR_2775,HMR 2775,"Transport, mitochondrial",207151;171405;434674;20517;236149;236293;319800;57279;214663;30805,0.0,0.0
GLPASE2,Glycogen phosphorylase (amyls -> glc-D),Starch and sucrose metabolism,110078;19309;110095,112.12446400424808,112.12446400424989
O2St,Superoxide anion transport via diffusion (extracellular),"Transport, extracellular",,-100.0,-99.99999999999811
HMR_3110,Acetyl Coenzyme A C-Acyltransferase,Fatty acid oxidation,52538;97212;231086,0.0,0.0
DIDECAETH,Formation of C12:0-Ethanolamide,Glycerophospholipid metabolism,18805;18806,0.0,1.2732925824820995e-11
NTD3,5'-nucleotidase (dCMP),Pyrimidine catabolism,70881;230718;14913;23959;50773;107569,0.0,0.0
HMR_7711,HMR 7711,"Transport, lysosomal",,0.0,7.958078640513122e-12
SMVthep,Uptake of simvastatin by hepatocytes,Drug metabolism,101488,-1000.0,1000.0
DESAT18_6,Fatty acyl-CoA desaturase (n-C18:1CoA -> n-C18:2CoA),Fatty acid synthesis,56473,0.0,1.6347009488259309e-12
HMR_3203,Enoyl Coenzyme A Hydratase,Fatty acid oxidation,93747;97212,0.0,1.2754006827842221e-12
3M4HDXPAC,3-Methoxy-4-hydroxyphenylacetaldehyde:NAD+ oxidoreductase,Tyrosine metabolism,621603;67689;73458;56847;11670,0.0,0.0
HMR_3116,Enoyl Coenzyme A Hydratase,Fatty acid oxidation,93747;97212,0.0,0.0
ACONTm,Aconitate hydratase,Citric acid cycle,11428;11429,-1000.0,1000.0
EX_no_e,Nitric oxide exchange,Exchange/demand reaction,,0.0,1.142197447734361e-12
C226CPT2,C226 transport into the mitochondria,Fatty acid oxidation,12896,0.0,1.7024603948812e-11
FORtr,"FOR transporter, endoplasmic reticulum","Transport, endoplasmic reticular",,0.0,0.0
NAGLCAly,"N-acetylglucosaminidase, lysosomal",Keratan sulfate degradation,,0.0,0.0
HMR_2961,Long-Chain-Fatty-Acid Coenzyme A Ligase,Fatty acid synthesis,26458;216739;50790;328845;74205;14081;94180;433256,0.0,0.0
SPHK21c,Sphingosine kinase,Sphingolipid metabolism,56632;20698,0.0,0.0
HMR_3242,3-Hydroxyacyl Coenzyme A Dehydrogenase,Fatty acid oxidation,15108;97212;15107,0.0,0.0
C161CRN2t,C161 transport into the mitochondria,Fatty acid oxidation,57279,-1000.0,1000.0
HMR_3736,Steryl-Ester Acylhydrolase,Cholesterol metabolism,16889;12613,0.0,0.0
HMR_0434,Palmitoyl Coenzyme A Hydrolase,Fatty acid oxidation,171210;12012;171281;217700;171282;70025,0.0,0.0
C181CRNt,C181 transport into the mitochondria,Fatty acid oxidation,57279,-1000.0,1000.0
SUCCtp,"Succinate transporter, peroxisome","Transport, peroxisomal",,-9.055285520615915e-13,0.0
EX_ditp_e,EX ditp[e],Exchange/demand reaction,,0.0,0.0
r0319,Propanoate:CoA ligase (AMP-forming) Propanoate metabolism EC:6.2.1.1 EC:6.2.1.17,Miscellaneous,68738;60525;380660,0.0,0.0
HMR_0293,Long-Chain-Fatty-Acid Coenzyme A Ligase,Fatty acid synthesis,26458;216739;50790;328845;74205;14081;94180;433256,0.0,0.0
CMPSASn,"CMP sialic acid synthase, nuclear",Aminosugar metabolism,12764,0.0,0.0
S23T4g,"Beta-galactoside alpha-2,3-sialyltransferase",Keratan sulfate synthesis,20444;20442;20443,0.0,0.0
HOCTDACBP,Transport of 3-Hydroxyoctadecenoylcoa from Mitochondria into the Cytosol,Fatty acid oxidation,13167,0.0,0.0
HMR_2354,Very-Long-Chain 3-Oxoacyl Coenzyme A Reductase,Fatty acid synthesis,56348,0.0,0.0
S3T2g,Heparin-glucosamine 3-O-sulfotransferase,Chondroitin synthesis,319415;195646;628779,0.0,0.0
PETHCT,Phosphoethanolamine cytidyltransferase,Glycerophospholipid metabolism,68671,0.0,0.0
GLCATg,"UDP-D-glucuronate:galactosylgalactosylxylose glucuronosyltransferase, Golgi apparatus",Chondroitin synthesis,76898;72727;280645,0.0,0.0
DAGK_hs,Diacylglycerol phosphate kinase (homo sapiens),Glycerophospholipid metabolism,320127;104418;227333;217480;110524;56077;110197;380921;13139,3.004287965999765,3.004287966004732
r0548,Aldehyde:NADP+ oxidoreductase Phenylalanine metabolism EC:1.2.1.5,Miscellaneous,621603;67689;73458;56847;11670,0.0,0.0
DPCOAKm,Dephospho CoA kinase  mitochondrial,CoA synthesis,71743,0.0,0.0
r0968,Postulated transport reaction,"Transport, endoplasmic reticular",,0.0,0.0
r1454,TCDB:2.A.1.13.5 TCDB:2.A.1.13.1,"Transport, mitochondrial",20503;20501,21.65345923588102,21.65345923588607
HMR_3230,Medium-Chain Acyl Coenzyme A Dehydrogenase,Fatty acid oxidation,229211;11370;11363;11364,0.0,2.5352164811920375e-11
C02712te,"Transport of N-Acetylmethionine, Extracellular","Transport, extracellular",114644,-3.183231456205249e-12,100.0
PHEACGLYsec,Secretion of Phenylacetylglycine,"Transport, extracellular",,0.0,0.0
CRVSthc,Cerivastatin uptake by hepatocytes,Drug metabolism,101488,-1000.0,1000.0
r2107,Major Facilitator(MFS) TCDB:2.A.1.13.1,"Transport, extracellular",20501,-1000.0,1000.0
PROFVSCOAhc,Beta oxidation (4 cycles) & CYP oxidation of fluvastatin-CoA to des-isoproylpropionic-acid-fluvastatin-CoA in hepatocytes,Drug metabolism,69888;74147;72303;235674;15488;11430,0.0,0.0
HMR_2731,HMR 2731,"Transport, mitochondrial",207151;171405;434674;20517;236149;236293;319800;57279;214663;30805,-1000.0,1000.0
HMR_3645,Acyl Coenzyme A:Cholesterol O-Acyltransferase,Cholesterol metabolism,223920;20652,0.0,0.0
CLS_hs,Cardiolipin synthase (homo sapiens),Glycerophospholipid metabolism,66586,2.0029731846985674,2.0029731846985683
FAOXC13BRC11BRx,"Fatty Acid Beta Oxidation (C13Br->C11Br), Peroxisomal",Fatty acid oxidation,74147;235674;15488;80911,0.0,0.0
EX_diholineth_e,Exchange of Dihomo-Gamma-Linolenoyl Ethanolamide,Exchange/demand reaction,,0.0,1.318767317570746e-11
r1671,Y+LAT2 Utilized transport,"Transport, extracellular",330836,-1000.0,1000.0
B3GALT41g,"Beta-1,3-galactosyltransferase 4",Sphingolipid metabolism,54218,0.0,1.5347723092418158e-12
DOCOSACTDr,Transport of Docosanoic Acid by Diffusion,Fatty acid oxidation,,-1000.0,0.0
CMPACNAtn,CMP-Sia nuclear export,"Transport, nuclear",,0.0,0.0
LNLCCPT1,Carnitine O-palmitoyltransferase,Fatty acid oxidation,12894;12895;78070,-1000.0,4.671818487622659e-12
LTDCL,L-Tryptophan decarboxy-lyase,Tryptophan metabolism,13195,0.0,0.0
ALDD20x,"Aldehyde dehydrogenase (indole-3-acetaldehyde, NAD)",Tryptophan metabolism,11668;19378;110695;11671;56752,0.0,0.0
HMR_0597,Phosphatidate Phosphatase,Glycerophospholipid metabolism,64898;64899;381925;19012;216152;14245;67916;229791;235044;71910;50784,0.0,0.0
HPROb,L hydroxyproline reductase  NADP,Arginine and proline metabolism,69051;209027,-1000.0,1000.0
r2244,Resistance-Nodulation-Cell Division (RND) TCDB:2.A.60.1.5,"Transport, extracellular",101488,0.0,1000.0
AICART,Phosphoribosylaminoimidazolecarboxamide formyltransferase,Purine synthesis,108147,0.0,0.0
HMR_2704,Carnitine O-Acetyltransferase,"Transport, mitochondrial",12908;12896,0.0,0.0
HMR_9804,HMR 9804,Propanoate metabolism,101502;70061;114664;105014;108841;74032;242285;77337;80707;66065;67861;77974;71412;234309;11532;14979;15484;14187;69772;13016;436008;98711;83702;76668;53415,-3.069544618483633e-12,0.0
HMR_0243,HMR 0243,"Transport, extracellular",11303,0.0,0.0
HMR_0823,HMR 0823,Glycosphingolipid metabolism,20448;50935;26938;20447,0.0,0.0
HMGLm,Hydroxymethylglutaryl-CoA lyase,Cholesterol metabolism,208982;15356,0.0,1.8189894035458565e-12
CHAT,Choline O-acetyltransferase,Glycerophospholipid metabolism,12647,583.4015468330664,583.4015468330671
CYTK12n,"Cytidylate kinase (dCMP,dCTP),nuclear",Nucleotide interconversion,66588,-1000.0,1000.0
r2086,Major Facilitator(MFS) TCDB:2.A.1.13.1,"Transport, extracellular",20501,-1000.0,1000.0
r0860,Utilized transport,Purine catabolism,,-1000.0,1000.0
TAURt4_2_r,TAURt4 LPAREN 2 RPAREN r,"Transport, extracellular",21366,-1000.0,1000.0
SMS16,"Sphingomyelin Synthase, Formation of Sm (D18:1/23:0)",Glycerophospholipid metabolism,74442;208449,0.0,9.459100169806334e-13
MALTSULtm,"Malate:thiosulfate antiport, mitochondrial","Transport, mitochondrial",27376,-1000.0,1000.0
DPGM,Diphosphoglyceromutase,Glycolysis/gluconeogenesis,56012;12183;18648,0.0,1.7053025658242404e-12
HOMOVALte,Transport of Homovanillate by Oat3,"Transport, extracellular",19879,0.0,0.0
RE3146R,Long-Chain-Fatty-Acid- Coenzyme A Ligase,Fatty acid oxidation,14081;26458;216739;50790;74205;433256,0.0,0.0
AGPAT1_1,1-Acylglycerol-3-Phosphate O-Acyltransferase 1,Triacylglycerol synthesis,55979;52123;102247;68262;67216;67512;28169,0.0,0.0
PACCOALm,"Phenylacetate Coenzyme A Ligase, Mitochondrial",Phenylalanine metabolism,,0.0,1.2278178473934532e-12
OCTDECE1CRNe,Transport of 3-Hydroxy-Octadecenoyl Carnitine into Extra Cellular Space,Fatty acid oxidation,,0.0,0.0
VACCCPT2,Carnitine transferase,"Transport, mitochondrial",12908;12896,0.0,8.86757334228605e-13
HMR_3725,Steryl-Ester Acylhydrolase,Cholesterol metabolism,16889;12613,0.0,0.0
HMR_1637,Acyl Coenzyme A Oxidase,Bile acid synthesis,11430;80911,0.0,0.0
RE3165C,RE3165,Fatty acid oxidation,54326;83603;170439;68801,0.0,8.325898984930269e-13
HMR_3065,Acetyl Coenzyme A C-Acyltransferase,Fatty acid oxidation,235674;17919,0.0,0.0
PI5P4K,Phosphatidylinositol-5-phosphate 4-kinase,Inositol phosphate metabolism,84095;107650;224020,0.0,0.0
HMR_2540,Very-Long-Chain 3-Oxoacyl Coenzyme A Synthase,Fatty acid synthesis,68801;54326;12686;83603;170439;54325;74559,0.0,8.526512829121202e-13
PEDH203_HSABCt,"Transport of 1-Dihomo-Linolenoylglycerophosphoethanolamine (20:3, Delta 8, 11, 14)","Transport, extracellular",320940;50770,0.0,0.0
CYTK3n,"Cytidylate kinase (dCMP,CTP),nuclear",Nucleotide interconversion,66588,-1000.0,1000.0
GTHPm,Glutathione peroxidase  mitochondria,Glutathione metabolism,11757;625249;14775,0.0,0.0
ACACT1x,Acetyl-CoA:acetyl-CoA C-acetyltransferase,Cholesterol metabolism,110460;224530,0.0,4.433786671143025e-12
TAUPAT1c,Transport of taurine into the intestinal cells by PAT1,"Transport, extracellular",215335,0.0,1000.0
HMR_2265,Very-Long-Chain (3R)-3-Hydroxyacyl Coenzyme A Dehydratase,Fatty acid synthesis,67044;70757;57874;30963;66775,0.0,0.0
CORE2GTg,"Core 2 acetylglucosaminyltransferase, Golgi apparatus",O-glycan metabolism,218476;72077;14537,0.0,0.0
PCHOLN264_HSABCt,"Transport of 1-Lignocericylglycerophosphocholine (24:0), Lysopc A C24","Transport, extracellular",54670;11303;18670;54667;11982,0.0,0.0
HMR_6975,HMR 6975,Lysine metabolism,232811;239122;18193;235626;110147;214162;107823;69188;74729;233904;231051;234135;77683;20937;69726;208266;84505;75410;225888;381022;192195;208043;67956;73251;64707,0.0,0.0
RE3012M,Aldehyde Dehydrogenase (NAD+),Eicosanoid metabolism,72535;110695;11669,0.0,0.0
DOCO13EFATP,Absorption Or Uptake of 13-Docosenoic Acid into Cells,Fatty acid oxidation,26568;26569;26457;26458;26459;225579,0.0,0.0
RE3189M,Acetyl Coenzyme A C-Acyltransferase,Fatty acid oxidation,52538;97212;231086,0.0,0.0
LDH_D,D-lactate dehydrogenase,Pyruvate metabolism,52815,99.99999999998875,100.0
LCADi_D,Lactaldehyde dehydrogenase,Pyruvate metabolism,67689;110695;73458;19378;56847;11668;621603;11670;11671;56752,0.0,0.0
CYTK8n,"Cytidylate kinase (CMP,dATP),nuclear",Nucleotide interconversion,66588,-1000.0,1000.0
r1815,Y+LAT2 Utilized transport,"Transport, extracellular",330836,0.0,1000.0
FACOAL150,Fatty-acid--CoA ligase,Fatty acid oxidation,14081;50790;74205,0.0,0.0
LYSt5r,LYStiDF,"Transport, extracellular",69354;11989;11987;11988,0.0,1000.0
HMR_3446,"2, 4-Dienoyl Coenzyme A Reductase (NADPH)",Fatty acid synthesis,67460;26378,0.0,0.0
CSNATr,Carnitine O acetyltransferase,Fatty acid oxidation,12908,-1000.0,1000.0
HMR_3654,Acyl Coenzyme A:Cholesterol O-Acyltransferase,Cholesterol metabolism,223920;20652,0.0,0.0
CK_cho,ATP Creatine kinase,Urea cycle,76722;12716,0.0,0.0
TRIODTHYt2,T3 transport via facilitated diffusion,"Transport, extracellular",20502,-1000.0,1000.0
HMR_2611,Carnitine O-Palmitoyltransferase,Fatty acid oxidation,12894;12895;78070,0.0,2.9984903449076228e-12
HMR_2764,HMR 2764,"Transport, mitochondrial",207151;171405;434674;20517;236149;236293;319800;57279;214663;30805,-1000.0,1000.0
GALT2g,"UDP-D-galactose:galactosylxylose galactosyltransferase, Golgi apparatus",Chondroitin synthesis,117592,0.0,0.0
MINOHPtn,Inositol hexakisphosphate nuclear transport  diffusion,"Transport, nuclear",,0.0,0.0
PEOLE_HSABCt,Transport of 1-Oleoylglycerophosphoethanolamine (Delta 9),"Transport, extracellular",320940;50770,0.0,0.0
HMR_2690,Carnitine O-Palmitoyltransferase,Fatty acid oxidation,12894;12895;78070,0.0,0.0
RE3006M,Acetyl Coenzyme A C-Acyltransferase,Fatty acid oxidation,52538;97212;231086,0.0,0.0
HMR_0241,Long-Chain-Fatty-Acid Coenzyme A Ligase,Fatty acid synthesis,26458;216739;50790;328845;74205;14081;94180;433256,0.0,0.0
HMR_3219,Enoyl Coenzyme A Hydratase,Fatty acid oxidation,93747;97212,0.0,0.0
PCt,Phosphatidylcholine transporter,"Transport, extracellular",18670;11303,0.0,0.0
HMR_6977,S-Adenosyl-L-Methionine:Cytochrome-C-L-Lysine N6-Methyltransferase,Lysine metabolism,232811;239122;18193;235626;110147;214162;107823;69188;74729;233904;231051;234135;77683;20937;69726;208266;84505;75410;225888;381022;192195;208043;67956;73251;64707,0.0,0.0
HMR_0642,Phospholipase D,Glycerophospholipid metabolism,18805;18806;104759;18807,0.0,0.0
HMR_3171,Enoyl Coenzyme A Hydratase,Fatty acid oxidation,93747;97212,0.0,1.0414358930044907e-12
HMR_0854,"Alpha-N-Acetylneuraminate Alpha-2, 8-Sialyltransferase",Glycosphingolipid metabolism,20449,0.0,0.0
HMR_3128,Medium-Chain Acyl Coenzyme A Dehydrogenase,Fatty acid oxidation,229211;11370;11363;11364,0.0,1.610445110600267e-11
r1435,Transport reaction,"Transport, mitochondrial",,0.0,357.3858375872471
CO2ter,CO2 endoplasmic reticular transport via diffusion,"Transport, endoplasmic reticular",,-5.119896046952903e-12,0.0
H2Otg,"H2O transport, Golgi apparatus","Transport, golgi apparatus",,0.0,3.410605131648481e-12
HMR_3296,"2, 4-Dienoyl Coenzyme A Reductase (NADPH)",Fatty acid oxidation,67460;26378,0.0,4.092015615242417e-12
GLXO1,Glyoxylate oxidase,Glyoxylate and dicarboxylate metabolism,52815;54122;106557;16828;16832;16833,0.0,0.0
2HATVACIDthc,Uptake of 2-hydroxy-atorvastatin-acid into hepatocytes,Drug metabolism,101488,-1000.0,1000.0
GLPASE1,Glycogen phosphorylase (glygn2 -> dxtrn),Starch and sucrose metabolism,110078;19309;110095,112.12446400424876,112.1244640042502
GAPD,Glyceraldehyde-3-phosphate dehydrogenase,Glycolysis/gluconeogenesis,14447;14433,999.9999999999984,1000.0
ATVACIDOATPtu,Uptake of atorvastatin by enterocytes,Drug metabolism,101488,-1000.0,1000.0
EX_lineth_e,Exchange of Linoleoyl Ethanolamide,Exchange/demand reaction,,0.0,0.0
EX_trideceth_e,Exchange of Tridecanoyl Thanolamide (C13:0),Exchange/demand reaction,,0.0,0.0
ALR2,Aldose reductase (methylglyoxal),Pyruvate metabolism,110198;11677;58810,0.0,1000.0
ASP1DC,Aspartate 1-decarboxylase,Beta-Alanine metabolism,14415,0.0,1.2505552149377763e-12
ADSL1r,Adenylsuccinate lyase,Nucleotide interconversion,11564,0.0,0.0
r2437,Mitochondrial Carrier (Mc) Tcdb:2.A.29.8.3,"Transport, mitochondrial",57279,-1000.0,1000.0
HMR_6580,1-Phosphatidylinositol-4-Phosphate 5-Kinase,Inositol phosphate metabolism,227733;18719;18717;18720,0.0,0.0
FOLOATPtc,Folate Transport by OATP,"Transport, extracellular",101488;108096,-1000.0,1000.0
ACGAMPM,Phosphoacetylglucosamine mutase,Aminosugar metabolism,109785,0.0,0.0
HMR_3177,Acetyl Coenzyme A C-Acyltransferase,Fatty acid oxidation,52538;97212;231086,0.0,9.799681276137631e-13
NOS2_2,Nitric Oxide Synthase (No Forming),Arginine and proline metabolism,18125;18126;18127,0.0,1.1830536550405668e-12
HMR_3451,Acetyl Coenzyme A C-Acyltransferase,Fatty acid synthesis,52538;97212;231086,0.0,1.5862979287957154e-12
HMR_3457,"2, 4-Dienoyl Coenzyme A Reductase (NADPH)",Fatty acid synthesis,67460;26378,0.0,0.0
ACACT8p,Acetyl CoA acyltransferase  hexadecanoyl CoA   peroxisomal,Fatty acid oxidation,235674,0.0,1.389349917604261e-12
RNDR2,Ribonucleoside-diphosphate reductase (GDP),Nucleotide interconversion,20133;20135;382985,0.0,1000.0
RE0570C,RE0570,Fatty acid synthesis,,0.0,1.9326762412674725e-12
UDPG4DOPA,Dopamine 4-O-Glucuronidation,Tyrosine metabolism,78752;234356;74241;269941;78923,0.0,0.0
PHACCOAGLYACm,Glycine N-phenylacetyltransferase,Phenylalanine metabolism,107146,0.0,0.0
NACHEX25ly,"Beta-N-acetylhexosaminidase, lysosomal",Keratan sulfate degradation,15211;15212,0.0,0.0
DCK2n,"Deoxycytidine kinase, nuclear (UTP)",Nucleotide interconversion,13178,-1000.0,1000.0
KHK2,Ketohexokinase (D-xylulose),Glyoxylate and dicarboxylate metabolism,16548,0.0,0.0
HMR_3675,Acyl Coenzyme A:Cholesterol O-Acyltransferase,Cholesterol metabolism,223920;20652,0.0,0.0
HMR_3426,Enoyl Coenzyme A Hydratase,Fatty acid oxidation,97212;15107;229211;15108;93747;52538;235674;11363;11364;11370;231086,0.0,3.0546232210326705e-12
HMR_6397,Dihydrolipoyl Dehydrogenase,Lipoate metabolism,13382,0.0,100.0
EHGLATm,L erythro 4 Hydroxyglutamate2 oxoglutarate aminotransferase  mitochondrial,Arginine and proline metabolism,14719,0.0,1.3642420526593924e-12
GLCNACT2g,Alpha-N-acetylglucosaminyltransferase II,Chondroitin synthesis,14042;54616;14043;56219,0.0,0.0
HMR_9647,HMR 9647,"Transport, extracellular",,0.0,0.0
HMR_3247,Acetyl Coenzyme A C-Acyltransferase,Fatty acid oxidation,52538;97212;231086,0.0,2.1235077188716135e-12
MLTHFte1,Transport by ABCa11 into Extracellular Space,"Transport, extracellular",18670;12780;239273;17250;27416;26357,0.0,0.0
DHCR72r,7-dehydrocholesterol reductase,Cholesterol metabolism,13360,0.0,2.547295707699959e-12
HMR_3197,Acetyl Coenzyme A C-Acyltransferase,Fatty acid oxidation,52538;97212;231086,0.0,1.7687478463803607e-12
HMR_3678,Acyl Coenzyme A:Cholesterol O-Acyltransferase,Cholesterol metabolism,223920;20652,0.0,1.1368683772161603e-12
PI45P3K,"Phosphatidylinositol 4,5-bisphosphate 3-kinase",Inositol phosphate metabolism,23900;18708;320207;18709;18710;30955;74769;18706;18707,0.0,0.0
IPDDI,Isopentenyl-diphosphate D-isomerase,Squalene and cholesterol synthesis,319554;320581,-1000.0,0.0
SPHS1Pt2e,Export Mediated by ATP Binding Cassette (ABC) Transporters,"Transport, extracellular",11303;17250,0.0,1.3347751058300258e-12
FACOAE180,Fatty-acid-CoA thioesterase (octadecanoate),Fatty acid synthesis,12012;171281;217700,0.0,0.0
r2380,Mitochondrial Carrier (MC) TCDB:2.A.29.7.2,"Transport, mitochondrial",13358,-1000.0,1000.0
CGLYt3_2,Cys-Gly transport in via proton symport,"Transport, extracellular",57738,0.0,1000.0
ACNAMPH,N-Acetylneuraminate 9-phosphate phosphohydrolase,Aminosugar metabolism,66659;11433;67311,0.0,0.0
D_LACt2,D lactate transport via proton symport,"Transport, extracellular",57274;80879;20503;20501,99.99999999999272,100.0
GLCNACT4g,Alpha-N-acetylglucosaminyltransferase II,Chondroitin synthesis,14042;54616;14043;56219,0.0,0.0
BGAL3l,"Beta-Galactosidase, Lysosomal",Sphingolipid metabolism,12091,0.0,0.0
r0398,"NADPH:6,7-dihydropteridine oxidoreductase Folate biosynthesis EC:1.5.1.34",Tetrahydrobiopterin metabolism,110391,0.0,1.7053025658242404e-12
FBA4,D-Fructose 1-phosphate D-glyceraldehyde-3-phosphate-lyase,Glyoxylate and dicarboxylate metabolism,230163;11676;11674,0.0,0.0
RE3119C,RE3119,Fatty acid oxidation,,0.0,0.0
RE3161C,RE3161,Fatty acid oxidation,54326;83603;170439;68801,0.0,1.111088173996542e-12
ADSK,Adenylyl-sulfate kinase,Nucleotide interconversion,23971;23972,0.0,0.0
RE3012R,Aldehyde Dehydrogenase (NAD+),Eicosanoid metabolism,11670;11671,-2.2382096176443156e-12,0.0
r0318,Propanoate:CoA ligase (AMP-forming) Propanoate metabolism EC:6.2.1.1 EC:6.2.1.17,Miscellaneous,68738;60525;380660,0.0,0.0
HMR_2603,HMR 2603,"Transport, mitochondrial",207151;171405;434674;20517;236149;236293;319800;57279;214663;30805,-1.5347723092418164e-12,2.0162063447808093e-12
SEBACACT,Activation of sebacic acidd,Fatty acid oxidation,,0.0,0.0
HMR_3649,Acyl Coenzyme A:Cholesterol O-Acyltransferase,Cholesterol metabolism,223920;20652,0.0,0.0
EX_M01807_e,EX M01807[e],Exchange/demand reaction,,0.0,1.0345502232667059e-11
HMR_2670,HMR 2670,"Transport, mitochondrial",207151;171405;434674;20517;236149;236293;319800;57279;214663;30805,-8.912236028533828e-13,0.0
CITt4_1,Citrate transport via sodium symport,"Transport, extracellular",13358;237831,0.0,1000.0
EX_4aabutn_e,Exchange of 4-Acetamidobutanoate,Exchange/demand reaction,,0.0,0.0
DESAT14_9,Desaturation of Myristic Acid to 9-Tetradecenoic Acid,Fatty acid synthesis,56473,0.0,0.0
HMR_2862,Carnitine O-Acetyltransferase,"Transport, endoplasmic reticular",12908,0.0,0.0
HMR_0614,Ethanolaminephosphotransferase,Glycerophospholipid metabolism,99712;28042,0.0,0.0
FACOAL1831,Gamma-Linolenic acid:CoA ligase (AMP-forming),Fatty acid oxidation,14081;216739;50790;328845;74205;433256,0.0,0.0
r2110,Major Facilitator(MFS) TCDB:2.A.1.13.1,"Transport, extracellular",20501,-1000.0,1000.0
HMR_2395,Very-Long-Chain 3-Oxoacyl Coenzyme A Synthase,Fatty acid synthesis,68801;54326;12686;83603;170439;54325;74559,0.0,0.0
2HBt2,2 hydroxybutyrate cotransport with proton,"Transport, extracellular",80879;20503;20501,-1000.0,1000.0
URIK1,Uridine kinase  ATPUridine,Pyrimidine synthesis,22245;68556;80914,0.0,11.923858465555782
GDRm,"Glutathione-disulfide reductase, mitochondria",Glutathione metabolism,14782,-1000.0,0.0
PAFHe,Platelet-activating factor acetylhydrolase,Glycerophospholipid metabolism,27226,0.0,0.0
HMR_2211,Very-Long-Chain 3-Oxoacyl Coenzyme A Synthase,Fatty acid synthesis,68801;54326;12686;83603;170439;54325;74559,0.0,0.0
SO4tl,Sulfate transport (lysosome),"Transport, lysosomal",,0.0,0.0
AG13T17g,"N-acetyllactosaminide beta-1,3-N-acetylglucosaminyltransferase, Golgi apparatus",Keratan sulfate synthesis,210004;53625;108902;227327;232984;72297;231727,0.0,0.0
HMR_1744,HMR 1744,"Transport, mitochondrial",,0.0,0.0
HPROxm,L hydroxyproline dehydrogenase  NAD   mitochondrial,Arginine and proline metabolism,69051;209027,0.0,1.7053025658242404e-12
ELAIDCRNt,Transport into the mitochondria (carnitine),Fatty acid oxidation,57279,-1000.0,1000.0
r0444,Palmitoyl-CoA:L-carnitine O-palmitoyltransferase Fatty acid metabolism EC:2.3.1.21,Fatty acid oxidation,12894;12896,0.0,0.0
HMR_3644,Acyl Coenzyme A:Cholesterol O-Acyltransferase,Cholesterol metabolism,223920;20652,0.0,0.0
HMR_3734,Steryl-Ester Acylhydrolase,Cholesterol metabolism,16889;12613,0.0,0.0
ACS,Acetyl-CoA synthetase,Glycolysis/gluconeogenesis,78894;60525,0.0,1.6626700016786344e-12
HMR_2945,Long-Chain-Fatty-Acid Coenzyme A Ligase,Fatty acid synthesis,26458;216739;50790;328845;74205;14081;94180;433256,0.0,9.094947017729282e-13
r1170,EC:2.3.1.26,Miscellaneous,223920;20652,0.0,0.0
GPAM_hs_1,Glycerol-3-Phosphate Acyltransferase,Triacylglycerol synthesis,67216;14732,0.0,0.0
MEVK1,Mevalonate kinase  atp,Squalene and cholesterol synthesis,17855,0.0,0.0
HMR_3182,Medium-Chain Acyl Coenzyme A Dehydrogenase,Fatty acid oxidation,229211;11370;11363;11364,0.0,0.0
PGPPT,Phosphatidyl-CMP: glycerophosphate phosphatidyltransferase,Glycerophospholipid metabolism,74451,2.503630575349762,2.5036305753497623
HMR_2954,Long-Chain-Fatty-Acid Coenzyme A Ligase,Fatty acid synthesis,26458;216739;50790;328845;74205;14081;94180;433256,0.0,0.0
r1777,Y+LAT2 Utilized transport,"Transport, extracellular",330836,0.0,1000.0
DOCTETETH,"Formation of Docosatetraenoyl Ethanolamide (22:4, Delta 7, 10, 13, 16)",Glycerophospholipid metabolism,18805;18806,0.0,1.2505552149377763e-11
EICOSTETCPT2,Carnitine transferase,Fatty acid oxidation,12896,0.0,3.9709188318478744e-12
RDH3a,"Retinol dehydrogenase (11-cis,NADPH)",Vitamin A metabolism,108841;242285;17252;105014;77974,0.0,1000.0
PCHOLET_HSABCt,"Transport of 1-Eicosatrienoylglycerophosphocholine (Delta 11, 14, 17)","Transport, extracellular",54670;11303;18670;54667;11982,0.0,0.0
r1670,Y+LAT2 Utilized transport,"Transport, extracellular",330836,-1000.0,1000.0
HMR_3406,Enoyl Coenzyme A Hydratase,Fatty acid oxidation,97212;15107;229211;15108;93747;52538;235674;11363;11364;11370;231086,0.0,2.3874235921539366e-12
HMR_1280,Carbonyl Reductase (NADPH),Leukotriene metabolism,28200;109857;12408,-1000.0,1000.0
FORtm,Formate mitochondrial transport,"Transport, mitochondrial",,0.0,0.0
ACRNtp,Acetylcarnitine transport out of peroxisome,"Transport, peroxisomal",57279,-1000.0,1000.0
2HBO,2 HydroxybutyrateNAD oxidoreductase,Propanoate metabolism,54122;106557;16828;16832;16833,-21.653459235885226,-21.653459235882323
NT5C,5'-nucleotidase,NAD metabolism,230718;70881;23959;76952;50773;107569,0.0,0.0
GLYALDDr,D-Glyceraldehyde dehydrogenase,Miscellaneous,11669;72535;110695;11671;56752,-2.8421709430404007e-12,0.0
GLUCYS,Gamma-glutamylcysteine synthetase,Glutathione metabolism,14629;14630,0.0,0.0
SQLSr,Squalene synthase,Cholesterol metabolism,14137,0.0,1000.0
HMR_8023,HMR 8023,"Transport, extracellular",,0.0,0.0
r1175,Sterol Esterase,Miscellaneous,16889;12613,0.0,8.242295734817162e-13
HMGCOAR,Hydroxymethylglutaryl CoA reductase,Cholesterol metabolism,15357,0.0,1000.0
RE3273C_1,Phospholipase D,Phosphatidylinositol phosphate metabolism,18806,-8.512378318401403,991.487621681606
HMR_3069,Acetyl Coenzyme A C-Acyltransferase,Fatty acid oxidation,235674;17919,0.0,9.77252774143142e-13
SK_octdececoa_c,Sink for Octadecenoyl Coenzyme A,Fatty acid oxidation,,0.0,0.0
FCLTm,Ferrochelatase  mitochondrial,Heme synthesis,14151,0.0,0.0
GALGT3,"Beta-1,4 N-acetylgalactosaminyltransferase",Sphingolipid metabolism,14421,0.0,0.0
HEXDECEETH,Formation of C16:1-Ethanolamide,Glycerophospholipid metabolism,18805;18806,0.0,7.503331289626658e-12
MTHFDm,Methylenetetrahydrofolate dehydrogenase  NADP   mitochondrial,Folate metabolism,17768;270685;108156,-854.4744008628925,1000.0
HMR_3223,Enoyl Coenzyme A Hydratase,Fatty acid oxidation,93747;97212,0.0,1.2363443602225743e-12
PCHOLN205_HSABCt,"Transport of 1-Eicosapentenoylglycerophosphocholine (Delta 5, 8, 11, 14, 17), Sn1-Lpc (20:5)","Transport, extracellular",54670;11303;18670;54667;11982,0.0,0.0
HMR_3724,Steryl-Ester Acylhydrolase,Cholesterol metabolism,16889;12613,0.0,0.0
HMR_2967,Long-Chain-Fatty-Acid Coenzyme A Ligase,Fatty acid synthesis,26458;216739;50790;328845;74205;14081;94180;433256,0.0,0.0
HMR_2975,Long-Chain-Fatty-Acid Coenzyme A Ligase,Fatty acid synthesis,26458;216739;50790;328845;74205;14081;94180;433256,0.0,0.0
UPP3S,Uroporphyrinogen-III synthase,Heme synthesis,22276,0.0,0.0
HMR_3201,Acetyl Coenzyme A C-Acyltransferase,Fatty acid oxidation,52538;97212;231086,0.0,0.0
TRDR,Thioredoxin reductase (NADPH),Nucleotide interconversion,50493,999.99999999999,1000.0
NAIt,Na+ / iodide cotransport,"Transport, extracellular",114479,-1000.0,1000.0
DURAD,Dihydrouracil dehydrogenase (NADP),Pyrimidine catabolism,99586,-483.4015468330738,-483.4015468330616
6EPVSthc,Uptake of 6-epi-pravastatin by hepatocytes,Drug metabolism,101488,-1000.0,1000.0
r1837,Y+LAT2 Utilized transport,"Transport, extracellular",330836,0.0,1000.0
SUBERCACT,Transport of suberyl carnitine into cytosol,Fatty acid oxidation,57279,0.0,0.0
SMS3,"Sphingomyelin Synthase, Formation of Sm (D18:1/16:1)",Glycerophospholipid metabolism,74442;208449,0.0,1.673328142715036e-12
HACD9m,"(2S,3S)-3-hydroxy-2-methylbutanoyl-CoA:NAD+ oxidoreductase","Valine, leucine, and isoleucine metabolism",74147;15108;15107,0.0,0.0
r1750,Y+LAT2 Utilized transport,"Transport, extracellular",330836,0.0,1000.0
PPPGOm,Protoporphyrinogen oxidase  mitochondrial,Heme synthesis,19044,0.0,0.0
RE3234C,RE3234,Fatty acid synthesis,,0.0,0.0
HMR_3431,Enoyl Coenzyme A Hydratase,Fatty acid oxidation,97212;15107;229211;15108;93747;52538;235674;11363;11364;11370;231086,0.0,9.077296161448196e-13
PI34P5K,"Phosphatidylinositol 3,4-bisphosphate 5-kinase",Inositol phosphate metabolism,18719;18717;18720,0.0,0.0
HAtly,"Hyaluronan transport, extracellular to lysosome","Transport, lysosomal",,0.0,0.0
r1811,Y+LAT2 Utilized transport,"Transport, extracellular",330836,0.0,1000.0
HMR_7329,"Alpha-1, 6-Mannosyl-Glycoprotein 4-Beta-N-Acetylglucosaminyltransferase",N-glycan metabolism,67569,0.0,0.0
HMR_0817,"Beta-Galactoside Alpha-2, 3-Sialyltransferase",Glycosphingolipid metabolism,20444;20442;20443,0.0,0.0
PI5P3K,Phosphatidylinositol-5-phosphate 3-kinase,Inositol phosphate metabolism,23900;18706;18708;320207;18709;18710;18707;18704;18705;74769;225326;240752;30955,0.0,0.0
HMR_2535,Very-Long-Chain (3R)-3-Hydroxyacyl Coenzyme A Dehydratase,Fatty acid synthesis,67044;70757;57874;30963;66775,0.0,1.3032836336443235e-12
r0047,Adenosine 5-monophosphate phosphohydrolase Purine metabolism EC:3.1.3.5,Purine catabolism,230718;103850;70881;23959;76952;50773;107569,0.0,0.0
HMR_7757,HMR 7757,"Transport, mitochondrial",13167,0.0,1.5355200988387646e-12
ETHAK,Ethanolamine kinase,Glycerophospholipid metabolism,214253;12651;75320;12660,0.0,9.094947017729282e-13
SERPT,Serine C palmitoyltransferase,Sphingolipid metabolism,228677;20773;268656,0.0,1.5139841028950571e-12
FACOAL170,Fatty-acid--CoA ligase,Fatty acid oxidation,14081;50790;74205,0.0,0.0
r0641,(5-Glutamyl)-peptide:amino-acid 5-glutamyltransferase Arachidonic acid metabolism EC:2.3.2.2,Fatty acid oxidation,23887;71522;207182;14598,-907.1173507895794,1000.0
EX_dopa4glcur_e,Exchange of Dopamine 4-O-Glucuronide,Exchange/demand reaction,,0.0,0.0
C4x,Esterification of Butyrylcoa to Butyrylcarnitine for Transport,"Transport, peroxisomal",74114,0.0,3.5420555377640994e-12
EX_M03131_e,EX M03131[e],Exchange/demand reaction,,0.0,0.0
PCHOL2STE_HSABCt,Transport of 2-Stearoylglycerophosphocholine,"Transport, extracellular",54670;11303;18670;54667;11982,0.0,0.0
HMR_0433,Long-Chain-Fatty-Acid Coenzyme A Ligase,Fatty acid synthesis,26458;216739;50790;328845;74205;14081;94180;433256,0.0,1.5916157281026244e-12
PCm,Pyruvate carboxylase,Pyruvate metabolism,18563,779.0024957121151,779.0024957121561
HMR_0851,"Alpha-N-Acetylneuraminate Alpha-2, 8-Sialyltransferase",Glycosphingolipid metabolism,20449,-1.4779288903810084e-12,0.0
NOt,NO transport (diffusion),"Transport, extracellular",,-1.538325022920617e-12,0.0
HMR_2859,Carnitine O-Acetyltransferase,"Transport, endoplasmic reticular",12908,0.0,0.0
r1957,Y+LAT2 Utilized transport,"Transport, extracellular",330836,0.0,1000.0
NTD9e,"5'-nucleotidase (GMP), extracellular",Nucleotide interconversion,50773;23959,0.0,0.0
HMR_3100,3-Hydroxyacyl Coenzyme A Dehydrogenase,Fatty acid oxidation,74147;15488,0.0,2.611244553918368e-12
RE2912M,Long-Chain-Fatty-Acid- Coenzyme A Ligase,Fatty acid oxidation,14081;216739;50790;74205;433256,0.0,3.595346242946107e-12
RBFK,Riboflavin kinase,Vitamin B2 metabolism,54391,0.0,0.0
G14T20g,"Beta-N-acetylglucosaminylglycopeptide beta-1,4-galactosyltransferase, Golgi",Keratan sulfate synthesis,56336;14595;57370;53418,0.0,0.0
HMR_2979,Long-Chain-Fatty-Acid Coenzyme A Ligase,Fatty acid synthesis,26458;216739;50790;328845;74205;14081;94180;433256,0.0,0.0
HMR_3243,Acetyl Coenzyme A C-Acyltransferase,Fatty acid oxidation,52538;97212;231086,0.0,0.0
ASPT,L-aspartase,Glutamate metabolism,14194,0.0,1.9610979506978765e-12
HMR_3184,3-Hydroxyacyl Coenzyme A Dehydrogenase,Fatty acid oxidation,15108;97212;15107,0.0,2.0212888898853283e-12
PIK4,Phosphatidylinositol 4-kinase,Glycerophospholipid metabolism,84095;107650;224020,0.0,0.0
ABTArm,"4-aminobutyrate transaminase, reversible (mitochondrial)",Glutamate metabolism,268860,-1000.0,-999.9999999999918
HMR_3117,3-Hydroxyacyl Coenzyme A Dehydrogenase,Fatty acid oxidation,15108;97212;15107,0.0,0.0
HMR_2391,HMR 2391,Fatty acid synthesis,,0.0,1.7437634564843225e-12
HMR_2218,Very-Long-Chain (3R)-3-Hydroxyacyl Coenzyme A Dehydratase,Fatty acid synthesis,67044;70757;57874;30963;66775,0.0,0.0
CYTK2_1,Adenylate kinase,Nucleotide interconversion,66588,-1000.0,1000.0
EX_ind3ac_e,EX ind3ac LPAREN e RPAREN,Exchange/demand reaction,,0.0,0.0
C6COAt,Esterification of Of Hexanoylcoa for Transport into Cytosol,"Transport, peroxisomal",74114,-1000.0,1000.0
LNELDCCPT1,Carnitine O-palmitoyltransferase,Fatty acid oxidation,12894;12895;78070,0.0,1.666222715357435e-12
r0357,Glycolysis / Glyconeogenesis EC:2.7.1.1,Fructose and mannose metabolism,212032;15275;15277,0.0,0.0
ADPACDAc,Activation of adipic acid for formation of adipoyl carnitine,Fatty acid oxidation,,0.0,0.0
3ISPVSthc,Uptake of 3-alpha-iso-pravastatin by hepatocytes,Drug metabolism,101488,-1000.0,1000.0
HEXCCOAtx,Fatty acid intracellular transport,"Transport, peroxisomal",,0.0,0.0
FACOAL1821,Linoleic acid:CoA ligase (AMP-forming),Fatty acid oxidation,14081;50790;328845;74205,0.0,0.0
GGTAe2,Gamma glutamyltransferase,Glutathione metabolism,23887;71522;207182;14598,-100.0,900.000000000007
FTHFLmi,Formate tetrahydrofolate ligase  mitochondrial irreversible,Folate metabolism,270685;108156,0.0,1.446492904497757e-12
HMR_2819,Carnitine O-Acetyltransferase,"Transport, endoplasmic reticular",12908,-1.8189894035458565e-12,0.0
FACOAE1829Z12Z,"Linoleoyl-CoA hydrolase (18:2(9Z,12Z))",Fatty acid oxidation,171210;12012;171281;217700;171282;70025,0.0,0.0
HMR_2609,HMR 2609,"Transport, mitochondrial",207151;171405;434674;20517;236149;236293;319800;57279;214663;30805,-1000.000000000002,1000.0000000000034
HMR_3068,3-Hydroxyacyl Coenzyme A Dehydrogenase,Fatty acid oxidation,74147;15488,0.0,0.0
LEUKTRC4t,Leukotriene C4 transport via bicarbonate countertransport,"Transport, extracellular",101488;28253,-1000.0,1000.0
EX_etoh_e,Ethanol exchange,Exchange/demand reaction,,-1.0459189070388675e-11,0.0
r2112,Major Facilitator(MFS) TCDB:2.A.1.13.1,"Transport, extracellular",20501,-1000.0,1000.0
HMR_1742,3Alpha-Hydroxysteroid 3-Dehydrogenase (Si-Specific),Bile acid synthesis,83702,0.0,0.0
HMR_2365,HMR 2365,Fatty acid synthesis,60527;76267;56473,0.0,0.0
RE0576C_1,RE0576C,Fatty acid synthesis,,0.0,3.410605131648481e-12
ACALDtm,Acetaldehyde mitochondrial diffusion,"Transport, mitochondrial",,-531.3777199458626,0.0
HMR_0260,Palmitoyl Coenzyme A Hydrolase,Fatty acid oxidation,171210;12012;171281;217700;171282;70025,0.0,3.822719918389339e-12
HMR_0193,Palmitoyl Coenzyme A Hydrolase,Fatty acid oxidation,171210;12012;171281;217700;171282;70025,0.0,0.0
EX_oleth_e,Exchange of Oleoyl Ethanolamide,Exchange/demand reaction,,0.0,1.0800249583553523e-11
PPAer,"Inorganic diphosphatase, endoplasmic reticulum",Miscellaneous,14378;68401;14377,0.0,0.0
r1754,Y+LAT2 Utilized transport,"Transport, extracellular",330836,0.0,1000.0
SBPP1,Sphinganine 1-phosphate phosphatase,Sphingolipid metabolism,67916;433323;81535;19012;50784,0.0,1.0231815394945443e-12
HMR_2374,HMR 2374,Fatty acid synthesis,,0.0,1.7053025658242404e-12
MTHFC,Methenyltetrahydrofolate cyclohydrolase,Folate metabolism,665563;108156,-714.7716751744862,-145.52559913717795
GMPtg,GMP transport (Golgi),"Transport, golgi apparatus",,-1.2505552149377763e-12,0.0
HMR_2686,Carnitine O-Acetyltransferase,"Transport, mitochondrial",12908;12896,-3.1476787344089455e-12,0.0
RE3175C,RE3175,Fatty acid oxidation,,0.0,1.9895196601282805e-12
FUMm,Fumarase  mitochondrial,Citric acid cycle,14194,-1000.0,981.2124528450877
HMR_1738,"Cholest-5-Ene-3Beta, 7Alpha-Diol 3Beta-Dehydrogenase",Bile acid synthesis,101502,0.0,0.0
ARGSL,Argininosuccinate lyase,Alanine and aspartate metabolism,109900,0.0,0.0
HMR_0962,HMR 0962,"Transport, mitochondrial",,0.0,1.5109200139708782e-12
SBTD_D2,D sorbitol dehydrogenase  D fructose producing,Fructose and mannose metabolism,20322,-2.362554596402333e-12,2.7284841053187847e-12
HMR_3224,3-Hydroxyacyl Coenzyme A Dehydrogenase,Fatty acid oxidation,15108;97212;15107,-1.7053025658242404e-12,0.0
GCALDD,Glycolaldehyde dehydrogenase,Glyoxylate and dicarboxylate metabolism,67689;110695;73458;19378;56847;11668;621603;11670;11671;56752,0.0,0.0
r1809,Y+LAT2 Utilized transport,"Transport, extracellular",330836,0.0,1000.0
GLYOX,Hydroxyacylglutathione hydrolase,Pyruvate metabolism,14651;68977,0.0,0.0
HMR_3663,Acyl Coenzyme A:Cholesterol O-Acyltransferase,Cholesterol metabolism,223920;20652,0.0,0.0
HMR_0207,HMR 0207,"Transport, extracellular",11303,0.0,0.0
HMR_3456,Medium-Chain Acyl Coenzyme A Dehydrogenase,Fatty acid synthesis,229211;11370;11363;11364,0.0,0.0
HMR_0386,Palmitoyl Coenzyme A Hydrolase,Fatty acid oxidation,171210;12012;171281;217700;171282;70025,0.0,0.0
r1910,Y+LAT2 Utilized transport,"Transport, extracellular",330836,0.0,1000.0
HMR_3186,Medium-Chain Acyl Coenzyme A Dehydrogenase,Fatty acid oxidation,229211;11370;11363;11364,0.0,0.0
SMS,Sphingomyelin synthase (homo sapiens),Sphingolipid metabolism,208449,0.0,3.0042879660009567
CYTK14n,"Cytidylate kinase (dCMP,CTP),nuclear",Nucleotide interconversion,66588,-1000.0,1000.0
PE12_HSABCt,Transport of 1-Didecanoylglycerophosphoethanolamine (C12:0 Pe),"Transport, extracellular",320940;50770,0.0,0.0
HMR_3189,Acetyl Coenzyme A C-Acyltransferase,Fatty acid oxidation,52538;97212;231086,0.0,0.0
RE1531M,Acetyl Coenzyme A C-Acyltransferase,Fatty acid oxidation,52538;97212;231086,0.0,2.240341245851596e-12
S6T25g,"Heparan sulfate 6-sulfotransferase, Golgi apparatus",Chondroitin synthesis,50785;50786;50787,0.0,0.0
FUM,Fumarase,Citric acid cycle,14194,-1000.0,981.2124528450863
HMR_2675,Carnitine O-Palmitoyltransferase,Fatty acid oxidation,12894;12895;78070,0.0,0.0
HMR_2610,Carnitine O-Acetyltransferase,"Transport, mitochondrial",12908;12896,-1000.0,1000.0
HMR_3711,Steryl-Ester Acylhydrolase,Cholesterol metabolism,16889;12613,0.0,0.0
TYRTA,Tyrosine transaminase,Tyrosine metabolism,234724;14718,0.0,0.0
PDE4,"3',5'-cyclic-nucleotide phosphodiesterase",Nucleotide interconversion,18585;54611;18587;241489;18588;242202;225600;207728;18573;23984;78600;18574;18575;18576;110855;18582,0.0,0.0
ELAIDCPT2,Carnitine transferase,Fatty acid oxidation,12896,-2.1600499167107046e-12,1.0582011457570063e-11
HMR_3194,Medium-Chain Acyl Coenzyme A Dehydrogenase,Fatty acid oxidation,229211;11364,0.0,2.1316282072803006e-12
EX_pendecaeth_e,Exchange of Pentadecanoyl Thanolamide (C15:0),Exchange/demand reaction,,0.0,1.1596057447604835e-11
HMR_3709,Steryl-Ester Acylhydrolase,Cholesterol metabolism,16889;12613,0.0,0.0
ECOAH9m,"Enoyl-coa hydratase, 3-Hydroxy-2-methylbutyryl-CoA forming","Valine, leucine, and isoleucine metabolism",93747;97212;231086,0.0,0.0
SALMCOM,S-Adenosyl-L-methionine:catechol O-methyltransferase,Tyrosine metabolism,12846;69156,0.0,0.0
HMR_3692,Steryl-Ester Acylhydrolase,Cholesterol metabolism,16889;12613,0.0,0.0
r1842,Y+LAT2 Utilized transport,"Transport, extracellular",330836,0.0,1000.0
HMR_1321,HMR 1321,Eicosanoid metabolism,224024;67053,-1000.0,1000.0
3HPVSTETCOAitx,3HPVSTETCOAitx,Drug metabolism,,0.0,0.0
GLCt1,Glucose transport  uniport,"Transport, extracellular",20525;20526;20527;20528;435818;117591;56017;353169;227659;170441,-1000.0,1000.0
APAT2rm,3-Aminopropanoate:2-oxoglutarate aminotransferase (m),Beta-Alanine metabolism,268860,483.4015468330614,483.40154683307173
HMR_3666,Acyl Coenzyme A:Cholesterol O-Acyltransferase,Cholesterol metabolism,223920;20652,0.0,0.0
SMPD3l,"Sphingomyelin phosphodiesterase 3, neutral membrane (neutral sphingomyelinase II)",Sphingolipid metabolism,58994;20597,0.0,0.0
GALtly,Galactose efflux from lysosome,"Transport, lysosomal",,0.0,0.0
HMR_3712,Steryl-Ester Acylhydrolase,Cholesterol metabolism,16889;12613,0.0,1000.0
NTD7l,"5'-nucleotidase (AMP), lysosome",Purine catabolism,66659;11433;56318;11432,0.0,0.0
C161CPT1,Carnitine O-palmitoyltransferase,Fatty acid oxidation,12894;12895;78070,0.0,0.0
HMR_0758,Sphingosine N-Acyltransferase,Sphingolipid metabolism,76893;545975;71949;241447;93898;67260,0.0,0.0
r2120,Major Facilitator(MFS) TCDB:2.A.1.13.1,"Transport, extracellular",20501,-1000.0,1000.0
EX_lpam_e,Exchange of Lipoamide,Exchange/demand reaction,,0.0,100.0
HMR_3071,Enoyl Coenzyme A Hydratase,Fatty acid oxidation,74147,0.0,9.3420923171241e-13
HMR_2776,Carnitine O-Acetyltransferase,"Transport, mitochondrial",12908;12896,-1.3500311979441904e-12,0.0
HMR_0853,"Alpha-N-Acetylneuraminate Alpha-2, 8-Sialyltransferase",Glycosphingolipid metabolism,20449,0.0,0.0
HMR_3703,Steryl-Ester Acylhydrolase,Cholesterol metabolism,16889;12613,0.0,0.0
HMR_2739,Carnitine O-Palmitoyltransferase,Fatty acid oxidation,12894;12895;78070,0.0,0.0
HMR_3187,Enoyl Coenzyme A Hydratase,Fatty acid oxidation,93747;97212,0.0,1.6065634419512072e-12
HMR_3630,Acyl Coenzyme A:Cholesterol O-Acyltransferase,Cholesterol metabolism,223920;20652,0.0,0.0
N2M2NMASNtly,"N2m2nmasn transport, extracellular to lysosome","Transport, lysosomal",,0.0,0.0
CSNAT2x,"Carnitine dimethyl nonanoyl transferase, revsible, peroxisomal",Fatty acid oxidation,12908;74114,-1000.0,1000.0
RE0926E,Alpha-Amylase,Starch and sucrose metabolism,100043686;100043688;109959;11722;100043684,-300.0,-299.99999999999324
HMR_1129,Alcohol Dehydrogenase,Leukotriene metabolism,26876;11532;76187;100417514;11522;11529,0.0,2.4371615836571436e-12
ST3GAL21g,"CMP-N-acetylneuraminate-beta-galactosamide-alpha-2,3-sialyltransferase, Golgi apparatus",Sphingolipid metabolism,20444,0.0,0.0
r2087,Major Facilitator(MFS) TCDB:2.A.1.13.1,"Transport, extracellular",20501,-1000.0,1000.0
HMR_2669,Carnitine O-Palmitoyltransferase,Fatty acid oxidation,12894;12895;78070,0.0,0.0
FACOAL244_1,Fatty-acid--CoA ligase,Fatty acid oxidation,14081,0.0,0.0
GALT,Galactose 1 phosphate uridylyltransferase,Galactose metabolism,14430,-1000.0,1000.0
CORE4GTg,"Core 4 beta6-GalNAc-transferase, Golgi apparatus",O-glycan metabolism,72077,0.0,0.0
r1784,Y+LAT2 Utilized transport,"Transport, extracellular",330836,0.0,1000.0
SUCCCROT,Production of succinyl carnitine,Fatty acid oxidation,74114,0.0,0.0
HCO3_CLt,Bicarbonate transport (Cl-/HCO3- exchange),"Transport, extracellular",20536;20533;240215;20535,-1000.0,1000.0
DESAT18_9,"Linoleoyl-CoA, hydrogen-donor:oxygen oxidoreductase",Fatty acid synthesis,76267;56473,0.0,2.0534685063466895e-12
HMR_3659,Acyl Coenzyme A:Cholesterol O-Acyltransferase,Cholesterol metabolism,223920;20652,0.0,0.0
HMR_3098,Acyl Coenzyme A Oxidase,Fatty acid oxidation,11430;80911,0.0,0.0
THYMDtl,Thymidine facilated transport from lysosome,"Transport, lysosomal",71279,0.0,1.7923440509548527e-12
RE3226C,RE3226,Fatty acid synthesis,54326;83603;170439;68801,0.0,8.337034766251842e-13
r0817,Amino Acid-Polyamine-Organocation (APC) TCDB:2.A.3.3.2,"Transport, extracellular",11988,-1000.0,1000.0
HMR_9648,HMR 9648,"Transport, extracellular",,-100.0,0.0
HMR_3658,Acyl Coenzyme A:Cholesterol O-Acyltransferase,Cholesterol metabolism,223920;20652,0.0,0.0
HMR_2861,HMR 2861,"Transport, endoplasmic reticular",20520,0.0,9.201528428093297e-13
HMR_2543,Very-Long-Chain Enoyl Coenzyme A Reductase,Fatty acid synthesis,243078;106529,0.0,2.8244073746463982e-12
RE3151C,RE3151,Fatty acid oxidation,54326;83603;170439;68801,0.0,2.3742866866018185e-12
HMR_1746,Cholestanetriol 26-Monooxygenase,Bile acid synthesis,104086,0.0,0.0
MDH,Malate dehydrogenase,Citric acid cycle,76668;17449,-1000.0,1000.0
ASCBt4,L-ascorbate transport via proton symport,"Transport, extracellular",54338;20522,-900.000000000018,1000.0
CRNtim,L carnitine transport out of mitochondria via diffusion,"Transport, mitochondrial",57279,-1000.0,1000.0
3HPVSTEThc,3HPVSTEThc,Drug metabolism,,0.0,1.5452002618299555e-12
HMR_2284,Stearoyl Coenzyme A 9-Desaturase,Fatty acid synthesis,20249,0.0,2.902353883860539e-12
HMR_3429,Enoyl Coenzyme A Hydratase,Fatty acid oxidation,97212;15107;229211;15108;93747;52538;235674;11363;11364;11370;231086,0.0,1.5957605607278917e-12
ADNt,Adenosine facilated transport in cytosol,"Transport, extracellular",13340;63959,-1000.0,1000.0
C30CPT1,Production of propionylcarnitine,Fatty acid oxidation,12894;12895;78070,-1000.0,1000.0
HMR_6976,S-Adenosyl-L-Methionine:Cytochrome-C-L-Lysine N6-Methyltransferase,Lysine metabolism,232811;239122;18193;235626;110147;214162;107823;69188;74729;233904;231051;234135;77683;20937;69726;208266;84505;75410;225888;381022;192195;208043;67956;73251;64707,0.0,0.0
DDPGAm,"2-dehydro-3-deoxy-phosphogluconate aldolase, mitochondrial",Arginine and proline metabolism,,0.0,3.637978807091713e-12
HMR_0835,HMR 0835,Glycosphingolipid metabolism,14667,0.0,0.0
MLTHFte2,Transport by Rfc into Extracellular Space,"Transport, extracellular",20509,-900.0000000000092,100.0
EX_phpyr_e,Exchange of Phenylpyruvate,Exchange/demand reaction,,-100.0,-99.9999999999684
UDPG3DOPA,Dopamine 3-O-Glucuronidation,Tyrosine metabolism,78752;234356;74241;269941;78923,0.0,0.0
NCKt,Na+/Ca2+-K+ exchange,"Transport, extracellular",76376;214111;94249;238384,-1000.0,1000.0
TMLYSOX,Trimethyllysine dioxygenase,Lysine metabolism,192289,0.0,0.0
HMR_2944,Long-Chain-Fatty-Acid Coenzyme A Ligase,Fatty acid synthesis,26458;216739;50790;328845;74205;14081;94180;433256,0.0,0.0
RE3230C,RE3230,Fatty acid synthesis,,0.0,1.9050549200128908e-12
HMR_0593,1-Acylglycerol-3-Phosphate O-Acyltransferase,Glycerophospholipid metabolism,55979;52123;67469;67216;67512;28169;68262;225010;218121,0.0,0.0
r1179,EC:3.1.1.13,Miscellaneous,16889;12613,0.0,0.0
HMR_1627,Cholate Coenzyme A Ligase,Bile acid synthesis,26459;26458,0.0,0.0
HMR_2942,Long-Chain-Fatty-Acid Coenzyme A Ligase,Fatty acid synthesis,26458;216739;50790;328845;74205;14081;94180;433256,0.0,0.0
UDPGLCAtg,UDPGlcA Golgi transport via UMP antiport,"Transport, golgi apparatus",,-9.094947017729282e-13,0.0
HMR_2681,Carnitine O-Palmitoyltransferase,Fatty acid oxidation,12894;12895;78070,0.0,1.9781393156910725e-12
RE1521M,Enoyl Coenzyme A Hydratase,Fatty acid oxidation,74147;93747;97212;231086,0.0,3.524291969370097e-12
HMR_3191,Enoyl Coenzyme A Hydratase,Fatty acid oxidation,93747;97212,0.0,2.34123831432953e-12
C160CPT2,C160 transport into the mitochondria,Fatty acid oxidation,12894;12896,0.0,2.081691724809385e-12
EX_o2s_e,Superoxide anion exchange,Exchange/demand reaction,,-100.0,-99.99999999999828
HMR_6549,"1-Phosphatidyl-1D-Myo-Inositol-3, 4-Bisphosphate 4-Phosphohydrolase",Inositol phosphate metabolism,269180;234515,0.0,0.0
BPNT,"3',5'-bisphosphate nucleotidase",Nucleotide interconversion,23827,0.0,0.0
Htmi,Htmi,"Transport, mitochondrial",74011;22227;22228;22229;20523,0.0,6.411937647499144e-11
G6PDH2er,Glucose 6 phosphate dehydrogenase  endoplasmic reticulum,Pentose phosphate pathway,100198;14381,-1000.0,1000.0
HMR_2999,Long-Chain-Fatty-Acid Coenzyme A Ligase,Fatty acid synthesis,26458;216739;50790;328845;74205;14081;94180;433256,0.0,0.0
HMR_2376,HMR 2376,Fatty acid synthesis,,0.0,2.257440326662894e-12
ASNS1,Asparagine synthase (glutamine-hydrolysing),Alanine and aspartate metabolism,27053,0.0,0.0
HMR_2683,Carnitine O-Acetyltransferase,"Transport, mitochondrial",12908;12896,-5.201172825763933e-12,0.0
G6PDH2r,Glucose 6-phosphate dehydrogenase,Pentose phosphate pathway,14381,-1000.0,3.4667041837601563e-12
PUNP3,Purine-nucleoside phosphorylase (Guanosine),Purine catabolism,667034;18950,-6.934897101018578e-12,900.0000000000024
CTPS1,CTP synthase  NH3,Nucleotide interconversion,55936;51797,0.0,0.0
PIPLC,Phosphatidylinositol phospholipase C,Inositol phosphate metabolism,227120;72469;18795;74055;18796;18797;234779;18798;114875;18799;269437;18802;18803;269615;433022,0.0,1.7053025658242404e-12
HMR_0843,Ganglioside Galactosyltransferase,Glycosphingolipid metabolism,54218,0.0,0.0
GLUt2m,"Amino acid transporter (glu-L), mitochondrial","Transport, mitochondrial",78830;68267;71803;50799,430.0147512376331,837.1321020271611
GMPR,GMP reductase,Nucleotide interconversion,105446;66355,-7.90588532288848,-7.905885322852762
r2098,Major Facilitator(MFS) TCDB:2.A.1.13.1,"Transport, extracellular",20501,-1000.0,1000.0
FBA2,D Fructose 1 phosphate D glyceraldehyde 3 phosphate lyase,Fructose and mannose metabolism,230163;11676;11674,0.0,0.0
SMS13,"Sphingomyelin Synthase, Formation of Sm (D18:0/24:1)",Glycerophospholipid metabolism,74442;208449,0.0,0.0
r2108,Major Facilitator(MFS) TCDB:2.A.1.13.1,"Transport, extracellular",20501,-1000.0,1000.0
FVSCOAitx,FVSCOAitx,Drug metabolism,,0.0,0.0
HMR_0255,Long-Chain-Fatty-Acid Coenzyme A Ligase,Fatty acid synthesis,26458;216739;50790;328845;74205;14081;94180;433256,0.0,0.0
SMS5,"Sphingomyelin Synthase, Formation of Sm (D18:1/17:0)",Glycerophospholipid metabolism,74442;208449,0.0,0.0
HMR_0324,Palmitoyl Coenzyme A Hydrolase,Fatty acid oxidation,171210;12012;171281;217700;171282;70025,0.0,0.0
TETDECAETH,Formation of C14:0-Ethanolamide,Glycerophospholipid metabolism,18805;18806,0.0,8.981260180007666e-12
MI145PK,"Inositol-1,4,5-trisphosphate 3-kinase",Inositol phosphate metabolism,228550;233011;320404,0.0,0.0
TKT2,Transketolase,Pentose phosphate pathway,74419;21881;83553,-37.30795282184863,-37.30795282183607
R_group_phosphotase_1,R group phosphotase 1,Miscellaneous,,0.0,0.0
HMR_2293,Stearoyl Coenzyme A 9-Desaturase,Fatty acid synthesis,20249,0.0,2.0463630789890885e-12
r2438,Mitochondrial Carrier (Mc) Tcdb:2.A.29.8.3,"Transport, mitochondrial",57279,-1000.0,1000.0
HCO3_NAt,Bicarbonate transport (Na/HCO3 cotransport),"Transport, extracellular",218756,-1000.0,1000.0
PTPATim,Panthetheine phosphate adenylyltransferase,CoA synthesis,71743,0.0,0.0
r1255,EC:6.2.1.3,Fatty acid oxidation,14081;26458;216739;50790;328845;74205;433256,0.0,0.0
EX_C02712_e,Exchange of N-Acetylmethionine,Exchange/demand reaction,,-5.6843418860808015e-12,100.0
RE0565C,RE0565,Fatty acid synthesis,54326;83603;170439;68801,0.0,0.0
PI3P5K,Phosphatidylinositol 3-phosphate 5-kinase,Inositol phosphate metabolism,18719;18717;18720,0.0,0.0
HMR_3073,Acetyl Coenzyme A C-Acyltransferase,Fatty acid oxidation,235674;17919,0.0,0.0
HMR_2963,Long-Chain-Fatty-Acid Coenzyme A Ligase,Fatty acid synthesis,26458;216739;50790;328845;74205;14081;94180;433256,0.0,0.0
C12DCACT,Activation of Dodecanedioic Acid,Fatty acid oxidation,,0.0,0.0
RNDR3,Ribonucleoside-diphosphate reductase (CDP),Nucleotide interconversion,20133;20135;382985,0.0,1000.0
HMR_2356,Very-Long-Chain Enoyl Coenzyme A Reductase,Fatty acid synthesis,243078;106529,0.0,0.0
r0363,Glycolysis / Glyconeogenesis EC:2.7.1.1,Aminosugar metabolism,212032;15275;15277,0.0,2.0463630789890885e-12
HMR_2219,Very-Long-Chain Enoyl Coenzyme A Reductase,Fatty acid synthesis,243078;106529,0.0,0.0
r0739,Alcohol dehydrogenase Bile acid biosynthesis EC:1.1.1.1,Bile acid synthesis,26876;11532;100417514;11522;11529,90.05197675080478,578.2336901642689
FACOAL204,Fatty-acid--CoA ligase,Fatty acid oxidation,14081;50790;328845;74205,0.0,0.0
PGLc,6-Phosphogluconolactonase,Pentose phosphate pathway,66171,0.0,3.0162539133016253e-12
HMR_4079,Aldehyde Dehydrogenase (NAD+),Beta-Alanine metabolism,11669;72535;110695;11671;56752,0.0,0.0
FACOAE1836Z9Z12Z,"Gamma-Linolenoyl-CoA hydrolase (18:3(6Z,9Z,12Z))",Fatty acid oxidation,171210;12012;171281;217700;171282;70025,0.0,0.0
CE2537ATP,"Transport of 15-Hydroxy- (8Z, 11Z, 13E)-Eicosatrienoate, Active Transport","Transport, extracellular",,0.0,0.0
AHCi,Adenosylhomocysteinase,Methionine and cysteine metabolism,269378;229709,0.0,0.0
HCO3Em,HCO3 equilibration reaction,Miscellaneous,12352;56078,779.0024957121307,779.0024957121556
METAT,Methionine adenosyltransferase,Methionine and cysteine metabolism,232087;11720;108645,0.0,1.3312283327203998e-12
HMR_3706,Steryl-Ester Acylhydrolase,Cholesterol metabolism,16889;12613,0.0,0.0
HMR_3453,Enoyl Coenzyme A Hydratase,Fatty acid synthesis,93747;97212,0.0,2.3874235921539366e-12
CARN140t_m,Tetradecanoyl-l-carnitine:carnitine antiport (Cytosol to mitochondira),"Transport, mitochondrial",207151;171405;434674;20517;236149;236293;319800;57279;214663;30805,-1000.0,1000.0
HMR_2602,Carnitine O-Palmitoyltransferase,Fatty acid oxidation,12894;12895;78070,0.0,0.0
HMR_2983,Long-Chain-Fatty-Acid Coenzyme A Ligase,Fatty acid synthesis,26458;216739;50790;328845;74205;14081;94180;433256,0.0,0.0
NTD4,5'-nucleotidase (CMP),Pyrimidine catabolism,230718;70881;23959;76952;50773;107569,0.0,1.0373923942097463e-12
HMR_0233,Long-Chain-Fatty-Acid Coenzyme A Ligase,Fatty acid synthesis,26458;216739;50790;328845;74205;14081;94180;433256,0.0,0.0
EX_lipoate_e,Lipoate exchange,Exchange/demand reaction,,-100.0,0.0
CYTK9,"Cytidylate kinase (CMP,dCTP)",Nucleotide interconversion,66588,-1000.0,1000.0
HMR_3115,Medium-Chain Acyl Coenzyme A Dehydrogenase,Fatty acid oxidation,229211;11370;11363;11364,0.0,1.9366159287197076e-12
HMR_3225,Acetyl Coenzyme A C-Acyltransferase,Fatty acid oxidation,52538;97212;231086,0.0,2.2737367544323206e-12
r2514,Utilized transport,"Transport, endoplasmic reticular",,0.0,0.0
NADPPPS,NADP phosphatase,NAD metabolism,66659;101744;11431;235534;11433;56318;100503991,0.0,0.0
HMR_6755,Catechol O-Methyltransferase,Phenylalanine metabolism,791260;12846,0.0,0.0
PPA,Inorganic diphosphatase,Oxidative phosphorylation,76429;67895,0.0,0.0
HACD1x,(S)-3-Hydroxybutanoyl-CoA:NAD oxidoreductase,Tryptophan metabolism,74147;15488,0.0,0.0
HMR_1630,7Alpha-Hydroxycholest-4-En-3-One 12Alpha-Hydroxylase,"Transport, mitochondrial",13124,0.0,0.0
PE14_HSABCt,Transport of 1-Myristoylglycerophosphoethanolamine (C14:0 Pe),"Transport, extracellular",320940;50770,0.0,0.0
HMR_2484,HMR 2484,Fatty acid synthesis,60527;76267;56473,0.0,0.0
EX_malthp_e,EX malthp LPAREN e RPAREN,Exchange/demand reaction,,99.99999999999903,100.0
C12DCTD,Transport of Dodecanedioic Acid by Diffusion,Fatty acid oxidation,,0.0,0.0
HMR_6647,Retinal:NAD+ Oxidoreductase,Vitamin A metabolism,11668;19378,0.0,1000.0
HMR_2217,Very-Long-Chain 3-Oxoacyl Coenzyme A Reductase,Fatty acid synthesis,56348,0.0,0.0
RE0935E,Alpha-Amylase,Starch and sucrose metabolism,100043686;100043688;109959;11722;100043684,-200.0,-199.99999999999707
PCHOLP_hs,Choline phosphatase,Glycerophospholipid metabolism,18805;18806,0.0,5.508090352399622
HMR_3640,Acyl Coenzyme A:Cholesterol O-Acyltransferase,Cholesterol metabolism,223920;20652,0.0,0.0
DOPABMO_1,Dopamine Beta-Monooxygenase,Tyrosine metabolism,13166;59012,0.0,0.0
CDSm,Phosphatidate cytidylyltransferase,Glycerophospholipid metabolism,110911;74596,0.0,3.865352482534945e-12
HEX1,Hexokinase (D-glucose:ATP),Glycolysis/gluconeogenesis,103988;212032;15275;15277;216019,0.0,0.0
RE3110C,RE3110,Fatty acid oxidation,54326;83603;170439;68801,0.0,2.3874235921539366e-12
HMR_2296,Stearoyl Coenzyme A 9-Desaturase,Fatty acid synthesis,20249,0.0,0.0
G14T5g,"Beta-N-acetylglucosaminylglycopeptide beta-1,4-galactosyltransferase, Golgi",Keratan sulfate synthesis,56336;14595;57370;53418,0.0,0.0
SERDGLYexR,D-Serine/Glycine reversible exchange,"Transport, extracellular",53896;17254,-1000.0,1000.0
EX_steeth_e,Exchange of Stearoyl Ethanolamide,Exchange/demand reaction,,0.0,9.322320693172514e-12
r1447,Acyl-CoA Oxidase,Fatty acid oxidation,11430;80911,0.0,8.185452315956354e-12
4MOPt2im,4-methyl-2-oxopentanoate mitochondrial transport  via proton symport,"Transport, mitochondrial",,0.0,1000.0
r1807,Y+LAT2 Utilized transport,"Transport, extracellular",330836,0.0,1000.0
TMNDNCCPT2,Carnitine transferase,Fatty acid oxidation,12896,-1.4665602066088468e-11,2.363724617849355e-11
HMR_0329,HMR 0329,"Transport, extracellular",11303,0.0,0.0
HMR_2581,Prostaglandin-Endoperoxide Synthase,Fatty acid synthesis,66411;19224;19225,0.0,0.0
HMR_2344,Very-Long-Chain (3R)-3-Hydroxyacyl Coenzyme A Dehydratase,Fatty acid synthesis,67044;70757;57874;30963;66775,0.0,3.158555220499929e-12
HMR_2620,Carnitine O-Palmitoyltransferase,Fatty acid oxidation,12894;12895;78070,-1.6370904631912708e-11,2.3618102582353203e-12
MEVK1x,Mevalonate kinase (atp),Cholesterol metabolism,17855,0.0,0.0
PTDCACRNt,Pentadecanoate transport into the mitochondria,Fatty acid oxidation,57279,-1000.0,1000.0
r2090,Major Facilitator(MFS) TCDB:2.A.1.13.1,"Transport, extracellular",20501,-1000.0,1000.0
r1892,Y+LAT2 Utilized transport,"Transport, extracellular",330836,0.0,1000.0
HPDECEtm,"Transport of Trans-Delta-2-Heptadecanoic Acid, Mitochondrial","Transport, mitochondrial",22227,0.0,0.0
DEOXFVStev,Exit of deoxy-fluvastatin-dinor into hepatic vein for excretion in urine,Drug metabolism,,99.99999999999707,100.0
NAt3_1,Sodium proton antiporter  HNA is 11,"Transport, extracellular",277973;105243;110895;20544;226999,-1000.0,1000.0
FACOAL160,Fatty acid  CoA ligase  hexadecanoate,Fatty acid oxidation,14081;50790;328845;74205;433256,0.0,0.0
LNS14DMr,Cytochrome P450 lanosterol 14-alpha-demethylase,Cholesterol metabolism,13121,0.0,0.0
HMR_3240,Medium-Chain Acyl Coenzyme A Dehydrogenase,Fatty acid oxidation,229211;11370;11363;11364,0.0,0.0
r1989,Y+LAT2 Utilized transport,"Transport, extracellular",330836,0.0,1000.0
HMR_2350,Very-Long-Chain Enoyl Coenzyme A Reductase,Fatty acid synthesis,243078;106529,0.0,1.8189894035458565e-12
DURIPP,Deoxyuridine phosphorylase,Nucleotide interconversion,76654;667034;18950,595.3254052985925,595.3254052986147
HMR_0672,Triacylglycerol Lipase,Glycerophospholipid metabolism,18946;16890;18947;16891;67717;67758;69060;116939;231871;66853;15450;12613;269060,0.0,0.0
RE3086X,Acyl Coenzyme A Oxidase,Fatty acid oxidation,11430;93732;80911,0.0,0.0
HMR_6584,"Phosphatidylinositol-3, 4, 5-Trisphosphate 3-Phosphatase",Inositol phosphate metabolism,234129;19211,0.0,0.0
HMR_2733,Carnitine O-Palmitoyltransferase,Fatty acid oxidation,12894;12895;78070,0.0,0.0
HMR_3739,Steryl-Ester Acylhydrolase,Cholesterol metabolism,16889;12613,0.0,0.0
HMR_3170,Medium-Chain Acyl Coenzyme A Dehydrogenase,Fatty acid oxidation,229211;11370;11363;11364,0.0,2.2737367544323206e-12
HMR_2342,Very-Long-Chain 3-Oxoacyl Coenzyme A Synthase,Fatty acid synthesis,68801;54326;12686;83603;170439;54325;74559,0.0,1.8189894035458565e-12
LPAMtm,"Transport of Lipoamide, Mitochondrial","Transport, mitochondrial",,0.0,100.0
GTHOr,Glutathione oxidoreductase,Glutamate metabolism,14782,0.0,1000.0
CE6247t,"Transport of 5, 12, 20-Trihete, Active Transport","Transport, extracellular",,0.0,0.0
r2091,Major Facilitator(MFS) TCDB:2.A.1.13.1,"Transport, extracellular",20501,-1000.0,1000.0
TRPt,L-tryptophan transport,"Transport, extracellular",234967;72472,-1000.0,1000.0
NDP3ex,"Nucleoside-diphosphatase (GDP), extracellular",Nucleotide interconversion,76025;215446;72090;12495,0.0,0.0
HMR_3631,Acyl Coenzyme A:Cholesterol O-Acyltransferase,Cholesterol metabolism,223920;20652,0.0,0.0
HMR_3637,Acyl Coenzyme A:Cholesterol O-Acyltransferase,Cholesterol metabolism,223920;20652,0.0,0.0
FAOXC16DCC14DCx,"Fatty Acid Beta Oxidation (C16Dc->C14Dc), Peroxisomal",Fatty acid oxidation,74147;235674;15488;11430,0.0,0.0
RE3163C,RE3163,Fatty acid oxidation,,0.0,1.1368683772161603e-12
r2126,Major Facilitator(MFS) TCDB:2.A.1.13.1,"Transport, extracellular",20501,-1000.0,1000.0
S6T18g,"Galactose/N-acetylglucosamine 6-O-sulfotransferase, Golgi apparatus",Keratan sulfate synthesis,53374;76969,0.0,0.0
HMR_0811,Alpha-N-Acetylgalactosaminidase,Glycosphingolipid metabolism,17939,0.0,0.0
HMR_2980,Long-Chain-Fatty-Acid Coenzyme A Ligase,Fatty acid synthesis,26458;216739;50790;328845;74205;14081;94180;433256,0.0,0.0
HMR_0204,Long-Chain-Fatty-Acid Coenzyme A Ligase,Fatty acid synthesis,26458;216739;50790;328845;74205;14081;94180;433256,0.0,0.0
GLCNACT1g,"Alpha-N-acetylglucosaminyltransferase I, Golgi apparatus",Chondroitin synthesis,54616;58193,0.0,0.0
CYTK5n,"Cytidylate kinase (CMP),nuclear",Nucleotide interconversion,66588,-1000.0,1000.0
HMR_2691,HMR 2691,"Transport, mitochondrial",207151;171405;434674;20517;236149;236293;319800;57279;214663;30805,0.0,8.128608897095546e-13
FAEL204,Fatty-acyl-CoA elongation (n-C20:4CoA),Fatty acid synthesis,54326;83603;170439;68801,0.0,0.0
HMR_2347,Very-Long-Chain 3-Oxoacyl Coenzyme A Synthase,Fatty acid synthesis,68801;54326;12686;83603;170439;54325;74559,0.0,1.1681322575896047e-12
HMR_3057,Acyl Coenzyme A Oxidase,Fatty acid oxidation,11430;80911,0.0,0.0
2HCO3_NAt,Bicarbonate transport (Na/HCO3 1:2 cotransport),"Transport, extracellular",54403;232156,-1000.0,1000.0
r1765,Y+LAT2 Utilized transport,"Transport, extracellular",330836,0.0,1000.0
ME2m,Malic enzyme  NADP   mitochondrial,Pyruvate metabolism,109264;107029,0.0,2.0179413695586845e-12
HMR_3723,Steryl-Ester Acylhydrolase,Cholesterol metabolism,16889;12613,0.0,0.0
CYTK7,"Cytidylate kinase (CMP,UTP)",Nucleotide interconversion,66588,-1000.0,1000.0
HMR_9667,HMR 9667,"Transport, golgi apparatus",,-100.0,0.0
r2100,Major Facilitator(MFS) TCDB:2.A.1.13.1,"Transport, extracellular",20501,-1000.0,1000.0
OPAH,5-Oxoproline amidohydrolase (ATP-hydrolysing) (ir),Glutathione metabolism,75475,0.0,0.0
RE3346M,Aldehyde Dehydrogenase (NAD+),Bile acid synthesis,72535;110695;11669,0.0,1000.0
HMR_3687,Steryl-Ester Acylhydrolase,Cholesterol metabolism,16889;12613,0.0,1.6484591469634324e-12
r0113,UDP-N-acetyl-D-glucosamine 2-epimerase Aminosugars metabolism EC:5.1.3.14,Aminosugar metabolism,50798,0.0,0.0
r2132,Major Facilitator(MFS) TCDB:2.A.1.13.1,"Transport, extracellular",20501,-1000.0,1000.0
HMR_1752,HMR 1752,"Transport, mitochondrial",,0.0,0.0
CARN1829Z12Zt_m,"(9Z,12Z)-octadecadienoyl-l-carnitine:carnitine antiport (Cytosol to mitochondira)","Transport, mitochondrial",207151;171405;434674;20517;236149;236293;319800;57279;214663;30805,-1000.0,1000.0
PCHOLN19_HSABCt,"Transport of 1-NoNADecanoylglycerophosphocholine, Sn1-Lpc (19:0)","Transport, extracellular",54670;11303;18670;54667;11982,0.0,0.0
RE3430C_1,RE3430C,Eicosanoid metabolism,12408,-1000.0,1000.0
PIter,"Phosphate transport, endoplasmic reticulum","Transport, endoplasmic reticular",14385,-1000.0,1000.0
G14T3g,"Beta-N-acetylglucosaminylglycopeptide beta-1,4-galactosyltransferase, Golgi",Keratan sulfate synthesis,56336;14595;57370;53418,0.0,0.0
HGNTOR,Homogentisateoxygen 1 2 oxidoreductase  decyclizing,Tyrosine metabolism,15233,0.0,0.0
ALDD2xm,Aldehyde dehydrogenase  acetylaldehyde  NAD   mitochondrial,Glycolysis/gluconeogenesis,72535;11669,0.0,531.3777199458784
RE3170C,RE3170,Fatty acid oxidation,54326;83603;170439;68801,0.0,0.0
HMR_3174,Medium-Chain Acyl Coenzyme A Dehydrogenase,Fatty acid oxidation,229211;11370;11363;11364,0.0,2.9558577807620168e-12
S6T1g,"Galactose/N-acetylglucosamine 6-O-sulfotransferase, Golgi apparatus",Keratan sulfate synthesis,56773;54371;26887,0.0,0.0
HMR_3220,3-Hydroxyacyl Coenzyme A Dehydrogenase,Fatty acid oxidation,15108;97212;15107,-3.4106051316484813e-12,1.9071882857091454e-12
HCO3Ee,"HCO3 equilibration reaction, extracellular",Miscellaneous,12319;12346;12349;76459;12351;12353;23831;12354;71934;230099,-900.0000000000076,900.0000000000028
AG13T1g,"N-acetyllactosaminide beta-1,3-N-acetylglucosaminyltransferase, Golgi apparatus",Keratan sulfate synthesis,210004;53625;108902;227327;232984;72297;231727,0.0,0.0
UMPK2n,"UMP kinase (CTP),nuclear",Nucleotide interconversion,66588,-1000.0,1000.0
HMR_1740,Delta4-3-Oxosteroid 5Beta-Reductase,Bile acid synthesis,208665,0.0,0.0
PCHOLOLE_HSABCt,Transport of 1-Oleoylglycerophosphocholine (Delta 9),"Transport, extracellular",54670;11303;18670;54667;11982,0.0,0.0
NTD12,5'-nucleotidase (dIMP),Nucleotide interconversion,50773;18675,0.0,0.0
RDH3,"Retinol dehydrogenase (11-cis,NADH)",Vitamin A metabolism,19682,-1000.0,0.0
GAL3ST12,Galactosylceramide sulfotransferase,Sphingolipid metabolism,53897,0.0,0.0
HMR_3684,Steryl-Ester Acylhydrolase,Cholesterol metabolism,16889;12613,0.0,0.0
S6TASE24ly,"N-acetylglucosamine-6-sulfatase, lysosomal",Keratan sulfate degradation,75612,0.0,0.0
r2106,Major Facilitator(MFS) TCDB:2.A.1.13.1,"Transport, extracellular",20501,-1000.0,1000.0
FAOXC61x,"Isomerization (C6:1), Peroxisomal",Fatty acid oxidation,23986;74147,0.0,1.0272808245085448e-12
CDIPTr,Phosphatidylinositol synthase (Homo sapiens),Glycerophospholipid metabolism,52858,-4.506603760048331,-4.506603760042304
SK_cmpglna_c,Sink cmpglna[c],,,-1000.0,-999.9999999999911
r0743,Hydroxysteroid (17-beta) dehydrogenase 4 Bile acid biosynthesis EC:1.1.1.35,Bile acid synthesis,15488,0.0,5.8548721426632255e-12
HMR_1532,"(2E, 6E)-Farnesyl Diphosphate Synthase",N-glycan metabolism,14593;110196,0.0,1000.0
CYTK12,"Cytidylate kinase (dCMP,dCTP)",Nucleotide interconversion,66588,-1000.0,1000.0
HMR_0261,HMR 0261,"Transport, extracellular",11303,0.0,0.0
HMR_2267,Very-Long-Chain 3-Oxoacyl Coenzyme A Synthase,Fatty acid synthesis,68801;54326;12686;83603;170439;54325;74559,0.0,0.0
KAT180_m,Beta-ketoacyl CoA thiolase (18:0),Fatty acid oxidation,52538;97212;231086,0.0,1.3115946429679013e-11
AG13T3g,"N-acetyllactosaminide beta-1,3-N-acetylglucosaminyltransferase, Golgi apparatus",Keratan sulfate synthesis,210004;53625;108902;227327;232984;72297;231727,0.0,0.0
EX_34dhoxmand_e,"Exchange of 3,4-Dihydroxymandelate",Exchange/demand reaction,,0.0,0.0
FAEL184,Fatty-acyl-CoA elongation (n-C20:4CoA),Fatty acid synthesis,54326;83603;170439;68801,0.0,0.0
SCP3x,Peroxisomal thiolase 2,Bile acid synthesis,20280,0.0,0.0
HMR_3003,Long-Chain-Fatty-Acid Coenzyme A Ligase,Fatty acid synthesis,26458;216739;50790;328845;74205;14081;94180;433256,0.0,0.0
LNELDCCRNt,Transport into the mitochondria (carnitine),Fatty acid oxidation,57279,-1000.0,1000.0000000000011
ACACT9p,Acetyl CoA acyltransferase  tetracosanoyl CoA   peroxisomal,Fatty acid oxidation,235674,0.0,0.0
HMR_3424,Enoyl Coenzyme A Hydratase,Fatty acid oxidation,97212;15107;229211;15108;93747;52538;235674;11363;11364;11370;231086,0.0,8.682263796799816e-13
r1763,Y+LAT2 Utilized transport,"Transport, extracellular",330836,0.0,1000.0
r1254,Long-Chain-Fatty-Acid---Coa Ligase,Fatty acid oxidation,14081;26458;216739;50790;328845;74205;433256,0.0,1.2126596023639042e-12
r1669,Y+LAT2 Utilized transport,"Transport, extracellular",330836,-1000.0,1000.0
r0686,L-1-Pyrroline-3-hydroxy-5-carboxylate:NADP+ oxidoreductase Arginine and proline metabolism EC:1.5.1.12,Arginine and proline metabolism,212647,-1000.0,3.572798800760364e-12
HMR_6408,HMR 6408,"Transport, mitochondrial",,0.0,100.0
NAGA2ly,"N-acetylgalactosaminidase, alpha-",Keratan sulfate degradation,17939,0.0,0.0
HMR_3178,Medium-Chain Acyl Coenzyme A Dehydrogenase,Fatty acid oxidation,229211;11370;11363;11364,0.0,0.0
HMR_3407,Enoyl Coenzyme A Hydratase,Fatty acid oxidation,97212;15107;229211;15108;93747;52538;235674;11363;11364;11370;231086,0.0,4.405364961712621e-12
EX_HC02213_e,Prostaglandin-e3 exchange,Exchange/demand reaction,,0.0,1.652011860642233e-12
HMR_3398,Enoyl Coenzyme A Hydratase,Fatty acid oxidation,97212;15107;229211;15108;93747;52538;235674;11363;11364;11370;231086,0.0,0.0
HMR_3713,Steryl-Ester Acylhydrolase,Cholesterol metabolism,16889;12613,0.0,0.0
DGAT,Diacylglycerol acyltransferase,Triacylglycerol synthesis,67800;13350,0.0,0.0
RE0575C,RE0575,Fatty acid synthesis,,0.0,0.0
RNDR1,Ribonucleoside-diphosphate reductase (ADP),Nucleotide interconversion,20133;20135;382985,2.264985031208141,2.264985031242418
HMR_3626,Acyl Coenzyme A:Cholesterol O-Acyltransferase,Cholesterol metabolism,223920;20652,0.0,0.0
PCRNtm,Transport into the mitochondria from cytosol (carnitine),Fatty acid oxidation,57279,-1000.0,1000.0
r1262,EC:6.2.1.3,Fatty acid oxidation,14081;26458;216739;50790;328845;74205;433256,0.0,0.0
HMR_2343,Very-Long-Chain 3-Oxoacyl Coenzyme A Reductase,Fatty acid synthesis,56348,0.0,2.7284841053187847e-12
ACACt2,Acetoacetate transport via proton symport,"Transport, extracellular",20503;20501,-1000.0,1000.0
HMR_3241,Enoyl Coenzyme A Hydratase,Fatty acid oxidation,93747;97212,0.0,0.0
HMR_3667,Acyl Coenzyme A:Cholesterol O-Acyltransferase,Cholesterol metabolism,223920;20652,0.0,0.0
r2434,Mitochondrial Carrier (Mc) Tcdb:2.A.29.8.3,"Transport, mitochondrial",57279,-1.091393642127514e-12,0.0
3MOXTYROX,3-Methoxytyramine:oxygen oxidoreductase (deaminating),Tyrosine metabolism,17161;109731,0.0,0.0
PI4P5K,Phosphatidylinositol 4-phosphate 5-kinase,Glycerophospholipid metabolism,18718;108083;18719;117150;18720;18711;18717,0.0,0.0
DCIm,Dodecenoyl-Coenzyme A delta isomerase,Fatty acid oxidation,23986;13177,-5.893340442675501e-12,0.0
DCSPTN1CPT1,Carnitine O-palmitoyltransferase,Fatty acid oxidation,12894;12895;78070,0.0,0.0
HMR_3741,Steryl-Ester Acylhydrolase,Cholesterol metabolism,16889;12613,0.0,0.0
HMR_0849,"Lactosylceramide Alpha-2, 3-Sialyltransferase",Glycosphingolipid metabolism,20446;20454,0.0,0.0
UGLCNACtg,UDP-GlcNAc Golgi transport via CMP antiport,"Transport, golgi apparatus",70484,0.0,0.0
NTD7e,"5'-nucleotidase (AMP), extracellular",Nucleotide interconversion,50773;23959,0.0,2.2737367544323206e-12
FAOXC11BRC9BRx,"Fatty Acid Beta Oxidation (C11Br->C9Br), Peroxisomal",Fatty acid oxidation,74147;235674;15488;80911,0.0,9.50844933413311e-13
HMR_1126,Leukotriene-B4 20-Monooxygenase,Leukotriene metabolism,631304;320997;170716;72054;106648,0.0,0.0
EX_tetpent3_e,"Tetracosapentaenoic acid, n-3 exchange",Exchange/demand reaction,,0.0,0.0
r1252,EC:6.2.1.3,Fatty acid oxidation,14081;26458;216739;50790;328845;74205;433256,0.0,0.0
ARACHETH,Formation of O-Arachidonoyl Ethanolamine,Glycerophospholipid metabolism,18805;18806,0.0,1.8047785488306545e-11
HMR_2741,Carnitine O-Acetyltransferase,"Transport, mitochondrial",12908;12896,0.0,0.0
HMR_2667,HMR 2667,"Transport, mitochondrial",207151;171405;434674;20517;236149;236293;319800;57279;214663;30805,-1000.0,1000.0
PELINL_HSABCt,"Transport of 1-Linoleoylglycerophosphoethanolamine (Delta 9, 12)","Transport, extracellular",320940;50770,0.0,0.0
NDPK8,Nucleoside-diphosphate kinase (ATP:dADP),Nucleotide interconversion,18103;54369;18102;79059;171567,-1000.0,1000.0
SCP21x,Sterol carrier protein 2,"Transport, peroxisomal",20280,0.0,0.0
RE3174C,RE3174,Fatty acid oxidation,54326;83603;170439;68801,0.0,0.0
AKGt4_3,AKG transport via sodium symport,"Transport, extracellular",114644,-1000.0,1000.0
ACOAO8p,Acyl CoA oxidase  octadecanoyl CoA   peroxisomal,Fatty acid oxidation,11430;80911,0.0,0.0
C3STDH1Pr,C-3 sterol dehydrogenase (4-methylzymosterol),Cholesterol metabolism,18194,0.0,0.0
PE2LINL_HSABCt,Transport of 2-Linoleoylglycerophosphoethanolamine,"Transport, extracellular",320940;50770,0.0,0.0
HMR_2973,Long-Chain-Fatty-Acid Coenzyme A Ligase,Fatty acid synthesis,26458;216739;50790;328845;74205;14081;94180;433256,0.0,0.0
r1171,EC:2.3.1.26,Miscellaneous,223920;20652,0.0,0.0
A_MANASEly,"Alpha-mannosidase, lysosomal",N-glycan degradation,17159,0.0,0.0
CYSTA,Cysteine transaminase,Methionine and cysteine metabolism,14718,-6.252776074688882e-12,0.0
DOPA3GLCURt,Dopamine 3-O-Glucuronide Transport,"Transport, extracellular",17250,0.0,0.0
HMR_3668,Acyl Coenzyme A:Cholesterol O-Acyltransferase,Cholesterol metabolism,223920;20652,0.0,0.0
NTD10,5'-nucleotidase (XMP),Nucleotide interconversion,230718;70881;23959;76952;50773;107569,0.0,0.0
3HPVSCOAitx,3HPVSCOAitx,Drug metabolism,,0.0,0.0
FAOXC81C61x,"Fatty Acid Beta Oxidation (C8:1->C6:1), Peroxisomal",Fatty acid oxidation,74147;235674;15488;11430,0.0,9.71120619816737e-13
BETALDHx,Betaine-aldehyde dehydrogenase,"Glycine, serine, alanine, and threonine metabolism",110695,-1000.0,1000.0
CORE3GTg,"Core 3 beta-GlcNAc-transferase, Golgi apparatus",O-glycan metabolism,272411,0.0,0.0
HMR_0268,Palmitoyl Coenzyme A Hydrolase,Fatty acid oxidation,171210;12012;171281;217700;171282;70025,0.0,0.0
FAEL183,Fatty-acyl-CoA elongation (n-C18:3CoA),Fatty acid synthesis,54326;83603;170439;68801,0.0,2.251544828629338e-12
ACOADH160_m,Acyl-CoA dehydrogenase (16:0),Fatty acid oxidation,229211;11370;11363;11364,0.0,2.0122570276726037e-11
ADNtl,Adenosine facilated transport from lysosome,"Transport, lysosomal",71279,0.0,7.105427357601002e-12
P5CR,Pyrroline-5-carboxylate reductase,Arginine and proline metabolism,69051;209027;66194,154.75100675847276,561.8683575480674
Uritl,Uridine facilated transport from lysosome,"Transport, lysosomal",71279,0.0,0.0
r1747,Y+LAT2 Utilized transport,"Transport, extracellular",330836,0.0,1000.0
NEU23,"Sialidase, Cytosol (Neu2)",Sphingolipid metabolism,23956,0.0,1.2505552149377763e-12
ADSL2r,Adenylosuccinate lyase,Purine synthesis,11564,0.0,1.3926637620897964e-12
HMR_3455,Acetyl Coenzyme A C-Acyltransferase,Fatty acid synthesis,52538;97212;231086,-7.16227077646181e-12,0.0
HMR_2735,Carnitine O-Acetyltransferase,"Transport, mitochondrial",12908;12896,0.0,0.0
S23T2g,"Beta-galactoside alpha-2,3-sialyltransferase (core 2)",Keratan sulfate synthesis,20444;20442;20443,0.0,0.0
PEPALM,Formation of Palmitoylethanolamide,Glycerophospholipid metabolism,18805;18806,0.0,1.830358087318018e-11
HMR_0242,Palmitoyl Coenzyme A Hydrolase,Fatty acid oxidation,171210;12012;171281;217700;171282;70025,-1.9285536886826667e-12,0.0
FOLt,Folate transport via proton simport,"Transport, extracellular",52466,0.0,1000.0
RE3185M,RE3185M,Fatty acid oxidation,66885;11363;11364,0.0,0.0
HMR_1737,24-Hydroxycholesterol 7Alpha-Hydroxylase,Bile acid synthesis,56050,0.0,0.0
DOPA4GLCURt,Dopamine 4-O-Glucuronide Transport,"Transport, extracellular",17250,0.0,0.0
CSNAT2m,"Carnitine O-aceyltransferase, mitochondrial",Fatty acid oxidation,12908,-1000.0,1000.0
GTHRDH_syn,Glutathione hydralase (periplasmic),Glutathione metabolism,23887;71522;207182;14598,-1000.0,0.0
HMR_0410,Palmitoyl Coenzyme A Hydrolase,Fatty acid oxidation,171210;12012;171281;217700;171282;70025,0.0,0.0
r1260,EC:6.2.1.3,Fatty acid oxidation,14081;26458;216739;50790;328845;74205;433256,0.0,0.0
ACOAR4m,Trans-2-enoyl-CoA reductase (NADPH) (C10:0),Fatty acid oxidation,26922;111175,0.0,2.864908310584724e-11
D_LACtm,D lactate transport  mitochondrial,"Transport, mitochondrial",20501,-8.185452315956354e-12,0.0
HMR_7724,HMR 7724,"Transport, lysosomal",,0.0,1.7923440509548527e-12
RE3229C,RE3229,Fatty acid synthesis,,0.0,0.0
HMR_0807,Beta-N-Acetylhexosaminidase,Glycosphingolipid metabolism,15211;238023;15212,0.0,0.0
HMR_3173,Acetyl Coenzyme A C-Acyltransferase,Fatty acid oxidation,52538;97212;231086,0.0,1.9326762412674725e-12
ORNt,Ornithine transport via diffusion,"Transport, extracellular",11988;11989;11987,0.0,1000.0
S6T16g,"Galactose/N-acetylglucosamine 6-O-sulfotransferase, Golgi apparatus",Keratan sulfate synthesis,56773;54371;26887,0.0,0.0
PPDOy,"Propane-1,2-diol:NADP+ 1-oxidoreductase",Pyruvate metabolism,110198;11677;58810,0.0,1000.0
ADPACTD,Transport into cytosol (diffusion),Fatty acid oxidation,,0.0,0.0
NDPK5,Nucleoside-diphosphate kinase (ATP:dGDP),Nucleotide interconversion,18103;54369;18102;79059;171567,-1000.0,1000.0
HMR_3198,Medium-Chain Acyl Coenzyme A Dehydrogenase,Fatty acid oxidation,229211;11364,0.0,2.27635119866134e-12
SMS15,"Sphingomyelin Synthase, Formation of Sm (D18:0/24:0)",Glycerophospholipid metabolism,74442;208449,0.0,2.7551294579097885e-12
STEETH,Formation of Stearoyl Ethanolamide,Glycerophospholipid metabolism,18805;18806,0.0,1.1567635738174431e-11
FAOXC4C4DCc,Succ->C4Dcc,Fatty acid oxidation,12894;12895;78070,0.0,0.0
GALNTg,"GalNAc transferase, Golgi apparatus",O-glycan metabolism,231050;241391;230145;231605;14423;71685;14425;14426;207839;78754;271786;108148;108150;171212,0.0,0.0
HMR_3428,Enoyl Coenzyme A Hydratase,Fatty acid oxidation,97212;15107;229211;15108;93747;52538;235674;11363;11364;11370;231086,0.0,3.234745804547856e-12
EX_acmana_e,N-Acetyl-D-mannosamine exchange,Exchange/demand reaction,,0.0,0.0
MALT,Alpha glucosidase,Starch and sucrose metabolism,76051;14387;232714,0.0,0.0
r1165,EC:2.3.1.26,Miscellaneous,223920;20652,0.0,0.0
EX_pheacgly_e,Exchange of Phenylacetylglycine,Exchange/demand reaction,,0.0,0.0
CDS,Phosphatidate cytidylyltransferase,Glycerophospholipid metabolism,110911;74596,0.0,1.3011813848606835e-12
ADPCOAPTE,Thioesterification of adipoyl coA for release into cytosol,Fatty acid oxidation,170789,0.0,0.0
ATP1ter,"ADP/ATP transporter, endoplasmic reticulum","Transport, endoplasmic reticular",,0.0,0.0
HMR_2817,HMR 2817,"Transport, endoplasmic reticular",20520,0.0,1.241673430740775e-12
INSt,Inosine transport (diffusion),"Transport, extracellular",13340;63959,-1000.0,1000.0
2HATVLACthc,Uptake of 2-hydroxy-atorvastatin-lactone into hepatocytes,Drug metabolism,101488,-1000.0,1000.0
HMR_3633,Acyl Coenzyme A:Cholesterol O-Acyltransferase,Cholesterol metabolism,223920;20652,0.0,0.0
HMR_1644,"3Alpha, 7Alpha, 12Alpha-Trihydroxy-5Beta-Cholest-24-Enoyl Coenzyme A Hydratase",Steroid metabolism,15488,0.0,1.0693668173189508e-12
r1891,Y+LAT2 Utilized transport,"Transport, extracellular",330836,0.0,1000.0
CYTK4n,"Cytidylate kinase (dCMP,GTP),nuclear",Nucleotide interconversion,66588,-1000.0,1000.0
NACHEX23ly,"Beta-N-acetylhexosaminidase, lysosomal",Keratan sulfate degradation,15211;15212,0.0,0.0
GACMTRc,Guanidinoacetate N-methyltransferase (c),Urea cycle,14431,0.0,2.9009663901444817e-12
HMR_3234,Medium-Chain Acyl Coenzyme A Dehydrogenase,Fatty acid oxidation,229211;11370;11363;11364,0.0,0.0
NCNt,Na+/Ca2+-NH4+ exchange,"Transport, extracellular",76376;214111,-1000.0,1000.0
UAG2EMA,UDP-N-acetyl-D-glucosamine 2-epimerase (Hydrolysis),Aminosugar metabolism,50798,0.0,0.0
ACGALtly,N-acetyl-galactosamine lysosomal efflux,"Transport, lysosomal",,0.0,1.4779288903810084e-12
DMATTx,Dimethylallyltranstransferase,Cholesterol metabolism,110196,0.0,0.0
CYTK9n,"Cytidylate kinase (CMP,dCTP),nuclear",Nucleotide interconversion,66588,-1000.0,1000.0
RE3104C,RE3104,Fatty acid oxidation,,0.0,1.3642420526593924e-12
RE2992M,Dodecenoyl Coenzyme A Isomerase,Fatty acid oxidation,23986;74147;13177,0.0,1.7905676941154525e-12
HMR_3185,Acetyl Coenzyme A C-Acyltransferase,Fatty acid oxidation,52538;97212;231086,0.0,1.6841892959616547e-12
CYTDK2,Cytidine kinase (GTP),Pyrimidine synthesis,63828;74035;215015;238024;75578,0.0,900.0000000000015
r1808,Y+LAT2 Utilized transport,"Transport, extracellular",330836,0.0,1000.0
HMR_3195,Enoyl Coenzyme A Hydratase,Fatty acid oxidation,93747;97212,0.0,2.183142555622908e-12
r2085,Major Facilitator(MFS) TCDB:2.A.1.13.1,"Transport, extracellular",20501,-1000.0,1000.0
HMR_7727,HMR 7727,"Transport, lysosomal",,0.0,3.183231456205249e-12
RE3227C,RE3227,Fatty acid synthesis,,0.0,2.0044302831170033e-12
CLPNDCPT1,Carnitine O-palmitoyltransferase,Fatty acid oxidation,12894;12895;78070,0.0,2.1325792043822612e-12
PSDm_hs,Phosphatidylserine decarboxylase,Glycerophospholipid metabolism,320951,0.0,0.0
r0360,Glycolysis / Glyconeogenesis EC:2.7.1.1,Fructose and mannose metabolism,212032;15275;15277,0.0,0.0
r2104,Major Facilitator(MFS) TCDB:2.A.1.13.1,"Transport, extracellular",20501,-1000.0,1000.0
PPPG9tm,Protoporphyrinogen IX mitochondrial transport,Heme synthesis,,0.0,0.0
PROt2r,L proline reversible transport via proton symport,"Transport, extracellular",215335;246049,-1000.0,1000.0
SUCOAS1m,Succinyl-CoA ligase (GDP-forming),Citric acid cycle,56451;20917,-1000.0,18.787547154929257
HMR_3064,3-Hydroxyacyl Coenzyme A Dehydrogenase,Fatty acid oxidation,74147;15488,0.0,1.2545281420624563e-12
RE3231C,RE3231,Fatty acid synthesis,,0.0,2.9384842148521465e-12
C204CPT2,Arachidonic acid transport into the mitochondria,Fatty acid oxidation,12896,-2.5011104298755527e-12,2.328911618958125e-12
r1984,Y+LAT2 Utilized transport,"Transport, extracellular",330836,0.0,1000.0
PROFVSCOAitx,PROFVSCOAitx,Drug metabolism,,0.0,0.0
FAOXC123C102x,"Fatty Acid Beta Oxidation (C12:3->C10:2), Peroxisomal",Fatty acid oxidation,74147;235674;15488,0.0,1.3601460281774473e-12
ADRNCPT1,Carnitine O-palmitoyltransferase,Fatty acid oxidation,12894;12895;78070,0.0,2.638356918460817e-12
r1450,Acyl-CoA Oxidase,Fatty acid oxidation,11430;80911,0.0,1.5006662579253316e-11
HMR_3176,3-Hydroxyacyl Coenzyme A Dehydrogenase,Fatty acid oxidation,15108;97212;15107,0.0,3.5224750939565984e-12
HMR_3717,Steryl-Ester Acylhydrolase,Cholesterol metabolism,16889;12613,0.0,1.2505552149377763e-12
HMR_0753,Ceramidase,Sphingolipid metabolism,11886;54447;171168;230379;66190,0.0,0.0
BILGLCURt,Bilirubin monoglucuronide transport via bicarbonate countertransport,"Transport, extracellular",101488;28253,-1000.0,1000.0
HMR_0839,HMR 0839,Glycosphingolipid metabolism,225742,0.0,1.080024958355352e-12
HMR_0328,Palmitoyl Coenzyme A Hydrolase,Fatty acid oxidation,171210;12012;171281;217700;171282;70025,0.0,0.0
S6T17g,"Galactose/N-acetylglucosamine 6-O-sulfotransferase, Golgi apparatus",Keratan sulfate synthesis,56773;54371;26887,0.0,0.0
ST8SIA12,"Beta-galactoside alpha-2,3-sialyltransferase",Sphingolipid metabolism,20449,0.0,0.0
FACOAL181,Fatty acid  CoA ligase  octadecenoate,Fatty acid oxidation,14081;50790;328845;74205,0.0,1.4779288903810084e-12
UNK3,2-keto-4-methylthiobutyrate transamination,Methionine and cysteine metabolism,,0.0,1.2363443602225743e-12
DNDPt38m,DUTP transport via dUDP antiport,"Transport, mitochondrial",67283,0.0,0.0
HMR_2682,HMR 2682,"Transport, mitochondrial",207151;171405;434674;20517;236149;236293;319800;57279;214663;30805,-1.7053025658242404e-12,0.0
RE3074X,Long-Chain-Fatty-Acid- Coenzyme A Ligase,Fatty acid oxidation,14081;26458;216739;50790;74205;433256,0.0,0.0
ACCOAtr,Acetyl-coa transport,"Transport, endoplasmic reticular",11416,-1000.0,1000.0
HMR_0678,Acylglycerol Kinase,Glycerophospholipid metabolism,69923,0.0,0.0
NICRNS,Nicotinate D-ribonucleotide synthase (ATP),NAD metabolism,,0.0,0.0
HMR_2697,Carnitine O-Acetyltransferase,"Transport, mitochondrial",12908;12896,0.0,0.0
HMR_3075,Enoyl Coenzyme A Hydratase,Fatty acid oxidation,74147,0.0,1.4329633915643143e-12
C110CPT2m,DMNONCRNCPT2,Fatty acid oxidation,,0.0,0.0
UMPK3n,"UMP kinase (UTP),nuclear",Nucleotide interconversion,66588,-1000.0,1000.0
r2079,Major Facilitator(MFS) TCDB:2.A.1.13.1,"Transport, extracellular",20501,-1000.0,1000.0
r2117,Major Facilitator(MFS) TCDB:2.A.1.13.1,"Transport, extracellular",20501,-1000.0,1000.0
LNSTLSr,Lanosterol synthase,Cholesterol metabolism,16987,0.0,0.0
r1182,EC:3.1.1.13,Miscellaneous,16889;12613,0.0,0.0
r0365,3-hydroxypropanoate:NAD+ oxidoreductase beta-Alanine metabolism / Propanoate metabolism EC:1.1.1.59,Propanoate metabolism,,0.0,2.9948014668720366e-12
GRTTx,Geranyltranstransferase,Cholesterol metabolism,110196,0.0,0.0
LSTO1r,Lathosterol oxidase,Cholesterol metabolism,235293,0.0,0.0
HMR_2260,Very-Long-Chain 3-Oxoacyl Coenzyme A Reductase,Fatty acid synthesis,56348,0.0,0.0
PSP_L,Phosphoserine phosphatase (L-serine),"Glycine, serine, alanine, and threonine metabolism",100678,0.0,2.0463630789890885e-12
PMEVKx,Phosphomevalonate kinase,Cholesterol metabolism,68603,0.0,0.0
HMR_1565,Cholesterol:NADP+ Delta7-Oxidoreductase,Cholesterol metabolism,13360,0.0,0.0
HMR_1760,Alpha-Methylacyl Coenzyme A Racemase,Bile acid synthesis,17117,0.0,0.0
UMPK,UMP kinase,Nucleotide interconversion,66588,-1000.0,1000.0
4HATVACIDthc,Uptake of 4-hydroxy-atorvastatin-acid into hepatocytes,Drug metabolism,101488,-1000.0,1000.0
EX_docteteth_e,"Exchange of Docosatetraenoyl Ethanolamide (22:4, Delta 7, 10, 13, 16)",Exchange/demand reaction,,0.0,1.2789769243681803e-11
HMR_3413,Enoyl Coenzyme A Hydratase,Fatty acid oxidation,97212;15107;229211;15108;93747;52538;235674;11363;11364;11370;231086,0.0,1.7164622346344664e-12
r1251,EC:6.2.1.3,Fatty acid oxidation,14081;26458;216739;50790;328845;74205;433256,0.0,0.0
RDH2,"Retinol dehydrogenase (9-cis,NADH)",Vitamin A metabolism,19682,-1000.0,0.0
HMR_3409,Enoyl Coenzyme A Hydratase,Fatty acid oxidation,97212;15107;229211;15108;93747;52538;235674;11363;11364;11370;231086,0.0,1.8701484805205836e-12
r0596,3-hydroxyisobutyryl-Coenzyme A hydrolase (mitochondrial),CoA synthesis,227095,0.0,1.0846866046937106e-11
PROFVShc,Thioesterase/ hydrolase for release of des-isoproylpropionic-acid-fluvastatin in hepatocytes,Drug metabolism,,0.0,9.898866090847435e-13
PE15_HSABCt,Transport of 1-Pentadecanoylglycerophosphoethanolamine (C15:0 Pe),"Transport, extracellular",320940;50770,0.0,0.0
r2115,Major Facilitator(MFS) TCDB:2.A.1.13.1,"Transport, extracellular",20501,-1000.0,1000.0
CYTDtl,Cytidine facilated transport from lysosome,"Transport, lysosomal",71279,0.0,1.4779288903810084e-12
FACOAE161,Fatty-acid-CoA thioesterase (hexadecenoate),Fatty acid oxidation,171210;12012;171281;217700;171282;70025,0.0,3.410605131648481e-12
GLCAASE8ly,"Beta-glucuronidase, lysosomal",Hyaluronan metabolism,109685;110006,0.0,0.0
PI45PLC,"Phosphatidylinositol 4,5-bisphosphate phospholipase C",Inositol phosphate metabolism,227120;72469;18795;74055;18796;18797;234779;18798;114875;18799;269437;18802;18803;269615;433022,0.0,5.828670879282072e-12
BAAT3x,Bile acid Coenzyme A: amino acid N-acyltransferase,Bile acid synthesis,12012,151.5742146511638,151.57421465121558
r1169,EC:2.3.1.26,Miscellaneous,223920;20652,0.0,1.7053025658242404e-12
ATVACIDMCTtu,Uptake of atorvastatin by enterocytes by MCT1,Drug metabolism,20501,-1000.0,1000.0
C14STRr,C-14 sterol reductase,Cholesterol metabolism,73166,0.0,0.0
HMR_2679,HMR 2679,"Transport, mitochondrial",207151;171405;434674;20517;236149;236293;319800;57279;214663;30805,-1000.0,1000.0
PRAIS,Phosphoribosylaminoimidazole synthase,Purine synthesis,14450,0.0,1.3145767014997919e-12
r2125,Major Facilitator(MFS) TCDB:2.A.1.13.1,"Transport, extracellular",20501,-1000.0,1000.0
HMR_3648,Acyl Coenzyme A:Cholesterol O-Acyltransferase,Cholesterol metabolism,223920;20652,0.0,0.0
GLUNm,Glutaminase (mitochondrial),Glutamate metabolism,14660;216456,0.0,559.2126155797167
RE3186M,RE3186M,Fatty acid oxidation,66885;11363;11364,0.0,1.1594399794114547e-12
FUMAC,Fumarylacetoacetase,Tyrosine metabolism,14085,0.0,0.0
RE3225C,RE3225,Fatty acid synthesis,54326;83603;170439;68801,0.0,2.7141370862467975e-12
HMR_2041,17Beta-Estradiol 17-Dehydrogenase,Steroid metabolism,15490;14979;56348;114664;15485;15486,0.0,1000.0
C181OHc,Production of 3-Hydroxyoctadecenoylcarnitinec,Fatty acid oxidation,12894;12895;78070,0.0,0.0
HMR_0795,Sphingomyelin Phosphodiesterase,Sphingolipid metabolism,20598;238011;77626;58994;20597,0.0,1.1368683772161603e-12
PSERT,Phosphoserine transaminase,"Glycine, serine, alanine, and threonine metabolism",107272,0.0,0.0
RE3195M,Alpha-Methylacyl Coenzyme A Racemase,Fatty acid oxidation,17117,0.0,0.0
5HOXINDACTOX,5-Hydroxyindoleacetaldehyde:NAD+ oxidoreductase,Tryptophan metabolism,11669;72535;110695;11671;56752,-5.248542341481273e-12,0.0
URIt,Uridine facilated transport in cytosol,"Transport, extracellular",13340;63959,-1000.0,900.0000000000015
FAOXC14C14OHm,"Fatty Acid Beta Oxidation (C14->C14Oh), Mitochondrial",Fatty acid oxidation,11370;97212,0.0,1.3329200875124304e-11
EX_pmeth_e,Exchange of Palmitoylethanolamide,Exchange/demand reaction,,0.0,1.9099388737231493e-11
ATPH2e,ATP diphosphohydrolase,Nucleotide interconversion,72090;12499;215446;12495;12496;12497,0.0,0.0
HMR_7900,HMR 7900,"Transport, extracellular",,0.0,0.0
RE0574C,RE0574,Fatty acid synthesis,,0.0,1.6663304028026257e-12
RE3153C,RE3153,Fatty acid oxidation,,0.0,2.5035534746891462e-12
STRDNCCRNt,Transport into the mitochondria (carnitine),Fatty acid oxidation,57279,-1000.0000000000019,1000.0
GSNtl,Guanosine facilated transport from lysosome,"Transport, lysosomal",71279,0.0,2.6147972675971687e-12
DGSNtm,Deoyguanosine transport in mitochondria,"Transport, mitochondrial",,0.0,3.4192691597867427e-12
CARN180t_m,Octadecanoyl-l-carnitine:carnitine antiport (Cytosol to mitochondira),"Transport, mitochondrial",207151;171405;434674;20517;236149;236293;319800;57279;214663;30805,-1000.0,1000.0
FAOXC102C103x,"Fatty Acid Beta Oxidation (C10:2->C10:3), Peroxisomal",Fatty acid oxidation,11430,0.0,1.336394384334339e-12
FACOAL245_2,Fatty-acid--CoA ligase,Fatty acid oxidation,14081,0.0,0.0
GHMT2rm,Glycine hydroxymethyltransferase  reversible  mitochondrial,"Glycine, serine, alanine, and threonine metabolism",108037;20425,0.0,357.3858375872485
r2099,Major Facilitator(MFS) TCDB:2.A.1.13.1,"Transport, extracellular",20501,-1000.0,1000.0
HMR_3244,Medium-Chain Acyl Coenzyme A Dehydrogenase,Fatty acid oxidation,229211;11370;11363;11364,0.0,3.581135388230905e-12
LPAMt,Lipoamide Transport,"Transport, extracellular",,-100.0,0.0
HMR_2713,Carnitine O-Acetyltransferase,"Transport, mitochondrial",12908;12896,-1000.0,1000.0
HMR_7715,HMR 7715,"Transport, lysosomal",,0.0,1.4779288903810084e-12
EX_CE6247_e,"Exchange of 5, 12, 20-Trihete",Exchange/demand reaction,,0.0,1.1749344332819773e-12
HMR_0822,HMR 0822,Glycosphingolipid metabolism,225742,0.0,0.0
HMR_3107,Medium-Chain Acyl Coenzyme A Dehydrogenase,Fatty acid oxidation,229211;11370;11363;11364,0.0,2.6147972675971687e-12
RE3190M,Acetyl Coenzyme A C-Acyltransferase,Fatty acid oxidation,52538;97212;231086,0.0,9.094947017729282e-13
HMR_3245,Enoyl Coenzyme A Hydratase,Fatty acid oxidation,93747;97212,0.0,2.751221472863108e-12
RE0512M,3-Hydroxyacyl Coenzyme A Dehydrogenase,Fatty acid oxidation,97212;15107;74147;15108;231086;15488,0.0,4.439471013029106e-12
CYTDt,Cytidine facilated transport in cytosol,"Transport, extracellular",13340;63959,-1000.0,900.0000000000013
RE3010C,Carbonyl Reductase (NADPH),Eicosanoid metabolism,109857;12408,-1000.0,1000.0
FORMCOAtx,Formyl coa transport,"Transport, peroxisomal",,0.0,0.0
r2289,Resistance-Nodulation-Cell Division (RND) TCDB:2.A.60.1.5,"Transport, extracellular",101488,0.0,1000.0
HEX10,Hexokinase (D-glucosamine:ATP),Aminosugar metabolism,103988;212032;15275;15277;216019,0.0,0.0
2AMACSULT,2-Aminoacrylate sulfotransferase,Methionine and cysteine metabolism,20887,0.0,0.0
HCO3E,HCO3 equilibration reaction,Miscellaneous,12346;12349;12350;76459;12351;12353;23831;12354;71934;230099,-800.0000000000045,1000.0
HMR_6545,HMR 6545,Inositol phosphate metabolism,75769;329506;72102;77116;209039;227721;66865;74411;16332;237523;103199;218232;103466;433323;103850;81535;67881;97287;83493;54384;75454;53332;50773;101490;219135,0.0,500.0000000000008
r1665,Y+LAT2 Utilized transport,"Transport, extracellular",330836,-1000.0,1000.0
HMR_2708,Carnitine O-Palmitoyltransferase,Fatty acid oxidation,12894;12895;78070,0.0,0.0
HMR_2988,Long-Chain-Fatty-Acid Coenzyme A Ligase,Fatty acid synthesis,26458;216739;50790;328845;74205;14081;94180;433256,0.0,0.0
HMR_3639,Acyl Coenzyme A:Cholesterol O-Acyltransferase,Cholesterol metabolism,223920;20652,0.0,1.1368683772161603e-12
PTVSTtu,Uptake of pitavastatin by enterocytes,Drug metabolism,101488;108096,-1000.0,1000.0
RE1523M,Enoyl Coenzyme A Hydratase,Fatty acid oxidation,74147;93747;97212;231086,0.0,2.79987673257849e-12
HMR_3001,Long-Chain-Fatty-Acid Coenzyme A Ligase,Fatty acid synthesis,26458;216739;50790;328845;74205;14081;94180;433256,0.0,9.094947017729282e-13
HMR_0323,Long-Chain-Fatty-Acid Coenzyme A Ligase,Fatty acid synthesis,26458;216739;50790;328845;74205;14081;94180;433256,0.0,0.0
r1827,Y+LAT2 Utilized transport,"Transport, extracellular",330836,0.0,1000.0
EX_HC00955_e,L-3-Cyanoalanine exchange,Exchange/demand reaction,,-7.1173507895206285,0.0
RE3235C,RE3235,Fatty acid synthesis,,0.0,0.0
R_group_phosphotase_3,R group phosphotase 3,Miscellaneous,,0.0,9.094947017729282e-13
GLYt2r,Glycine reversible transport via proton symport,"Transport, extracellular",215335;246049,-1000.0,1000.0
BAMPPALDOX,Beta-Aminopropion aldehyde NAD+ oxidoreductase,Beta-Alanine metabolism,11668;19378;110695;11671;56752,0.0,0.0
GLCAASE9ly,"Beta-glucuronidase, lysosomal",Hyaluronan metabolism,110006,0.0,0.0
SMS4,"Sphingomyelin Synthase, Formation of Sm (D18:1/16:0)",Glycerophospholipid metabolism,74442;208449,0.0,1.2185807918285718e-12
CHOLATEt,Cholate transport via bicarbonate countertransport,"Transport, extracellular",101488;108096,-1000.0,1000.0
PAFABCt,Transport of 1-Alkyl 2-Acteylglycerol 3-Phosphocholine,"Transport, extracellular",54670;11303;18670;54667;11982,0.0,0.0
RE3171C,RE3171,Fatty acid oxidation,,0.0,0.0
MAOLNOR,Monoamine oxidase (L-Normetanephrine),Tyrosine metabolism,17161;109731,0.0,0.0
CREATtmdiffir,Creatine transport to/from mitochondria via diffusion,Urea cycle,,0.0,1.5921157123086174e-12
LNLNCGCRNt,Transport into the mitochondria (carnitine),Fatty acid oxidation,57279,-1000.0,1000.0
HMR_2671,Carnitine O-Acetyltransferase,"Transport, mitochondrial",12908;12896,-1.7618765989083464e-12,0.0
NTD7,5'-nucleotidase (AMP),Nucleotide interconversion,230718;70881;76952;50773;107569,0.0,5.7980287238024175e-12
UMPK7n,"UMP kinase (dGTP),nuclear",Nucleotide interconversion,66588,-1000.0,1000.0
FAOXC165C164x,"Fatty Acid Beta Oxidation (C16:5->C16:4), Peroxisomal",Fatty acid oxidation,26378,0.0,8.6184161080568e-13
DEOXFVSitx,DEOXFVSitx,Drug metabolism,,-100.0,-99.99999999999557
C4tcx,Transport of Bytyrylcarnitine from Peroxisomes,"Transport, peroxisomal",57279,0.0,4.326810779757273e-12
ABUTt4_2_r,ABUTt4 LPAREN 2 RPAREN r,"Transport, extracellular",232333;14412;243616;14411,-1000.0,1000.0
HMR_2210,Very-Long-Chain Enoyl Coenzyme A Reductase,Fatty acid synthesis,243078;106529,0.0,1.8047785488306545e-12
HMR_3433,Enoyl Coenzyme A Hydratase,Fatty acid oxidation,97212;15107;229211;15108;93747;52538;235674;11363;11364;11370;231086,0.0,1.7627381036315153e-12
SPHINGStl,Sphingosine intracellular transport,"Transport, lysosomal",,-1.0231815394945443e-12,0.0
HMR_0246,Palmitoyl Coenzyme A Hydrolase,Fatty acid oxidation,171210;12012;171281;217700;171282;70025,0.0,0.0
ALDD2y,"Aldehyde dehydrogenase (acetaldehyde, NADP)",Glycolysis/gluconeogenesis,67689;73458;72535;19378;621603;11670;11671;56752,0.0,631.3777199458618
HMR_3688,Steryl-Ester Acylhydrolase,Cholesterol metabolism,16889;12613,0.0,0.0
RDH2a,"Retinol dehydrogenase (9-cis,NADPH)",Vitamin A metabolism,108841;235033;242285;17252;105014;77974,0.0,1000.0
EX_gtp_e,GTP exchange,Exchange/demand reaction,,0.0,0.0
RE3597X,Carbonyl Reductase (NADPH),Eicosanoid metabolism,28200,-1000.0,1000.0
HMR_2541,Very-Long-Chain 3-Oxoacyl Coenzyme A Reductase,Fatty acid synthesis,56348,0.0,5.9987098286443044e-12
S2T4g,"Uronyl 2-sulfotransferase, Golgi",Chondroitin synthesis,23908,0.0,0.0
r2083,Major Facilitator(MFS) TCDB:2.A.1.13.1,"Transport, extracellular",20501,-1000.0,1000.0
FMNAT,FMN adenylyltransferase,Vitamin B2 metabolism,319945,0.0,0.0
r2089,Major Facilitator(MFS) TCDB:2.A.1.13.1,"Transport, extracellular",20501,-1000.0,1000.0
PELINETH,Formation of Linoleoyl Ethanolamide,Glycerophospholipid metabolism,18805;18806,0.0,8.640199666842818e-12
RE0453N,Nucleoside-Diphosphate Kinase,Pyrimidine synthesis,18102;18103,-1000.0,1000.0
r0308,Palmitoyl-CoA hydrolase Fatty acid elongation in mitochondria EC:3.1.2.22 EC:3.1.2.2,Fatty acid oxidation,171281;19063;171282;54397;70025;171210,0.0,0.0
3SPYRSP,3-sulfinopyruvate hydrolase (spotaneous reaction),Methionine and cysteine metabolism,,0.0,1.5347723092418164e-12
SMS6,"Sphingomyelin Synthase, Formation of Sm (D18:1/18:0)",Glycerophospholipid metabolism,74442;208449,0.0,2.219113781620763e-12
r2118,Major Facilitator(MFS) TCDB:2.A.1.13.1,"Transport, extracellular",20501,-1000.0,1000.0
CAATPS_1,Ca ATPase,"Transport, extracellular",320707;11941;67972;381290,0.0,0.0
HMR_1748,Cholestanetriol 26-Monooxygenase,Bile acid synthesis,104086,0.0,0.0
HMR_2687,Carnitine O-Palmitoyltransferase,Fatty acid oxidation,12894;12895;78070,0.0,1.227492100583222e-12
HMR_0393,Long-Chain-Fatty-Acid Coenzyme A Ligase,Fatty acid synthesis,26458;216739;50790;328845;74205;14081;94180;433256,0.0,0.0
GLCtg,"Glucose transport, Golgi apparatus","Transport, golgi apparatus",20525,0.0,0.0
HMR_3414,Enoyl Coenzyme A Hydratase,Fatty acid oxidation,97212;15107;229211;15108;93747;52538;235674;11363;11364;11370;231086,0.0,2.0084674664152167e-12
HMR_2262,Very-Long-Chain Enoyl Coenzyme A Reductase,Fatty acid synthesis,243078;106529,0.0,1.4972978617168245e-11
CITtbm,Citrate transport  mitochondrial,"Transport, mitochondrial",13358,228.8372286113722,1000.0
PI45P5P,"Phosphatidylinositol-4,5-bisphosphate 5-phosphatase",Inositol phosphate metabolism,64436;16330;104015;20975;320634,0.0,4.1802117323186394e-12
SPODM,Superoxide dismutase,ROS detoxification,20655,0.0,3.183231456205249e-12
GLYAMDTRc,Glycine amidinotransferase (c),Urea cycle,67092,0.0,4.092726157978177e-12
r0463,"(S)-3-Hydroxy-3-methylglutaryl-CoA acetoacetyl-CoA-lyase (CoA-acetylating) Synthesis and degradation of ketone bodies / Valine, leucine and isoleucine degradation / Butanoate metabolism EC:2.3.3.10",Cholesterol metabolism,208715,-2.8421709430404007e-12,0.0
G14T4g,"Beta-N-acetylglucosaminylglycopeptide beta-1,4-galactosyltransferase, Golgi",Keratan sulfate synthesis,56336;14595;57370;53418,0.0,0.0
HMR_2604,Carnitine O-Acetyltransferase,"Transport, mitochondrial",12908;12896,0.0,1.0267342531733448e-12
CITt4_4,Citrate transport via sodium symport,"Transport, extracellular",237831,-1000.0,1000.0
HMR_3109,3-Hydroxyacyl Coenzyme A Dehydrogenase,Fatty acid oxidation,15108;97212;15107,0.0,1.5862979287957154e-12
GLACO,D-Glucuronolactone:NAD+ oxidoreductase,Vitamin C metabolism,67689;73458;19378;56847;11668;621603;11670;11671;56752,36.6422146511768,36.642214651209855
PYNP2r,Pyrimidine-nucleoside phosphorylase (uracil),Pyrimidine catabolism,76654;22271,888.0761415344379,888.0761415344774
HMR_3737,Steryl-Ester Acylhydrolase,Cholesterol metabolism,16889;12613,0.0,2.0463630789890885e-12
FAOXC102C81x,"Fatty Acid Beta Oxidation (C10:2->C8:1), Peroxisomal",Fatty acid oxidation,74147;235674;15488,0.0,0.0
DOCOHEXETHc,Formation of Docosahexaenoyl Ethanolamide,Glycerophospholipid metabolism,18805;18806,0.0,1.1254996934439987e-11
HMR_2644,HMR 2644,"Transport, mitochondrial",207151;171405;434674;20517;236149;236293;319800;57279;214663;30805,-1000.0,1000.0
r2202,Resistance-Nodulation-Cell Division (RND) TCDB:2.A.60.1.5,"Transport, extracellular",101488,-1000.0,1000.0
RE3012C,Aldehyde Dehydrogenase (NAD+),Eicosanoid metabolism,11670;56752,0.0,3.3146818623208674e-12
C8DCc,Production of suberylcarnitine,Fatty acid oxidation,12894;12895;78070,0.0,1.8189894035458565e-12
HMR_2994,Long-Chain-Fatty-Acid Coenzyme A Ligase,Fatty acid synthesis,26458;216739;50790;328845;74205;14081;94180;433256,0.0,1.8189894035458565e-12
URIK2,Uridine kinase (GTP:Uridine),Purine synthesis,22245;68556;80914,0.0,11.923858465557942
PELPALM_HSABCt,Transport of 1-Palmitoylglycerophosphoethanolamine,"Transport, extracellular",320940;50770,0.0,0.0
HMR_9719,Enoyl Coenzyme A Hydratase,Fatty acid oxidation,97212;15107;229211;15108;93747;52538;235674;11363;11364;11370;231086,0.0,2.829381173796719e-12
DCSPTN1CPT2,Carnitine transferase,Fatty acid oxidation,12896,0.0,9.624301355870557e-12
SUBEACTD,Transport of suberic acid into cytosol (diffusion),Fatty acid oxidation,,0.0,9.663381206337363e-13
C6DCCACT,Transport of adipoyl carnitine into cytosol,Fatty acid oxidation,57279,0.0,0.0
HMR_2336,Very-Long-Chain (3R)-3-Hydroxyacyl Coenzyme A Dehydratase,Fatty acid synthesis,67044;70757;57874;30963;66775,0.0,0.0
MTHFCm,Methenyltetrahydrifikate cyclohydrolase  mitochondrial,Folate metabolism,17768;270685,145.52559913710854,714.7716751744913
HMR_0430,Palmitoyl Coenzyme A Hydrolase,Fatty acid oxidation,171210;12012;171281;217700;171282;70025,0.0,8.065548229296837e-12
BBHOX,"4-Trimethylammoniobutanoate,2-oxoglutarate:oxygen oxidoreductase (3-hydroxylating)",Lysine metabolism,170442,0.0,0.0
r2133,Major Facilitator(MFS) TCDB:2.A.1.13.1,"Transport, extracellular",20501,-1000.0,1000.0
C4STMO2r,C-4 methyl sterol oxidase,Cholesterol metabolism,18194;66234,0.0,0.0
C204CRNt,Arachidonic acid transport into the mitochondria,Fatty acid oxidation,57279,-1000.0,1000.0
HPROx,Trans-4-Hydroxy-L-proline:NAD+ 5-oxidoreductase Arginine and proline metabolism EC:1.5.1.2,Arginine and proline metabolism,69051;209027,-1000.0,1000.0
HMR_0438,Palmitoyl Coenzyme A Hydrolase,Fatty acid oxidation,171210;12012;171281;217700;171282;70025,0.0,8.031052494445008e-12
RE1532M,Acetyl Coenzyme A C-Acyltransferase,Fatty acid oxidation,52538;97212;231086,0.0,3.014832827830105e-12
HMR_0346,Palmitoyl Coenzyme A Hydrolase,Fatty acid oxidation,171210;12012;171281;217700;171282;70025,0.0,0.0
FAOXC123x,"Isomerization (C12:3), Peroxisomal",Fatty acid oxidation,23986;74147,0.0,9.19230802108953e-13
HMR_3422,Enoyl Coenzyme A Hydratase,Fatty acid oxidation,97212;15107;229211;15108;93747;52538;235674;11363;11364;11370;231086,0.0,2.0236257114447654e-12
r1835,Y+LAT2 Utilized transport,"Transport, extracellular",330836,0.0,1000.0
HMR_0200,Long-Chain-Fatty-Acid Coenzyme A Ligase,Fatty acid synthesis,26458;216739;50790;328845;74205;14081;94180;433256,0.0,0.0
HMR_2363,Very-Long-Chain (3R)-3-Hydroxyacyl Coenzyme A Dehydratase,Fatty acid synthesis,67044;70757;57874;30963;66775,0.0,2.871186140063083e-12
HMR_3002,Long-Chain-Fatty-Acid Coenzyme A Ligase,Fatty acid synthesis,26458;216739;50790;328845;74205;14081;94180;433256,0.0,0.0
CYTK10n,"Cytidylate kinase (CMP,dGTP),nuclear",Nucleotide interconversion,66588,-1000.0,1000.0
HMR_2968,Long-Chain-Fatty-Acid Coenzyme A Ligase,Fatty acid synthesis,26458;216739;50790;328845;74205;14081;94180;433256,0.0,0.0
HMR_0765,HMR 0765,Sphingolipid metabolism,53625;14348;381694;56336;224143;14347;230801;66435;320011;56375;16430;68273;56386;218271;68292;14422;231727;76485;210004;108150;67555;67556;272411;227327;232984;654821;93961;227671;330406;57370;268510;208211;14595;72297;330671;74782;26877;333424;55981;108105;97440;26878;239827;97884;67909;171167;73068;14345;108155;53418,0.0,0.0
AG13T2g,"N-acetyllactosaminide beta-1,3-N-acetylglucosaminyltransferase, Golgi apparatus",Keratan sulfate synthesis,210004;53625;108902;227327;232984;72297;231727,0.0,0.0
NTD5l,"5'-nucleotidase (dTMP), lysosomal",Pyrimidine catabolism,66659;11433;56318;11432,0.0,1.9326762412674725e-12
HMR_3200,3-Hydroxyacyl Coenzyme A Dehydrogenase,Fatty acid oxidation,15108;97212;15107,0.0,2.3166081564723e-12
NTD5,5'-nucleotidase (dTMP),Pyrimidine catabolism,230718;70881;23959;76952;50773;107569,0.0,0.0
r1769,Y+LAT2 Utilized transport,"Transport, extracellular",330836,0.0,1000.0
NDPK9,Nucleoside diphosphate kinase  ATPIDP,Nucleotide interconversion,18103;54369;18102;79059;171567,-1000.0,1000.0
r2096,Major Facilitator(MFS) TCDB:2.A.1.13.1,"Transport, extracellular",20501,-1000.0,1000.0
RE3112C,RE3112,Fatty acid oxidation,,0.0,2.5011104298755527e-12
HMR_3236,3-Hydroxyacyl Coenzyme A Dehydrogenase,Fatty acid oxidation,15108;97212;15107,0.0,8.748981157656843e-12
PCHOLN224_HSABCt,"Transport of 1-Docosatetraenoylglycerophosphocholine (Delta 7, 10, 13, 16), Sn1-Lpc (22:4)","Transport, extracellular",54670;11303;18670;54667;11982,0.0,0.0
HMR_0601,Phosphatidate Phosphatase,Glycerophospholipid metabolism,64898;64899;381925;19012;216152;14245;67916;229791;235044;71910;50784,0.0,0.0
RE1448R_1,"Phosphatidylinositol-3,4,5-Trisphosphate 3-Phosphatase",Phosphatidylinositol phosphate metabolism,234129,0.0,0.0
SADT,Sulfate adenylyltransferase,Nucleotide interconversion,23971;23972,0.0,0.0
GLU5Km,Glutamate 5-kinase (m),Urea cycle,56454,0.0,2.038638691824764e-12
SBTR,D sorbitol reductase,Fructose and mannose metabolism,110198;11677;58810,0.0,1000.0000000000026
HEX4,Hexokinase (D-mannose:ATP),Fructose and mannose metabolism,103988;212032;15275;15277;216019,0.0,0.0
DLNLCGCPT2,Carnitine transferase,Fatty acid oxidation,12896,0.0,1.7053025658242404e-12
HMR_0836,Beta-N-Acetylhexosaminidase,Glycosphingolipid metabolism,15211;238023;15212,0.0,0.0
HMR_3690,Steryl-Ester Acylhydrolase,Cholesterol metabolism,16889;12613,0.0,0.0
EX_homoval_e,Exchange of Homovanillate,Exchange/demand reaction,,0.0,0.0
HMR_2718,HMR 2718,"Transport, mitochondrial",207151;171405;434674;20517;236149;236293;319800;57279;214663;30805,-1000.0,1000.0
PDE1,"3',5'-cyclic-nucleotide phosphodiesterase",Nucleotide interconversion,18583;18584;54611;241489;110385;218461;207728;18573;23984;18574;18575;18576;18577;29863;18578;238871,0.0,0.0
FALDH,Formaldehyde dehydrogenase,Tyrosine metabolism,11532,-1000.0,1000.0
HMR_2270,Very-Long-Chain Enoyl Coenzyme A Reductase,Fatty acid synthesis,106529,0.0,0.0
HMR_3505,"4, 8, 12-Trimethyltridecanoyl Coenzyme A:Propanoyl Coenzyme A C2-4, 8, 12-Trimethyltridecanoyltransferase",Fatty acid oxidation,235674;17919,0.0,0.0
HMR_3059,3-Hydroxyacyl Coenzyme A Dehydrogenase,Fatty acid oxidation,74147;15488,0.0,0.0
SMS11,"Sphingomyelin Synthase, Formation of Sm (D18:1/22:1)",Glycerophospholipid metabolism,74442;208449,0.0,2.332800619342379e-12
EX_gam_e,D-Glucosamine exchange,Exchange/demand reaction,,0.0,0.0
RE3194M,Enoyl Coenzyme A Hydratase,Fatty acid oxidation,74147;93747;97212;231086,0.0,0.0
A4GALTc,Lactosylceramide 4-alpha-galactosyltransferase,Sphingolipid metabolism,239559,0.0,0.0
r0426,Isocitrate hydro-lyase Citrate cycle (TCA cycle) / Glyoxylate and dicarboxylate metabolism EC:4.2.1.3,Miscellaneous,11428;11429,0.0,1000.0
ADPCOACROT,Production of adipoyl carnitine,Fatty acid oxidation,74114,0.0,0.0
UMPK6n,"UMP kinase (dCTP),nuclear",Nucleotide interconversion,66588,-1000.0,1000.0
DASCBR_1,Dehydroascorbate Reductase,Vitamin C metabolism,69367;93692,36.64221465115702,36.64221465120602
MI34PP,"D-myo-Inositol-3,4-bisphosphate 4-phosphohydrolase",Inositol phosphate metabolism,269180;234515,-2.3305801732931286e-12,0.0
LCAT25e,"Lecithin-Cholesterol Acyltransferase, Formation of Cholesterol-Ester (18:1)",Cholesterol metabolism,16816,0.0,96.49488283230096
HMR_2998,Long-Chain-Fatty-Acid Coenzyme A Ligase,Fatty acid synthesis,26458;216739;50790;328845;74205;14081;94180;433256,0.0,1.1801117025651645e-12
HMR_3179,Enoyl Coenzyme A Hydratase,Fatty acid oxidation,93747;97212,0.0,8.15347789284715e-13
GHMT3,Glycine hydroxymethyltransferase,Lysine metabolism,20425,0.0,0.0
HMR_0256,Palmitoyl Coenzyme A Hydrolase,Fatty acid oxidation,171210;12012;171281;217700;171282;70025,0.0,0.0
RE0571C,RE0571,Fatty acid synthesis,,0.0,1.6885819158016189e-12
SEBCOACROT,Production of sebacoyl carnitine,Fatty acid oxidation,74114,0.0,0.0
HMR_3448,Medium-Chain Acyl Coenzyme A Dehydrogenase,Fatty acid synthesis,229211;11370;11363;11364,0.0,1.9427154224971504e-12
HMR_2737,HMR 2737,"Transport, mitochondrial",207151;171405;434674;20517;236149;236293;319800;57279;214663;30805,0.0,1.0597515946539304e-12
r0068,Acetyl adenylate:CoA ligase (AMP-forming) Pyruvate metabolism EC:6.2.1.1,Miscellaneous,68738;60525,0.0,0.0
CTPtn,CTP diffusion in nucleus,"Transport, nuclear",,0.0,0.0
r1748,Y+LAT2 Utilized transport,"Transport, extracellular",330836,0.0,1000.0
RE1441R_1,1-Phosphatidylinositol-4-Phosphate 5-Kinase,Phosphatidylinositol phosphate metabolism,18718;108083;117150,0.0,0.0
3HPVSthc,Uptake of 3-hydroxy pravastatin by hepatocytes,Drug metabolism,101488,-1000.0,1000.0
PACALDtm,Phenylacetaldehyde transport  mitochondrial,"Transport, mitochondrial",,0.0,0.0
RDH1,Retinol dehydrogenase (all-trans),Vitamin A metabolism,19682;107605;19683;54150;103142;216453;216454,-1000.0,0.0
C180CRNt,C180 transport into the mitochondria,Fatty acid oxidation,57279,-1000.0,1000.0
HMR_0388,HMR 0388,"Transport, extracellular",26457;12491;75497;14077;11770;14080;16592;26568;16204;26569;21884;12140;225579,0.0,0.0
CARN160t_m,Hexadecanoyl-l-carnitine:carnitine antiport (Cytosol to mitochondira),"Transport, mitochondrial",57279,-1000.0,1000.0
PCHOLN15_HSABCt,"Transport of 1-Pentadecanoylglycerophosphocholine, Sn1-Lpc (15:0)","Transport, extracellular",54670;11303;18670;54667;11982,0.0,0.0
RE2985M,Acyl Coenzyme A Oxidase,Fatty acid oxidation,11430,0.0,8.526512829121202e-13
PCHLN225_HSABCt,"Transport of 1-Docosahexenoylglycerophosphocholine (Delta 4, 7, 10, 13, 16, 19), Sn1-Lpc (22:6)","Transport, extracellular",54670;11303;18670;54667;11982,0.0,0.0
HMR_2661,HMR 2661,"Transport, mitochondrial",207151;171405;434674;20517;236149;236293;319800;57279;214663;30805,-1.4429483249282034e-12,1.5695660075618023e-12
MI1PP,Myo-inositol 1-phosphatase,Inositol phosphate metabolism,77116;114663;55980;53332,0.0,4.005774558355319
ST8SIA53g,"Beta-galactoside alpha-2,3-sialyltransferase",Sphingolipid metabolism,225742,0.0,0.0
HMR_2969,Long-Chain-Fatty-Acid Coenzyme A Ligase,Fatty acid synthesis,26458;216739;50790;328845;74205;14081;94180;433256,0.0,0.0
RE0569C,RE0569,Fatty acid synthesis,54326;83603;170439;68801,0.0,2.437717873669511e-12
r2222,Resistance-Nodulation-Cell Division (RND) TCDB:2.A.60.1.5,"Transport, extracellular",101488,0.0,1000.0
r1446,Acyl-CoA Oxidase,Miscellaneous,11430;80911,0.0,2.8201089006557627e-12
GALGT1,"Beta-1,4 N-acetylgalactosaminyltransferase",Sphingolipid metabolism,14421,0.0,0.0
HMR_3689,Steryl-Ester Acylhydrolase,Cholesterol metabolism,16889;12613,0.0,0.0
SPODMm,Superoxide dismutase,ROS detoxification,20656,49.99999999999932,50.0
r1822,Y+LAT2 Utilized transport,"Transport, extracellular",330836,0.0,1000.0
S6TASE26ly,"N-acetylglucosamine-6-sulfatase, lysosomal",Keratan sulfate degradation,75612,0.0,0.0
r1823,Y+LAT2 Utilized transport,"Transport, extracellular",330836,0.0,1000.0
NOS2,Nitric Oxide Synthase (NO forming),Arginine and proline metabolism,18125;18126;18127,0.0,7.86926079854311e-13
CYTK13n,"Cytidylate kinase (dCMP,dATP),nuclear",Nucleotide interconversion,66588,-1000.0,1000.0
EX_phyt_e,Phytanic acid exchange,Exchange/demand reaction,,0.0,0.0
HMR_3669,Acyl Coenzyme A:Cholesterol O-Acyltransferase,Cholesterol metabolism,223920;20652,0.0,1.5063505998114124e-12
CHLPCTD,Choline phosphate cytididyltransferase,Glycerophospholipid metabolism,236899;13026,0.0,1.6484591469634324e-12
r1872,Y+LAT2 Utilized transport,"Transport, extracellular",330836,0.0,1000.0
UGALGTg,"UDPgalactose:D-glucose 4-beta-D-galactosyltransferase, Golgi apparatus",Galactose metabolism,16770;14595;53418,0.0,0.0
3HPVSCOAhc,3HPVSCOAhc,Drug metabolism,,0.0,2.1280754936015e-12
ALATA_Lm,L alanine transaminase  mitochondrial,Citric acid cycle,76282;108682,-1000.0,1000.0
RE3160R,Long-Chain-Fatty-Acid- Coenzyme A Ligase,Fatty acid oxidation,14081;26458;216739;50790;74205;433256,0.0,9.663381206337363e-13
r2116,Major Facilitator(MFS) TCDB:2.A.1.13.1,"Transport, extracellular",20501,-1000.0,1000.0
HMR_0279,Long-Chain-Fatty-Acid Coenzyme A Ligase,Fatty acid synthesis,26458;216739;50790;328845;74205;14081;94180;433256,0.0,1.5924127341721078e-12
r1766,Y+LAT2 Utilized transport,"Transport, extracellular",330836,0.0,1000.0
HMR_2353,Very-Long-Chain 3-Oxoacyl Coenzyme A Synthase,Fatty acid synthesis,68801;54326;12686;83603;170439;54325;74559,0.0,0.0
RE3016R,RE3016,Eicosanoid metabolism,,-2.2453150450019166e-12,0.0
S6TASE22ly,"Galactose-6-sulfate sulfatase, lysosomal",Keratan sulfate degradation,18010;12091;50917;19025,0.0,0.0
COt,CO transporter via diffusion,"Transport, extracellular",,0.0,0.0
CYTK2,Cytidylate kinase (dCMP),Nucleotide interconversion,66588,-1000.0,1000.0
C10DCCACT,Transport of sebacoyl carnitine into cytosol,Fatty acid oxidation,57279,-1.0231815394945443e-12,0.0
r0652_1,Trans-Tetradec-2-Enoyl Coenzyme A Reductase,Fatty acid oxidation,26922;111175,-1.779199010343291e-11,0.0
RE3236C,RE3236,Fatty acid synthesis,,0.0,2.832769684147728e-12
r2111,Major Facilitator(MFS) TCDB:2.A.1.13.1,"Transport, extracellular",20501,-1000.0,1000.0
HEXDICOAACBPx,Transport of Hexadecanedioyl Coa,Fatty acid oxidation,13167,0.0,0.0
HMR_2966,Long-Chain-Fatty-Acid Coenzyme A Ligase,Fatty acid synthesis,26458;216739;50790;328845;74205;14081;94180;433256,0.0,0.0
HSD17B42x_1,Hydroxysteroid (17-Beta) Dehydrogenase 4,Bile acid synthesis,15488,0.0,3.846404676248009e-12
RE3179M,3-Hydroxyacyl Coenzyme A Dehydrogenase,Fatty acid oxidation,97212;15107;74147;15108;231086;15488,0.0,0.0
HMR_2266,Very-Long-Chain Enoyl Coenzyme A Reductase,Fatty acid synthesis,243078;106529,0.0,2.347762893951956e-12
PE226_HSABCt,"Transport of 1-Docosahexenoylglyceroethanolamine (Delta 4, 7, 10, 13, 16, 19), Lpe (22:6)","Transport, extracellular",320940;50770,0.0,0.0
NEU11l,"Sialidase, Lysosomal (Neu1)",Sphingolipid metabolism,18010;12091;50917;19025,0.0,0.0
DESAT18_8,Fatty acyl-CoA desaturase (n-C18:1CoA -> n-C18:2CoA),Fatty acid synthesis,56473,0.0,2.426880327360796e-12
RE3173C,RE3173,Fatty acid oxidation,,0.0,0.0
UDPG4E,UDPglucose 4-epimerase,Galactose metabolism,74246,0.0,0.0
CYTDK1,ATP:cytidine 5'-phosphotransferase,Nucleotide interconversion,22245;80914,0.0,900.0000000000013
PI4P3K,Phosphatidylinositol 4-phosphate 3-kinase,Inositol phosphate metabolism,23900;18708;320207;18709;18710;18704;30955;18705;74769;18706;240752;18707,0.0,0.0
ARACHCRNt,Transport into the mitochondria (carnitine),Fatty acid oxidation,57279,-1000.0,1000.0000000000032
r0648,(5-Glutamyl)-peptide:amino-acid 5-glutamyltransferase Cyanoamino acid metabolism EC:2.3.2.2,Miscellaneous,23887;71522;207182;14598,0.0,7.11735078953609
FAOXC164x,"Isomerization (C16:4), Peroxisomal",Fatty acid oxidation,23986;74147,0.0,0.0
PIK3,Phosphatidylinositol 3-kinase,Inositol phosphate metabolism,23900;18706;18708;320207;18709;18710;18707;18704;18705;74769;225326;240752;30955,0.0,0.0
RE2972M_1,1-Phosphatidylinositol 4-Kinase,Phosphatidylinositol phosphate metabolism,107650;224020,0.0,0.0
NDP10ex,"Nucleoside-diphosphatase (IDP), extracellular",Nucleotide interconversion,76025;215446;72090;12495,0.0,0.0
HPDCACRNCPT2,Heptadecanoate transport into the mitochondria,Fatty acid oxidation,12896,-2.0356341080251207e-12,0.0
r2516,Major Facilitator(MFS) TCDB:2.A.1.13.1,"Transport, peroxisomal",20501,-1000.0,1000.0
KCCt,K+-Cl- cotransport,"Transport, extracellular",20499;107723;20498;57138,-1000.0,1000.0
HMR_0812,"Beta-Galactoside Alpha-2, 3-Sialyltransferase",Glycosphingolipid metabolism,20444;20442;20443,0.0,0.0
CYTK14,"Cytidylate kinase (dCMP,UTP)",Nucleotide interconversion,66588,-1000.0,1000.0
CSNAT3x,"Carnitine O-aceyltransferase, peroxisomal",Fatty acid oxidation,12908,0.0,1000.0
HMR_0846,HMR 0846,Glycosphingolipid metabolism,225742,0.0,0.0
r1002,Facilitated diffusion,"Transport, endoplasmic reticular",,0.0,1000.0
Pe13_HSABCt,Transport of 1-Tridecanoylglycerophosphoethanolamine (C13:0 Pe),"Transport, extracellular",320940;50770,0.0,0.0
RE3172C,RE3172,Fatty acid oxidation,,0.0,0.0
C4tmc,Transport of bytyrylcarnitine into mitochondrial matrix,"Transport, mitochondrial",57279,-1000.0,1000.0
HMR_2753,HMR 2753,"Transport, mitochondrial",207151;171405;434674;20517;236149;236293;319800;57279;214663;30805,-1000.0,1000.0
TCYNTt,Thiocyanate transport via diffusion (cytosol to extracellular),"Transport, extracellular",,0.0,5.184119800105691e-11
ATPH1e,ATP diphosphohydrolase,Nucleotide interconversion,12499;215446;12495;12496;12497,0.0,0.0
SMS9,"Sphingomyelin Synthase, Formation of Sm (D18:1/20:0)",Glycerophospholipid metabolism,74442;208449,0.0,4.6065373737746995e-12
3SALACBOXL_cho,3-Sulfino-L-alanine carboxy-lyase,Taurine and hypotaurine metabolism,14415;246277;14417,0.0,0.0
EX_M00503_e,EX M00503[e],Exchange/demand reaction,,0.0,1.3812950783176348e-11
3AIBTm,"L-3-aminoisobutyrate transaminase, mitochondrial","Valine, leucine, and isoleucine metabolism",268860,0.0,3.1938895972416503e-12
RE3001M,"2,4-Dienoyl Coenzyme A Reductase (NADPH)",Fatty acid oxidation,67460,0.0,5.210548667629081e-12
HMR_2268,Very-Long-Chain 3-Oxoacyl Coenzyme A Reductase,Fatty acid synthesis,56348,0.0,0.0
SEBCOAPET,Thioesterification of sebacoylcoa for release into cytosol,Fatty acid oxidation,170789,0.0,0.0
r1814,Y+LAT2 Utilized transport,"Transport, extracellular",330836,0.0,1000.0
HMR_3726,Steryl-Ester Acylhydrolase,Cholesterol metabolism,16889;12613,0.0,0.0
HMR_1750,Cholestanetriol 26-Monooxygenase,Bile acid synthesis,104086,0.0,0.0
GAMt1r,Glucosamine transport (uniport),"Transport, extracellular",20525;20528;20526,0.0,0.0
HMR_3188,3-Hydroxyacyl Coenzyme A Dehydrogenase,Fatty acid oxidation,15108;97212;15107,0.0,0.0
BILDGLCURt,Bilirubin beta-diglucuronide transport via bicarbonate countertransport,"Transport, extracellular",101488,-1000.0,1000.0
ST8SIA54g,"Beta-galactoside alpha-2,3-sialyltransferase",Sphingolipid metabolism,225742,0.0,0.0
FACOAL80,Fatty-acid--CoA ligase (octanoate),Fatty acid oxidation,74205,0.0,0.0
ENO,Enolase,Glycolysis/gluconeogenesis,13808;13806;433182;13807,1000.0,1000.0
HMR_3111,Medium-Chain Acyl Coenzyme A Dehydrogenase,Fatty acid oxidation,229211;11370;11363;11364,0.0,0.0
SBCOAACOTx,Thioesterification of suberyl coa for release into cytosol,Fatty acid oxidation,170789,0.0,0.0
FAOXC12DCx,Production of Dodecanedioyl Carnitine,Fatty acid oxidation,74114,0.0,9.094947017729282e-13
FCOAH2,Formyl coa hydrolase,Fatty acid oxidation,,0.0,0.0
HEX7,Hexokinase (D-fructose:ATP),Fructose and mannose metabolism,103988;212032;15275;15277;216019,0.0,0.0
HMR_1739,7Alpha-Hydroxycholest-4-En-3-One 12Alpha-Hydroxylase,Bile acid synthesis,13124,0.0,0.0
CSNATer,"Carnitine O-acetyltransferase, endolasmic reticulum",Fatty acid oxidation,12908,-1000.0,1000.0
HMR_0390,Palmitoyl Coenzyme A Hydrolase,Fatty acid oxidation,171210;12012;171281;217700;171282;70025,0.0,0.0
r1164,EC:2.3.1.26,Miscellaneous,223920;20652,0.0,1.2960299500264227e-11
HMR_2970,Long-Chain-Fatty-Acid Coenzyme A Ligase,Fatty acid synthesis,26458;216739;50790;328845;74205;14081;94180;433256,0.0,0.0
HMR_2734,HMR 2734,"Transport, mitochondrial",207151;171405;434674;20517;236149;236293;319800;57279;214663;30805,0.0,1.7889152544486715e-12
r1963,Y+LAT2 Utilized transport,"Transport, extracellular",330836,0.0,1000.0
AMPDA,Adenosine monophosphate deaminase,Nucleotide interconversion,229665;109674;11717,88.50876175050973,88.5087617505435
B3GALT43g,"Beta-1,3-galactosyltransferase 4",Sphingolipid metabolism,54218,0.0,0.0
r1825,Y+LAT2 Utilized transport,"Transport, extracellular",330836,0.0,1000.0
HMR_2769,HMR 2769,"Transport, mitochondrial",207151;171405;434674;20517;236149;236293;319800;57279;214663;30805,-1.7455959366710128e-12,0.0
THFt2_1,Tetrahydrofolate Transport via Anion Antiport,"Transport, extracellular",20509,-100.00000000000014,-99.99999999998957
HMR_2771,Carnitine O-Palmitoyltransferase,Fatty acid oxidation,12894;12895;78070,0.0,1.3964175727692838e-12
PI35P3P,"Phosphatidylinositol-3,5-bisphosphate 3-phosphatase",Phosphatidylinositol phosphate metabolism,77116;74302,-500.0,1.638562512823695e-12
r1841,Y+LAT2 Utilized transport,"Transport, extracellular",330836,0.0,1000.0
ACOAR5m,Trans-2-enoyl-CoA reductase (NADPH) (C12:0),Fatty acid oxidation,26922;111175,-7.74580399820479e-12,1.77351466845721e-11
HMR_2710,Carnitine O-Acetyltransferase,"Transport, mitochondrial",12908;12896,-1.498455680525189e-12,1.0118128557223827e-11
4ABUTtm,4 aminobutanoate mitochondrial transport via diffusion,"Transport, mitochondrial",,-1000.0,-999.9999999999915
HMR_2951,Long-Chain-Fatty-Acid Coenzyme A Ligase,Fatty acid synthesis,26458;216739;50790;328845;74205;14081;94180;433256,0.0,0.0
THYMDtm,Thymd transport,"Transport, mitochondrial",63959,-5.1099236317237455,-5.109923631694755
HMR_0960,Glutathione Peroxidase,Arachidonic acid metabolism,14775;67305;14776;14778;11758;14780;625249;75512;69590,0.0,2.5011104298755527e-12
HMR_3181,Acetyl Coenzyme A C-Acyltransferase,Fatty acid oxidation,52538;97212;231086,0.0,9.392826948456756e-13
DUTUP,DUTP:uridine 5'-phosphotransferase,Nucleotide interconversion,22245;68556;80914,-1000.0,-988.0761415344573
HMR_2760,HMR 2760,"Transport, mitochondrial",207151;171405;434674;20517;236149;236293;319800;57279;214663;30805,-1000.0000000000056,1000.0
r1674,Y+LAT2 Utilized transport,"Transport, extracellular",330836,0.0,1000.0
PYRt2p,Pyruvate peroxisomal transport via proton symport,D-alanine metabolism,20503;20501,-220.9975042878499,1000.0
HMR_3657,Acyl Coenzyme A:Cholesterol O-Acyltransferase,Cholesterol metabolism,223920;20652,0.0,0.0
HMR_1127,Leukotriene-B4 20-Monooxygenase,Leukotriene metabolism,631304;320997;170716;72054;106648,0.0,0.0
EX_2hb_e,2 Hydroxybutyrate exchange,Exchange/demand reaction,,21.65345923588211,21.653459235886658
THYOXt,T4 transport via bicarbonate countertransport,"Transport, extracellular",101488;58807;108096;108115,-1000.0,1000.0
DPCOAK,Dephospho-CoA kinase,CoA synthesis,71743,0.0,0.0
PHEMEtm,Protoheme transport (mitochondria),"Transport, mitochondrial",,0.0,0.0
FAOXC16DCr,"Fatty Acid Activation (C16Dc), Endoplasmatic Reticulum",Fatty acid oxidation,433256,0.0,0.0
HMR_3070,Acyl Coenzyme A Oxidase,Fatty acid oxidation,11430;80911,0.0,0.0
r2198,Resistance-Nodulation-Cell Division (RND) TCDB:2.A.60.1.5,"Transport, extracellular",101488,-1000.0,1000.0
RE3166C,RE3166,Fatty acid oxidation,,0.0,0.0
RE0958E,Alpha-Amylase,Starch and sucrose metabolism,100043686;100043688;109959;11722;100043684,-100.0,-99.99999999999187
UPPDC1,Uroporphyrinogen decarboxylase (uroporphyrinogen III),Heme synthesis,22275,0.0,0.0
CYTK1n,"Cytidylate kinase (CMP),nuclear",Nucleotide interconversion,66588,-1000.0,1000.0
r2539,Postulated transport reaction,"Transport, mitochondrial",,-1.613573176428039e-12,0.0
34DHPLACOX_NADP,34DHPLACOX LPAREN NADP RPAREN,Tyrosine metabolism,67689;73458;11670;621603,0.0,0.0
HPDECEte,"Transport of Trans-Delta-2-Heptadecanoic Acid, Extracellular","Transport, extracellular",,0.0,0.0
r2082,Major Facilitator(MFS) TCDB:2.A.1.13.1,"Transport, extracellular",20501,-1000.0,1000.0
SPMS,Spermidine synthase,Urea cycle,20810,0.0,0.0
r1829,Y+LAT2 Utilized transport,"Transport, extracellular",330836,0.0,1000.0
r1884,Y+LAT2 Utilized transport,"Transport, extracellular",330836,0.0,1000.0
HMR_2706,HMR 2706,"Transport, mitochondrial",207151;171405;434674;20517;236149;236293;319800;57279;214663;30805,0.0,0.0
HMR_0808,Beta-N-Acetylhexosaminidase,Glycosphingolipid metabolism,15211;238023;15212,0.0,0.0
CSNATp,Carnitine O acetyltransferase  reverse direction  peroxisomal,Fatty acid oxidation,12908,-900.0000000000041,1000.0
HMR_0980,Carbonyl Reductase (NADPH),Arachidonic acid metabolism,28200;109857;12408,0.0,0.0
HMR_3233,Acetyl Coenzyme A C-Acyltransferase,Fatty acid oxidation,52538;97212;231086,0.0,5.83592433637629e-12
ID3ACALDtm,Indole 3 acetaldehyde mitochondrial transport via diffusion,"Transport, mitochondrial",,0.0,3.9278054493096485e-12
LSTO2r,Lathosterol oxidase,Cholesterol metabolism,235293;13122,0.0,0.0
DPMVD,Diphosphomevalonate decarboxylase,Squalene and cholesterol synthesis,192156,0.0,0.0
C6DCc,Production of adipoylcarnitine,Fatty acid oxidation,12894;12895;78070,0.0,0.0
HMR_2349,Very-Long-Chain (3R)-3-Hydroxyacyl Coenzyme A Dehydratase,Fatty acid synthesis,67044;70757;57874;30963;66775,0.0,1.0808470739173887e-12
TMABADH,4-trimethylaminobutyraldehyde dehydrogenase,Lysine metabolism,56752,0.0,0.0
NDPK4,Nucleoside-diphosphate kinase (ATP:dTDP),Nucleotide interconversion,18103;54369;18102;79059;171567,-1000.0,1000.0
PGK,Phosphoglycerate kinase,Glycolysis/gluconeogenesis,338366;18655;18663,-1000.0,-999.9999999999986
EX_dopa3glcur_e,Exchange of Dopamine 3-O-Glucuronide,Exchange/demand reaction,,0.0,0.0
HMR_3454,3-Hydroxyacyl Coenzyme A Dehydrogenase,Fatty acid synthesis,15108;97212;15107,0.0,1.7053025658242404e-12
HMR_2947,Long-Chain-Fatty-Acid Coenzyme A Ligase,Fatty acid synthesis,26458;216739;50790;328845;74205;14081;94180;433256,0.0,0.0
RE3496C,Prostaglandin-E Synthase,Eicosanoid metabolism,,0.0,1.5418777365994174e-12
r1166,Sterol O-Acyltransferase,Miscellaneous,223920;20652,0.0,1.9326762412674725e-12
DCSPTN1CRNt,Transport into the mitochondria (carnitine),Fatty acid oxidation,57279,-1000.0,1000.0
GLDBRAN,Glycogen debranching enzyme,Starch and sucrose metabolism,77559,112.12446400424811,112.12446400424989
RNDR4,Ribonucleoside-diphosphate reductase (UDP),Nucleotide interconversion,20133;20135;382985,0.0,1000.0
PMEVK,Phosphomevalonate kinase,Squalene and cholesterol synthesis,68603,0.0,0.0
IND3ACtm,Indole 3 acetate mitochondrial transport via diffusion,"Transport, mitochondrial",,-4.292155053790862e-12,0.0
CSm,Citrate synthase,Citric acid cycle,12974,0.0,4.547473508864641e-12
ACACt2m,Acetoacetate mitochondrial transport via H+ symport,"Transport, mitochondrial",20501,-1.4779288903810084e-12,3.751665644813329e-12
AKGMALtm,"Dicarboxylate/tricarboxylate carrier (mal:akg), mitochondrial","Transport, mitochondrial",27376;67863,-1000.0,1000.0
ARGt5r,ARGtiDF,"Transport, extracellular",11988;11989;11987,-1000.0,1000.0
r2243,Resistance-Nodulation-Cell Division (RND) TCDB:2.A.60.1.5,"Transport, extracellular",101488,0.0,1000.0
NACHEX27ly,"Beta-N-acetylhexosaminidase, lysosomal",Hyaluronan metabolism,15211;15212,0.0,0.0
RE3000M,RE3000M,Fatty acid oxidation,51798,0.0,0.0
DPMVDx,Diphosphomevalonate decarboxylase,Cholesterol metabolism,192156,0.0,1.2505552149377763e-12
HMR_1243,HMR 1243,"Transport, mitochondrial",,-1.4428246139473136e-12,0.0
HMR_0210,Palmitoyl Coenzyme A Hydrolase,Fatty acid oxidation,171210;12012;171281;217700;171282;70025,0.0,1.3642420526593924e-12
RE3132R,Long-Chain-Fatty-Acid- Coenzyme A Ligase,Fatty acid oxidation,14081;26458;216739;50790;74205;433256,0.0,0.0
r1449,Acyl-CoA Oxidase,Fatty acid oxidation,11430;80911,0.0,1.1809220268332865e-11
ATPtg,"ADP/ATP Transporter, Golgi","Transport, golgi apparatus",,0.0,0.0
RE3597M,Carbonyl Reductase (NADPH),Eicosanoid metabolism,28200,0.0,0.0
MI145PP,"D-myo-Inositol-1,4,5-trisphosphate 5-phosphohydrolase",Inositol phosphate metabolism,170835;64436;16330;16331;104015;16332;212111,0.0,3.609557097661309e-12
RE3122C,RE3122,Fatty acid oxidation,,0.0,0.0
r2103,Major Facilitator(MFS) TCDB:2.A.1.13.1,"Transport, extracellular",20501,-1000.0,1000.0
TTDCEAc,Hydrolysis of Fatty Acyl Coenzyme A (14:1),Fatty acid oxidation,171281,0.0,9.094947017729282e-13
HMR_3193,Acetyl Coenzyme A C-Acyltransferase,Fatty acid oxidation,52538;97212;231086,0.0,0.0
PCHOL2LINL_HSABCt,Transport of 2-Linoleoylglycerophosphocholine,"Transport, extracellular",54670;11303;18670;54667;11982,0.0,8.526512829121202e-13
3HPVSTETCOAhcx,"Beta oxidation of 3-S-hydroxy-pravastatin-CoA to tetranor-CoA in hepatocytes, peroxisomes",Drug metabolism,74147;235674;15488;11430,0.0,0.0
r1886,Y+LAT2 Utilized transport,"Transport, extracellular",330836,0.0,1000.0
AG13T18g,"N-acetyllactosaminide beta-1,3-N-acetylglucosaminyltransferase, Golgi apparatus",Keratan sulfate synthesis,210004;53625;108902;227327;232984;72297;231727,0.0,0.0
HMR_2976,Long-Chain-Fatty-Acid Coenzyme A Ligase,Fatty acid synthesis,26458;216739;50790;328845;74205;14081;94180;433256,0.0,0.0
HMR_2433,Very-Long-Chain 3-Oxoacyl Coenzyme A Synthase,Fatty acid synthesis,68801;54326;12686;83603;170439;54325;74559,0.0,0.0
HMR_2707,Carnitine O-Acetyltransferase,"Transport, mitochondrial",12908;12896,0.0,0.0
HMR_2740,HMR 2740,"Transport, mitochondrial",207151;171405;434674;20517;236149;236293;319800;57279;214663;30805,0.0,3.6018595513572413e-12
FAOXC14DCC12DCx,"Fatty Acid Beta Oxidation (C14Dc->C12Dc), Peroxisomal",Fatty acid oxidation,74147;235674;15488;11430,0.0,0.0
GLCNACDASg,GlcNAc N-deacetylase / N-sulfotransferase,Chondroitin synthesis,83398;15531;64580;17423,0.0,0.0
TRIODTHYt,T3 transport via bicarbonate countertransport,"Transport, extracellular",28253;58807;108096;101488;108115,-1000.0,1000.0
NDPK2,Nucleoside-diphosphate kinase (ATP:UDP),Nucleotide interconversion,18103;54369;18102;79059;171567,-1000.0,1000.0
UMPKn,UMP kinase  nuclear,Nucleotide interconversion,66588,-1000.0,1000.0
SMS2,"Sphingomyelin Synthase, Formation of Sm (D18:1/15:0)",Glycerophospholipid metabolism,74442;208449,0.0,0.0
HSPGt,"Heparan sulfate transport, golgi to extracellular","Transport, extracellular",,0.0,0.0
r0407,"Sedoheptulose 1,7-bisphosphate D-glyceraldehyde-3-phosphate-lyase Carbon fixation EC:4.1.2.13",Miscellaneous,230163;11676;11674,-789.5296574284434,210.47034257158577
SMS10,"Sphingomyelin Synthase, Formation of Sm (D18:1/21:0)",Glycerophospholipid metabolism,74442;208449,0.0,1.3096190798478347e-12
PCHOLAR_HSABCt,Transport of 1-Arachidonoyl-Glycero-3-Phosphocholine,"Transport, extracellular",54670;11303;18670;54667;11982,0.0,0.0
r0845,Drug/Metabolite Transporter (DMT) TCDB:2.A.7.12.7,"Transport, endoplasmic reticular",229782,0.0,0.0
RE3011M,Alcohol Dehydrogenase,Eicosanoid metabolism,76187,0.0,0.0
HMR_3218,Medium-Chain Acyl Coenzyme A Dehydrogenase,Fatty acid oxidation,229211;11370;11363;11364,-1.6766686756064823e-12,0.0
r2101,Major Facilitator(MFS) TCDB:2.A.1.13.1,"Transport, extracellular",20501,-1000.0,1000.0
RE0581C,RE0581,Fatty acid synthesis,,0.0,2.563350375843399e-12
RE1573M,Dodecenoyl Coenzyme A Isomerase,Fatty acid oxidation,23986;74147;13177,0.0,3.318945118735428e-12
HMR_3738,Steryl-Ester Acylhydrolase,Cholesterol metabolism,16889;12613,0.0,0.0
r0595,3-Mercaptopyruvate:cyanide sulfurtransferase Cysteine metabolism EC:2.8.1.2,Methionine and cysteine metabolism,246221;22117,0.0,0.0
HMR_3172,3-Hydroxyacyl Coenzyme A Dehydrogenase,Fatty acid oxidation,15108;97212;15107,0.0,1.9906415697110595e-12
HMR_3102,Acyl Coenzyme A Oxidase,Fatty acid oxidation,11430;80911,0.0,0.0
HMR_0238,Palmitoyl Coenzyme A Hydrolase,Fatty acid oxidation,171210;12012;171281;217700;171282;70025,0.0,0.0
MACACI,Maleylacetoacetate isomerase,Tyrosine metabolism,14874,0.0,8.348877145181177e-13
HMR_0319,Long-Chain-Fatty-Acid Coenzyme A Ligase,Fatty acid synthesis,26458;216739;50790;328845;74205;14081;94180;433256,0.0,0.0
r1172,EC:3.1.1.13,Miscellaneous,16889;12613,0.0,1.4793499758525286e-11
DCK1n,"Deoxycytidine kinase, nuclear (ATP)",Nucleotide interconversion,13178,-1000.0,1000.0
RE1447M_1,"Phosphatidylinositol-3,4-Bisphosphate 4-Phosphatase",Phosphatidylinositol phosphate metabolism,71147,0.0,2.7284841053187847e-12
HMR_3101,Acetyl Coenzyme A C-Acyltransferase,Fatty acid oxidation,235674;17919,0.0,4.210025924864675e-12
r2105,Major Facilitator(MFS) TCDB:2.A.1.13.1,"Transport, extracellular",20501,-1000.0,1000.0
r0954,MCT 1 Transport reaction,"Transport, peroxisomal",20501,-1000.0,0.0
PItx,"Phosphate transporter, peroxisome","Transport, peroxisomal",,-2.2737367544323206e-12,0.0
r1257,EC:6.2.1.3,Fatty acid oxidation,14081;26458;216739;50790;328845;74205;433256,0.0,0.0
r0643,"(S)-Methylmalonate semialdehyde:NAD+ oxidoreductase Valine, leucine and isoleucine degradation EC:1.2.1.3","Valine, leucine, and isoleucine metabolism",11669;72535;110695;11671;56752,0.0,0.0
r2114,Major Facilitator(MFS) TCDB:2.A.1.13.1,"Transport, extracellular",20501,-1000.0,1000.0
FVSCOAhc,FVSCOAhc,Drug metabolism,,0.0,0.0
RE3081X,Enoyl Coenzyme A Hydratase,Fatty acid oxidation,74147,0.0,0.0
PGESr,Prostaglandin E synthase,Eicosanoid metabolism,96979;64292,-1000.0,1000.0
ADNCYC,Adenylate cyclase,Nucleotide interconversion,224129;11512;271639;104110;104111;11513;210044;11514;432530;11515,0.0,0.0
FAOXC1811602m_1,Beta Oxidation Fatty Acid,Fatty acid oxidation,11409;11364,0.0,2.5210056264768355e-12
OCTDECCPT1,Transport of Octadecenoyl Coenzyme A into Mitochondrial Matrix,Fatty acid oxidation,12894;12895;78070,0.0,0.0
NTD11,5'-nucleotidase (IMP),Purine catabolism,230718;107569;70881;76952;23959,0.0,0.0
GALASE19ly,"Beta-galactosidase, lysosomal",Keratan sulfate degradation,18010;12091;50917;19025,0.0,0.0
DAGKn_hs,Diacylglycerol phosphate kinase (homo sapiens),Glycerophospholipid metabolism,320127;104418,0.0,3.82804898890754e-12
HMR_3113,3-Hydroxyacyl Coenzyme A Dehydrogenase,Fatty acid oxidation,15108;97212;15107,0.0,2.1600499167107046e-12
MTAP,5  methylthioadenosine phosphorylase,Arginine and proline metabolism,66902,0.0,0.0
HMR_6515,3-Mercaptopyruvate:Cyanide Sulfurtransferase,Methionine and cysteine metabolism,246221;22117,0.0,2.7711166694643907e-12
HMR_3411,Enoyl Coenzyme A Hydratase,Fatty acid oxidation,97212;15107;229211;15108;93747;52538;235674;11363;11364;11370;231086,0.0,6.112822613750476e-13
HMR_8776,HMR 8776,"Transport, mitochondrial",,0.0,2.703769575379303e-12
HMR_2355,Very-Long-Chain (3R)-3-Hydroxyacyl Coenzyme A Dehydratase,Fatty acid synthesis,67044;70757;57874;30963;66775,0.0,0.0
HMR_0297,Long-Chain-Fatty-Acid Coenzyme A Ligase,Fatty acid synthesis,26458;216739;50790;328845;74205;14081;94180;433256,0.0,0.0
R04215,CTP:N-glycoloylneuraminate cytidylyltransferase,Aminosugar metabolism,12764,-1000.0,-999.9999999999962
3AIBtm,"3-amino-isobutyrate transport, mitochondrial","Transport, mitochondrial",268860,0.0,3.0127011996228248e-12
EX_dhf_e,"7,8-Dihydrofolate exchange",Exchange/demand reaction,,0.0,100.0
OCD11CRNCPT2_1,Transport of 11-Octadecenoyl Carnitine into the Mitochondrial Matrix,Fatty acid oxidation,12896,0.0,0.0
RE3624M,Acyl Coenzyme A Oxidase,Fatty acid oxidation,11430,0.0,7.004892055420697e-12
HMR_1653,Propanoyl Coenzyme A C-Acyltransferase,Bile acid synthesis,17919;235674;20280,0.0,1.2505552149377763e-12
HMR_0381,Long-Chain-Fatty-Acid Coenzyme A Ligase,Fatty acid synthesis,26458;216739;50790;328845;74205;14081;94180;433256,0.0,1.8189894035458565e-12
HMR_3066,Acyl Coenzyme A Oxidase,Fatty acid oxidation,11430;80911,0.0,0.0
3SALATAi,3-sulfino-alanine transaminase (irreversible),Methionine and cysteine metabolism,14718,0.0,0.0
NACHEX26ly,"Beta-N-acetylhexosaminidase, lysosomal",Keratan sulfate degradation,15211;15212,0.0,0.0
EX_3hpvstet_e,Exchange reaction of 3-S-hydroxy-pravastatin-tetranor in hepatic vein,Exchange/demand reaction,,0.0,2.2737367544323206e-12
CYTK2n,"Cytidylate kinase (dCMP),nuclear",Nucleotide interconversion,66588,-1000.0,1000.0
r2088,Major Facilitator(MFS) TCDB:2.A.1.13.1,"Transport, extracellular",20501,-1000.0,1000.0
DHCR71r,7-dehydrocholesterol reductase,Cholesterol metabolism,13360,0.0,0.0
HMR_0821,Beta-N-Acetylhexosaminidase,Glycosphingolipid metabolism,15211;238023;15212,-1.0231815394945443e-12,0.0
CYTK13,"Cytidylate kinase (dCMP,dATP)",Nucleotide interconversion,66588,-1000.0,1000.0
NTD4e,"5'-nucleotidase (CMP), extracellular",Nucleotide interconversion,50773;23959,0.0,0.0
r0354,Glycolysis / Glyconeogenesis EC:2.7.1.1,Glycolysis/gluconeogenesis,212032;15275;15277;103988,0.0,2.7284841053187843e-12
LCTStg,Lactose transport from Golgi to extracellular (via vesicle),"Transport, extracellular",,0.0,0.0
CRNCARtm,Carnithine acetylcarnithine carrier  mitochondrial,"Transport, mitochondrial",57279,-483.40154683310897,-483.401546833068
HMR_2684,Carnitine O-Palmitoyltransferase,Fatty acid oxidation,12894;12895;78070,-6.59383658785373e-12,0.0
N3Tg,"N-acetylgalactosamine 3-beta-galactosyltransferase, Golgi apparatus",O-glycan metabolism,94192,0.0,0.0
LALDO,D-Lactaldehyde NAD+ oxidoreductase (glutathione-formylating),Pyruvate metabolism,11532,-1000.0000000000015,0.0
HMR_2990,Long-Chain-Fatty-Acid Coenzyme A Ligase,Fatty acid synthesis,26458;216739;50790;328845;74205;14081;94180;433256,0.0,9.094947017729282e-13
FAOXC103C102x,"Fatty Acid Beta Oxidation (C10:3->C10:2), Peroxisomal",Fatty acid oxidation,26378,0.0,0.0
HMR_3196,3-Hydroxyacyl Coenzyme A Dehydrogenase,Fatty acid oxidation,15108;97212;15107,0.0,0.0
HMR_3416,Enoyl Coenzyme A Hydratase,Fatty acid oxidation,97212;15107;229211;15108;93747;52538;235674;11363;11364;11370;231086,0.0,4.547473508864641e-13
r0973,Facilitated diffusion,"Transport, mitochondrial",,0.0,0.0
HMR_2332,Very-Long-Chain 3-Oxoacyl Coenzyme A Synthase,Fatty acid synthesis,68801;54326;12686;83603;170439;54325;74559,0.0,0.0
HMR_7328,HMR 7328,N-glycan metabolism,107895,0.0,0.0
HMR_3522,Medium-Chain Acyl Coenzyme A Dehydrogenase,Fatty acid oxidation,11363;11364,0.0,8.769992419468149e-13
EX_3hpvs_e,Exchange reaction for 3-hydroxy pravastatin in portal blood,Exchange/demand reaction,,0.0,0.0
r1962,Y+LAT2 Utilized transport,"Transport, extracellular",330836,0.0,1000.0
CARN1836Z9Z12Zt_m,"(6Z,9Z,12Z)-octadecatrienoyl-l-carnitine:carnitine antiport (Cytosol to mitochondira)","Transport, mitochondrial",207151;171405;434674;20517;236149;236293;319800;57279;214663;30805,-1000.0,1000.0
HMR_0841,"Alpha-N-Acetylneuraminate Alpha-2, 8-Sialyltransferase",Glycosphingolipid metabolism,20449,0.0,0.0
HMR_3062,Acyl Coenzyme A Oxidase,Fatty acid oxidation,11430;80911,0.0,0.0
NDP8ex,"Nucleoside-diphosphatase (UTP), extracellular",Nucleotide interconversion,76025;215446;72090;12495,0.0,0.0
CYTK7n,"Cytidylate kinase (CMP,UTP),nuclear",Nucleotide interconversion,66588,-1000.0,1000.0
CLPNDCPT2,Carnitine transferase,Fatty acid oxidation,12896,0.0,9.094947017729282e-13
TETPENT3t,Fatty acid transport via diffusion,"Transport, extracellular",,0.0,0.0
HMR_3450,3-Hydroxyacyl Coenzyme A Dehydrogenase,Fatty acid synthesis,15108;97212;15107,0.0,1.5105067036479714e-12
HMR_2774,Carnitine O-Palmitoyltransferase,Fatty acid oxidation,12894;12895;78070,0.0,0.0
ST3GAL23g,"CMP-N-acetylneuraminate-beta-galactosamide-alpha-2,3-sialyltransferase, Golgi apparatus",Sphingolipid metabolism,20444,0.0,0.0
CYTK8,"Cytidylate kinase (CMP,dATP)",Nucleotide interconversion,66588,-1000.0,1000.0
RE3003M,Dodecenoyl Coenzyme A Isomerase,Fatty acid oxidation,23986;74147;13177,0.0,0.0
FAOXC12DCc,Formation of Dodecanedioyl Carnitine,Fatty acid oxidation,12894;12895;78070,0.0,0.0
UMPK6,UMP kinase (dCTP),Nucleotide interconversion,66588,-1000.0,1000.0
RE1834C,Palmitoyl Coenzyme A Hydrolase,Bile acid synthesis,12012;171281;217700;170789,0.0,1.4779288903810084e-12
GALASE16ly,"Beta-galactosidase, lysosomal",Keratan sulfate degradation,18010;12091;50917;19025,0.0,0.0
EX_oh1_e,OH1 Exchange,Exchange/demand reaction,,-100.0,-99.99999999998386
PGCD,Phosphoglycerate dehydrogenase,"Glycine, serine, alanine, and threonine metabolism",236539,0.0,0.0
EX_tcynt_e,Thiocyanate exchange,Exchange/demand reaction,,0.0,3.728928277269006e-11
RE3154C,RE3154,Fatty acid oxidation,,0.0,0.0
MTRI,5-methylthioribose-1-phosphate isomerase,Arginine and proline metabolism,,0.0,-9.148125010798373e-13
DLNLCGCRNt,Transport into the mitochondria (carnitine),Fatty acid oxidation,57279,-1000.0,1000.0
SCP2x_1,Peroxisomal Thiolase 2,Bile acid synthesis,20280,21.65345923588342,21.65345923588432
CHOLPtg,Choline phosphate intracellular transport,"Transport, golgi apparatus",,0.0,0.0
HMR_3192,3-Hydroxyacyl Coenzyme A Dehydrogenase,Fatty acid oxidation,15108;97212;15107,0.0,1.461687913563635e-12
r2095,Major Facilitator (Mfs) Tcdb:2.A.1.13.1,"Transport, extracellular",20501,-1000.0,1000.0
FACOAL226,Fatty-acid--CoA ligase,Fatty acid oxidation,14081,0.0,0.0
RE1957R_1,1-Phosphatidylinositol-4-Phosphate 5-Kinase,Phosphatidylinositol phosphate metabolism,18718;108083;117150,0.0,0.0
CYTK1,Cytidylate kinase (CMP),Nucleotide interconversion,66588,-1000.0,1000.0
CMPACNAtg,CMP-Sia Golgi transport via CMP antiport,"Transport, golgi apparatus",24060,0.0,0.0
r1906,Y+LAT2 Utilized transport,"Transport, extracellular",330836,0.0,1000.0
r0027,NADPH:CoA-glutathione oxidoreductase EC:1.8.1.9,Methionine and cysteine metabolism,50493;26462,-1000.0,1000.0
ECOAH1x,(S)-3-Hydroxybutanoyl-CoA hydro-lyase,Tryptophan metabolism,74147;51798,0.0,0.0
UDPGLCter,UDP-Glc endoplasmic reticulum transport via CMP antiport,"Transport, endoplasmic reticular",,-1000.0,1000.0
r1844,Y+LAT2 Utilized transport,"Transport, extracellular",330836,0.0,1000.0
HMR_2709,HMR 2709,"Transport, mitochondrial",207151;171405;434674;20517;236149;236293;319800;57279;214663;30805,0.0,0.0
SMS12,"Sphingomyelin Synthase, Formation of Sm (D18:1/22:0)",Glycerophospholipid metabolism,74442;208449,0.0,9.459100169806334e-13
HMR_3067,Enoyl Coenzyme A Hydratase,Fatty acid oxidation,74147,0.0,0.0
RE2624X,Alpha-Methylacyl Coenzyme A Racemase,Fatty acid oxidation,17117,-4.604316927725449e-12,0.0
FAOXC143C123x,"Fatty Acid Beta Oxidation (C14:3->C12:3), Peroxisomal",Fatty acid oxidation,74147;235674;15488;11430,0.0,1.1179205709292244e-12
HMR_0214,Palmitoyl Coenzyme A Hydrolase,Fatty acid oxidation,171210;12012;171281;217700;171282;70025,0.0,1.1368683772161603e-12
r1733,Y+LAT2 Utilized transport,"Transport, extracellular",330836,0.0,1000.0
HMR_3642,Acyl Coenzyme A:Cholesterol O-Acyltransferase,Cholesterol metabolism,223920;20652,0.0,1.5916157281026244e-12
C6CRNtcx,Transport of Hexanoylcarnitine into Cytosol,"Transport, peroxisomal",57279,-1000.0,1000.0
r1666,Y+LAT2 Utilized transport,"Transport, extracellular",330836,-1000.0,1000.0
HMR_2738,Carnitine O-Acetyltransferase,"Transport, mitochondrial",12908;12896,-1.9976401485369676e-12,0.0
NTPP10,Nucleoside triphosphate pyrophosphorylase (ditp),Nucleotide interconversion,16434,0.0,0.0
HMR_2269,Very-Long-Chain (3R)-3-Hydroxyacyl Coenzyme A Dehydratase,Fatty acid synthesis,67044;70757;57874;30963;66775,0.0,0.0
PROSTGE2t2r,"Transport of Prostaglandin E2, Endoplasmatic Reticulum","Transport, endoplasmic reticular",,-1000.0,1000.0
GLCAT6g,Heparan glucuronyltransferase II,Chondroitin synthesis,14042;14043,0.0,0.0
MANtly,Mannose efflux from lysosome,"Transport, lysosomal",,0.0,0.0
r1181,EC:3.1.1.13,Miscellaneous,16889;12613,0.0,0.0
BUTt2r,"Butyrate transport via proton symport, reversible","Transport, extracellular",20501,-1000.0,1000.0
r0747,"3alpha,7alpha-Dihydroxy-5beta-cholestane:NADP+ oxidoreductase (B-specific); 3alpha,7alpha-Dihydroxy-5beta-cholestane:NADP+ oxidoreductase Bile acid biosynthesis EC:1.1.1.50",Bile acid synthesis,83702,0.0,1000.0
r2130,Major Facilitator(MFS) TCDB:2.A.1.13.1,"Transport, extracellular",20501,-1000.0,1000.0
VACCCPT1,Carnitine O-palmitoyltransferase,Fatty acid oxidation,12894;12895;78070,0.0,2.2993720217617043e-12
HMR_4701,S-Adenosyl-L-Methionine:Sarcosine N-Methyltransferase,Methionine and cysteine metabolism,192166;74129,0.0,1.4845560678203098e-12
r2124,Major Facilitator(MFS) TCDB:2.A.1.13.1,"Transport, extracellular",20501,-1000.0,1000.0
S6TASE23ly,"N-acetylglucosamine-6-sulfatase, lysosomal",Keratan sulfate degradation,75612,0.0,0.0
HMR_2362,Very-Long-Chain 3-Oxoacyl Coenzyme A Reductase,Fatty acid synthesis,56348,0.0,3.4439697470667806e-12
LNLNCACPT1,Carnitine O-palmitoyltransferase,Fatty acid oxidation,12894;12895;78070,-1000.0,1000.0000000000057
HMR_0767,Phosphatidate Phosphatase,Sphingolipid metabolism,64898;64899;381925;19012;216152;14245;67916;229791;235044;71910;50784,0.0,0.0
RE3082X,3-Hydroxyacyl Coenzyme A Dehydrogenase,Fatty acid oxidation,74147;15488,0.0,8.983155240196179e-13
SFGTHi,S-Formylglutathione hydralase,Tyrosine metabolism,13885,0.0,0.0
EX_hpdece_e,Exchange of Trans-Delta-2-Heptadecanoic Acid,Exchange/demand reaction,,0.0,0.0
ABUTt2r,4 aminobutyrate reversible transport in via proton symport,"Transport, extracellular",215335,-1000.0,1000.0
HMR_3449,Enoyl Coenzyme A Hydratase,Fatty acid synthesis,93747;97212,0.0,8.647411717544755e-12
C3STKR2r,C-3 sterol keto reductase (zymosterol),Cholesterol metabolism,15488,0.0,0.0
HMR_2436,Very-Long-Chain Enoyl Coenzyme A Reductase,Fatty acid synthesis,243078;106529,0.0,0.0
r0438,Palmitoyl-CoA:L-carnitine O-palmitoyltransferase Fatty acid metabolism EC:2.3.1.21,Fatty acid oxidation,12894;12896,0.0,1000.0
C60CPT1,Production of Hexanoylcarnitine,Fatty acid oxidation,12894;12895;78070,-1000.0,1000.0
PGI,Glucose-6-phosphate isomerase,Glycolysis/gluconeogenesis,14751,-714.9137517847491,1000.0
r0425,EC:1.1.1.42,Miscellaneous,67834;170718;15926;269951;15929,-1000.0,531.377719945867
B_MANNASEly,"Beta-mannosidase, lysosomal",N-glycan degradation,110173,0.0,0.0
r0636,Octanoyl-CoA:L-carnitine O-octanoyltransferase EC:2.3.1.137,Fatty acid oxidation,74114,-1.42854892571645e-12,1.4410558651415758e-12
RE1530M,Thymidine Kinase,Pyrimidine synthesis,57813,-2.6147972675971687e-12,0.0
HMR_9608,HMR 9608,"Transport, extracellular",330064,0.0,100.0
HMR_3452,Medium-Chain Acyl Coenzyme A Dehydrogenase,Fatty acid synthesis,229211;11370;11363;11364,0.0,2.6147972675971687e-12
HMR_3190,Medium-Chain Acyl Coenzyme A Dehydrogenase,Fatty acid oxidation,229211;11364,0.0,1.826324038237574e-12
LEUKTRB4WOHt,"Transport of W-Hydroxyl Leukotriene B4, Active Transport","Transport, extracellular",,0.0,0.0
CYTK6n,"Cytidylate kinase (CMP,CTP),nuclear",Nucleotide interconversion,66588,-1000.0,1000.0
r1735,Y+LAT2 Utilized transport,"Transport, extracellular",330836,0.0,1000.0
ETOHt,Ethanol reversible transport,"Transport, extracellular",,0.0,1.1141310096718371e-11
ASAH1,N-acylsphingosine amidohydrolase,Sphingolipid metabolism,11886,0.0,0.0
r2288,Resistance-Nodulation-Cell Division (RND) TCDB:2.A.60.1.5,"Transport, extracellular",101488,0.0,1000.0
r1183,EC:3.1.1.13,Miscellaneous,16889;12613,0.0,0.0
34HPPOR,4 Hydroxyphenylpyruvateoxygen oxidoreductase,Tyrosine metabolism,15445,0.0,9.028726221578705e-13
r1885,Y+LAT2 Utilized transport,"Transport, extracellular",330836,0.0,1000.0
HMR_0852,"Alpha-N-Acetylneuraminate Alpha-2, 8-Sialyltransferase",Glycosphingolipid metabolism,20449,0.0,0.0
OCD11CRNCACT,Transport of 11-octadecenoyl carnitine into the mitochondrial matrix,Fatty acid oxidation,57279,0.0,1.5502750598402186e-12
r0083,Oxalosuccinate:NADP+ oxidoreductase (decarboxylating) Citrate cycle (TCA cycle) EC:1.1.1.42,Miscellaneous,67834;170718;15926;269951;15929,0.0,531.3777199458624
NDPK7,Nucleoside-diphosphate kinase (ATP:dCDP),Nucleotide interconversion,18103;54369;18102;79059;171567,-1000.0,1000.0
SBPP3,Sphingosine 1-phosphate phosphatase,Sphingolipid metabolism,64898;67916;64899;19012;50784;14245,0.0,0.0
EX_hexdeceeth_e,"Exchange of Hexadecenoyl Ethanolamide, C16:1-Ethanolamide (Delta 9)",Exchange/demand reaction,,0.0,1.5006662579253316e-11
HMR_0394,Palmitoyl Coenzyme A Hydrolase,Fatty acid oxidation,171210;12012;171281;217700;171282;70025,0.0,1.0231815394945443e-12
HMR_2613,Carnitine O-Acetyltransferase,"Transport, mitochondrial",12908;12896,-1.432454155292362e-12,0.0
13DAMPPOX,"1,3-Diaminopropane:oxygen oxidoreductase (deaminating)",Beta-Alanine metabolism,237940;76507;11754,0.0,1.0231815394945443e-12
HMR_2971,Long-Chain-Fatty-Acid Coenzyme A Ligase,Fatty acid synthesis,26458;216739;50790;328845;74205;14081;94180;433256,0.0,0.0
EX_idp_e,IDP exchange,Exchange/demand reaction,,-100.0,-99.99999999999727
SMVACIDhep,Beta-glucuronidation of simvastatin-acyl-glucuronide to simvastatin dihydroxy acid form,Drug metabolism,110006,0.0,0.0
HMR_2338,Very-Long-Chain Enoyl Coenzyme A Reductase,Fatty acid synthesis,243078;106529,0.0,0.0
r1451,Acyl-CoA Oxidase,Fatty acid oxidation,11430;80911,0.0,1.7138290786533616e-11
r0317,Citrate hydro-lyase Citrate cycle (TCA cycle) / Glyoxylate and dicarboxylate metabolism EC:4.2.1.4,Miscellaneous,11428;11429,-1000.0,0.0
HMR_1084,Gamma-Glutamyltransferase,Leukotriene metabolism,23887;71522;207182;14598,0.0,7.117350789562693
ACtg,"Acetate transport, Golgi apparatus","Transport, golgi apparatus",,0.0,0.0
OCTDECCPT2,Transport of Octadecenoyl Coenzyme A into Mitochondrial Matrix,Fatty acid oxidation,12896,0.0,0.0
UMPK4,UMP kinase (GTP),Nucleotide interconversion,66588,-1000.0,1000.0
r1008,Facilitated diffusion,"Transport, mitochondrial",,0.0,1000.0
LNLCCPT2,Carnitine transferase,Fatty acid oxidation,12896,0.0,4.291678123991005e-12
r0568,(5-L-Glutamyl)-L-amino-acid 5-glutamyltransferase (cyclizing) Glutathione metabolism EC:2.3.2.4,Glutathione metabolism,110175,0.0,0.0
RE3004M,Enoyl Coenzyme A Hydratase,Fatty acid oxidation,74147;93747;97212;231086,0.0,4.206412995699793e-12
ACCOAL,Acetate-CoA ligase (ADP-forming),Propanoate metabolism,60525,0.0,0.0
ORNTArm,L-Ornithine:2-oxo-acid aminotransferase,Urea cycle,18242,-100.0,100.00000000000182
HMR_2770,Carnitine O-Acetyltransferase,"Transport, mitochondrial",12908;12896,0.0,0.0
Rtotaltl,Fatty acid intracellular transport,"Transport, lysosomal",,0.0,0.0
BIOMASS_reaction,Generic Human Biomass Reaction,,,171.8110468947133,171.81104689471331
BGAL1l,"Beta-Galactosidase, Lysosomal",Sphingolipid metabolism,12091;50917;14667;18010;19156;19025,0.0,0.0
GLCAT7g,Heparan glucuronyltransferase II,Chondroitin synthesis,14042;14043,0.0,0.0
HMR_8590,HMR 8590,"Transport, lysosomal",,0.0,0.0
HMR_3679,Acyl Coenzyme A:Cholesterol O-Acyltransferase,Cholesterol metabolism,223920;20652,0.0,1.8189894035458565e-12
HMR_3114,Acetyl Coenzyme A C-Acyltransferase,Fatty acid oxidation,52538;97212;231086,0.0,0.0
HMR_3695,Steryl-Ester Acylhydrolase,Cholesterol metabolism,16889;12613,0.0,1.7053025658242404e-12
SMS7,"Sphingomyelin Synthase, Formation of Sm (D18:1/18:1)",Glycerophospholipid metabolism,74442;208449,0.0,0.0
GLYCLTtm,"Glycolate transport, mitochondria","Transport, mitochondrial",,-2.129776266147554e-12,0.0
RE3162C,RE3162,Fatty acid oxidation,,0.0,2.5011104298755527e-12
LNLNCACPT2,Carnitine transferase,Fatty acid oxidation,12896,-1000.0,1000.0
DOPAtu,Dopamine uniport,"Transport, extracellular",20519;20520;20518,-1000.0,1000.0
ALDD2x,"Aldehyde dehydrogenase (acetaldehyde, NAD)",Glycolysis/gluconeogenesis,67689;110695;73458;72535;56847;19378;11668;621603;11670;11671;56752,0.0,631.3777199458748
HMR_0625,Diacylglycerol Cholinephosphotransferase,Glycerophospholipid metabolism,99712;212862,0.0,0.0
G14T19g,"Beta-N-acetylglucosaminylglycopeptide beta-1,4-galactosyltransferase, Golgi",Keratan sulfate synthesis,56336;14595;57370;53418,0.0,0.0
RE2640C,N-Acyl-Aliphatic-L-Amino Acid Amidohydrolase,Methionine and cysteine metabolism,109652,-1000.0,-999.999999999995
PCHOLN203_HSABCt,"Transport of 1-Dihomo-Linolenoylglycerophosphocholine (20:3, Delta 8, 11, 14), Lysopc A C20:3","Transport, extracellular",54670;11303;18670;54667;11982,0.0,0.0
EX_docohxeth_e,Exchange of Docosahexaenoyl Ethanolamide,Exchange/demand reaction,,0.0,0.0
HMR_3685,Steryl-Ester Acylhydrolase,Cholesterol metabolism,16889;12613,0.0,0.0
SK_4abut_l,Sink 4abut[l],Exchange/demand reaction,,0.0,0.0
EX_co_e,EX co LPAREN e RPAREN,Exchange/demand reaction,,0.0,0.0
BGAL2l,"Beta-Galactosidase, Lysosomal",Sphingolipid metabolism,12091;50917;14667;18010;19156;19025,0.0,0.0
RPI,Ribose-5-phosphate isomerase,Pentose phosphate pathway,19895,-1000.0,925.3840943563154
FAEL205,Fatty-acyl-CoA elongation (n-C20:5CoA),Fatty acid synthesis,54326;83603;170439;68801,0.0,3.1927053593487167e-12
LCYSTCBOXL,3-Sulfoalanine carboxy-lyase,Taurine and hypotaurine metabolism,14415;246277;14417,0.0,5.286437954055145e-12
HMR_2957,Long-Chain-Fatty-Acid Coenzyme A Ligase,Fatty acid synthesis,171282;26458;216739;50790;328845;74205;14081;94180;171210;433256,0.0,1.3642420526593924e-12
HMR_2635,Carnitine O-Acetyltransferase,"Transport, mitochondrial",12908;12896,-5.777896679622548e-12,5.4569682106375694e-12
HMR_0289,Long-Chain-Fatty-Acid Coenzyme A Ligase,Fatty acid synthesis,26458;216739;50790;328845;74205;14081;94180;433256,0.0,1.1368683772161603e-12
GLCRt1,Transport by Glut-5 Transporter into Extracellular Space,"Transport, extracellular",56485,-36.642214651200646,-36.64221465116813
DESAT18_10,Fatty acyl-CoA desaturase (n-C18:2CoA -> n-C18:3CoA),Fatty acid synthesis,56473,0.0,4.463941411636258e-12
RE0566C,RE0566,Fatty acid synthesis,,0.0,2.3988712251189603e-12
HMR_2692,Carnitine O-Acetyltransferase,"Transport, mitochondrial",12908;12896,0.0,0.0
RE3106C,RE3106,Fatty acid oxidation,,0.0,0.0
PFK,Phosphofructokinase,Glycolysis/gluconeogenesis,18641;18642;56421,0.0,1000.0
NTD2l,"5'-nucleotidase (UMP), lysosome",Pyrimidine catabolism,66659;11433;56318;11432,0.0,1.4779288903810084e-12
HMR_2345,Very-Long-Chain Enoyl Coenzyme A Reductase,Fatty acid synthesis,243078;106529,0.0,0.0
HMR_3112,Enoyl Coenzyme A Hydratase,Fatty acid oxidation,93747;97212,0.0,1.971137131927555e-12
HMR_2361,Very-Long-Chain 3-Oxoacyl Coenzyme A Synthase,Fatty acid synthesis,68801;54326;12686;83603;170439;54325;74559,0.0,1.4779288903810084e-12
LPASE,Lysophospholipase,Glycerophospholipid metabolism,18783,23.54549295545121,23.54549295546542
RE3152C,RE3152,Fatty acid oxidation,,0.0,2.5410784587620583e-12
HMR_1135,HMR 1135,"Transport, peroxisomal",,-1000.0,1000.0
HMR_1635,Alpha-Methylacyl Coenzyme A Racemase,Bile acid synthesis,17117,0.0,0.0
HMR_3432,Enoyl Coenzyme A Hydratase,Fatty acid oxidation,97212;15107;229211;15108;93747;52538;235674;11363;11364;11370;231086,0.0,1.0231815394945443e-12
r0995,Mitochondrial Carrier (MC) TCDB:2.A.29.8.3,"Transport, endoplasmic reticular",57279,-1000.0,1000.0
FAOXC101C102m,"Fatty Acid Beta Oxidation (C10:1->C10:2), Mitochondrial",Fatty acid oxidation,11430;11364,0.0,3.434763584664324e-12
HMR_2624,HMR 2624,"Transport, mitochondrial",207151;171405;434674;20517;236149;236293;319800;57279;214663;30805,-1000.0,1000.0
r1487,EC:6.2.1.3,Fatty acid oxidation,14081;26458;216739;50790;328845;74205;433256,0.0,0.0
DGCHOLtx,Bile acid intracellular transport,"Transport, peroxisomal",,151.57421465117523,151.5742146512068
O2ter,O2  transport  endoplasmic reticulum,"Transport, endoplasmic reticular",,0.0,2.9594104944408173e-12
HMR_0301,Long-Chain-Fatty-Acid Coenzyme A Ligase,Fatty acid synthesis,26458;216739;50790;328845;74205;14081;94180;433256,0.0,0.0
PGDIr,Prostaglandin-H2 D-isomerase [Precursor],Eicosanoid metabolism,54486;19215,-1000.0,1000.0
AIRCr,Phosphoribosylaminoimidazole carboxylase,Purine synthesis,67054,0.0,0.0
TRIDECETH,Formation of C13:0-Ethanolamide,Glycerophospholipid metabolism,18805;18806,0.0,0.0
FACOAL180,Fatty acid  CoA ligase  octadecanoate,Fatty acid oxidation,14081;74205;433256,0.0,0.0
EX_3aib_e,L-3-Amino-isobutanoate exchange,Exchange/demand reaction,,0.0,4.320099833421409e-12
PCHOLPALME_HSABCt,Transport of 1-Palmitoleoylglycerophosphocholine (Delta 9),"Transport, extracellular",54670;11303;18670;54667;11982,0.0,1.1916276492093332e-12
CYTK11,"Cytidylate kinase (dCMP,dGTP)",Nucleotide interconversion,66588,-1000.0,1000.0
HMR_0385,Long-Chain-Fatty-Acid Coenzyme A Ligase,Fatty acid synthesis,26458;216739;50790;328845;74205;14081;94180;433256,0.0,2.3305801732931286e-12
NOS1,"L-Arginine,NADPH:oxygen oxidoreductase (N-(omega)-hydroxyarginine-forming)",Arginine and proline metabolism,18125;18126;18127,0.0,1.8971491044794675e-12
HMR_2693,Carnitine O-Palmitoyltransferase,Fatty acid oxidation,12894;12895;78070,0.0,0.0
EX_glygn2_e,"Glycogen, structure 2 (glycogenin-1,6-{7[1,4-Glc], 4[1,4-Glc]}) exchange",Exchange/demand reaction,,0.0,0.0
PAPtg,"Adenosine 3',5'-bisphosphate Golgi transport","Transport, golgi apparatus",,-3.069544618483633e-12,0.0
AG13T16g,"N-acetyllactosaminide beta-1,3-N-acetylglucosaminyltransferase, Golgi apparatus",Keratan sulfate synthesis,210004;53625;108902;227327;232984;72297;231727,0.0,0.0
FAOXC102x,"Isomerization (C10:2), Peroxisomal",Fatty acid oxidation,23986;74147,0.0,9.259792932425625e-13
HMR_6978,Signal Peptidase I,Lysine metabolism,69019;56529;66624;66286;76687,0.0,0.0
HMR_3421,Enoyl Coenzyme A Hydratase,Fatty acid oxidation,97212;15107;229211;15108;93747;52538;235674;11363;11364;11370;231086,0.0,7.812454138927877e-13
NTP3e,Nucleoside-triphosphatase (GTP),Nucleotide interconversion,76025;215446;72090;12495,0.0,1.1368683772161603e-12
r1797,Y+LAT2 Utilized transport,"Transport, extracellular",330836,0.0,1000.0
ALAt2r,L alanine reversible transport via proton symport,"Transport, extracellular",215335;246049,-1000.0,1000.0
HMR_0598,Phosphatidate Phosphatase,Glycerophospholipid metabolism,64898;64899;381925;19012;216152;14245;67916;229791;235044;71910;50784,0.0,0.0
HMR_3427,Enoyl Coenzyme A Hydratase,Fatty acid oxidation,97212;15107;229211;15108;93747;52538;235674;11363;11364;11370;231086,0.0,0.0
NTD8,5'-nucleotidase (dGMP),Nucleotide interconversion,230718;70881;23959;76952;50773;107569,0.0,2.0676793610618915e-12
HMR_3715,Steryl-Ester Acylhydrolase,Cholesterol metabolism,16889;12613,0.0,1.9326762412674725e-12
HMR_3180,3-Hydroxyacyl Coenzyme A Dehydrogenase,Fatty acid oxidation,15108;97212;15107,0.0,1.1368683772161603e-12
HMR_2435,Very-Long-Chain (3R)-3-Hydroxyacyl Coenzyme A Dehydratase,Fatty acid synthesis,67044;70757;57874;30963;66775,0.0,1.0437911580648894e-12
IMPD,IMP dehydrogenase,Nucleotide interconversion,23917;23918,0.0,0.0
HMR_3076,3-Hydroxyacyl Coenzyme A Dehydrogenase,Fatty acid oxidation,74147;15488,0.0,1.3799622520665102e-12
EX_deoxfvs_e,Exchange reaction for deoxy-fluvastatin-dinor in hepatic vein,Exchange/demand reaction,,99.99999999999648,100.0
CYTK1m,"Cytidylate kinase (CMP),mitochondrial",Nucleotide interconversion,22169,0.0,3.637978807091713e-12
HMR_2530,Very-Long-Chain 3-Oxoacyl Coenzyme A Synthase,Fatty acid synthesis,68801;54326;12686;83603;170439;54325;74559,0.0,8.86757334228605e-12
ADK1,Adenylate kinase,Nucleotide interconversion,11636;11637;229949;78801,-88.50876175054702,1000.0
LNLCCRNt,Transport into the mitochondria (carnitine),Fatty acid oxidation,57279,-1000.0,1000.0000000000048
HMR_2533,Very-Long-Chain 3-Oxoacyl Coenzyme A Reductase,Fatty acid synthesis,56348,0.0,0.0
FACOAL1812,Fatty-acid--CoA ligase,Fatty acid synthesis,26458;216739;50790;328845;74205;14081;94180;433256,0.0,1.1368683772161603e-12
r2084,Major Facilitator(MFS) TCDB:2.A.1.13.1,"Transport, extracellular",20501,-1000.0,1000.0
TKT1,Transketolase,Pentose phosphate pathway,74419;21881;83553,-37.3079528218484,-37.307952821838285
HMR_3231,Enoyl Coenzyme A Hydratase,Fatty acid oxidation,93747;97212,-3.75877107217093e-12,2.05595540592185e-11
CYANt,Cyanide transport via diffusion (extracellular to cytosol),"Transport, extracellular",,0.0,3.9335645851679146e-11
PSFLIPm,Phosphatidylserine flippase,"Transport, mitochondrial",11980;11982,0.0,0.0
RE1533M,Acetyl Coenzyme A C-Acyltransferase,Fatty acid oxidation,52538;97212;231086,-5.9401372709544376e-12,3.670291583884613e-12
NDP7g,"Nucleoside-diphosphatase (UDP), Golgi apparatus",Nucleotide interconversion,67464;100862375,0.0,1.1368683772161603e-12
HMR_2688,HMR 2688,"Transport, mitochondrial",207151;171405;434674;20517;236149;236293;319800;57279;214663;30805,0.0,0.0
RE3244C,RE3244,Fatty acid synthesis,,0.0,1.8006068753451306e-12
HMR_3740,Steryl-Ester Acylhydrolase,Cholesterol metabolism,16889;12613,0.0,1.5916157281026244e-12
r0797,Glycine N-choloyltransferase EC:2.3.1.65,Bile acid synthesis,12012,-151.57421465120547,-151.57421465117244
HMR_2608,Carnitine O-Palmitoyltransferase,Fatty acid oxidation,12894;12895;78070,-1000.0,1000.0000000000045
HMR_3652,Acyl Coenzyme A:Cholesterol O-Acyltransferase,Cholesterol metabolism,223920;20652,0.0,1.5916157281026244e-12
HMR_2542,Very-Long-Chain (3R)-3-Hydroxyacyl Coenzyme A Dehydratase,Fatty acid synthesis,67044;70757;57874;30963;66775,0.0,1.1368683772161603e-12
r1767,Y+LAT2 Utilized transport,"Transport, extracellular",330836,0.0,1000.0
FACOAL140,Fatty acid  CoA ligase  tetradecanoate,Fatty acid oxidation,74205,0.0,1.7053025658242404e-12
GDHm,"Glutamate dehydrogenase, mitochondria",Glutamate metabolism,14661,-1000.0,283.40154683310595
HMR_2956,Long-Chain-Fatty-Acid Coenzyme A Ligase,Fatty acid synthesis,26458;216739;50790;328845;74205;14081;94180;433256,0.0,1.7053025658242404e-12
C161CRNt,C161 transport into the mitochondria,Fatty acid oxidation,57279,-1000.0,1000.0
CVM1GLUChc,Glucuronidation of cerivastatin-M1,Drug metabolism,394436;22236,0.0,0.0
HMR_0310,Palmitoyl Coenzyme A Hydrolase,Fatty acid oxidation,171210;12012;171281;217700;171282;70025,0.0,0.0
GNDc,Phosphogluconate Dehydrogenase,Pentose phosphate pathway,110208,0.0,2.7284841053187843e-12
SEBACIDTD,Transport of sebacic acid into cytosol (diffusion),Fatty acid oxidation,,0.0,0.0
HMR_2943,Long-Chain-Fatty-Acid Coenzyme A Ligase,Fatty acid synthesis,26458;216739;50790;328845;74205;14081;94180;433256,0.0,0.0
HEXAHBl,Hexosaminidase A;Lysosomal Or Hexosaminidase B;Lysosomal,Sphingolipid metabolism,15211;15212;14667,0.0,0.0
r0181,ITP Diphosphohydrolase,Purine catabolism,215446;72090;12495,-100.0,-99.99999999999852
3DSPHR,3 Dehydrosphinganine reductase,Sphingolipid metabolism,70750,0.0,0.0
ALASm,5 aminolevulinate synthase,"Glycine, serine, alanine, and threonine metabolism",11655;11656;26912,0.0,1000.0
RE3224C,RE3224,Fatty acid synthesis,54326;83603;170439;68801,0.0,1.6762120820130535e-12
PROD2m,Proline dehydrogenase (m),Arginine and proline metabolism,19125,0.0,2.9245939003885724e-11
HMR_3682,Acyl Coenzyme A:Cholesterol O-Acyltransferase,Cholesterol metabolism,223920;20652,0.0,0.0
CHOLPtl,Choline phosphate intracellular transport,"Transport, lysosomal",,0.0,0.0
HMR_0206,Palmitoyl Coenzyme A Hydrolase,Fatty acid oxidation,171210;12012;171281;217700;171282;70025,0.0,0.0
MCCCrm,"Methylcrotonoyl-CoA carboxylase, mitochondrial","Valine, leucine, and isoleucine metabolism",78038;72039,0.0,0.0
RE3177M,3-Hydroxyacyl Coenzyme A Dehydrogenase,Fatty acid oxidation,97212;15107;74147;15108;231086;15488,0.0,0.0
ALCD21_D,"Alcohol dehydrogenase (D-1,2-propanediol)",Pyruvate metabolism,26876;11532;76187;225791;100417514;11522;11529,0.0,1000.0
PGM,Phosphoglycerate mutase,Glycolysis/gluconeogenesis,56012;12183;18648,-1000.0,-1000.0
UMPK3,UMP kinase (UTP),Nucleotide interconversion,66588,-1000.0,1000.0
EX_tetdecaeth_e,"Exchange of C14:0-Ethanolamide, Tetradecanoyl Ethanolamide",Exchange/demand reaction,,0.0,0.0
HMR_3728,Steryl-Ester Acylhydrolase,Cholesterol metabolism,16889;12613,0.0,0.0
PENDECAETH,Formation of Pentadecanoyl Thanolamide (C15:0),Glycerophospholipid metabolism,18805;18806,0.0,0.0
ASPTA,Aspartate transaminase,Alanine and aspartate metabolism,14718,-1000.0,-999.9999999999692
RE1525M,3-Hydroxyacyl Coenzyme A Dehydrogenase,Fatty acid oxidation,74147;15108;15107;15488,0.0,7.0746371723847306e-12
LYStm,Lysine mitochondrial transport via ornithine carrier,"Transport, mitochondrial",18408;83885,0.0,1.1368683772161603e-12
HMR_2986,Long-Chain-Fatty-Acid Coenzyme A Ligase,Fatty acid synthesis,26458;216739;50790;328845;74205;14081;94180;433256,0.0,0.0
HMR_7720,HMR 7720,"Transport, lysosomal",,0.0,1.0231815394945443e-12
HMR_1331,HMR 1331,"Transport, endoplasmic reticular",,-1000.0,1000.0
r2127,Major Facilitator(MFS) TCDB:2.A.1.13.1,"Transport, extracellular",20501,-1000.0,1000.0
HMR_2715,HMR 2715,"Transport, mitochondrial",207151;171405;434674;20517;236149;236293;319800;57279;214663;30805,-1000.0,1000.0
SUBERICACT,Activation of suberic acid for formation of suberyl carnitine,Fatty acid oxidation,,0.0,1.0338396805309458e-12
UDPGD,UDPglucose 6-dehydrogenase,Starch and sucrose metabolism,22235,0.0,0.0
PI345P5P,"Phosphatidylinositol-3,4,5-trisphosphate 5-phosphatase",Inositol phosphate metabolism,104015;20975;170835;64436;16330;16331;16332;212111,0.0,0.0
r2109,Major Facilitator(MFS) TCDB:2.A.1.13.1,"Transport, extracellular",20501,-1000.0,1000.0
ABUTt2rL,4-aminobutyrate reversible transport in via proton symport (lysosome),"Transport, lysosomal",215335,0.0,0.0
CARN1819Zt_m,(9Z)-octadecenoyl-l-carnitine:carnitine antiport (Cytosol to mitochondira),"Transport, mitochondrial",57279,-1000.0,1000.0
HMR_0380,HMR 0380,"Transport, extracellular",26457;12491;75497;14077;11770;14080;16592;26568;16204;26569;21884;12140;225579,0.0,9.094947017729282e-13
THYMDt1,Thymd transport,"Transport, extracellular",13340;63959,0.0,994.8900763683044
r0688,"3Alpha, 7Alpha-Dihydroxy-5Beta-Cholestan-26-Al:NAD+ Oxidoreductase Bile Acid Biosynthesis",Bile acid synthesis,11669;72535;110695;11671;56752,-909.948023249186,1000.0
RE3243C,RE3243,Fatty acid synthesis,,0.0,4.39559499909592e-12
HMR_2289,Stearoyl Coenzyme A 9-Desaturase,Fatty acid synthesis,20249,0.0,4.52936887086288e-12
HMR_3447,Dodecenoyl Coenzyme A Isomerase,Fatty acid synthesis,23986;51798;13177,0.0,8.320455435750773e-12
AHEXASE2ly,"Beta-N-acetylhexosaminidase, lysosomal",N-glycan degradation,15211;15212,0.0,0.0
SERHL,L-Serine hydro-lyase,"Glycine, serine, alanine, and threonine metabolism",231691,0.0,1.1368683772161603e-12
DGTPtn,DGTP diffusion in nucleus,"Transport, nuclear",,1.7005857421638721,1.7005857421638721
HMR_0327,Long-Chain-Fatty-Acid Coenzyme A Ligase,Fatty acid synthesis,26458;216739;50790;328845;74205;14081;94180;433256,0.0,0.0
HMR_2190,Very-Long-Chain 3-Oxoacyl Coenzyme A Synthase,Fatty acid synthesis,68801;54326;12686;83603;170439;54325;74559,0.0,2.5058608018774153e-12
PCHOLLINL_HSABCt,"Transport of 1-Linoleoylglycerophosphocholine (Delta 9, 12)","Transport, extracellular",54670;11303;18670;54667;11982,0.0,1.2505552149377763e-12
r0361,Glycolysis / Glyconeogenesis EC:2.7.1.1,Fructose and mannose metabolism,212032;15275;15277,0.0,0.0
PIt8,Phosphate transport in/out via Na+ symporter,"Transport, extracellular",20516;20515,-1000.0,1000.0
RE3346C,Aldehyde Dehydrogenase (NAD+),Bile acid synthesis,11670;56752,-1000.0,1000.0
S6T3g,"Galactose/N-acetylglucosamine 6-O-sulfotransferase, Golgi apparatus",Keratan sulfate synthesis,53374;76969,0.0,0.0
PPAm,Inorganic diphosphatase,Oxidative phosphorylation,74776,0.0,0.0
RSVtu,Uptake of rosuvastatin by enterocytes,Drug metabolism,101488;108096,-1000.0,1000.0
ADSS,Adenylosuccinate synthase,Nucleotide interconversion,11565;11566,0.0,0.0
HMR_3655,Acyl Coenzyme A:Cholesterol O-Acyltransferase,Cholesterol metabolism,223920;20652,0.0,0.0
PRASCSi,Phosphoribosylaminoimidazolesuccinocarboxamide synthase,Purine synthesis,67054,0.0,1.2192866589070839e-12
r2219,Resistance-Nodulation-Cell Division (RND) TCDB:2.A.60.1.5,"Transport, extracellular",101488,0.0,1000.0
HMR_2703,HMR 2703,"Transport, mitochondrial",207151;171405;434674;20517;236149;236293;319800;57279;214663;30805,-3.176126028847648e-12,0.0
RE3268R_1,"Phosphatidylinositol-3,4,5-Trisphosphate 3-Phosphatase",Phosphatidylinositol phosphate metabolism,234129,0.0,0.0
HMR_3423,Enoyl Coenzyme A Hydratase,Fatty acid oxidation,97212;15107;229211;15108;93747;52538;235674;11363;11364;11370;231086,0.0,0.0
HMR_4124,UDP-D-Glucuronate Carboxy-Lyase (UDP-D-Xylose-Forming),Aminosugar metabolism,67883,0.0,2.7284841053187847e-12
SMS14,"Sphingomyelin Synthase, Formation of Sm (D18:0/24:0)",Glycerophospholipid metabolism,74442;208449,0.0,5.1447734961129754e-12
ENGASE2ly,"Endo-beta-N-acetylglucosaminidase, lysosomal",N-glycan degradation,,0.0,0.0
HMR_3656,Acyl Coenzyme A:Cholesterol O-Acyltransferase,Cholesterol metabolism,223920;20652,0.0,0.0
HMR_0234,Palmitoyl Coenzyme A Hydrolase,Fatty acid oxidation,171210;12012;171281;217700;171282;70025,0.0,0.0
HMR_2977,Long-Chain-Fatty-Acid Coenzyme A Ligase,Fatty acid synthesis,26458;216739;50790;328845;74205;14081;94180;433256,0.0,0.0
SARDHm,Sarcosine dehydrogenase (m),Urea cycle,192166,0.0,1.4213075161251254e-12
r1810,Y+LAT2 Utilized transport,"Transport, extracellular",330836,0.0,1000.0
PFK26,6 phosphofructo 2 kinase,Fructose and mannose metabolism,18640;270198;18639;170768,0.0,0.0
r2199,Resistance-Nodulation-Cell Division (RND) TCDB:2.A.60.1.5,"Transport, extracellular",101488,-1000.0,1000.0
CITRtm,"Citrulline transport via diffusion, mitochondria","Transport, mitochondrial",18408;83885,-1000.0,1000.0
UMPK4n,"UMP kinase (GTP),nuclear",Nucleotide interconversion,66588,-1000.0,1000.0
FAOXC181C181OHm,"Fatty Acid Beta Oxidation (C18:1->C18:1Oh), Mitochondrial",Fatty acid oxidation,11370;97212,0.0,2.955350250236474e-12
PI4PLC,Phosphatidylinositol 4-phosphate phospholipase C,Inositol phosphate metabolism,227120;72469;18795;74055;18796;18797;234779;18798;114875;18799;269437;18802;18803;269615;433022,0.0,3.952838056875407e-12
PMI12346PS,5 diphosphoinositol 1 2 3 4 6 pentakisphosphate synthase,Inositol phosphate metabolism,76500;327655;27399;227399;271424,0.0,0.0
r2119,Major Facilitator(MFS) TCDB:2.A.1.13.1,"Transport, extracellular",20501,-1000.0,1000.0
r1168,EC:2.3.1.26,Miscellaneous,223920;20652,0.0,1.5120349416974932e-11
EICOSTETCRNt,Transport into the mitochondria (carnitine),Fatty acid oxidation,57279,-1000.0,1000.0
HMR_3204,3-Hydroxyacyl Coenzyme A Dehydrogenase,Fatty acid oxidation,15108;97212;15107,0.0,1.3511089193666214e-12
r0408,ATP:Sedoheptulose 7-phosphate 1-phosphotransferase EC:2.7.1.11,Miscellaneous,18641,-1000.0,1000.0
HMR_2695,HMR 2695,"Transport, mitochondrial",207151;171405;434674;20517;236149;236293;319800;57279;214663;30805,0.0,0.0
FAOXC2252053m,Beta oxidation of long chain fatty acid,Fatty acid oxidation,11409;11364,0.0,0.0
NTD9,5'-nucleotidase (GMP),Nucleotide interconversion,230718;107569;70881;76952;23959,0.0,1.0231815394945443e-12
AMANK,N-acetyl-D-mannosamine kinase,Aminosugar metabolism,56174;50798,0.0,0.0
HMR_2677,Carnitine O-Acetyltransferase,"Transport, mitochondrial",12908;12896,0.0,0.0
PHEACGLYtm,"Transport of Phenylacetylglycine, Mitochondrial","Transport, mitochondrial",,0.0,0.0
CYOR_u10mi,CYOR u10mi,Oxidative phosphorylation,66694;66152;67003;22272;67530;66576;22273;17711;66594;66445,135.06799999999998,135.06800000000976
5AOPtm,5 Aminolevulinate mitochondrial transport,Heme synthesis,,0.0,0.0
PVSOATPtu,Uptake of pravastatin by enterocytes,Drug metabolism,101488,-1000.0,1000.0
RE3193M,Enoyl Coenzyme A Hydratase,Fatty acid oxidation,74147;93747;97212;231086,0.0,0.0
NDPK3,Nucleoside-diphosphate kinase (ATP:CDP),Nucleotide interconversion,18103;54369;18102;79059;171567,-1000.0,1000.0
HMR_2699,Carnitine O-Palmitoyltransferase,Fatty acid oxidation,12894;12895;78070,-2.3874235921539366e-12,0.0
HMR_3232,3-Hydroxyacyl Coenzyme A Dehydrogenase,Fatty acid oxidation,15108;97212;15107,0.0,6.728673206129498e-12
r2497,ATP-binding Cassette (ABC) TCDB:3.A.1.203.3,"Transport, peroxisomal",11666,0.0,0.0
DGNSKm,Deoxyguanosine kinase,Nucleotide interconversion,27369,0.0,1.9633652036469674e-12
FBP26,Fructose 2 6 bisphosphate 2 phosphatase,Fructose and mannose metabolism,270198;170768;18639;14120;18640;14121,0.0,0.0
HMR_2359,HMR 2359,Fatty acid synthesis,60527;76267;56473,0.0,0.0
CYTK11n,"Cytidylate kinase (dCMP,dGTP),nuclear",Nucleotide interconversion,66588,-1000.0,1000.0
RE3301C_1,Phospholipase D,Glycerophospholipid metabolism,18806,0.0,5.508090352399034
OLEETH,Formation of Oleoyl Ethanolamide,Glycerophospholipid metabolism,18805;18806,0.0,0.0
HMR_1735,Cholesterol 24-Hydroxylase,Bile acid synthesis,13116,0.0,0.0
HMR_2727,HMR 2727,"Transport, mitochondrial",207151;171405;434674;20517;236149;236293;319800;57279;214663;30805,-1000.0,1000.0
HMR_3183,Enoyl Coenzyme A Hydratase,Fatty acid oxidation,93747;97212,0.0,1.1177725411926076e-12
RE1516M,RE1516M,Fatty acid oxidation,11363;11430,0.0,3.134914550173562e-12
r1792,Y+LAT2 Utilized transport,"Transport, extracellular",330836,0.0,1000.0
HMR_0354,Palmitoyl Coenzyme A Hydrolase,Fatty acid oxidation,171210;12012;171281;217700;171282;70025,0.0,0.0
RE3015R,Leukotriene-B4 20-Monooxygenase,Eicosanoid metabolism,320997;170716;72054,0.0,3.367972567502875e-12
HMR_3718,Steryl-Ester Acylhydrolase,Cholesterol metabolism,16889;12613,0.0,0.0
EX_glcr_e,D-Glucarate exchange,Exchange/demand reaction,,36.642214651175294,36.64221465122443
DLNLCGCPT1,Carnitine O-palmitoyltransferase,Fatty acid oxidation,12894;12895;78070,-1000.000000000002,1000.000000000003
r2128,Major Facilitator(MFS) TCDB:2.A.1.13.1,"Transport, extracellular",20501,-1000.0,1000.0
GLUPRT,Glutamine phosphoribosyldiphosphate amidotransferase,Purine synthesis,231327,0.0,0.0
RE3005M,3-Hydroxyacyl Coenzyme A Dehydrogenase,Fatty acid oxidation,74147;15108;15107;15488,0.0,0.0
PCHOLHEP_HSABCt,Transport of 1-Heptadecanoylglycerophosphocholine,"Transport, extracellular",54670;11303;18670;54667;11982,0.0,0.0
HMR_3222,Medium-Chain Acyl Coenzyme A Dehydrogenase,Fatty acid oxidation,229211;11370;11363;11364,0.0,0.0
PE203_HSABCt,"1-Eicosatrienoylglycerophosphoethanolamine (Delta 11, 14, 17), Lpe (20:3)","Transport, extracellular",320940;50770,0.0,0.0
OCD11COACPT1_1,Transport of 11-Octadecenoyl Carnitine into the Mitochondrial Matrix,Fatty acid oxidation,12894;12895;78070,0.0,2.494595783802821e-12
EX_HC01700_e,Exchange of gamma-Glutamyl-3-aminopropiononitrile,Exchange/demand reaction,,0.0,4.320099833421409e-12
FE2utm,Iron  II  uptake  mitochondrial,"Transport, mitochondrial",246696;67712,0.0,0.0
SIAASE3ly,"Sialidase, lysosomal",Keratan sulfate degradation,18010;12091;50917;19025,0.0,0.0
ORNt3m,Ornithine mitochondrial transport via proton antiport,"Transport, mitochondrial",18408;83885,-1000.0,1000.0
q10tm,Transport of ubiquinone into mitochondria,"Transport, mitochondrial",,-1000.0,1000.0
HMR_0809,HMR 0809,Glycosphingolipid metabolism,,0.0,0.0
HMR_2676,HMR 2676,"Transport, mitochondrial",207151;171405;434674;20517;236149;236293;319800;57279;214663;30805,-1.1368683772161603e-12,2.7284841053187847e-12
HMR_3719,Steryl-Ester Acylhydrolase,Cholesterol metabolism,16889;12613,0.0,0.0
HMR_1754,Cholate Coenzyme A Ligase,Bile acid synthesis,26459;26458,0.0,8.894773529309656e-13
HMR_2685,HMR 2685,"Transport, mitochondrial",207151;171405;434674;20517;236149;236293;319800;57279;214663;30805,-2.1600499167107046e-12,0.0
RE1517M,RE1517M,Fatty acid oxidation,11363;11430,0.0,3.4511060675868065e-12
APRTO2,N acetylputrescine oxygen oxireductase  deaminating,Arginine and proline metabolism,17161;109731,0.0,0.0
RE3232C,RE3232,Fatty acid synthesis,,0.0,0.0
HMR_0278,HMR 0278,"Transport, extracellular",26457;12491;75497;14077;11770;14080;16592;26568;16204;26569;21884;12140;225579,0.0,0.0
r2514m,"Transport of Hexadecenoate (N-C16:1) via Carnitine Antiport, Mitochondrial","Transport, mitochondrial",,0.0,0.0
HMR_0437,Long-Chain-Fatty-Acid Coenzyme A Ligase,Fatty acid synthesis,26458;216739;50790;328845;74205;14081;94180;433256,0.0,0.0
r1893,Y+LAT2 Utilized transport,"Transport, extracellular",330836,0.0,1000.0
PItg,"Phosphate transport, Golgi apparatus","Transport, golgi apparatus",,0.0,0.0
GTHOm,Glutathione oxidoreductase,Glutamate metabolism,14782,0.0,1000.0
r2131,Major Facilitator(MFS) TCDB:2.A.1.13.1,"Transport, extracellular",20501,-1000.0,1000.0
PPNCL2,Phosphopantothenate-cysteine ligase,CoA synthesis,106564,0.0,0.0
SMS8,"Sphingomyelin Synthase, Formation of Sm (D18:1/20:1)",Glycerophospholipid metabolism,74442;208449,0.0,2.0370372055822372e-12
r0311,Palmitate:CoA ligase (AMP-forming) Fatty acid metabolism EC:6.2.1.3,Fatty acid oxidation,14081;26458;216739;50790;328845;74205;433256,0.0,0.0
IPDDIx,Isopentenyl-diphosphate D-isomerase,Cholesterol metabolism,319554;320581,0.0,0.0
ST8SIA52g,"Beta-galactoside alpha-2,3-sialyltransferase",Sphingolipid metabolism,225742,0.0,0.0
CLPNDCRNt,Transport into the mitochondria (carnitine),Fatty acid oxidation,57279,-1000.0,1000.0
GNDer,"Phosphogluconate dehydrogenase, endoplasmic reticulum",Pentose phosphate pathway,110208,0.0,2.8008311569144845e-12
DRPA,Deoxyribose-phosphate aldolase,Pentose phosphate pathway,232449,595.3254052985806,595.3254052986184
RE3476C,Carbonyl Reductase (NADPH),Arachidonic acid metabolism,109857;12408,0.0,0.0
GLCtly,Glucose efflux from lysosome,"Transport, lysosomal",,0.0,5.041300710217911e-12
HMR_2768,Carnitine O-Palmitoyltransferase,Fatty acid oxidation,12894;12895;78070,0.0,0.0
HMR_3699,Steryl-Ester Acylhydrolase,Cholesterol metabolism,16889;12613,0.0,0.0
HMR_3729,Steryl-Ester Acylhydrolase,Cholesterol metabolism,16889;12613,0.0,0.0
FTHFDH,10-formyltetrahydrofolate:NADP+ oxidoreductase,Folate metabolism,216188;107747,0.0,2.247211375631557e-12
GDR,Glutathione-disulfide reductase,Glutathione metabolism,14782,-1000.0,1000.0
SIAASE4ly,"Sialidase, lysosomal",Keratan sulfate degradation,18010;12091;50917;19025,0.0,0.0
ALDD20xm,Aldehyde dehydrogenase  indole 3 acetaldehyde  NAD   mitochondrial,Tryptophan metabolism,72535;212647;11669,0.0,9.85433956657289e-13
HMR_2982,Long-Chain-Fatty-Acid Coenzyme A Ligase,Fatty acid synthesis,26458;216739;50790;328845;74205;14081;94180;433256,0.0,0.0
HMR_3237,Acetyl Coenzyme A C-Acyltransferase,Fatty acid oxidation,52538;97212;231086,0.0,6.958077003674902e-12
NACHEX24ly,"Beta-N-acetylhexosaminidase, lysosomal",Keratan sulfate degradation,15211;15212,0.0,0.0
S3T1g,Heparin-glucosamine 3-O-sulfotransferase,Chondroitin synthesis,319415;15476;628779,0.0,0.0
HMR_2380,HMR 2380,Fatty acid synthesis,60527;76267;56473,0.0,0.0
HMR_0267,Long-Chain-Fatty-Acid Coenzyme A Ligase,Fatty acid synthesis,26458;216739;50790;328845;74205;14081;94180;433256,0.0,0.0
SCPx,Peroxisomal thiolase 2,Bile acid synthesis,20280,0.0,0.0
ATVLACThc,Uptake of atorvastatin-lactone into hepatocytes,Drug metabolism,101488,-1000.0,1000.0
NDPK6,Nucleoside-diphosphate kinase (ATP:dUDP),Nucleotide interconversion,18103;54369;18102;79059;171567,-1000.0,-88.07614153443637
ACNAM9PL,N-Acetylneuraminate 9-phosphate pyruvate-lyase (pyruvate-phosphorylating),Aminosugar metabolism,94181,0.0,0.0
r2092,Major Facilitator(MFS) TCDB:2.A.1.13.1,"Transport, extracellular",20501,-1000.0,1000.0
EX_peplys_e,Peptidyl-L-lysine exchange,Exchange/demand reaction,,0.0,0.0
HMR_2962,Long-Chain-Fatty-Acid Coenzyme A Ligase,Fatty acid synthesis,26458;216739;50790;328845;74205;14081;94180;433256,0.0,0.0
ACSm,Acetyl CoA synthetase,Glycolysis/gluconeogenesis,68738,0.0,3.069544618483633e-12
HMR_3721,Steryl-Ester Acylhydrolase,Cholesterol metabolism,16889;12613,0.0,0.0
ACOAD1fm,"Acyl-CoA dehydrogenase (butanoyl-CoA), mitochondrial",Butanoate metabolism,102632;229211;11364;66948;66885;11409,0.0,1.2505552149377763e-12
XYLTer,"UDP-xylose:protein xylosyltransferase, endoplasmic reticulum",Chondroitin synthesis,233781;217119,0.0,0.0
r2123,Major Facilitator(MFS) TCDB:2.A.1.13.1,"Transport, extracellular",20501,-1000.0,1000.0
GCALDDm,"Glycolaldehyde dehydrogenase, mitochondrial",Glyoxylate and dicarboxylate metabolism,212647;214579;11669;104776;72535;56454,0.0,0.0
HMBS,Hydroxymethylbilane synthase,Heme synthesis,15288,0.0,0.0
EX_oxa_e,Oxalate exchange,Exchange/demand reaction,,0.0,1.7337242752546445e-12
HMR_3727,Steryl-Ester Acylhydrolase,Cholesterol metabolism,16889;12613,0.0,0.0
HMR_2701,Carnitine O-Acetyltransferase,"Transport, mitochondrial",12908;12896,0.0,0.0
PMI12346PHn,"5-diphosphoinositol-1,2,3,4,6-pentakisphosphate diphosphohydrolase, nuclear",Inositol phosphate metabolism,27399;76500;271424,0.0,0.0
HMR_3701,Steryl-Ester Acylhydrolase,Cholesterol metabolism,16889;12613,0.0,0.0
FATP1t,Fatty acid electroneutral transport,"Transport, extracellular",26568;26569;26457,-1000.0,1000.0
CTPS2,CTP synthase (glutamine),Pyrimidine synthesis,55936;51797,0.0,1.4779288903810084e-12
RE3010M,Carbonyl Reductase (NADPH),Eicosanoid metabolism,28200,-1000.0,0.0
r1668,Y+LAT2 Utilized transport,"Transport, extracellular",330836,-1000.0,1000.0
HMR_2974,Long-Chain-Fatty-Acid Coenzyme A Ligase,Fatty acid synthesis,26458;216739;50790;328845;74205;14081;94180;433256,0.0,0.0
HMR_1758,HMR 1758,"Transport, peroxisomal",,0.0,0.0
S6TASE25ly,"Galactose-6-sulfate sulfatase, lysosomal",Keratan sulfate degradation,18010;12091;50917;19025,0.0,0.0
ADRNCPT2,Carnitine transferase,Fatty acid oxidation,12896,0.0,1.7170889385410091e-12
TTDCRNt,Transport into the mitochondria (carnitine),Fatty acid oxidation,57279,-1000.0,1000.0
r0310,Palmitoyl Coenzyme A:Oxygen 2-Oxidoreductase,Fatty acid oxidation,11363;80911;11364;11370;11430,0.0,1.4011902749189176e-11
RE3114R,Long-Chain-Fatty-Acid- Coenzyme A Ligase,Fatty acid oxidation,14081;26458;216739;50790;74205;433256,0.0,0.0
ATP2ter,"AMP/ATP transporter, endoplasmic reticulum","Transport, endoplasmic reticular",,0.0,0.0
MLTG1ly,"Maltodextrin glucosidase (maltotriose), lysosome",Starch and sucrose metabolism,14387,0.0,1.9326762412674725e-12
r1830,Y+LAT2 Utilized transport,"Transport, extracellular",330836,0.0,1000.0
HMR_3199,Enoyl Coenzyme A Hydratase,Fatty acid oxidation,93747;97212,0.0,1.7834622667578515e-12
EX_octa_e,Octanoate (n-C8:0) exchange,Exchange/demand reaction,,0.0,0.0
ACOAD9m,"2-methylacyl-coa dehydrogenase, 2-Methylprop-2-enoyl-CoA forming","Valine, leucine, and isoleucine metabolism",66948;11364,18.787547154904438,18.787547154969232
HMR_2886,Carnitine O-Acetyltransferase,"Transport, endoplasmic reticular",12908,0.0,2.001898231233288e-12
GALt1r,Galactose transport (uniport),"Transport, extracellular",20525;20526;20527;170441;56017,-1000.0,1000.0
r0830,Mitochondrial Carrier (MC) TCDB:2.A.29.2.2,"Transport, mitochondrial",27376,-1000.0,1000.0
FBA,Fructose-bisphosphate aldolase,Glycolysis/gluconeogenesis,230163;11676;11674,0.0,1000.0
LPS,Lipase,Triacylglycerol synthesis,16956;15450;116939;12613,0.0,0.0
HMR_0395,HMR 0395,"Transport, extracellular",11303,0.0,1.2626802329102165e-12
GALTg,"UDP-D-galactose:D-xylose galactosyltransferase, Golgi apparatus",Chondroitin synthesis,218271,0.0,0.0
HMR_3221,Acetyl Coenzyme A C-Acyltransferase,Fatty acid oxidation,52538;97212;231086,0.0,2.8421709430404007e-12
r0364,Glycolysis / Glyconeogenesis EC:2.7.1.1,Aminosugar metabolism,212032;15275;15277,0.0,2.1884716261411086e-12
HMR_3698,Steryl-Ester Acylhydrolase,Cholesterol metabolism,16889;12613,0.0,0.0
RE0568C,RE0568,Fatty acid synthesis,67115,0.0,2.921662911603562e-12
FACOAE120,Fatty-acid-CoA thioesterase (dodecanoate),Fatty acid oxidation,171210;12012;171281;217700;171282;70025,0.0,0.0
HMR_3707,Steryl-Ester Acylhydrolase,Cholesterol metabolism,16889;12613,0.0,0.0
HMR_3202,2-Methyl-Branched-Chain-Enoyl Coenzyme A Reductase,Fatty acid oxidation,66885,0.0,1.7883193838477046e-12
UMPK7,UMP kinase (dGTP),Nucleotide interconversion,66588,-1000.0,1000.0
RE2624M,Alpha-Methylacyl Coenzyme A Racemase,Fatty acid oxidation,17117,0.0,0.0
ASPDt6,"D-aspartate transport via Na, H symport and K antiport","Transport, extracellular",20513;20510;20511;242607;20512,0.0,1000.0
HMR_2772,HMR 2772,"Transport, mitochondrial",207151;171405;434674;20517;236149;236293;319800;57279;214663;30805,0.0,0.0
STRDNCCPT2,Carnitine transferase,Fatty acid oxidation,12896,-3.353609249245736e-12,0.0
DGK2m,Deoxyguanylate kinase (dGMP:dATP) (mitochondrial),Nucleotide interconversion,,0.0,1.8189894035458565e-12
RE1534M,Acetyl Coenzyme A C-Acyltransferase,Fatty acid oxidation,52538;97212;231086,0.0,-1.603694954610546e-12
G14T18g,"Beta-N-acetylglucosaminylglycopeptide beta-1,4-galactosyltransferase, Golgi",Keratan sulfate synthesis,56336;14595;57370;53418,0.0,0.0
GLYCTO1,Glycolate oxidase,"Glycine, serine, alanine, and threonine metabolism",15112;56185,0.0,5.4285465012071654e-12
r1177,EC:3.1.1.13,Miscellaneous,16889;12613,0.0,1000.0
FVSitx,FVSitx,Drug metabolism,,99.99999999999562,100.0
HMR_0828,Beta-N-Acetylhexosaminidase,Glycosphingolipid metabolism,15211;238023;15212,0.0,0.0
PCHOL2OLE_HSABCt,Transport of 2-Oleoylglycerophosphocholine,"Transport, extracellular",54670;11303;18670;54667;11982,0.0,0.0
HMR_2972,Long-Chain-Fatty-Acid Coenzyme A Ligase,Fatty acid synthesis,26458;216739;50790;328845;74205;14081;94180;433256,0.0,0.0
MI3PP,1D-myo-Inositol 3-phosphate phosphohydrolase,Inositol phosphate metabolism,114663;55980,0.0,4.005774558353955
HMR_2657,Carnitine O-Palmitoyltransferase,Fatty acid oxidation,12894;12895;78070,0.0,3.495870259939693e-12
EX_n2m2nmasn_e,"N-Acetyl-beta-D-glucosaminyl-1,2-alpha-D-mannosyl-1,3-(N-acetyl-beta-D-glucosaminyl-1,2-alpha-D-mannosyl-1,6)-(N-acetyl-beta-D-glucosaminyl-1,4)-beta-D-mannosyl-1,4-N-acetyl-beta-D-glucosaminyl-R exchange",Exchange/demand reaction,,0.0,0.0
RE3192M,Enoyl Coenzyme A Hydratase,Fatty acid oxidation,74147;93747;97212;231086,0.0,0.0
RE3121C,RE3121,Fatty acid oxidation,,0.0,1.4779288903810084e-12
HMR_3722,Steryl-Ester Acylhydrolase,Cholesterol metabolism,16889;12613,0.0,9.852859269206722e-13
TMDK1,Thymidine kinase (ATP:thymidine),Nucleotide interconversion,21877;57813,0.0,2.7284841053187847e-12
PCHOLN2254_HSABCt,"Transport of 1-Docosapentenoylglycerophosphocholine (Delta 4, 7, 10, 13, 16), Sn1-Lpc (22:5)-W6","Transport, extracellular",54670;11303;18670;54667;11982,0.0,0.0
HMR_3677,Acyl Coenzyme A:Cholesterol O-Acyltransferase,Cholesterol metabolism,223920;20652,0.0,0.0
UDPGLCAter,UDPGlcA endoplasmic reticulum transport via UMP antiport,"Transport, endoplasmic reticular",242585,-1000.0,1000.0
EX_HC01577_e,Exchange of gamma-Glutamyl-beta-cyanoalanine,Exchange/demand reaction,,0.0,7.117350789590574
PROFVStev,Exit of des-isoproylpropionic-acid-fluvastatin into hepatic vein,Drug metabolism,,0.0,2.3021584638627246e-12
HPDCACRNCPT1,Carnitine fatty-acyl transferase,Fatty acid oxidation,12894;12895;78070,0.0,0.0
GTHPi,Glutathione peridoxase,Glutathione metabolism,14775;21672;14776;625249;18477,0.0,6.0254023992456496e-12
HMR_2948,Long-Chain-Fatty-Acid Coenzyme A Ligase,Fatty acid synthesis,26458;216739;50790;328845;74205;14081;94180;433256,0.0,0.0
C10DCc,Production of sebacoylcarnitine,Fatty acid oxidation,12894;12895;78070,0.0,0.0
HEXDIACtr,Transport of Hexadecanedioc Acid by Diffusion,Fatty acid oxidation,,0.0,0.0
C161CPT12,Carnitine O-palmitoyltransferase,Fatty acid oxidation,12894;12895;78070,0.0,3.5735252937055507e-12
CRNCARtp,Carnitine acetylcarnitine carrier  peroxisomal,"Transport, peroxisomal",12908,0.0,1000.0
SUBERCROT,Production of suberyl carnitine,Fatty acid oxidation,74114,-1.9042545318370685e-12,0.0
RE0567C,RE0567,Fatty acid synthesis,,0.0,0.0
PPBNGS,Porphobilinogen synthase,Heme synthesis,17025,0.0,7.958078640513122e-13
r1000,Facilitated diffusion,"Transport, endoplasmic reticular",,0.0,1.4779288903810084e-12
FAOXC204184m,Beta oxidation  fatty acid,Fatty acid oxidation,11409;11364,0.0,4.101236158467275e-12
LNLNCGCPT2,Carnitine transferase,Fatty acid oxidation,12896,0.0,2.9825031333530205e-12
GLCAT8g,Heparan glucuronyltransferase II,Chondroitin synthesis,14042;14043,0.0,0.0
HMR_2978,Long-Chain-Fatty-Acid Coenzyme A Ligase,Fatty acid synthesis,26458;216739;50790;328845;74205;14081;94180;433256,0.0,0.0
ACCOAC,Acetyl-CoA carboxylase,Fatty acid oxidation,107476;100705,0.0,1.8189894035458565e-12
SIAT9g,"Lactosylceramide alpha-2,3-sialyltransferase, Golgi apparatus",Sphingolipid metabolism,20454,0.0,0.0
HMR_3681,Acyl Coenzyme A:Cholesterol O-Acyltransferase,Cholesterol metabolism,223920;20652,0.0,0.0
r1751,Y+LAT2 Utilized transport,"Transport, extracellular",330836,0.0,1000.0
SACCD3m,"Saccharopine dehydrogenase (NADP, L-lysine forming), mitochondrial",Lysine metabolism,30956,0.0,2.9615742522700577e-12
HMR_0429,Long-Chain-Fatty-Acid Coenzyme A Ligase,Fatty acid synthesis,26458;216739;50790;328845;74205;14081;94180;433256,0.0,0.0
GALASE17ly,"Beta-galactosidase, lysosomal",Keratan sulfate degradation,18010;12091;50917;19025,0.0,0.0
RE3191M,Acetyl Coenzyme A C-Acyltransferase,Fatty acid oxidation,52538;97212;231086,0.0,8.769992419468149e-13
r1672,Y+LAT2 Utilized transport,"Transport, extracellular",330836,0.0,1000.0
34DHOXMANDte,"3, 4-Dihydroxymandelate Transport, Cytosol","Transport, extracellular",18399;19879,0.0,0.0
HMR_4700,"N, N-Dimethylglycine:Electron-Transfer Flavoprotein Oxidoreductase (Demethylating)","Glycine, serine, alanine, and threonine metabolism",74129;319518,-1.059119331397166e-12,0.0
r0579,ATP:pantothenate 4-phosphotransferase Pantothenate and CoA biosynthesis EC:2.7.1.33,CoA synthesis,269614;75735;74450;211347,0.0,0.0
TMNDNCCRNt,Transport into the mitochondria (carnitine),Fatty acid oxidation,57279,-1000.0,1000.0000000000105
EX_leuktrB4woh_e,Exchnage for W-Hydroxyl Leukotriene B4,Exchange/demand reaction,,0.0,0.0
HPDCACRNt,Heptadecanoate transport into the mitochondria,Fatty acid oxidation,57279,-1000.0,1000.0
HMR_2722,HMR 2722,"Transport, mitochondrial",207151;171405;434674;20517;236149;236293;319800;57279;214663;30805,-1000.0,1000.0
r0173,(S)-Lactate:NAD+ oxidoreductase Glycolysis / Gluconeogenesis / Pyruvate metabolism EC:1.1.1.27,Glycolysis/gluconeogenesis,16832;16833;16828,-1000.0,220.99750428788502
HMR_3660,Acyl Coenzyme A:Cholesterol O-Acyltransferase,Cholesterol metabolism,223920;20652,0.0,1.2505552149377763e-12
r2080,Major Facilitator(MFS) TCDB:2.A.1.13.1,"Transport, extracellular",20501,-1000.0,1000.0
RE0944E,Alpha-Amylase,Starch and sucrose metabolism,100043686;100043688;109959;11722;100043684,-100.0,-99.99999999999665
HMR_3628,Acyl Coenzyme A:Cholesterol O-Acyltransferase,Cholesterol metabolism,223920;20652,0.0,9.094947017729282e-13
PCHOLN204_HSABCt,"Transport of 1-Eicosatetraenoylglycerophosphocholine (Delta 8, 11, 14, 17), Sn1-Lpc (20:4)","Transport, extracellular",54670;11303;18670;54667;11982,0.0,0.0
ACACT10m,Acetyl-CoA C-acyltransferase,"Valine, leucine, and isoleucine metabolism",52538;231086;110446,0.0,1.8286054711484403e-12
HMR_3705,Steryl-Ester Acylhydrolase,Cholesterol metabolism,16889;12613,0.0,1.1368683772161603e-12
HMR_3665,Acyl Coenzyme A:Cholesterol O-Acyltransferase,Cholesterol metabolism,223920;20652,0.0,1.5916157281026244e-12
HMR_0247,HMR 0247,"Transport, extracellular",11303,0.0,0.0
EX_M01870_e,EX M01870[e],Exchange/demand reaction,,0.0,0.0
PPCDC,Phosphopantothenoylcysteine decarboxylase,CoA synthesis,66812,0.0,0.0
DESAT18_12,Fatty Acyl Coenzyme A Desaturase (N-C18:1CoA -> N-C18:2CoA),Fatty acid synthesis,56473,0.0,9.263700917472306e-13
HMR_3653,Acyl Coenzyme A:Cholesterol O-Acyltransferase,Cholesterol metabolism,223920;20652,0.0,1000.0
HMR_2472,HMR 2472,Fatty acid synthesis,60527;76267;56473,0.0,0.0
r1834,Y+LAT2 Utilized transport,"Transport, extracellular",330836,0.0,1000.0
r2097,Major Facilitator(MFS) TCDB:2.A.1.13.1,"Transport, extracellular",20501,-1000.0,1000.0
DALAt2r,D-alanine transport via proton symport,"Transport, extracellular",215335,-1000.0,1000.0
ALATA_L,L-alanine transaminase,Glutamate metabolism,76282;108682,-549.8347328992701,-549.8347328991858
SERt4,L-serine via sodium symport,"Transport, extracellular",56774;69354;70008;74338;57394;67760;105727,0.0,1000.0
PHEyLATthc,Transport of Phenylalanine by y+LAT1 or y+LAT2 with co-transporter of h in small intestine and kidney,"Transport, extracellular",330836;20540;17254,0.0,1000.0
r2270,Resistance-Nodulation-Cell Division (RND) TCDB:2.A.60.1.5,"Transport, extracellular",101488,0.0,1000.0
DNDPt45m,DTTP transport via ADP antiport,"Transport, mitochondrial",67283,0.0,1.1937117960769683e-12
r1686,Y+LAT2 Utilized transport,"Transport, extracellular",330836,0.0,1000.0
HXCOAtx,"Transport of Hexanoate, Peroxisome","Transport, peroxisomal",,-1000.0,1000.0
BALAVECSEC_1,B-Alanine Secretion via Secretory Vesicle (ATP Driven),"Transport, extracellular",22348,0.0,0.0
DCK1m,"Deoxycytidine kinase, mitochondrial (ATP)",Nucleotide interconversion,,-688.9572714784545,-688.9572714784288
r1864,Y+LAT2 Utilized transport,"Transport, extracellular",330836,0.0,1000.0
r2012,Amino Acid-Polyamine-Organocation (APC) TCDB:2.A.3.8.15,"Transport, extracellular",30962,0.0,1000.0
HMR_0276,Palmitoyl Coenzyme A Hydrolase,Fatty acid oxidation,171210;12012;171281;217700;171282;70025,0.0,0.0
EX_amp_e,AMP exchange,Exchange/demand reaction,,-1.7053025658242404e-12,1.7621459846850485e-12
r1052,Vesicular transport,"Transport, lysosomal",,0.0,1000.0
r2374,Mitochondrial Carrier (MC) TCDB:2.A.29.7.2,"Transport, mitochondrial",13358,-1000.0,1000.0
PCRNte,Transport of O-Propanoylcarnitine,"Transport, extracellular",20520,0.0,1000.0
EX_M00117_e,EX M00117[e],Exchange/demand reaction,,0.0,0.0
r2002,Amino Acid-Polyamine-Organocation (APC) TCDB:2.A.3.8.15,"Transport, extracellular",30962,0.0,1000.0
NACHEXA20ly,"Beta-N-acetylhexosaminidase A, lysosomal",Keratan sulfate degradation,15211;15212,0.0,0.0
C160CPT1,Carnitine O-palmitoyltransferase,Fatty acid oxidation,12894;12895;78070,-1000.0,1000.0
r1851,Y+LAT2 Utilized transport,"Transport, extracellular",330836,0.0,1000.0
r1580,Amino Acid-Polyamine-Organocation (APC) TCDB:2.A.3.8.1,"Transport, extracellular",20539,-1000.0,1000.0
EX_hdca_e,Hexadecanoate (n-C16:0) exchange,Exchange/demand reaction,,-100.0,100.0
HMR_0253,HMR 0253,"Transport, extracellular",11303,0.0,0.0
r1621,Amino Acid-Polyamine-Organocation (APC) TCDB:2.A.3.8.1,"Transport, extracellular",20539,-1000.0,1000.0
RE1448N_1,"Phosphatidylinositol-3,4,5-Trisphosphate 3-Phosphatase",Phosphatidylinositol phosphate metabolism,,-500.0,0.0
SK_ficytb5_c,Sink ficytb5[c],,,999.9999999999668,1000.0
EX_arachd_e,NC20:4 exchange,Exchange/demand reaction,,0.0,0.0
PDE1g,"3',5'-cyclic-nucleotide phosphodiesterase,Golgi",Nucleotide interconversion,23984,0.0,0.0
SK_pro__L_c,Sink pro L[c],Exchange/demand reaction,,83.88169889114806,490.9990496807269
r1897,Y+LAT2 Utilized transport,"Transport, extracellular",330836,0.0,1000.0
NDPK3n,"Nucleoside-diphosphate kinase (ATP:CDP),nuclear",Nucleotide interconversion,18102;18103,-1000.0,1000.0
UDPACGALtl,Udpacgal intracellular transport,"Transport, lysosomal",,0.0,0.0
CATm,Catalase,ROS detoxification,12359,24.999999999997133,25.00000000000322
DNDPt63m,DGTP transport via dCDP antiport,"Transport, mitochondrial",67283,0.0,3.410605131648481e-12
SK_5HPET_c,Sink for 5(S)-HPETE,Exchange/demand reaction,,-300.0000000000019,-299.99999999999363
r1683,Y+LAT2 Utilized transport,"Transport, extracellular",330836,0.0,1000.0
EX_h2o_e,H2O exchange,Exchange/demand reaction,,-100.0,-99.9999999999917
MALTTTRt,"Transport of Maltotetraose, Reversible","Transport, extracellular",,0.0,1.2960299500264228e-12
HMR_0347,HMR 0347,"Transport, extracellular",11303,0.0,0.0
TMDS,Thymidylate synthase,Nucleotide interconversion,22171,7.359102046592284,7.359102046624173
FRUt1r,D-fructose transport in via uniport,"Transport, extracellular",435818;56485;20526;56017,-1000.0,1000.0
FACOAE181,Fatty-acid-CoA thioesterase (octadecenoate),Fatty acid synthesis,,-1000.0,0.0
r2521,Utilized transport,"Transport, endoplasmic reticular",,-1000.0,1000.0
APRGSTRNt1e,"Hydroxyprogesterone Transport, Antiport","Transport, extracellular",20509,-1.3642420526593924e-12,0.0
PI345P3Pn,"Phosphatidylinositol-3,4,5-trisphosphate 3-phosphatase, nuclear",Inositol phosphate metabolism,19211,0.0,9.094947017729282e-13
ACGAM2E,N-acetylglucosamine 2-epimerase,Aminosugar metabolism,19703,0.0,0.0
r1925,Y+LAT2 Utilized transport,"Transport, extracellular",330836,0.0,1000.0
BALAtmr,"Beta-alanine transport, mitochondria","Transport, mitochondrial",,483.4015468330609,483.40154683307446
HMR_6500,HMR 6500,Vitamin E metabolism,,-1000.0,1000.0
r2508,Utilized transport,"Transport, endoplasmic reticular",,-1000.0,1000.0
CYOOm2i,CYOOm2i,Oxidative phosphorylation,12861;12862;66694;12864;12866;12867;12868;66594;66445;110323;66142;66152;78174;67003;66576;67530;22272;22273;17711;75483;12857;12858;12859,67.53399999999999,67.53400000000217
FTHFLi,Formate-tetrahydrofolate ligase,Folate metabolism,108156,0.0,1.4779288903810084e-12
r0789,S-Adenosyl-L-methionine:phosphodimethylethanolamine N-methyltransferase Glycerophospholipid metabolism EC:2.1.1.103,Sphingolipid metabolism,,0.0,0.0
SPHMYLN18114_hs_SECt,Transport of Sphingomyelin (D18:1/14:0),"Transport, extracellular",,0.0,0.0
PYDXPP,Pyridoxal 5-phosphate phosphatase,Vitamin B6 metabolism,57028,0.0,0.0
ICDCHOLt2,Isochenodeoxycholic acid transport via sodium cotransport,"Transport, extracellular",20493;20494,0.0,1000.0
EX_dopa_e,Dopamine exchange,Exchange/demand reaction,,-1.1273944740726922e-12,0.0
PDE4g,"3',5'-cyclic-nucleotide phosphodiesterase, Golgi",Nucleotide interconversion,23984,0.0,0.0
O2tn,"O2 transport (diffusion), nucleus","Transport, nuclear",,-1.3073986337985843e-12,0.0
PELINL_HSt1e,"Transport of 1-Linoleoylglycerophosphoethanolamine (Delta 9, 12), Vescicular","Transport, extracellular",,0.0,0.0
FAOXC150m,Beta oxidation of long chain fatty acid (odd chain),Fatty acid oxidation,11409;11364,0.0,1.1506351427215122e-12
HMR_2569,HMR 2569,"Transport, endoplasmic reticular",,-9.777068044058979e-12,0.0
r0086,2-Oxoglutaramate amidohydrolase Glutamate metabolism EC:3.5.1.3,Urea cycle,52633,0.0,559.2126155797364
EX_gthrd_e,Reduced glutathione exchange,Exchange/demand reaction,,-100.0,-99.99999999998352
r0986,Vesicular transport,"Transport, lysosomal",,0.0,1000.0
ALAyLATthc,Transport of Alanine by y+LAT1 or y+LAT2 with co-transporter of h in small intestine and kidney,"Transport, extracellular",330836;20540;17254,0.0,1000.0
HSD11B1r,11-beta-hydroxysteroid dehydrogenase type 1,Steroid metabolism,15483,-1000.0,1000.0
ACOADH60_m,Acyl-CoA dehydrogenase (6:0),Fatty acid oxidation,66885,0.0,2.000888343900442e-11
H2Otn,H2O transport  nuclear,"Transport, nuclear",,-809.1826132123399,1000.0
PCHOL_HStg,Phosphatidylcholine scramblase,"Transport, golgi apparatus",,0.0,3.0042879660020367
4TMEABUTNt1,"Transport of 4- (Trimethylammonio)Butanoate, Sodium Symport","Transport, extracellular",,-1000.0,1000.0
PE203_HSt1e,"1-Eicosatrienoylglycerophosphoethanolamine (Delta 11, 14, 17), Lpe (20:3), Vescicular","Transport, extracellular",,0.0,0.0
r1116,ATP Exporter (ATP-E) TCDB:9.A.6.1.1,"Transport, extracellular",,-100.0,-99.99999999999613
r2492,Resistance-Nodulation-Cell Division (RND) TCDB:2.A.60.1.14,"Transport, extracellular",108096,0.0,1000.0
2MOPtm,"Transport of 2-Methyl-3-Oxopropanoate, Mitochondrial","Transport, mitochondrial",,0.0,4.111958293183345e-12
GALGLUSIDEtg,Galgluside hs intracellular transport,"Transport, golgi apparatus",,0.0,0.0
r2141,Resistance-Nodulation-Cell Division (RND) TCDB:2.A.60.1.14,"Transport, extracellular",108096,-1000.0,1000.0
r1544,Amino Acid-Polyamine-Organocation (APC) TCDB:2.A.3.8.1,"Transport, extracellular",20539,-1000.0,1000.0
GDCA3St,Glycodeoxycholic acid 3-sulfate via bicarbonate countertransport,"Transport, extracellular",101488;28253,0.0,0.0
C05769te,Transport by Atb Binding Cassette Transporter ABCc2 into Extracellular Space,"Transport, extracellular",12780,0.0,0.0
ECOAR,Trans-2-enoyl-CoA reductase (18:0) (NADPH),Fatty acid synthesis,,0.0,3.083755473198835e-12
NACHEXA21ly,"Beta-N-acetylhexosaminidase A, lysosomal",Keratan sulfate degradation,15211;15212,0.0,0.0
GQ1Btg,Gq1b hs intracellular transport,"Transport, golgi apparatus",,0.0,0.0
HMR_0831,HMR 0831,"Transport, lysosomal",,0.0,0.0
r2495,Resistance-Nodulation-Cell Division (RND) TCDB:2.A.60.1.14,"Transport, extracellular",108096,0.0,1000.0
THYOCHOLt2,Taurohyocholic acid transport via sodium cotransport,"Transport, extracellular",20493;20494,0.0,1000.0
r1911,Y+LAT2 Utilized transport,"Transport, extracellular",330836,0.0,1000.0
RE1897C,Deoxyhypusine Synthase,Urea cycle,,0.0,0.0
HMR_0235,HMR 0235,"Transport, extracellular",11303,0.0,0.0
ALCD19y,Alcohol dehydrogenase  glycerol  NADP,Glycerophospholipid metabolism,11677;58810,-1.9872992140790302e-12,0.0
UDCA3St,Ursodeoxycholic acid 3-sulfate transport via bicarbonate countertransport,"Transport, extracellular",101488;28253,0.0,0.0
FACOAL2251,Fatty-acid--CoA ligase,Fatty acid oxidation,14081,0.0,1.5916157281026244e-12
ILEPHELAT2tc,Transport of L-Isoleucine into the cell and efflux of L-Phenylalanine out of the cell by LAT2 on the basolateral surfaces of kidney and intestine and Amino Acid-Polyamine-Organocation (APC) TCDB:2.A.3.8.1,"Transport, extracellular",50934,-1000.0,1000.0
MMAte,Transport via Proton Antiport (Ammonium Transporter Rh Type C Or Type B) into Extracellular Space,"Transport, extracellular",56315;58176,-1000.0,1000.0
O16G2e,"Oligo-1,6-glucosidase (strch2 ->strch3), extracellular",Starch and sucrose metabolism,69983,0.0,9.221265726308855e-13
PIt9,Phosphate transport in/out via two Na+ symporter,"Transport, extracellular",142681,-1000.0,1000.0
HMR_0419,HMR 0419,"Transport, extracellular",11303,0.0,0.0
NDPK6m,"ATP:dUDP phosphotransferase, mitochondria",Nucleotide interconversion,54369;56520,-3.069544618483633e-12,0.0
r2385,Mitochondrial Carrier (MC) TCDB:2.A.29.7.2,"Transport, mitochondrial",13358,0.0,4.092726157978177e-12
Pe13_HSt1e,"Transport of 1-Tridecanoylglycerophosphoethanolamine (C13:0 Pe), Vescicular","Transport, extracellular",,0.0,0.0
r1533_1,ATP-Binding Cassette (ABC) Tcdb:3.A.1.208.15,"Transport, extracellular",27416,0.0,0.0
CARN1619Zt_m,(9Z)-hexadecenoyl-l-carnitine:carnitine antiport (Cytosol to mitochondira),"Transport, mitochondrial",,-1000.0,1000.0
r2532,Major Facilitator(MFS) TCDB:2.A.1.44.1,"Transport, extracellular",72401,-1000.0,1000.0
MDHm,Malate dehydrogenase  mitochondrial,Citric acid cycle,17448;17449,-588.0336231923418,-18.787547154887534
SPHMYLN18123_hs_SECt,Transport of Sphingomyelin (D18:1/23:0),"Transport, extracellular",,0.0,0.0
r1756,Y+LAT2 Utilized transport,"Transport, extracellular",330836,0.0,1000.0
r2338,Major Facilitator(MFS) TCDB:2.A.1.19.1,"Transport, extracellular",20517,-1000.000000000005,1000.0
SK_tmndnc_c,Sink tmndnc[c],Exchange/demand reaction,,0.0,1.375610736431554e-11
r2254,Resistance-Nodulation-Cell Division (RND) TCDB:2.A.60.1.5,"Transport, extracellular",101488,0.0,1000.0
r0836,Mitochondrial Carrier (MC) TCDB:2.A.29.2.2,"Transport, mitochondrial",27376,-1000.0,1000.0
r1523,ATP-binding Cassette (ABC) TCDB:3.A.1.211.1,"Transport, extracellular",11303,0.0,0.0
r1983,Y+LAT2 Utilized transport,"Transport, extracellular",330836,0.0,1000.0
FAOXC2251836m,Beta oxidation of fatty acid,Fatty acid oxidation,11409;11364,0.0,0.0
DNDPt42m,DUTP transport via ADP antiport,"Transport, mitochondrial",67283,0.0,2.0836665726164938e-12
PI4PLCn,"Phosphatidylinositol 4-phosphate phospholipase C, nucleus",Inositol phosphate metabolism,18795,0.0,5.115907697472721e-12
EX_ala__L_e,L-Alanine exchange,Exchange/demand reaction,,-100.0,100.0
UREAt5,"Urea, water cotransport","Transport, extracellular",20537,-1000.0,1000.0
C05953t,"Transport of Prostaglandin A2, Lactate Antiport","Transport, extracellular",,-1000.0,1000.0
FAS180COA,Fatty acyl CoA synthase  n C180CoA,Fatty acid synthesis,68801;14104;170439;54326,0.0,0.0
HMR_3106,HMR 3106,"Transport, peroxisomal",,-1000.0,900.0
SO4OXAtex2,Sulfate transport via oxalate countertransport (2:1),"Transport, extracellular",171429,0.0,0.0
HMR_3338,Acyl Coenzyme A Oxidase,Fatty acid oxidation,11430;80911,0.0,2.5579538487363607e-12
r1871,Y+LAT2 Utilized transport,"Transport, extracellular",330836,0.0,1000.0
r1648,Amino Acid-Polyamine-Organocation (APC) TCDB:2.A.3.8.1,"Transport, extracellular",20539,-1000.0,1000.0
EX_leuktrD4_e,Leukotriene D4 exchange,Exchange/demand reaction,,99.99999999998639,100.0
HMR_3094,Acyl Coenzyme A Oxidase,Fatty acid oxidation,11430;80911,0.0,0.0
4HGLSDm,L 4 hydroxyglutamate semialdehyde dehydrogenase  mitochondrial,Arginine and proline metabolism,212647,0.0,1000.0000000000025
GGT6,Gamma-glutamyltransferase,Eicosanoid metabolism,,-1000.0,907.1173507896713
r1935,Y+LAT2 Utilized transport,"Transport, extracellular",330836,0.0,1000.0
MTHFD2m,"Methylenetetrahydrofolate dehydrogenase (NAD), mitochondrial",Folate metabolism,17768,-854.4744008628877,1000.0
r1587,Amino Acid-Polyamine-Organocation (APC) TCDB:2.A.3.8.1,"Transport, extracellular",20539,-1000.0,1000.0
NDPK1n,"Nucleoside-diphosphate kinase (ATP:GDP), nuclear",Nucleotide interconversion,18102;18103,-1000.0,1000.0
HMR_0406,Palmitoyl Coenzyme A Hydrolase,Fatty acid oxidation,171210;12012;171281;217700;171282;70025,0.0,0.0
FE2DMT1,Uptake of food iron by DMT1 transporter,"Transport, extracellular",18174,0.0,1.7337242752546445e-11
RE0578C,Palmitoyl Coenzyme A Hydrolase,Fatty acid synthesis,12012;171281;217700,-1000.0,0.0
FATP6t,Fatty acid electroneutral transport,"Transport, extracellular",26459;26458,0.0,0.0
HMR_0806,Globotriaosylceramide 3-Beta-N-Acetylgalactosaminyltransferase,Glycosphingolipid metabolism,26879,0.0,0.0
HMR_1620,Cholate Coenzyme A Ligase,"Transport, mitochondrial",26459;26458,-1000.0,1000.0
CHOLESACATc_1,Esterification of Cholesterol to Cholesterol Ester,Cholesterol metabolism,223920;20652,0.0,0.0
r2330,Resistance-Nodulation-Cell Division (RND) TCDB:2.A.60.1.2,"Transport, extracellular",24059,-1000.0,0.0
EX_met__L_e,L-Methionine exchange,Exchange/demand reaction,,-100.0,-26.29018277373075
SMOX,Spermine oxidase,Beta-Alanine metabolism,,0.0,0.0
r1639,Amino Acid-Polyamine-Organocation (APC) TCDB:2.A.3.8.1,"Transport, extracellular",20539,-1000.0,1000.0
r2304,Resistance-Nodulation-Cell Division (RND) TCDB:2.A.60.1.5,"Transport, extracellular",101488,0.0,1000.0
3DHLCAt,3-dehydro-lithocholic acid transport via bicarbonate countertransport,"Transport, extracellular",106407;101488;28253;330962,-1000.0,0.0
ARACHCPT2,Carnitine transferase,Fatty acid oxidation,12896,-9.208633855450898e-12,0.0
HACD4m,3-hydroxyacyl-CoA dehydrogenase (C10:0),Fatty acid oxidation,74147;97212;15107,-1.2462919585232157e-11,0.0
HMR_0431,HMR 0431,"Transport, extracellular",11303,0.0,1.2236573637340987e-12
EX_ca2_e,name,Exchange/demand reaction,,-100.0,0.0
FAOXC141C121m,"Fatty Acid Beta Oxidation (C14:1->C12:1), Mitochondrial",Fatty acid oxidation,11370;97212;231086,0.0,3.092281986027956e-12
EX_ala__D_e,D-Alanine exchange,Exchange/demand reaction,,-100.0,100.0
r1943,Y+LAT2 Utilized transport,"Transport, extracellular",330836,0.0,1000.0
PCHOL2LINL_HSt1e,"Transport of 2-Linoleoylglycerophosphocholine, Vescicular","Transport, extracellular",,0.0,1.299278145389897e-12
HMGLx,Hydroxymethylglutaryl-CoA lyase,Cholesterol metabolism,15356,0.0,1.4779288903810084e-12
EX_glc__D_e,D-Glucose exchange,Exchange/demand reaction,,99.99999999998454,100.0
r1968,Y+LAT2 Utilized transport,"Transport, extracellular",330836,0.0,1000.0
r2384,Mitochondrial Carrier (MC) TCDB:2.A.29.7.2,"Transport, mitochondrial",13358,0.0,4.661160346586257e-12
r1551,Amino Acid-Polyamine-Organocation (APC) TCDB:2.A.3.8.1,"Transport, extracellular",20539,-1000.0,1000.0
IPDPtx,Isopentenyl diphosphate transport (peroxisome),"Transport, peroxisomal",,0.0,0.0
GALt4,Galactose transport via sodium symport,"Transport, extracellular",109342;246787;230612,-1000.0,1000.0
EX_lcts_e,Lactose exchange,Exchange/demand reaction,,0.0,0.0
EX_cgly_e,Cys-Gly exchange,Exchange/demand reaction,,-100.0,-99.99999999998931
r1788,Y+LAT2 Utilized transport,"Transport, extracellular",330836,0.0,1000.0
r1785,Y+LAT2 Utilized transport,"Transport, extracellular",330836,0.0,1000.0
r2195,Resistance-Nodulation-Cell Division (RND) TCDB:2.A.60.1.14,"Transport, extracellular",108096,-1000.0,1000.0
EX_lys__L_e,L-Lysine exchange,Exchange/demand reaction,,-100.0,100.0
r0936,Transport Reaction,"Transport, endoplasmic reticular",,0.0,1000.0
r1636,Amino Acid-Polyamine-Organocation (APC) TCDB:2.A.3.8.1,"Transport, extracellular",20539,-1000.0,1000.0
r2283,Resistance-Nodulation-Cell Division (RND) TCDB:2.A.60.1.5,"Transport, extracellular",101488,0.0,1000.0
TCDCA3St,Taurochenodeoxycholic acid 3-sulfate transport via bicarbonate countertransport,"Transport, extracellular",101488;28253,0.0,0.0
METyLATthc,Transport of Methionine by y+LAT1 or y+LAT2 with co-transporter of h in small intestine and kidney,"Transport, extracellular",330836;20540;17254,0.0,1000.0
EX_ha_e,Hyaluronan exchange,Exchange/demand reaction,,0.0,0.0
AASAD3,L-aminoadipate-semialdehyde dehydrogenase (NADH),Lysine metabolism,110695,0.0,1.2697873501429442e-12
r1547,Amino Acid-Polyamine-Organocation (APC) TCDB:2.A.3.8.1,"Transport, extracellular",20539,-1000.0,1000.0
PHCHGSm,L 1 Pyrroline 3 hydroxy 5 carboxylate spontaneous conversion to L 4 Hydroxyglutamate semialdehyde  mitochondrial,Arginine and proline metabolism,,0.0,1000.0000000000026
GBA,Glucosylceramidase,Sphingolipid metabolism,14466,0.0,3.004287966003799
12DHCHOLt2,12-Dehydrocholic acid transport via sodium cotransport,"Transport, extracellular",20493;20494,0.0,1000.0
IBUP_Rtdhep,Uptake of ibuprofen-R into hepatocytes,Drug metabolism,,-1000.0,1000.0
HOMt4,L-homoserine via sodium symport,"Transport, extracellular",11988;11989;11987,0.0,1000.0
r1828,Y+LAT2 Utilized transport,"Transport, extracellular",330836,0.0,1000.0
ECOAH5p,3 hydroxyacyl CoA dehydratase  3 hydroxydodecanoyl CoA   peroxisomal,Fatty acid oxidation,74147;93747;97212,0.0,0.0
r1575,Amino Acid-Polyamine-Organocation (APC) TCDB:2.A.3.8.1,"Transport, extracellular",20539,-1000.0,1000.0
TMNDNCCOAtx,Fatty acid intracellular transport,"Transport, peroxisomal",,0.0,0.0
RE2659R,RE2659,Vitamin A metabolism,,-1000.0,1000.0
HMR_3229,Acetyl Coenzyme A C-Acyltransferase,Fatty acid oxidation,52538;97212;231086,0.0,3.75877107217093e-12
INSTt4_2,Inositol transport via sodium symport,"Transport, extracellular",233836,-1000.0,1000.0
r1791,Y+LAT2 Utilized transport,"Transport, extracellular",330836,0.0,1000.0
r2010,Amino Acid-Polyamine-Organocation (APC) TCDB:2.A.3.8.15,"Transport, extracellular",30962,0.0,1000.0
RE0456N,Ribonucleoside-Diphosphate Reductase,Pyrimidine synthesis,382985,-809.1826132123392,1000.0
ACt2r,Acetate reversible transport via proton symport,"Transport, extracellular",,-1000.0,1000.0
r1613,Amino Acid-Polyamine-Organocation (APC) TCDB:2.A.3.8.1,"Transport, extracellular",20539,-1000.0,1000.0
PPAtr,"Propionate transport, diffusion","Transport, extracellular",,0.0,1000.0
r1920,Y+LAT2 Utilized transport,"Transport, extracellular",330836,0.0,1000.0
DNDPt5m,DATP transport via dTDP antiport,"Transport, mitochondrial",67283,0.0,2.0463630789890885e-11
FOLt2_1,Folate Transport via Anion Antiport,"Transport, extracellular",20509,-1000.0,1000.0
STRDNCt,Fatty acid transport via diffusion,"Transport, extracellular",,0.0,1.410427330483799e-12
DAG_HStg,Diacylglycerol Golgi Export,"Transport, golgi apparatus",,0.0,3.004287966002605
HMR_0254,HMR 0254,"Transport, extracellular",26457;12491;75497;14077;11770;14080;16592;26568;16204;26569;21884;12140;225579,0.0,9.947598300641405e-13
GLCt4,Glucose transport via sodium symport,"Transport, extracellular",230612;233836;53881;109342;246787;241612,-1000.0,1000.0
Ht,Proton diffusion,"Transport, extracellular",,-1000.0,1000.0
r2314,Resistance-Nodulation-Cell Division (RND) TCDB:2.A.60.1.2,"Transport, extracellular",24059,-1000.0,907.1173507895811
5AOPt2,5 Aminolevulinate transport in via proton symport,"Transport, extracellular",,0.0,1000.0
PYK2,Pyruvate kinase(2),Glycolysis/gluconeogenesis,18770,0.0,1000.0
r1772,Y+LAT2 Utilized transport,"Transport, extracellular",330836,0.0,1000.0
AMPtp,"AMP transporter, peroxisome","Transport, peroxisomal",,-1000.0,1000.0
PCHOLN183_HSt1e,"Transport of 1-Octadeca-Trienoylglycerophosphocholine, Sn1-Lpc (18:3, Delta 9, 12, 15), Vescicular","Transport, extracellular",,0.0,0.0
HMR_3023,HMR 3023,"Transport, peroxisomal",11666,0.0,0.0
r2237,Resistance-Nodulation-Cell Division (RND) TCDB:2.A.60.1.5,"Transport, extracellular",101488,0.0,1000.0
HMR_0232,HMR 0232,"Transport, extracellular",26457;12491;75497;14077;11770;14080;16592;26568;16204;26569;21884;12140;225579,0.0,0.0
3DHCDCHOLt2,3-Dehydrochenodeoxycholic acid transport via sodium cotransport,"Transport, extracellular",20493;20494,0.0,1000.0
r1731,Y+LAT2 Utilized transport,"Transport, extracellular",330836,0.0,1000.0
FAOXC10C10OHm,"Fatty Acid Beta Oxidation (C10->Ohc10), Mitochondrial",Fatty acid oxidation,93747;11364,0.0,1.7962520360015333e-11
KSII_CORE4tly,"Keratan sulfate II (core 4) transport, extracellular to lysosome","Transport, lysosomal",,0.0,0.0
SK_focytb5_c,Sink focytb5[c],,,-1000.0,-999.9999999999566
r2420,Mitochondrial Carrier (MC) TCDB:2.A.29.2.7,"Transport, mitochondrial",27376,-1000.0,1000.0
HMR_0467,HMR 0467,"Transport, endoplasmic reticular",,-1000.0,0.0
SPHMYLN181181_hs_SECt,Transport of Sphingomyelin (D18:1/18:1),"Transport, extracellular",,0.0,9.685585666829866e-13
UAG4Ei,UDP-N-acetylglucosamine 4-epimerase,Aminosugar metabolism,74246,0.0,0.0
NDPK6n,"Nucleoside-diphosphate kinase (ATP:dUDP), nuclear",Nucleotide interconversion,18102;18103,-1000.0,809.1826132123424
COAtl,CoA transport in lysosome via diffusion,"Transport, lysosomal",,0.0,0.0
r1787,Y+LAT2 Utilized transport,"Transport, extracellular",330836,0.0,1000.0
PHETA1,Phenylalanine transaminase,Phenylalanine metabolism,14718,-100.00000000000364,-99.99999999997885
r0731,(S)-Hydroxyoctanoyl Coenzyme A Hydro-Lyase,Fatty acid oxidation,74147;93747;97212,0.0,1.3566543451402819e-11
SK_34dhpac_c,"Sink for 3, 4-Dihydroxyphenylacetaldehyde",Exchange/demand reaction,,0.0,0.0
PCHOLDOC_HSt1e,"Transport of 1-Docosahexaenoylglycerophosphocholine, Vescicular","Transport, extracellular",,0.0,0.0
NDPK4n,"Nucleoside-diphosphate kinase (ATP:dTDP), nuclear",Nucleotide interconversion,18102;18103,-1000.0,1000.0
TUDCA3Sabc,Tauroursodeoxycholic acid 3-sulfate ABC bile acid transporter,"Transport, extracellular",12780;239273;76408;26357,0.0,0.0
r0732,Hexanoyl Coenzyme A:Acetyl Coenzyme A C-Acyltransferase,Fatty acid oxidation,52538;235674;231086,0.0,0.0
GLYCK2,Glycerate kinase,Glyoxylate and dicarboxylate metabolism,,0.0,0.0
DNDPt11m,DADP transport via dGDP antiport,"Transport, mitochondrial",67283,0.0,2.8421709430404007e-12
3DHLCAt2,3-dehydro-lithocholic acid transport via sodium cotransport,"Transport, extracellular",20493;20494,0.0,1000.0
r1520,ATP-binding Cassette (ABC) TCDB:3.A.1.211.1,"Transport, extracellular",11303,0.0,0.0
r2375,Mitochondrial Carrier (MC) TCDB:2.A.29.7.2,"Transport, mitochondrial",13358,-1000.0,1000.0
MTHFR3,5 10 methylenetetrahydrofolatereductase  NADPH,Folate metabolism,17769,0.0,1000.0
ORNDC,Ornithine Decarboxylase,Urea cycle,18263,0.0,0.0
r2325,Resistance-Nodulation-Cell Division (RND) TCDB:2.A.60.1.2,"Transport, extracellular",24059,-1000.0,0.0
r0998,Facilitated diffusion,"Transport, endoplasmic reticular",,-1000.0,1000.0
O2Stn,Superoxide anion transport via diffusion (nucleus),"Transport, nuclear",,0.0,2.8421709430404007e-12
THRPHELAT2tc,Transport of L-Threonine into the cell and efflux of L-Phenylalanine out of the cell by LAT2 on the basolateral surfaces of kidney and intestine and Amino Acid-Polyamine-Organocation (APC) TCDB:2.A.3.8.1,"Transport, extracellular",50934,-1000.0,1000.0
DHCHOLESTANATEtm,"Lipid, flip-flop intracellular transport","Transport, peroxisomal",,0.0,0.0
r2526,Major Facilitator(MFS) TCDB:2.A.1.44.1,"Transport, extracellular",72401,-1000.0,1000.0
HMR_0317,HMR 0317,"Transport, extracellular",11303,0.0,0.0
KSII_CORE4t,"Keratan sulfate II (core4) transport, golgi to extracellular","Transport, extracellular",,0.0,0.0
EX_pelinl_hs_e,"Exchange of 1-Linoleoylglycerophosphoethanolamine (Delta 9, 12)",Exchange/demand reaction,,-1.2505552149377763e-11,0.0
ALR3,Aldose reductase (acetol),Pyruvate metabolism,110198;11677;58810,0.0,1000.0
r2368,Organic anion transporter 5 Utilized transport,"Transport, extracellular",236149;207151;236293;319800;171405;434674,-1000.0,1000.0
COAtp,"Coenzyme A transport, peroxisomal","Transport, peroxisomal",,-1000.0,1000.0
HIStiDF,L-histidine transport via diffusion (extracellular to cytosol),"Transport, extracellular",69354,0.0,1000.0
r1603,Amino Acid-Polyamine-Organocation (APC) TCDB:2.A.3.8.1,"Transport, extracellular",20539,-1000.0,1000.0
r0002,Active transport,"Transport, endoplasmic reticular",,-1000.0,1000.0
HMR_2633,Carnitine O-Palmitoyltransferase,Fatty acid oxidation,12894;12895;78070,0.0,3.792326798887776e-12
r1990,Y+LAT2 Utilized transport,"Transport, extracellular",330836,0.0,1000.0
ETHAAL,Ethanolamine ammonia-lyase,Glycerophospholipid metabolism,,36.05231464724493,36.052314647245964
MDHp,Malate dehydrogenase  peroxisomal,Citric acid cycle,,-1000.0000000000407,1000.0
FRUt4,D-fructose transport  via sodium cotransport,"Transport, extracellular",109342;230612,-1000.0,1000.0
TMDOATthc,Uptake of torasemide into hepatocytes via OAT1,Drug metabolism,18399,-1000.0,1000.0
FAOXC2051843m,Beta oxidation of fatty acid,Fatty acid oxidation,11409;11364,0.0,1.6322181701460588e-12
r0287,Acetyl Coenzyme A:Acetyl Coenzyme A C-Acetyltransferase,Fatty acid oxidation,52538;235674;231086,0.0,5.680682638681302e-12
AK2LGCHOLABCt,1-Alkyl 2-Acylglycerol 3-Phosphocholine Transport,"Transport, extracellular",54670;11303;18670;54667;11982,0.0,0.0
r1554,Amino Acid-Polyamine-Organocation (APC) TCDB:2.A.3.8.1,"Transport, extracellular",20539,-1000.0,1000.0
HSD17B1,Testicular 17-beta-hydroxysteroid dehydrogenase,Steroid metabolism,15485;14979,-1000.0,0.0
r2262,Resistance-Nodulation-Cell Division (RND) TCDB:2.A.60.1.5,"Transport, extracellular",101488,0.0,1000.0
r2273,Resistance-Nodulation-Cell Division (RND) TCDB:2.A.60.1.5,"Transport, extracellular",101488,0.0,1000.0
ADNK1,Adenosine kinase,Nucleotide interconversion,11534,0.0,0.0
r1020,Postulated transport reaction,"Transport, mitochondrial",,0.0,1.0231815394945443e-12
PRISTtx,Prist peroxisomal transport,"Transport, peroxisomal",,-776.8007038206008,0.0
AHCYStm,S adenosyl L homocysteine reversible transport  mitochondrial,"Transport, mitochondrial",,-1000.0,1000.0
C03990t,"Transport of Lithocholate, Sodium Symport","Transport, extracellular",20493,-1000.0,1000.0
PEOLE_HSt1e,"Transport of 1-Oleoylglycerophosphoethanolamine (Delta 9), Vescicular","Transport, extracellular",,0.0,0.0
HMR_2281,Stearoyl Coenzyme A 9-Desaturase,Fatty acid synthesis,20249,0.0,2.0534685063466895e-12
r2293,Resistance-Nodulation-Cell Division (RND) TCDB:2.A.60.1.5,"Transport, extracellular",101488,0.0,1000.0
SPODMx,"Superoxide dismutase, peroxisome",ROS detoxification,20655,0.0,2.2737367544323206e-12
SK_asn__L_c,Sink asn L[c],Exchange/demand reaction,,-148.00830177856164,51.99169822144495
r1570,Amino Acid-Polyamine-Organocation (APC) TCDB:2.A.3.8.1,"Transport, extracellular",20539,-1000.0,1000.0
r2328,Resistance-Nodulation-Cell Division (RND) TCDB:2.A.60.1.2,"Transport, extracellular",24059,-1000.0,1000.0
ICDHxm,Isocitrate dehydrogenase  NAD,Citric acid cycle,15929;67834;170718,0.0,531.3777199458697
CHSTEROLt,Cholesterol efflux (ATP depedent),"Transport, extracellular",67470;11303;27409,0.0,0.0
HISSNAT5tc,Transport of L-Histidine with Symport of Sodium And Antiport of Proton by Snat5 Transporter,"Transport, extracellular",209837,-1000.0,1000.0
MECOALm,"Mesaconate--CoA ligase (ADP-forming), mitochondrial",C5-branched dibasic acid metabolism,56451;20916,0.0,1000.0
PYDXNK,Pyridoxine kinase,Vitamin B6 metabolism,216134,0.0,0.0
UAGALDP,UDP-N-acetylgalactosamine diphosphorylase,Aminosugar metabolism,,0.0,0.0
FACOAL1813,Fatty-acid--CoA ligase,Fatty acid oxidation,14081,0.0,1.3642420526593924e-12
RE1342C,Aldehyde Reductase,Fructose and mannose metabolism,,0.0,1000.0
SPHMYLN181201_hs_SECt,Transport of Sphingomyelin (D18:1/20:1),"Transport, extracellular",,0.0,2.1289636720212e-12
r2255,Resistance-Nodulation-Cell Division (RND) TCDB:2.A.60.1.5,"Transport, extracellular",101488,0.0,1000.0
r2227,Resistance-Nodulation-Cell Division (RND) TCDB:2.A.60.1.5,"Transport, extracellular",101488,0.0,1000.0
H2O2tp,"Hydrogen peroxide transport via diffusion, glyoxysome","Transport, peroxisomal",,-36.64221465120218,-36.64221465117498
LKYNRtr2,Transport of L-Kynurenine,"Transport, extracellular",50934,-1000.0,1000.0
r2482,Resistance-Nodulation-Cell Division (RND) TCDB:2.A.60.1.14,"Transport, extracellular",108096,0.0,1000.0
HMGCOASm,Hydroxymethylglutaryl CoA synthase  mitochondrial,Cholesterol metabolism,15360,-3.865352482534945e-12,0.0
RE3470C,Carbonyl Reductase (NADPH),Arachidonic acid metabolism,109857;12408,-1.4495071809506044e-12,0.0
HMR_0414,Palmitoyl Coenzyme A Hydrolase,Fatty acid oxidation,171210;12012;171281;217700;171282;70025,0.0,0.0
DNDPt24m,DTDP transport via dADP antiport,"Transport, mitochondrial",67283,0.0,3.183231456205249e-12
MI1P_Dtn,Inositol 1-phosphate nuclear transport (diffusion),"Transport, nuclear",,0.0,0.0
r0717,(S)-3-Hydroxyhexadecanoyl Coenzyme A Hydro-Lyase,Fatty acid oxidation,74147;93747;97212,0.0,0.0
FATP5t,Fatty acid electroneutral transport,"Transport, extracellular",26459,-1000.0,1000.0
SK_cholate_c,Sink for Cholate,Exchange/demand reaction,,-100.0,100.0
r2391,Mitochondrial Carrier (MC) TCDB:2.A.29.7.2,"Transport, mitochondrial",13358,0.0,4.661160346586257e-12
SK_glygn2_c,Sink glygn2[c],Exchange/demand reaction,,-112.12446400424989,-112.1244640042482
r2297,Resistance-Nodulation-Cell Division (RND) TCDB:2.A.60.1.5,"Transport, extracellular",101488,0.0,1000.0
r0879,TCDB:2.A.29.2.4 TCDB:2.A.29.16.1,"Transport, extracellular",217593;67283,0.0,1000.0
C181CPT2,Carnitine octadecenoyl transferase,Fatty acid oxidation,12896,-1000.0,1000.0
SO4CLtex2,Sulfate transport via chloride countertransport (2:1),"Transport, extracellular",171429,0.0,1000.0
r2224,Resistance-Nodulation-Cell Division (RND) TCDB:2.A.60.1.5,"Transport, extracellular",101488,0.0,1000.0
DNDPt25m,DTDP transport via dCDP antiport,"Transport, mitochondrial",67283,0.0,3.183231456205249e-12
r2364,Organic anion transporter 5 Utilized transport,"Transport, extracellular",236149;207151;236293;319800;171405;434674,-1000.0,1000.0
RE1834M,Palmitoyl Coenzyme A Hydrolase,Bile acid synthesis,171210;70025,0.0,0.0
SPHPL,Sphinganine phosphate lyase,Sphingolipid metabolism,20397,0.0,0.0
r2211,Resistance-Nodulation-Cell Division (RND) TCDB:2.A.60.1.14,"Transport, extracellular",108096,0.0,1000.0
ASPDTDe,"D-aspartate transport, extracellular","Transport, extracellular",,0.0,1000.0
r1921,Y+LAT2 Utilized transport,"Transport, extracellular",330836,0.0,1000.0
EX_hspg_e,Heparan sulfate proteoglycan exchange,Exchange/demand reaction,,0.0,0.0
r1514,ATP-binding Cassette (ABC) TCDB:3.A.1.211.1,"Transport, extracellular",11303,0.0,0.0
HISTAtu,Histamine uniport,"Transport, extracellular",20519;20520;20518,-1000.0,1000.0
FAOXC5C3x,"Fatty Acid Beta Oxidation (C5->C3), Mitochondrial",Fatty acid oxidation,93747;52538;11409;15107,0.0,2.141102110423767e-12
PCHOLEIC_HSt1e,"Transport of 1-Eicosadienoylglycerophosphocholine (Delta 11, 14), Vescicular","Transport, extracellular",,0.0,0.0
r1858,Y+LAT2 Utilized transport,"Transport, extracellular",330836,0.0,1000.0
HMR_2821,HMR 2821,"Transport, endoplasmic reticular",20520,-1000.0,1.0231815394945443e-12
GLYCLm,Glycine cleavage system  mitochondrial,"Transport, extracellular",434437,-642.6141624127715,-642.6141624127558
PEPALM_HSt1e,"Transport of 1-Palmitoylglycerophosphocholine, Vescicular","Transport, extracellular",,0.0,0.0
HSD17B7r,Testicular 17-beta-hydroxysteroid dehydrogenase,Steroid metabolism,15490,0.0,1000.0
SO4t4_2,Sulfate transport via sodium symport,"Transport, extracellular",243755,-1000.0,1000.0
TDCA3St,Taurodeoxycholic acid 3-sulfate transport via bicarbonate countertransport,"Transport, extracellular",101488;28253,0.0,0.0
DPCOAtl,Dephospho-CoA transport from lysosome via diffusion,"Transport, lysosomal",,0.0,0.0
12DHCHOLt,12-Dehydrocholic acid transport via bicarbonate countertransport,"Transport, extracellular",106407;101488;28253;330962,-1000.0,0.0
EX_ins_e,Inosine exchange,Exchange/demand reaction,,-100.0,-99.99999999999761
r2197,Resistance-Nodulation-Cell Division (RND) TCDB:2.A.60.1.14,"Transport, extracellular",108096,-1000.0,1000.0
r0437,Palmitoyl-CoA:L-carnitine O-palmitoyltransferase Fatty acid metabolism EC:2.3.1.21,Fatty acid oxidation,12894;12896,-1000.0,1000.0
r0509,Succinate:Ubiquinone Oxidoreductase,Citric acid cycle,66052;66925;67680;66945,0.0,1.1880274541908875e-11
r1655,Amino Acid-Polyamine-Organocation (APC) TCDB:2.A.3.8.1,"Transport, extracellular",20539,-1000.0,1000.0
r1612,Amino Acid-Polyamine-Organocation (APC) TCDB:2.A.3.8.1,"Transport, extracellular",20539,-1000.0,1000.0
ALCD22_D,Alcohol dehydrogenase (D-lactaldehyde),Pyruvate metabolism,26876;11532;76187;225791;100417514;11522;11529,0.0,1000.0
ATPtx,"ATP transporter, peroxisomal","Transport, peroxisomal",,-1000.0,1000.0
r1517,ATP-binding Cassette (ABC) TCDB:3.A.1.211.1,"Transport, extracellular",11303,0.0,0.0
PRISTCOAtcx,Transport of pristanoylcoa from cytosol to peroxisomes.,"Transport, peroxisomal",19299,0.0,0.0
3SALATAim,"3-sulfino-alanine transaminase (irreversible), mitochondrial",Methionine and cysteine metabolism,14719,0.0,0.0
Kt3r,Potassium transport out via proton antiport,"Transport, extracellular",,-1000.0,1000.0
HMR_3334,Acyl Coenzyme A Oxidase,Fatty acid oxidation,11430;80911,0.0,1.6129320101754274e-12
ACOAO4p,Acyl CoA oxidase  decanoyl CoA   peroxisomal,Fatty acid oxidation,11430;80911,0.0,0.0
LEUTAm,Leucine transaminase  mitochondrial,"Valine, leucine, and isoleucine metabolism",12036,-1000.0,1.2073418030569952e-12
SK_Tyr_ggn_c,Sink for Tyr-194 Of Apo-Glycogenin Protein (Primer For Glycogen Synthesis),Exchange/demand reaction,,112.12446400424852,112.12446400424989
Ser_Thrtg,Ser FSLASH Thrtg,"Transport, golgi apparatus",,0.0,0.0
GCHOLAt,Glycocholate transport via bicarbonate countertransport,"Transport, extracellular",101488;28253;108096,-1000.0,1000.0
r1949,Y+LAT2 Utilized transport,"Transport, extracellular",330836,0.0,1000.0
r1877,Y+LAT2 Utilized transport,"Transport, extracellular",330836,0.0,1000.0
r1567,Amino Acid-Polyamine-Organocation (APC) TCDB:2.A.3.8.1,"Transport, extracellular",20539,-1000.0,1000.0
HMR_7197,HMR 7197,O-glycan metabolism,,481.58511776591104,481.58511776593554
NDPK8n,"Nucleoside-diphosphate kinase (ATP:dADP), nuclear",Nucleotide interconversion,18102;18103,-1000.0,1000.0
PE226_HSt1e,"Transport of 1-Docosahexenoylglyceroethanolamine (Delta 4, 7, 10, 13, 16, 19), Lpe (22:6), Vescicular","Transport, extracellular",,0.0,0.0
r1953,Y+LAT2 Utilized transport,"Transport, extracellular",330836,0.0,1000.0
r2267,Resistance-Nodulation-Cell Division (RND) TCDB:2.A.60.1.5,"Transport, extracellular",101488,0.0,1000.0
Kt1,Potassium transport via uniport (facilitated diffusion),"Transport, extracellular",16523;20928;16514;20927,-1000.0,0.0
HMR_0303,HMR 0303,"Transport, extracellular",11303,0.0,0.0
GLACter,"D-glucurono-6,3-lactone transport, endoplasmic reticulum","Transport, endoplasmic reticular",,0.0,0.0
DGK1,Deoxyguanylate kinase (dGMP:ATP),Nucleotide interconversion,14923,-2.2777251039125023e-12,0.0
OROTGLUt,Orotate-Glutamate Antiport,"Transport, extracellular",108114,-1000.0,1000.0
RE0452M,DTMP Kinase,Pyrimidine synthesis,,-5.0455195577114864e-12,4.149569576838985e-12
r1428,Free diffusion,"Transport, peroxisomal",,-1000.0,978.9581376198978
r1819,Y+LAT2 Utilized transport,"Transport, extracellular",330836,0.0,1000.0
URIt5,Uridine transport in via sodium symport (1:2),"Transport, extracellular",114304,0.0,1000.0
FAOXC204,Beta oxidation of long chain fatty acid,Fatty acid oxidation,11409;11364,0.0,7.484383483339722e-13
r1744,Y+LAT2 Utilized transport,"Transport, extracellular",330836,0.0,1000.0
r2308,Resistance-Nodulation-Cell Division (RND) TCDB:2.A.60.1.14,"Transport, extracellular",108096,-1000.0,1000.0
r0422,Isocitrate:NADP+ oxidoreductase (decarboxylating) Citrate cycle (TCA cycle) EC:1.1.1.42,Miscellaneous,15926;269951,0.0,3.467448550509289e-12
r0202,Sn-Glycerol-3-phosphate:NAD+ 2-oxidoreductase Glycerophospholipid metabolism EC:1.1.1.8,Glycolysis/gluconeogenesis,14555,-978.9581376199119,1000.0
r1562,Amino Acid-Polyamine-Organocation (APC) TCDB:2.A.3.8.1,"Transport, extracellular",20539,-1000.0,1000.0
TYRt,L-tyrosine transport,"Transport, extracellular",72472,-1000.0,1000.0
HYPOE,Hypothetical enyme,Vitamin B6 metabolism,57028,0.0,0.0
PPItm,"Diphopshate transporter, mitochondrial","Transport, mitochondrial",,-4.547473508864641e-12,3.382183422218077e-12
HMR_3520,HMR 3520,"Transport, mitochondrial",,-1000.0,1000.0
EX_gly_e,Glycine exchange,Exchange/demand reaction,,99.99999999999136,100.0
CRNtp,Carnitine transport into peroxsiome,"Transport, peroxisomal",,-1000.0,1000.0
HMR_9610,HMR 9610,"Transport, extracellular",20500,0.0,1000.0
EX_itp_e,Exchange of ITP,Exchange/demand reaction,,99.99999999999557,100.0
DCYTtm,Deoxycytidine facilated transport in mitochondria,"Transport, mitochondrial",13340;63959,-688.9572714784564,-688.95727147842
BTNtn,"Biotin transport, nuclear","Transport, nuclear",,0.0,1000.0
HMR_2652,HMR 2652,"Transport, mitochondrial",207151;171405;434674;20517;236149;236293;319800;57279;214663;30805,0.0,0.0
r1912,Y+LAT2 Utilized transport,"Transport, extracellular",330836,0.0,1000.0
HMR_2649,HMR 2649,"Transport, mitochondrial",207151;171405;434674;20517;236149;236293;319800;57279;214663;30805,-3.221740110184537e-12,0.0
ACNAMtn,N-acetylneuraminate nuclear import,"Transport, nuclear",,0.0,0.0
DGULND,Dehydro-L-gulonate decarboxylase,Pentose phosphate pathway,,0.0,0.0
r2143,Resistance-Nodulation-Cell Division (RND) TCDB:2.A.60.1.14,"Transport, extracellular",108096,-1000.0,1000.0
r0721,(S)-3-Hydroxytetradecanoyl Coenzyme A Hydro-Lyase,Fatty acid oxidation,74147;93747;97212,0.0,0.0
OCDEAFABP1tc,Transport of octadecenoyl coA into the enterocytes,"Transport, endoplasmic reticular",14080,-1000.0,500.0
PPItx,"Diphosphate transporter, peroxisome","Transport, peroxisomal",,0.0,0.0
HMR_0761,Ceramide Glucosyltransferase,Sphingolipid metabolism,22234,0.0,0.0
SERDGLNexR,D-Serine/Glutamine reversible exchange,"Transport, extracellular",53896;17254,-1000.0,1000.0
r2259,Resistance-Nodulation-Cell Division (RND) TCDB:2.A.60.1.5,"Transport, extracellular",101488,0.0,1000.0
DOCOSACT,Activation of docosanoic acid for transport,Fatty acid oxidation,94180;328845,0.0,0.0
r2313,Resistance-Nodulation-Cell Division (RND) TCDB:2.A.60.1.2,"Transport, extracellular",24059,-1000.0,1000.0
r1529,ATP-binding Cassette (ABC) TCDB:3.A.1.211.1,"Transport, extracellular",11303,0.0,0.0
EX_sphmyln18116_hs_e,Exchange of Sphingomyelin (D18:1/16:0),Exchange/demand reaction,,0.0,2.9771740628348198e-12
FAOXC2031836m,Beta oxidation of fatty acid,Fatty acid oxidation,11409;11364,0.0,2.5011104298755527e-12
r1645,Amino Acid-Polyamine-Organocation (APC) TCDB:2.A.3.8.1,"Transport, extracellular",20539,-1000.0,1000.0
DNDPt4m,DATP transport via dUDP antiport,"Transport, mitochondrial",67283,0.0,2.8990143619012088e-11
r1135,Hydroxysteroid (17-Beta) Dehydrogenase 7,Miscellaneous,15490,0.0,0.0
r1576,Amino Acid-Polyamine-Organocation (APC) TCDB:2.A.3.8.1,"Transport, extracellular",20539,-1000.0,1000.0
CYSt4,L-cysteine reversible transport via sodium symport,"Transport, extracellular",56774;70008;74338;57394;67760,0.0,1000.0
ITPtn,ITP nuclear transport,"Transport, nuclear",,-1000.0,1000.0
GLYt7_311_r,GLYt7 LPAREN 311 RPAREN r,"Transport, extracellular",104245,-1000.0,1000.0
r1979,Y+LAT2 Utilized transport,"Transport, extracellular",330836,0.0,1000.0
HMR_9593,HMR 9593,"Transport, extracellular",56774;14664,0.0,1000.0
DMATT,Dimethylallyltranstransferase,Cholesterol metabolism,14593,0.0,0.0
AMETtm,S Adenosyl L methionine reversible transport  mitochondrial,"Transport, mitochondrial",,-1000.0,1000.0
TAURt,Taurine transport,"Transport, extracellular",,0.0,1000.0
RE2677G_1,N-Acylsphingosine Galactosyltransferase,Glycosphingolipid metabolism,,0.0,0.0
r2326,Resistance-Nodulation-Cell Division (RND) TCDB:2.A.60.1.2,"Transport, extracellular",24059,-1000.0,1000.0
r0170,Farnesyl-Diphosphate:Farnesyl-Diphosphate Farnesyltransferase,Cholesterol metabolism,14137,-1000.0,0.0
DHFR,Dihydrofolate reductase,Folate metabolism,13361,-1000.0,7.359102046626276
DHPR,"6,7-dihydropteridine reductase",Tetrahydrobiopterin metabolism,110391,0.0,2.049915792667889e-12
FACOAL2042,Fatty-acid--CoA ligase,Fatty acid oxidation,14081,0.0,0.0
HMR_8084,HMR 8084,"Transport, golgi apparatus",,0.0,0.0
EX_CE2839_e,Maltodecaose exchange,Exchange/demand reaction,,99.99999999998875,100.0
GD1Btl,Transport of Gd1B,"Transport, lysosomal",,0.0,0.0
ACCOALm,Acetate-CoA ligase (AMP-forming),Propanoate metabolism,68738;380660,0.0,0.0
r1117,Facilitated diffusion,"Transport, mitochondrial",,5.109923631696347,5.109923631758875
r1903,Y+LAT2 Utilized transport,"Transport, extracellular",330836,0.0,1000.0
r1600,Amino Acid-Polyamine-Organocation (APC) TCDB:2.A.3.8.1,"Transport, extracellular",20539,-1000.0,1000.0
r1632,Amino Acid-Polyamine-Organocation (APC) TCDB:2.A.3.8.1,"Transport, extracellular",20539,-1000.0,1000.0
CYStec,L-cysteine transport via diffusion (extracellular to cytosol),"Transport, extracellular",215113,-1000.0,1000.0
METtec,L-methionine transport via diffusion (extracellular to cytosol),"Transport, extracellular",215113;72401,-1000.0,1000.0
FAOXC226205m,Beta oxidation of long chain fatty acid,Fatty acid oxidation,11409;11364,0.0,1.4665602066088468e-11
r0822,Mitochondrial Carrier (MC) TCDB:2.A.29.2.2,"Transport, mitochondrial",27376,-1000.0,1000.0
EX_gln__L_e,L-Glutamine exchange,Exchange/demand reaction,,-100.0,100.0
FAOXC121C101m,"Fatty Acid Beta Oxidation (C12:1->C10:1), Mitochondrial",Fatty acid oxidation,93747;52538;15107;11364,0.0,3.588240815588506e-12
r1678,Y+LAT2 Utilized transport,"Transport, extracellular",330836,0.0,1000.0
RE2327C,RE2327,Vitamin E metabolism,,-1000.0,1000.0
r2291,Resistance-Nodulation-Cell Division (RND) TCDB:2.A.60.1.5,"Transport, extracellular",101488,0.0,1000.0
EX_sphmyln18114_hs_e,Exchange of Sphingomyelin (D18:1/14:0),Exchange/demand reaction,,0.0,1.3096190798478347e-12
HC00900t4,"Transport of Methylmalonate, Antiport with Phsophate","Transport, extracellular",,-1000.0,1000.0
IMPtr,Transport of IMP,"Transport, extracellular",,-80.60287642768537,-80.60287642765729
VALTAim,Valine transaminase  mitochondiral,"Valine, leucine, and isoleucine metabolism",12036,-981.2124528451086,18.78754715495677
DSMSTEROLtr,"Transport of Desmosterol, Endoplasmatic Reticulum, within Lipoproteins","Transport, endoplasmic reticular",,0.0,2.4224041576067414e-12
ACALDtx,"Acetaldehyde transport via diffusion, glyoxysome","Transport, peroxisomal",,0.0,3.069544618483633e-12
GLYtp,Glycine passive transport to peroxisome,"Transport, peroxisomal",,151.5742146511718,151.5742146511987
ACACT7m,Acetyl-CoA C-acyltransferase (C16:0),Fatty acid oxidation,52538;235674;231086,-5.502442945726216e-12,0.0
r1753,Y+LAT2 Utilized transport,"Transport, extracellular",330836,0.0,1000.0
EX_gsn_e,Guanosine exchange,Exchange/demand reaction,,99.99999999999824,100.00000000000387
HMGCOAtm,Hydroxymethylglutaryl CoA reversible mitochondrial transport,"Transport, mitochondrial",,-1.8189894035458565e-12,4.206412995699793e-12
EX_malthx_e,Maltohexaose exchange,Exchange/demand reaction,,99.99999999999616,100.0
FAOXC140,Beta oxidation of long chain fatty acid,Fatty acid oxidation,11409;11364,0.0,4.676856180483219e-12
GLCt2_2,D-glucose transport in via proton symport,"Transport, extracellular",20537,-1000.0,1000.0
r2253,Resistance-Nodulation-Cell Division (RND) TCDB:2.A.60.1.5,"Transport, extracellular",101488,0.0,1000.0
RTOTALFATPc,Uptake of Rtotal by enterocytes,"Transport, extracellular",26569,0.0,0.0
UPPRT,Uracil phosphoribosyltransferase,Pyrimidine synthesis,331487,999.9999999999919,1000.0
DLNLCGt,Fatty acid transport via diffusion,"Transport, extracellular",26459,0.0,0.0
r2257,Resistance-Nodulation-Cell Division (RND) TCDB:2.A.60.1.5,"Transport, extracellular",101488,0.0,1000.0
PCHOLN264_HSt1e,"Transport of 1-Lignocericylglycerophosphocholine (24:0), Lysopc A C24, Vescicular","Transport, extracellular",,0.0,0.0
HMR_1325,HMR 1325,Eicosanoid metabolism,105349,0.0,1000.0
EX_M00260_e,EX M00260[e],Exchange/demand reaction,,0.0,0.0
r0386,"4-methyl-2-oxopentanoate:[dihydrolipoyllysine-residue (2-methylpropanoyl)transferase] lipoyllysine 2-oxidoreductase (decarboxylating, acceptor-2-methylpropanoylating) EC:1.2.4.4",Miscellaneous,12040;12039;320208,0.0,0.0
FAOXC13C11m,"Fatty Acid Beta Oxidation (C13->C11), Mitochondrial",Fatty acid oxidation,11370;97212;231086,0.0,0.0
GLUPROASCT1,Glutamate intake by system ASCT-1 transporter,"Transport, extracellular",55963,0.0,1000.0
5MTHFt,5-Methyltetrahydrofolate transport via receptor binding and protolysis,"Transport, extracellular",14275;14276,-1000.0,1000.0
RTOTAL2t,RTOTAL2 transport,"Transport, extracellular",,-1.873612376357414e-12,0.0
r1915,Y+LAT2 Utilized transport,"Transport, extracellular",330836,0.0,1000.0
EX_pedh203_hs_e,"Exchange of 1-Dihomo-Linolenoylglycerophosphoethanolamine (20:3, Delta 8, 11, 14)",Exchange/demand reaction,,-1.5916157281026244e-11,0.0
NTD2,5'-nucleotidase (UMP),Pyrimidine catabolism,107569,0.0,1.1368683772161603e-12
r1956,Y+LAT2 Utilized transport,"Transport, extracellular",330836,0.0,1000.0
DURIK1m,"Deoxyuridine kinase (ATP:Deoxyuridine), mitochondrial",Nucleotide interconversion,57813,0.0,1.95179864691193e-12
ACACT1m,Acetyl CoA C acetyltransferase  mitochondrial,Tryptophan metabolism,110446;97212;231086,0.0,0.0
r0716_1,(S)-3-Hydroxyhexadecanoyl Coenzyme A Hydro-Lyase,Miscellaneous,74147;93747;97212,0.0,8.16065433698708e-12
CO2t,CO2 transporter via diffusion,"Transport, extracellular",,-1000.0,800.0000000000057
r0283,L-Histidine:beta-alanine ligase (AMP-forming) Alanine and aspartate metabolism / Histidine metabolism / beta-Alanine metabolism EC:6.3.2.11,Beta-Alanine metabolism,107239,0.0,0.0
ABUTD,Aminobutyraldehyde dehydrogenase,Beta-Alanine metabolism,56752,0.0,0.0
GD1Cte,Gd1c hs  transport,"Transport, extracellular",,0.0,0.0
ACACtx,"Acetoacetate transport via diffusion, glyoxysome","Transport, peroxisomal",,-3.637978807091713e-12,0.0
D3AIBTm,"D-3-Amino-isobutanoate:pyruvate aminotransferase, mitochondrial",Pyrimidine catabolism,268782,-1000.0,1000.0
PCHOLOLE_HSt1e,"Transport of 1-Oleoylglycerophosphocholine (Delta 9), Vescicular","Transport, extracellular",,0.0,0.0
PHETHPTOX2,"L-Phenylalanine,tetrahydrobiopterin:oxygen oxidoreductase (4-hydroxylating)",Phenylalanine metabolism,18478,0.0,0.0
r1738,Y+LAT2 Utilized transport,"Transport, extracellular",330836,0.0,1000.0
HMR_2702,Carnitine O-Palmitoyltransferase,Fatty acid oxidation,12894;12895;78070,-1000.0,0.0
3HBCOAHLm,"3-hydroxyisobutyryl-CoA hydrolase, mitochondrial","Valine, leucine, and isoleucine metabolism",,18.787547154919253,18.78754715499474
ADNt2,Adenosine transport in via proton symport,"Transport, extracellular",114304;243328,-1000.0,1000.0
EX_sphmyln181201_hs_e,Exchange of Sphingomyelin (D18:1/20:1),Exchange/demand reaction,,0.0,3.2214231282523542e-12
BHBt,(R)-3-Hydroxybutanoate transport via H+ symport,"Transport, extracellular",,-1000.0,1000.0
ACACT4m,Acetyl-CoA C-acyltransferase (C10:0),Fatty acid oxidation,52538;235674;231086,0.0,1.731537989913844e-12
FATP2t,Fatty acid electroneutral transport,"Transport, extracellular",26457,-1000.0,1000.0
HMR_2666,Carnitine O-Palmitoyltransferase,Fatty acid oxidation,12894;12895;78070,0.0,2.9700686354772188e-12
NMNHYD,Nicotinamide ribonucleotide phosphohydrolase,Vitamin B2 metabolism,,0.0,0.0
FAOXC15C13m,"Fatty Acid Beta Oxidation (C15->C13), Mitochondrial",Fatty acid oxidation,11370;97212;231086,0.0,0.0
HMR_0436,HMR 0436,"Transport, extracellular",26457;12491;75497;14077;11770;14080;16592;26568;16204;26569;21884;12140;225579,0.0,0.0
TCA3St,Taurocholic acid 3-sulfate transport via bicarbonate countertransport,"Transport, extracellular",101488;28253,0.0,0.0
TTDCPT2,Carnitine transferase,Fatty acid oxidation,12896,-1000.0000000000025,1000.0
r2319,Resistance-Nodulation-Cell Division (RND) TCDB:2.A.60.1.2,"Transport, extracellular",24059,-1000.0,0.0
r1615,Amino Acid-Polyamine-Organocation (APC) TCDB:2.A.3.8.1,"Transport, extracellular",20539,-1000.0,1000.0
r1816,Y+LAT2 Utilized transport,"Transport, extracellular",330836,0.0,1000.0
ILEtmi,Isoleucine transport from mitochondria to cytosol,"Transport, mitochondrial",,-2.507173783799336e-12,1000.0
PCHOLET_HSt1e,"Transport of 1-Eicosatrienoylglycerophosphocholine (Delta 11, 14, 17), Vescicular","Transport, extracellular",,0.0,0.0
r1698,Y+LAT2 Utilized transport,"Transport, extracellular",330836,0.0,1000.0
PI345P3P,"Phosphatidylinositol-3,4,5-trisphosphate 3-phosphatase",Inositol phosphate metabolism,19211,0.0,0.0
DM_datp_m,DATP demand,Exchange/demand reaction,,0.0,2.5352164811920375e-11
C226COAtx,Fatty acid intracellular transport,"Transport, peroxisomal",,0.0,0.0
PCHOLHEP_HSt1e,"Transport of 1-Heptadecanoylglycerophosphocholine, Vescicular","Transport, extracellular",,0.0,0.0
r1706,Y+LAT2 Utilized transport,"Transport, extracellular",330836,0.0,1000.0
EX_pchol_hs_e,Phosphatidylcholine (homo sapiens) exchange,Exchange/demand reaction,,-96.49488283230357,9.094947017729282e-13
SK_mi14p_c,"Demand for (1R,2R,3R,4R,5R,6S)-2,3,5,6-Tetrahydroxy-4-(Phosphonatooxy)Cyclohexyl Phosphate",Exchange/demand reaction,,0.0,3.679279103607769e-12
VALTA,Valine transaminase,"Valine, leucine, and isoleucine metabolism",12035,0.0,1000.0
HMR_3149,Medium-Chain Acyl Coenzyme A Dehydrogenase,Fatty acid oxidation,229211;11364,0.0,2.034994395216927e-11
r1594,Amino Acid-Polyamine-Organocation (APC) TCDB:2.A.3.8.1,"Transport, extracellular",20539,-1000.0,1000.0
r1589,Amino Acid-Polyamine-Organocation (APC) TCDB:2.A.3.8.1,"Transport, extracellular",20539,-1000.0,1000.0
DM_ach_c,DM ach[c],Exchange/demand reaction,,583.4015468330591,583.4015468331743
ACACT7p,Acetyl CoA acyltransferase  tetradecanoyl CoA   peroxisomal,Fatty acid oxidation,235674,0.0,8.183361646924715e-13
r1518,ATP-binding Cassette (ABC) TCDB:3.A.1.211.1,"Transport, extracellular",11303,0.0,0.0
RE1807M,RE1807,Bile acid synthesis,104086,0.0,0.0
ATPS4mi,ATP synthase (four protons for one ATP),Oxidative phosphorylation,67126;68055;11946;11947;11949;66043;11950;18195;11951;11957;11958;57423;27425;228033;71679;28080;67942,337.66999999999996,337.67
HMR_3329,Acetyl Coenzyme A C-Acyltransferase,Fatty acid oxidation,235674;17919,0.0,0.0
HMR_2282,Stearoyl Coenzyme A 9-Desaturase,Fatty acid synthesis,20249,0.0,0.0
r1933,Y+LAT2 Utilized transport,"Transport, extracellular",330836,0.0,1000.0
r2310,Resistance-Nodulation-Cell Division (RND) TCDB:2.A.60.1.14,"Transport, extracellular",108096,-1000.0,1000.0
NKCCt,Na+-K+-Cl- cotransport,"Transport, extracellular",20495;20496,-1000.0,1000.0
DNDPt16m,DUDP transport via dADP antiport,"Transport, mitochondrial",67283,0.0,4.433786671143025e-12
PCHOLN225_HSt1e,"Transport of 1-Docosapentenoylglycerophosphocholine (Delta 7, 10, 13, 16, 19), Sn1-Lpc (22:5)-W3, Vescicular","Transport, extracellular",,0.0,0.0
r1525,ATP-binding Cassette (ABC) TCDB:3.A.1.211.1,"Transport, extracellular",11303,0.0,0.0
r1716,Y+LAT2 Utilized transport,"Transport, extracellular",330836,0.0,1000.0
r1659,Amino Acid-Polyamine-Organocation (APC) TCDB:2.A.3.8.1,"Transport, extracellular",20539,-1000.0,1000.0
RE1807C,RE1807,Bile acid synthesis,,-909.9480232491848,1000.0
FACOAL1832,Alpha-Linolenic acid:CoA ligase (AMP-forming),Fatty acid oxidation,14081,0.0,0.0
EX_pe226_hs_e,"Exchange of 1-Docosahexenoylglyceroethanolamine (Delta 4, 7, 10, 13, 16, 19), Lpe (22:6)",Exchange/demand reaction,,0.0,0.0
r2519,Utilized transport,"Transport, endoplasmic reticular",,-1000.0,1000.0
CERT1gt,Ceramide transport protein,"Transport, golgi apparatus",68018,-3.242295321115307e-12,3.0042879660009567
RE1898C,Deoxyhypusine Synthase,Urea cycle,,0.0,0.0
NADS1,NAD synthase (nh3),NAD metabolism,78914,0.0,0.0
EX_maltttr_e,Maltotetraose exchange,Exchange/demand reaction,,-100.0,-99.99999999999466
ECOAH1m,"3-Hydroxybutanoyl-CoA hydro-lyase, mitochondria",Tryptophan metabolism,93747;97212;231086;11992,-4.831690603168681e-12,0.0
3MHISt2,Transport of Methyl-Histidine by System L Transport (Lat1),"Transport, extracellular",,-1000.0,1000.0
r2194,Resistance-Nodulation-Cell Division (RND) TCDB:2.A.60.1.14,"Transport, extracellular",108096,-1000.0,1000.0
SK_btn_c,Sink btn[c],Exchange/demand reaction,,-1000.0,0.0
GCA3Sabc,Glycocholic acid 3-sulfate ABC bile acid transporter,"Transport, extracellular",12780;239273;76408;26357,0.0,0.0
SCP22x,Sterol carrier protein 2,"Transport, peroxisomal",20280,-1000.0,1000.0
PESTE_HSABCt,Transport of 1-Stearoylglycerophosphoethanolamine,"Transport, extracellular",320940;50770,0.0,0.0
OLEICFATPtc,Uptake of octadecenoate by the enterocytes,"Transport, extracellular",26569,0.0,0.0
ARGSS,Argininosuccinate synthase,Alanine and aspartate metabolism,11898,0.0,0.0
LCA3St,Lithocholic acid 3-sulfate transport via bicarbonate countertransport,"Transport, extracellular",101488;28253,0.0,0.0
PPItr,"Diphosphate transporter, endoplasmic reticulum","Transport, endoplasmic reticular",,-1000.0,1000.0
EX_xolest2_hs_e,Cholesterol ester (from R2) exchange,Exchange/demand reaction,,0.0,0.0
PNTOt1,Pantothenate sodium symporter  II,"Transport, extracellular",330064,0.0,1000.0
r2228,Resistance-Nodulation-Cell Division (RND) TCDB:2.A.60.1.5,"Transport, extracellular",101488,0.0,1000.0
ALAtN1,"Alanine transport (Na, H coupled)","Transport, extracellular",76257;209837,-1000.0,1000.0
r0698,Propanoyl Coenzyme A:Acetyl Coenzyme A C-Acyltransferase Bile Acid Biosynthesis,Bile acid synthesis,52538;235674;231086,151.57421465117795,151.57421465120083
3DHCDCHOLt,3-Dehydrochenodeoxycholic acid transport via bicarbonate countertransport,"Transport, extracellular",106407;101488;28253;330962,-1000.0,0.0
DM_Lcystin_c,Demand for L-Cystine,Exchange/demand reaction,,545.9992938675136,545.9992938675332
FAOXC226,Beta oxidation of long chain fatty acid,Fatty acid oxidation,11409;11364,0.0,2.3101520696400257e-12
COPROSTt,Coprostanol transport via bicarbonate countertransport,"Transport, extracellular",106407;101488;28253;330962,-1000.0,0.0
HMR_0641,Acetylcholinesterase,Glycerophospholipid metabolism,12038;11423,0.0,9.663381206337363e-13
r0812,Mitochondrial Carrier (MC) TCDB:2.A.29.20.1,Purine catabolism,20524,-1000.0,1000.0
O2tm,O2 transport  diffusion,"Transport, mitochondrial",,-7.466000000002097,-7.465999999989165
r1680,Y+LAT2 Utilized transport,"Transport, extracellular",330836,0.0,1000.0
r2489,Resistance-Nodulation-Cell Division (RND) TCDB:2.A.60.1.14,"Transport, extracellular",108096,0.0,1000.0
r1734,Y+LAT2 Utilized transport,"Transport, extracellular",330836,0.0,1000.0
FAOXC246226x,Beta oxidation of long chain fatty acid,Fatty acid oxidation,74147;235674;15488;11430,0.0,1.8000415972589205e-12
ALCD22_L,Alcohol dehydrogenase (L-lactaldehyde),Pyruvate metabolism,26876;11532;76187;225791;100417514;11522;11529,0.0,1000.0
r1685,Y+LAT2 Utilized transport,"Transport, extracellular",330836,0.0,1000.0
r1530,ATP-binding Cassette (ABC) TCDB:3.A.1.208.15,"Transport, extracellular",27416,0.0,0.0
r2234,Resistance-Nodulation-Cell Division (RND) TCDB:2.A.60.1.5,"Transport, extracellular",101488,0.0,1000.0
DOPAMT,Dopamine:amet O-methyltransferase,Tyrosine metabolism,12846,0.0,0.0
r0381,Hypotaurine:NAD+ oxidoreductase Taurine and hypotaurine metabolism EC:1.8.1.3,Taurine and hypotaurine metabolism,,0.0,1.0231815394945443e-12
CEPTE,Ethanolamine phosphotransferase,Glycerophospholipid metabolism,99712,-8.548717289613705e-13,0.0
r1818,Y+LAT2 Utilized transport,"Transport, extracellular",330836,0.0,1000.0
UDPXYLter,UDP-Xyl endoplasmic reticular transport via CMP antiport,"Transport, endoplasmic reticular",,0.0,0.0
7DHCHOLt2,7-Dehydrocholic acid transport via sodium cotransport,"Transport, extracellular",20493;20494,0.0,1000.0
r1578,Amino Acid-Polyamine-Organocation (APC) TCDB:2.A.3.8.1,"Transport, extracellular",20539,-1000.0,1000.0
HDCECRNte,Transport of Palmitoleoyl-Carnitine,"Transport, extracellular",20520,0.0,1000.0
EX_sphmyln1824_hs_e,Exchange of Sphingomyelin (D18:0/24:0),Exchange/demand reaction,,0.0,2.219113781620763e-12
r1909,Y+LAT2 Utilized transport,"Transport, extracellular",330836,0.0,1000.0
r0480,S-Adenosyl-L-methionine:ethanolamine-phosphate N-methyltransferase Glycerophospholipid metabolism EC:2.1.1.103,Glycerophospholipid metabolism,,-1.0905556014226794e-12,0.0
r0932,Transport reaction,"Transport, lysosomal",,-1000.0,0.0
r1611,Amino Acid-Polyamine-Organocation (APC) TCDB:2.A.3.8.1,"Transport, extracellular",20539,-1000.0,1000.0
ALDD19xr,"Aldehyde dehydrogenase (phenylacetaldehyde, NAD)",Phenylalanine metabolism,621603;67689;73458;56847;11670,0.0,1000.0
LEUyLAThtc,Transport of Leucine by y+LAT1 or y+LAT2 with co-transporter of h in small intestine and kidney,"Transport, extracellular",330836;20540;17254,0.0,1000.0
r1913,Y+LAT2 Utilized transport,"Transport, extracellular",330836,0.0,1000.0
r1650,Amino Acid-Polyamine-Organocation (APC) TCDB:2.A.3.8.1,"Transport, extracellular",20539,-1000.0,1000.0
HMR_0321,HMR 0321,"Transport, extracellular",11303,0.0,1.0231815394945443e-12
SK_lnlccoa_c,Sink lnlccoa[c],Exchange/demand reaction,,-7.389644451905042e-12,0.0
r1546,Amino Acid-Polyamine-Organocation (APC) TCDB:2.A.3.8.1,"Transport, extracellular",20539,-1000.0,1000.0
NNATr,Nicotinate-nucleotide adenylyltransferase,NAD metabolism,226518;74080;66454,0.0,0.0
EX_pi_e,Phosphate exchange,Exchange/demand reaction,,99.99999999999864,100.0
r1143,Major Facilitator(MFS) TCDB:2.A.18.6.3,"Transport, extracellular",76257,0.0,1000.0
r1975,Y+LAT2 Utilized transport,"Transport, extracellular",330836,0.0,1000.0
NACSMCTte,Nicotinate Transport by Smct1,"Transport, extracellular",216225,-1000.0,0.0
r1597,Amino Acid-Polyamine-Organocation (APC) TCDB:2.A.3.8.1,"Transport, extracellular",20539,-1000.0,1000.0
OBDHm,2 Oxobutanoate dehydrogenase,Propanoate metabolism,13171;13382;12039;12040,-21.653459235888107,-21.653459235881922
NADK,NAD kinase,NAD metabolism,192185,0.0,0.0
SPHMYLN18122_hs_SECt,Transport of Sphingomyelin (D18:1/22:0),"Transport, extracellular",,0.0,1.991740106177531e-12
RE0579C_1,Palmitoyl Coenzyme A Hydrolase,Fatty acid synthesis,12012;171281;217700,0.0,0.0
r2221,Resistance-Nodulation-Cell Division (RND) TCDB:2.A.60.1.5,"Transport, extracellular",101488,0.0,1000.0
TCYNTtm,Thiocyanate transport via diffusion (mitochondrial),"Transport, mitochondrial",,0.0,6.139089236967266e-12
KSII_CORE2tly,"Keratan sulfate II (core 2) transport, extracellular to lysosome","Transport, lysosomal",,0.0,0.0
UGCG,Ceramide glucosyltransferase,Sphingolipid metabolism,22234,0.0,1.2505552149377763e-12
EX_phe__L_e,L-Phenylalanine exchange,Exchange/demand reaction,,-100.0,100.0
r0603,"(S)-2-Methylbutanoyl Coenzyme A:Acceptor 2, 3-Oxidoreductase Valine, Leucine And Isoleucine Degradation","Valine, leucine, and isoleucine metabolism",66885;11409;11364,0.0,0.0
HMR_9640,HMR 9640,"Transport, extracellular",,0.0,0.0
r1904,Y+LAT2 Utilized transport,"Transport, extracellular",330836,0.0,1000.0
G3PD2m,"Glycerol-3-phosphate dehydrogenase (FAD), mitochondrial",Glycolysis/gluconeogenesis,14571,0.0,2.7718272122001508e-11
GLNtN1,"Glutamine transport (Na, H coupled)","Transport, extracellular",76257;209837,-1000.0,1000.0
SK_stcoa_c,Sink stcoa[c],Exchange/demand reaction,,-7.926104217403918e-12,6.139089236967266e-12
CEPTC,Choline phosphotransferase,Glycerophospholipid metabolism,99712;212862,0.0,0.0
GSNt4,Guanosine transport in via sodium symport,"Transport, extracellular",114304;269346,0.0,1000.0
PAFS,Alkyl glycerol phosphocholine acetyl transferase,Glycerophospholipid metabolism,,0.0,1.3642420526593924e-12
THRGLYexR,L-threonine/glycine reversible exchange,"Transport, extracellular",53896;17254,-1000.0,1000.0
r1774,Y+LAT2 Utilized transport,"Transport, extracellular",330836,0.0,1000.0
r1856,Y+LAT2 Utilized transport,"Transport, extracellular",330836,0.0,1000.0
NRPPHRt4_2_r,NRPPHRt4 LPAREN 2 RPAREN r,"Transport, extracellular",20538;13162,-1000.0,1000.0
DNDPt44m,DTTP transport via ATP antiport,"Transport, mitochondrial",67283,0.0,0.0
r2292,Resistance-Nodulation-Cell Division (RND) TCDB:2.A.60.1.5,"Transport, extracellular",101488,0.0,1000.0
HMR_0825,Exo-Alpha-Sialidase,Glycosphingolipid metabolism,18010;241159;23956;50877,0.0,1.7053025658242404e-12
EX_pe224_hs_e,"Exchange of 1-Docosatetraenoyglycerophosphoethanolamine (22:4, Delta 7, 10, 13, 16)",Exchange/demand reaction,,0.0,0.0
DNDPt59m,DGTP transport via dADP antiport,"Transport, mitochondrial",67283,0.0,4.263256414560601e-12
TTDCAtr,Fatty acid transport,"Transport, extracellular",26458,0.0,0.0
TMNDNCCPT1,Carnitine O-palmitoyltransferase,Fatty acid oxidation,12894;12895;78070,-7.844391802791506e-12,1.4191314789968601e-11
4HATVACIDtep,Efflux of 4-hydroxy-atorvastatin-acid into portal blood,Drug metabolism,,-1000.0,1000.0
TTDCPT1,Carnitine O-palmitoyltransferase,Fatty acid oxidation,12894;12895;78070,-1000.0,1000.0
OIVD3m,"2-oxoisovalerate dehydrogenase (acylating; 3-methyl-2-oxopentanoate), mitochondrial","Valine, leucine, and isoleucine metabolism",13171;13382;12039;12040,0.0,1.6169510454458908e-12
r1605,Amino Acid-Polyamine-Organocation (APC) TCDB:2.A.3.8.1,"Transport, extracellular",20539,-1000.0,1000.0
EX_pear_hs_e,Exchange of 1-Arachidonoyl-Sn-Glycero-3-Phosphoethanolamine,Exchange/demand reaction,,-3.637978807091713e-12,0.0
r1573,Amino Acid-Polyamine-Organocation (APC) TCDB:2.A.3.8.1,"Transport, extracellular",20539,-1000.0,1000.0
EX_leu__L_e,L-Leucine exchange,Exchange/demand reaction,,-100.0,100.0
HMR_6617,HMR 6617,"Transport, nuclear",,-809.1826132123426,1000.0
HMR_2888,HMR 2888,"Transport, endoplasmic reticular",20520,-1000.0000000000022,1000.0
ACITL,ATP-Citrate lyase,Citric acid cycle,104112,0.0,0.0
PAIL45P_HStn,"Phosphatidylinositol 4,5-bisphosphate nuclear transport (diffusion)","Transport, nuclear",,-500.00000000000074,1.2327803753324821e-12
NADH2_u10mi,NADH2 u10mi,Oxidative phosphorylation,67130;67184;70316;68194;595136;68197;66377;68198;67264;66414;68202;407785;66416;100041273;67273;80286;100042503;66495;68342;68349;104130;68375;225887;17716;226646;17717;54405;17718;17719;17720;227197;17721;17722;102631912;66046;66091;17991;17992;66108;66916;17993;17995;75406;78330;69875;72900;66218;230075,135.06799999998123,135.06800000000786
FACOAL1812_1,Fatty-Acid- Coenzyme A Ligase,Fatty acid oxidation,14081,0.0,1.9326762412674725e-12
CERK,Ceramide kinase,Sphingolipid metabolism,223753,0.0,0.0
r1761,Y+LAT2 Utilized transport,"Transport, extracellular",330836,0.0,1000.0
ARACHDCOAtx,Fatty acid intracellular transport,"Transport, peroxisomal",,0.0,1000.0
r1673,Y+LAT2 Utilized transport,"Transport, extracellular",330836,0.0,1000.0
r1552,Amino Acid-Polyamine-Organocation (APC) TCDB:2.A.3.8.1,"Transport, extracellular",20539,-1000.0,1000.0
OIVD1m,"2-oxoisovalerate dehydrogenase (acylating; 4-methyl-2-oxopentaoate), mitochondrial","Valine, leucine, and isoleucine metabolism",13171;13382;12039;12040,0.0,1.975357932934057e-12
STCRNtr,Transport of O-Octadecanoyl-R-Carnitine,"Transport, extracellular",,0.0,1000.0
CRVStu,Cerivastatin uptake by enterocytes,Drug metabolism,,-1000.0,1000.0
NDP8,Nucleoside-diphosphatase (dUDP),Nucleotide interconversion,21915,0.0,0.0
r1700,Y+LAT2 Utilized transport,"Transport, extracellular",330836,0.0,1000.0
r2298,Resistance-Nodulation-Cell Division (RND) TCDB:2.A.60.1.5,"Transport, extracellular",101488,0.0,1000.0
GALt2_2,D-galactose transport  via proton symport,"Transport, extracellular",20537,-1000.0,1000.0
r0909,Transport Reaction,"Transport, endoplasmic reticular",,-1000.0,0.0
HMR_0387,HMR 0387,"Transport, extracellular",11303,0.0,1.1386334628442688e-12
DOCOSACTDe,Uptake of docosanoic acid by cells by diffusion,Fatty acid oxidation,,0.0,0.0
r1630,Amino Acid-Polyamine-Organocation (APC) TCDB:2.A.3.8.1,"Transport, extracellular",20539,-1000.0,1000.0
r0656,"3-methylbutanoyl-CoA:enzyme N6-(dihydrolipoyl)lysine S-(3-methylbutanoyl)transferase Valine, leucine and isoleucine degradation EC:2.3.1.168",Miscellaneous,13171,0.0,0.0
FACOAL161,Fatty acid  CoA ligase  hexadecenoate,Fatty acid oxidation,14081;328845,0.0,0.0
PEFLIPm,Phosphatidylethanolamine flippase,"Transport, mitochondrial",11980;11982,0.0,9.059645305167112e-13
EX_na1_e,Sodium exchange,Exchange/demand reaction,,-100.0,0.0
ACACT4p,Acetyl CoA C acetyltransferase  octanoyl CoA   peroxisomal,Fatty acid oxidation,235674,0.0,0.0
PE12_HSt1e,"Transport of 1-Didecanoylglycerophosphoethanolamine (C12:0 Pe), Vescicular","Transport, extracellular",,0.0,9.112597874010368e-13
r1638,Amino Acid-Polyamine-Organocation (APC) TCDB:2.A.3.8.1,"Transport, extracellular",20539,-1000.0,1000.0
r1516,ATP-binding Cassette (ABC) TCDB:3.A.1.211.1,"Transport, extracellular",11303,0.0,9.112597874010368e-13
GALGLUSIDEtl,Galgluside hs intracellular transport,"Transport, lysosomal",,0.0,0.0
ACOAR7m,Trans-2-enoyl-CoA reductase (NADPH) (C16:0),Fatty acid oxidation,26922;111175,-1.7662908967930895e-11,2.7284841053187847e-11
CRNCAR3tp,"Carnitine-propcarnitine carrier, peroxisomal","Transport, peroxisomal",,0.0,1000.0
FAOXC9C7m,"Fatty Acid Beta Oxidation (C9->C7), Mitochondrial",Fatty acid oxidation,93747;52538;15107;11364,0.0,0.0
r1843,Y+LAT2 Utilized transport,"Transport, extracellular",330836,0.0,1000.0
DNDPt58m,DGTP transport via ADP antiport,"Transport, mitochondrial",67283,0.0,2.0463630789890885e-12
C226CRNt,C226 transport into the mitochondria,Fatty acid oxidation,,-1000.0,1000.0
VALLAT1tc,"Transport of L-Valine by LAT1 in association with 4F2hc, across the apical surface of the memebranes and Amino Acid-Polyamine-Organocation (APC) TCDB:2.A.3.8.1","Transport, extracellular",20539;17254,-1000.0,1000.0
IBUP_Stdhep,Uptake of ibuprofen-S into hepatocytes,Drug metabolism,,-1000.0,1000.0
NBAHH_ir,Nalpha-(beta-alanyl)-L-histidine hydrolase IR,Beta-Alanine metabolism,66054;338403,0.0,1.2221335055073723e-12
r1959,Y+LAT2 Utilized transport,"Transport, extracellular",330836,0.0,1000.0
r0835,Mitochondrial Carrier (MC) TCDB:2.A.29.2.2,"Transport, mitochondrial",27376,-1000.0,1000.0
r0783,Lanosterol D24-reductase Biosynthesis of steroids EC:1.3.1.72,Cholesterol metabolism,74754,0.0,0.0
NRPPHRtu,Norepinephrine uniport,"Transport, extracellular",20519;20517;20518,-1000.0,1000.0
r1948,Y+LAT2 Utilized transport,"Transport, extracellular",330836,0.0,1000.0
G3PD1ir,Glycerol 3 phosphate dehydrogenase  NAD,Glycerophospholipid metabolism,14555,-1000.0,978.9581376198998
r0451,2-Oxoadipate:lipoamde 2-oxidoreductase(decarboxylating and acceptor-succinylating) Lysine degradation EC:1.2.4.2,Miscellaneous,18293,0.0,3.3437305212240007e-12
3HPVSTETCOAhcm,"Beta oxidation of 3-S-hydroxy-pravastatin-CoA to tatranor-CoA derivative in hepatocytes, mitochondria",Drug metabolism,11370;97212;231086,0.0,0.0
C80CPT1,Production of octanoylcarnitine,Fatty acid oxidation,12894;12895;78070,-1.2807532812075806e-12,1.2505552149377763e-12
HACD6m,3-hydroxyacyl-CoA dehydrogenase (C14:0),Fatty acid oxidation,74147;97212;15107,0.0,0.0
PUNP4,Purine-nucleoside phosphorylase (Deoxyguanosine),Purine catabolism,667034;18950,-1.0125233984581428e-11,1.2278178473934536e-12
RE3431C,RE3431,Eicosanoid metabolism,,-1000.0,1000.0
HSD11B2r,11-beta-hydroxysteroid dehydrogenase type 2,Steroid metabolism,15484,-1000.0,1000.0
TYMte,"Tyraminium Transport, Cytosol","Transport, extracellular",20519;20517;20518,-1000.0,1000.0
PGLYCABCte,Phosphatidylglycerol Transport by ABCa3,"Transport, extracellular",27410,0.0,0.0
IBUP_Rtdu,Passive diffusion of ibuprofen R,Drug metabolism,,-1000.0,1000.0
r1881,Y+LAT2 Utilized transport,"Transport, extracellular",330836,0.0,1000.0
LNELDCCRNtr,"Transport of 6Z,9Z-Octadecadienoylcarnitine","Transport, extracellular",,0.0,1000.0
r2329,Resistance-Nodulation-Cell Division (RND) TCDB:2.A.60.1.2,"Transport, extracellular",24059,-1000.0,1000.0
HMR_0326,HMR 0326,"Transport, extracellular",26457;12491;75497;14077;11770;14080;16592;26568;16204;26569;21884;12140;225579,-1.3073986337985843e-12,0.0
r1743,Y+LAT2 Utilized transport,"Transport, extracellular",330836,0.0,1000.0
PTVSTtep,Efflux of pitavastatin from enterocytes into portal blood,Drug metabolism,,-1000.0,1000.0
NADHtpu,"NADH transporter, peroxisome","Transport, peroxisomal",,0.0,1000.0
r1377,S-(hydroxymethyl)glutathione synthase Methane metabolism EC:4.4.1.22,Miscellaneous,,-1000.0,1000.0
PPM2,Phosphopentomutase 2 (deoxyribose),Pentose phosphate pathway,66681,595.325405298581,595.3254052986116
CBPter,"Carbamoyl phosphate transport, endoplasmic reticulum","Transport, endoplasmic reticular",,0.0,0.0
r1859,Y+LAT2 Utilized transport,"Transport, extracellular",330836,0.0,1000.0
r1602,Amino Acid-Polyamine-Organocation (APC) TCDB:2.A.3.8.1,"Transport, extracellular",20539,-1000.0,1000.0
EX_cys__L_e,L-Cysteine exchange,Exchange/demand reaction,,-100.0,-99.9999999999618
r1553,Amino Acid-Polyamine-Organocation (APC) TCDB:2.A.3.8.1,"Transport, extracellular",20539,-1000.0,1000.0
FAOXC18280m,Beta oxidation of fatty acid,Fatty acid oxidation,11409;11364,0.0,0.0
r1640,Amino Acid-Polyamine-Organocation (APC) TCDB:2.A.3.8.1,"Transport, extracellular",20539,-1000.0,1000.0
r1946,Y+LAT2 Utilized transport,"Transport, extracellular",330836,0.0,1000.0
EX_sphmyln18122_hs_e,Exchange of Sphingomyelin (D18:1/22:0),Exchange/demand reaction,,0.0,2.901234807950459e-12
RE3597C,Carbonyl Reductase (NADPH),Eicosanoid metabolism,109857;12408,-1000.0,1000.0
r1109,Citrate oxaloacetate-lyase ((pro-3S)-CH2COO- -->acetate) Citrate cycle (TCA cycle) EC:4.1.3.6,Miscellaneous,,468.62228005411964,468.62228005417387
r1874,Y+LAT2 Utilized transport,"Transport, extracellular",330836,0.0,1000.0
LACLt,Lactate transport,"Transport, peroxisomal",,0.0,1000.0
r1991,Y+LAT2 Utilized transport,"Transport, extracellular",330836,0.0,1000.0
CYTDt2,Cytidine transport in via proton symport,"Transport, extracellular",114304,-1000.0,900.0000000000009
FAOXC6C4x,"Fatty Acid Beta Oxidation (C6->C4), Peroxisomal",Fatty acid oxidation,74147;235674;15488;11430,0.0,5.611647997992486e-12
RE3273R_1,Phospholipase D,Phosphatidylinositol phosphate metabolism,18805,-1000.0,0.0
r2376,Mitochondrial Carrier (MC) TCDB:2.A.29.7.2,"Transport, mitochondrial",13358,-1000.0,1000.0
r0670,"(S)-3-Methyl-2-oxopentanoate:[dihydrolipoyllysine-residue (2-methylpropanoyl)transferase] lipoyllysine 2-oxidoreductase (decarboxylating, acceptor-2-methylpropanoylating) EC:1.2.4.4",Miscellaneous,12040;12039;320208,0.0,0.0
r0157,L-Glutamine:pyruvate aminotransferase Glutamate metabolism EC:2.6.1.15,Urea cycle,,0.0,559.212615579703
HMR_3335,Enoyl Coenzyme A Hydratase,Fatty acid oxidation,74147,0.0,1.194683000789424e-12
HMR_2650,Carnitine O-Acetyltransferase,"Transport, mitochondrial",12908;12896,-1.0360029629646557e-12,0.0
10FTHFtm,10-Formyltetrahydrofolate mitochondrial transport via diffusion,"Transport, mitochondrial",,-714.7716751744925,-145.52559913718585
EX_cholate_e,Cholate exchange,Exchange/demand reaction,,-100.0,100.0
HMR_0371,HMR 0371,"Transport, extracellular",11303,0.0,0.0
SUCCtm,Succinate transport  mitochondrial,"Transport, mitochondrial",27376,-1000.0,1000.0
r1778,Y+LAT2 Utilized transport,"Transport, extracellular",330836,0.0,1000.0
OCDCAt,Octadecanoate  n C180  transport in via uniport,"Transport, extracellular",26459,-1000.0,1000.0
C204CPT1,Carnitine C20:4 transferase,Fatty acid oxidation,12894;12895;78070,-1000.0,0.0
B3GNT38g,"UDP-GlcNAc:betaGal beta-1,3-N-acetylglucosaminyltransferase 3, Golgi apparatus",Glycosphingolipid metabolism,56386,0.0,0.0
MMAt2e,Facilitated Diffusion via Aquaporin into Extracellular Space,"Transport, extracellular",11833,-1000.0,1000.0
XYLUR,Xylulose reductase,Pentose phosphate pathway,67880,-1000.0,1000.0
EX_thf_e,"5,6,7,8-Tetrahydrofolate exchange",Exchange/demand reaction,,99.99999999999079,100.0
NaKt_1,Na+/K+ Exchanging ATPase,"Transport, extracellular",232975;98660;67821;11928;27222;11931;11932;11933,0.0,0.0
r1732,Y+LAT2 Utilized transport,"Transport, extracellular",330836,0.0,1000.0
r1148,Active transport,"Transport, peroxisomal",,-1000.0000000000044,1000.0
r1978,Y+LAT2 Utilized transport,"Transport, extracellular",330836,0.0,1000.0
THYOCHOLt,Taurohyocholic acid transport via bicarbonate countertransport,"Transport, extracellular",106407;101488;28253;330962,-1000.0,0.0
ECOAH4m,Enoyl-CoA hydratase (C10:0),Fatty acid oxidation,74147;93747;97212,0.0,3.291233952040784e-11
PHPYRtm,"Transport of Phenylpyruvate via Proton Symport, Mitochondrial","Transport, mitochondrial",55951;70456,0.0,3.183231456205249e-12
SK_val__L_c,Sink val L[c],Exchange/demand reaction,,-79.3693249673587,-79.36932496730537
FAOXC18480m,Beta oxidation of fatty acid,Fatty acid oxidation,11409;11364,0.0,5.334399588718952e-12
PI45P4P,"Phosphatidylinositol-4,5-bisphosphate 4-phosphatase",Inositol phosphate metabolism,,0.0,500.0
HMR_6619,HMR 6619,"Transport, nuclear",,-1000.0000000000001,809.1826132123463
GLYBt4_2_r,GLYBt4 LPAREN 2 RPAREN r,"Transport, extracellular",14411,-1000.0,1000.0
HXAND,Hypoxanthine dehydrogenase,Nucleotide interconversion,22436,99.99999999999761,100.00000000000193
r1775,Y+LAT2 Utilized transport,"Transport, extracellular",330836,0.0,1000.0
LKYNRtr3,Transport of L-Kynurenine,"Transport, extracellular",72401,-1000.0,1000.0
DESAT18,Stearoyl CoA desaturase  n C180CoA   n C181CoA,Fatty acid synthesis,20249;328035,0.0,5.424993787528365e-12
PGPP_hs,Phosphatidylglycerol phosphate phosphatase (homo sapiens),Glycerophospholipid metabolism,66461,0.0,3.142375248899043e-12
UREAt,Urea transport via facilitate diffusion,"Transport, extracellular",27411;20537;114479;108052,-1000.0,1000.0
PA_HStm,"Transport of Phosphatidate, Mitochondrial","Transport, mitochondrial",,0.0,1.750777300912887e-11
EX_bilirub_e,Bilirubin exchange,Exchange/demand reaction,,0.0,0.0
7DHCDCHOLt,7-Dehydrochenodeoxycholic acid transport via bicarbonate countertransport,"Transport, extracellular",106407;101488;28253;330962,-1000.0,0.0
EX_gluside_hs_e,Exchange/Demand Reaction,Exchange/demand reaction,,-3.004287966003062,-3.0042879660009567
FAOXC2051843x,Beta oxidation of long chain fatty acid,Fatty acid oxidation,74147;235674;15488;11430,0.0,0.0
EX_peole_hs_e,Exchange of 1-Oleoylglycerophosphoethanolamine (Delta 9),Exchange/demand reaction,,-9.094947017729282e-12,0.0
r1692,Y+LAT2 Utilized transport,"Transport, extracellular",330836,0.0,1000.0
RE0691C,RE0691,Urea cycle,,-1.4511468949562048e-12,0.0
r1585,Amino Acid-Polyamine-Organocation (APC) TCDB:2.A.3.8.1,"Transport, extracellular",20539,-1000.0,1000.0
ASNNm,L-asparaginase (mitochondrial),Alanine and aspartate metabolism,66514,0.0,1.6711965145077556e-11
GLYtm,Glycine passive transport to mitochondria,"Transport, mitochondrial",,-1000.0,-642.6141624127519
r1629,Amino Acid-Polyamine-Organocation (APC) TCDB:2.A.3.8.1,"Transport, extracellular",20539,-1000.0,1000.0
r1890,Y+LAT2 Utilized transport,"Transport, extracellular",330836,0.0,1000.0
ALCD1,Alcohol dehydrogenase (methanol),Miscellaneous,26876;11532;76187;225791;100417514;11522;11529,-3.801403636316536e-12,0.0
r1887,Y+LAT2 Utilized transport,"Transport, extracellular",330836,0.0,1000.0
FUMSO3tm,"Fumarate:sulfite antiport, mitochondrial","Transport, mitochondrial",27376,-1000.0,1000.0
FACOAL245_1,Fatty-acid--CoA ligase,Fatty acid oxidation,14081,0.0,1.7053025658242404e-12
FVStep,Efflux of fluvastatin from enterocytes into portal blood,Drug metabolism,,-1000.0,900.0000000000033
ACOAO5p,Acyl CoA oxidase  dodecanoyl CoA   peroxisomal,Fatty acid oxidation,11430;80911,0.0,1.1018266401907196e-12
HMR_0435,HMR 0435,"Transport, extracellular",11303,0.0,0.0
PROSTGE2t,Prostaglandin transport via bicarbonate countertransport,"Transport, extracellular",24059;108116;108096;108115,-1000.0,1000.0
PYDAMK,Pyridoxamine kinase,Vitamin B6 metabolism,216134,0.0,0.0
HMR_9634,HMR 9634,"Transport, endoplasmic reticular",,0.0,0.0
HMR_2890,Carnitine O-Acetyltransferase,"Transport, endoplasmic reticular",12908,-1000.0,1000.0
r0829,Mitochondrial Carrier (MC) TCDB:2.A.29.2.2,"Transport, mitochondrial",27376,-1000.0,1000.0
r1998,Amino Acid-Polyamine-Organocation (APC) TCDB:2.A.3.8.15,"Transport, extracellular",30962,0.0,1000.0
r2377,Mitochondrial Carrier (MC) TCDB:2.A.29.7.2,"Transport, mitochondrial",13358,-1000.0,1000.0
r2276,Resistance-Nodulation-Cell Division (RND) TCDB:2.A.60.1.5,"Transport, extracellular",101488,0.0,1000.0
r1643,Amino Acid-Polyamine-Organocation (APC) TCDB:2.A.3.8.1,"Transport, extracellular",20539,-1000.0,1000.0
LCA3Sabc,Lithocholic acid 3-sulfate ABC bile acid transporter,"Transport, extracellular",12780;239273;76408;26357,0.0,0.0
NACHORCTL3le,Transport of Nicotinate,"Transport, extracellular",102570,0.0,1000.0
HMR_1629,7Alpha-Hydroxycholest-4-En-3-One 12Alpha-Hydroxylase,"Transport, peroxisomal",13124,0.0,6.366462912410498e-12
FACOAL224,Fatty-acid--CoA ligase,Fatty acid oxidation,14081,0.0,2.1600499167107046e-12
FAOXC6DCC4DCx,"Fatty Acid Beta Oxidation (C6Dc->C4Dc), Peroxisomal",Fatty acid oxidation,74147;235674;15488;11430,0.0,8.021579962862308e-13
DHEASt,Dehydroepiandrosterone sulfate transport via bicarbonate countertransport,"Transport, extracellular",101488;28253;108096,-1000.0,0.0
r1707,Y+LAT2 Utilized transport,"Transport, extracellular",330836,0.0,1000.0
r1599,Amino Acid-Polyamine-Organocation (APC) TCDB:2.A.3.8.1,"Transport, extracellular",20539,-1000.0,1000.0
r1954,Y+LAT2 Utilized transport,"Transport, extracellular",330836,0.0,1000.0
CAt7r,"Calcium / sodium antiporter (1:3), reversible","Transport, extracellular",110893;110891;20541,-1000.0,1000.0
r1610,Amino Acid-Polyamine-Organocation (APC) TCDB:2.A.3.8.1,"Transport, extracellular",20539,-1000.0,1000.0
RE3430X,RE3430,Eicosanoid metabolism,,-1000.0,1000.0
r1653,Amino Acid-Polyamine-Organocation (APC) TCDB:2.A.3.8.1,"Transport, extracellular",20539,-1000.0,1000.0
PI45P3Kn,"Phosphatidylinositol 4,5-bisphosphate 3-kinase, nuclear",Inositol phosphate metabolism,,0.0,1.7053025658242404e-12
r2382,Mitochondrial Carrier (MC) TCDB:2.A.29.7.2,"Transport, mitochondrial",13358,0.0,3.979039320256561e-12
r1976,Y+LAT2 Utilized transport,"Transport, extracellular",330836,0.0,1000.0
r1106,Postulated transport reaction,"Transport, extracellular",,0.0,0.0
HMR_0215,HMR 0215,"Transport, extracellular",11303,0.0,0.0
3MOPt2im,3-Methyl-2-oxopentanoate mitochondrial transport via proton symport,"Transport, mitochondrial",,0.0,1000.0
RE0912C,RE0912,Tyrosine metabolism,20887;29859,0.0,1.9326762412674725e-12
FAOXC181C161m,"Fatty Acid Beta Oxidation (C18:1->C16:1), Mitochondrial",Fatty acid oxidation,11370;97212;231086,0.0,1.3849123867905953e-12
DNDPt12m,DADP transport via ADP antiport,"Transport, mitochondrial",67283,0.0,0.0
r1384,Guanosine aminohydrolase EC:3.5.4.15,Nucleotide interconversion,,-1000.0,-99.99999999999739
PDHm,Pyruvate dehydrogenase,Glycolysis/gluconeogenesis,18598;68263;13382;27402;235339;18597,0.0,4.6838977141305804e-11
SK_hdca_c,Sink hdca[c],Exchange/demand reaction,,-100.0,100.00000000001661
r1934,Y+LAT2 Utilized transport,"Transport, extracellular",330836,0.0,1000.0
DESAT20_1,Fatty acyl-CoA desaturase (n-C20:3CoA -> n-C20:4CoA),Fatty acid synthesis,76267,0.0,1.645301179248943e-12
r1730,Y+LAT2 Utilized transport,"Transport, extracellular",330836,0.0,1000.0
OMHPALTD,Transport of W-Hydroxypalmitic Acid by Diffusion,Fatty acid oxidation,,0.0,3.6415315207705135e-12
r1614,Amino Acid-Polyamine-Organocation (APC) TCDB:2.A.3.8.1,"Transport, extracellular",20539,-1000.0,1000.0
ACP1e,Acid phosphatase  extracellular  secreted,"Transport, extracellular",11431;11648,0.0,0.0
r2275,Resistance-Nodulation-Cell Division (RND) TCDB:2.A.60.1.5,"Transport, extracellular",101488,0.0,1000.0
SPHMYLN181221_hs_SECt,Transport of Sphingomyelin (D18:1/22:1),"Transport, extracellular",,0.0,5.857092588712476e-12
DM_n5m2masn_g,"Demand for  ((N-Acetyl-D-Glucosaminyl)5-(Alpha-D-Mannosyl)2-Beta-D-Mannosyl-Diacetylchitobiosyl)-L-Asparagine (Protein),  Golgi Apparatus",Exchange/demand reaction,,0.0,100.0
HSD3B7,"Hydroxy-delta-5-steroid dehydrogenase, 3 beta- and steroid delta-isomerase 7",Bile acid synthesis,15494;15492;15497;15493,-1000.0,0.0
GLRASE,Glucuronolactone reductase,Vitamin C metabolism,,36.64221465116991,36.642214651201044
CITtam,Citrate transport  mitochondrial,"Transport, mitochondrial",13358,-1000.0,1000.0
PVSHtu,Uptake of pravastatin by enterocytes via proton coupled mechanism,Drug metabolism,,-1000.0,1000.0
IBUP_Stdu,Passive diffusion of ibuprofen S,Drug metabolism,,-1000.0,1000.0
EX_pe_hs_e,Phosphatidylethanolamine (homo sapiens) exchange,Exchange/demand reaction,,-45.5661795579953,-45.56617955799119
SK_coa_c,Sink coa[c],Exchange/demand reaction,,0.0,0.0
HSD3B7P,"Hydroxy-delta-5-steroid dehydrogenase, 3 beta- and steroid delta-isomerase 7",Bile acid synthesis,101502,0.0,1000.0
HMGCOARx,Hydroxymethylglutaryl CoA reductase (ir),Cholesterol metabolism,15357,0.0,1000.0
ITKPK,Inositol-tetrakisphosphate 1-kinase,Inositol phosphate metabolism,217837,0.0,0.0
HMR_3966,Nucleoside-Triphosphate Diphosphatase,Nucleotide metabolism,16434,0.0,0.0
RE3164C,RE3164,Fatty acid oxidation,,0.0,0.0
DNDPt3m,DATP transport via dCDP antiport,"Transport, mitochondrial",67283,0.0,5.5706550483591855e-12
TSULt4_3,Thiosulfate transport via sodium symport,"Transport, extracellular",55961,-1000.0,1000.0
r0934,Neurotransmitter:Sodium Symporter (NSS) TCDB:2.A.22.3.3,"Transport, peroxisomal",21366,0.0,1000.0
GLNyLATthc,Transport of Glutamine by y+LAT1 or y+LAT2 with co-transporter of h in small intestine and kidney,"Transport, extracellular",330836;20540;17254,0.0,1000.0
r1745,Y+LAT2 Utilized transport,"Transport, extracellular",330836,0.0,1000.0
r0023,NADH:Ferricytochrome-B5 Oxidoreductase,Miscellaneous,109754;72017;320635,0.0,3.3279237951236693e-12
HYOCHOLt2,Hyocholic acid transport via sodium cotransport,"Transport, extracellular",20493;20494,0.0,1000.0
GLUTCOADHm,Glutaryl-CoA dehydrogenase (mitochondria),Tryptophan metabolism,270076,0.0,2.4442670110147446e-12
SUCOASm,Succinate  CoA ligase  ADP forming,Citric acid cycle,56451;20916,-1000.0,18.787547154950403
FUMSO4tm,"Fumarate:sulfate antiport, mitochondrial","Transport, mitochondrial",27376,-1000.0,1000.0
r1782,Y+LAT2 Utilized transport,"Transport, extracellular",330836,0.0,1000.0
GCDCA3St,Glycochenodeoxycholic acid 3-sulfate via bicarbonate countertransport,"Transport, extracellular",101488;28253,0.0,0.0
PCHOL2OLE_HSt1e,"Transport of 2-Oleoylglycerophosphocholine, Vescicular","Transport, extracellular",,0.0,0.0
HMR_0374,Palmitoyl Coenzyme A Hydrolase,Fatty acid oxidation,171210;12012;171281;217700;171282;70025,0.0,1.1368683772161603e-12
PELPALM_HSt1e,"Transport of 1-Palmitoylglycerophosphoethanolamine, Vescicular","Transport, extracellular",,0.0,0.0
CBPPer,"Carbamoyl phosphate phosphotransferase, endoplasmic reticulum",Glycolysis/gluconeogenesis,14378;68401;14377,0.0,0.0
DM_taur_c,Demand for Taurine,Exchange/demand reaction,,0.0,1.8189894035458565e-12
r1725,Y+LAT2 Utilized transport,"Transport, extracellular",330836,0.0,1000.0
PVStep,Pravastatin exit into portal blood,Drug metabolism,,-1000.0,1000.0
SERtN1,"Serine transport (Na, H coupled)","Transport, extracellular",209837,-1000.0,1000.0
r1581,Amino Acid-Polyamine-Organocation (APC) TCDB:2.A.3.8.1,"Transport, extracellular",20539,-1000.0,1000.0
FACOAL241,Fatty-acid--CoA ligase,Fatty acid oxidation,14081,0.0,0.0
EHGLAT2m,"L-erythro-4-Hydroxyglutamate:2-oxoglutarate aminotransferase 2, mitochondrial",Arginine and proline metabolism,14719,0.0,0.0
AKR1C41,"Aldo-keto reductase family 1, member C4 (chlordecone reductase; 3-alpha hydroxysteroid dehydrogenase, type I; dihydrodiol dehydrogenase 4)",Bile acid synthesis,83702,0.0,1000.0
SK_tmndnccoa_c,Sink tmndnccoa[c],Exchange/demand reaction,,0.0,2.1742607714259066e-11
FOLABCCte,Folate Transport by ABCa11,"Transport, extracellular",18670;12780;239273;17250;27416;26357,0.0,1.2505552149377763e-12
DESAT16,Palmitoyl CoA desaturase  n C160CoA   n C161CoA,Fatty acid synthesis,20249,0.0,1.609379296496627e-12
r1888,Y+LAT2 Utilized transport,"Transport, extracellular",330836,0.0,1000.0
DNDPt28m,DCDP transport via dGDP antiport,"Transport, mitochondrial",67283,0.0,1.786570891226802e-12
PHCDm,L 1 pyrroline 3 hydroxy 5 carboxylate dehydrogenase,Arginine and proline metabolism,212647,0.0,1000.0
ITCOAL1m,"Itaconate--CoA ligase (GDP-forming), mitochondrial",C5-branched dibasic acid metabolism,56451;20917,-1000.0,0.0
ALDD21,"Aldehyde dehydrogenase (pristanal, NAD)",Fatty acid oxidation,11671,0.0,776.8007038205898
PYDXK,Pyridoxal kinase,Vitamin B6 metabolism,216134,0.0,0.0
UDPtl,Udp intracellular transport,"Transport, lysosomal",,-9.094947017729282e-13,0.0
ECOAH12m,"Enoyl-coa hydratase, 3-Hydroxyisobutyryl-CoA forming","Valine, leucine, and isoleucine metabolism",93747;97212;231086,18.78754715491891,18.787547154944036
NEU39e,"Sialidase, Plasma Membrane (Neu3)",Sphingolipid metabolism,50877,0.0,0.0
r2274,Resistance-Nodulation-Cell Division (RND) TCDB:2.A.60.1.5,"Transport, extracellular",101488,0.0,1000.0
MALSO3tm,"Malate:sulfite antiport, mitochondrial","Transport, mitochondrial",27376,-1000.0,1000.0
HMR_0439,HMR 0439,"Transport, extracellular",11303,0.0,1.4779288903810084e-12
MALTt1r,Maltose transport (uniport),"Transport, extracellular",20527,0.0,0.0
2HATVLACtep,Efflux of 2-hydroxy-atorvastatin-lactone into portal blood,Drug metabolism,,-1000.0,1000.0
r1942,Y+LAT2 Utilized transport,"Transport, extracellular",330836,0.0,1000.0
r1980,Y+LAT2 Utilized transport,"Transport, extracellular",330836,0.0,1000.0
r1477,Long-Chain-Acyl Coenzyme A Dehydrogenase,Fatty acid oxidation,74147;15108;15107;15488,0.0,9.123368727159686e-12
r1988,Y+LAT2 Utilized transport,"Transport, extracellular",330836,0.0,1000.0
HMR_0842,(N-Acetylneuraminyl)-Galactosylglucosylceramide N-Acetylgalactosaminyltransferase,Glycosphingolipid metabolism,14421,0.0,0.0
r1604,Amino Acid-Polyamine-Organocation (APC) TCDB:2.A.3.8.1,"Transport, extracellular",20539,-1000.0,1000.0
r1801,Y+LAT2 Utilized transport,"Transport, extracellular",330836,0.0,1000.0
r1736,Y+LAT2 Utilized transport,"Transport, extracellular",330836,0.0,1000.0
PHEt2m,Phenylalanine mitochondrial transport via proton symport,"Transport, mitochondrial",,-4.774847184307873e-12,0.0
MAL_Ltx,Transport reaction for malate,"Transport, peroxisomal",,-1000.0,1000.0
r2043,Amino Acid-Polyamine-Organocation (APC) TCDB:2.A.3.8.15,"Transport, extracellular",30962,0.0,1000.0
r2140,Resistance-Nodulation-Cell Division (RND) TCDB:2.A.60.1.14,"Transport, extracellular",108096,-1000.0,1000.0
HMR_3397,HMR 3397,Fatty acid oxidation,,0.0,1.756019601868224e-12
r1940,Y+LAT2 Utilized transport,"Transport, extracellular",330836,0.0,1000.0
FAOXC80,Beta oxidation of med/long chain fatty acid,Fatty acid oxidation,11409;11364,0.0,8.858691558089049e-12
PMTCOAFABP1tc_1,Transport of Palmitoyl Coenzyme A,"Transport, endoplasmic reticular",14080,-500.0,500.00000000000813
r1947,Y+LAT2 Utilized transport,"Transport, extracellular",330836,0.0,1000.0
r0423,Isocitrate:NADP+ oxidoreductase (decarboxylating) Citrate cycle (TCA cycle) EC:1.1.1.42,Miscellaneous,15926;269951,0.0,1000.0
GABAVESSEC_1,GABA Secretion via Secretory Vesicle (ATP Driven),"Transport, extracellular",22348,0.0,0.0
L_LACtcm,L-lactate transport via diffusion (cytosol to mitochondria),"Transport, mitochondrial",64008,779.0024957121207,779.0024957121678
r2388,Mitochondrial Carrier (MC) TCDB:2.A.29.7.2,"Transport, mitochondrial",13358,0.0,5.002220859751105e-12
RE3076X,Long-Chain-Aldehyde Dehydrogenase,Fatty acid oxidation,,-776.8007038206118,0.0
r1958,Y+LAT2 Utilized transport,"Transport, extracellular",330836,0.0,1000.0
EX_leuktrC4_e,Leukotriene C4 exchange,Exchange/demand reaction,,99.99999999998704,100.0
HMR_1283,HMR 1283,"Transport, peroxisomal",,-1000.0,1000.0
BETALDHy,Betaine-aldehyde dehydrogenase,"Glycine, serine, alanine, and threonine metabolism",110695,-1000.0,1000.0000000000119
ACChex,Palmitoyl Coenzyme A Hydrolase,Fatty acid oxidation,171210;12012;171281;217700;171282;70025,0.0,0.0
r0942,Neurotransmitter:Sodium Symporter (NSS) TCDB:2.A.22.3.4,"Transport, extracellular",102857,-1000.0,1000.0
THBPT4ACAMDASE,Tetrahydrobiopterin-4a-carbinolamine dehydratase,Tetrahydrobiopterin metabolism,13180,0.0,3.218758592993254e-12
r2490,Resistance-Nodulation-Cell Division (RND) TCDB:2.A.60.1.14,"Transport, extracellular",108096,0.0,1000.0
HMR_3396,HMR 3396,Fatty acid oxidation,,0.0,1.2633766384078878e-12
MI1PS,Myo Inositol 1 phosphate synthase,Inositol phosphate metabolism,71780,-1.2073418030569952e-12,4.005774558354182
r1515,ATP-binding Cassette (ABC) TCDB:3.A.1.211.1,"Transport, extracellular",11303,0.0,0.0
r1898,Y+LAT2 Utilized transport,"Transport, extracellular",330836,0.0,1000.0
ODECRNtr,Transport of L-Oleoylcarnitine,"Transport, extracellular",,0.0,1000.0
r1987,Y+LAT2 Utilized transport,"Transport, extracellular",330836,0.0,1000.0
r1569,Amino Acid-Polyamine-Organocation (APC) TCDB:2.A.3.8.1,"Transport, extracellular",20539,-1000.0,1000.0
DCTPtn,DCTP diffusion in nucleus,"Transport, nuclear",,-295.60734959706383,704.3926504029969
ATPasel_1,"V-Type ATPase, H+ Transporting, Lysosomal","Transport, lysosomal",66290;66335;140494;73834;108664;110935;242341;11964;11966;114143;11972;11973;74915;66144;11974;27060;11975;338375;21871;11984;66237;68775,0.0,0.0
r2241,Resistance-Nodulation-Cell Division (RND) TCDB:2.A.60.1.5,"Transport, extracellular",101488,0.0,1000.0
r2317,Resistance-Nodulation-Cell Division (RND) TCDB:2.A.60.1.2,"Transport, extracellular",24059,-1000.0,1000.0
METLEUex,Methionine/Leucine exchange (Met in),"Transport, extracellular",20539;17254,0.0,1000.0
PCHOLN15_HSt1e,"Transport of 1-Pentadecanoylglycerophosphocholine, Sn1-Lpc (15:0), Vescicular","Transport, extracellular",,0.0,0.0
3HKYNAKGAT,3-Hydroxy-L-kynurenine:2-oxoglutarate aminotransferase,Tryptophan metabolism,70266;23923,0.0,1000.0
SK_cys__L_c,Sink cys L[c],Exchange/demand reaction,,-1000.0,-999.9999999999587
FOLOAT2tc,Folate Transport by Oats,"Transport, extracellular",108114;19879,-1000.0,1000.0
r0647,Spontaneous reaction,Tryptophan metabolism,,0.0,1000.0
r0432_1,Palmitoyl Coenzyme A:L-Carnitine O-Palmitoyltransferase,Fatty acid oxidation,12894;12896,-3.637978807091713e-12,2.7462476737127872e-12
ELAIDCPT1,Carnitine O-palmitoyltransferase,Fatty acid oxidation,12894;12895;78070,-3.353761712787673e-12,0.0
INSTt2,Inositol transport in via proton symport,"Transport, extracellular",239606,-1000.0,1000.0
EX_tyr__L_e,L-Tyrosine exchange,Exchange/demand reaction,,-100.0,100.0
MI3PS,1D-myo-inositol-3-phosphate lyase (isomerizing),Inositol phosphate metabolism,71780,-1.548689922286608e-12,4.005774558356797
SPHMYLN1824_hs_SECt,Transport of Sphingomyelin (D18:0/24:0),"Transport, extracellular",,0.0,3.1734614935885475e-12
SK_ile__L_c,Sink ile L[c],Exchange/demand reaction,,-149.15136067354754,50.84863932645419
r1702,Y+LAT2 Utilized transport,"Transport, extracellular",330836,0.0,1000.0
NMNAT,Nicotinamide-nucleotide adenylyltransferase,NAD metabolism,226518;74080,-1.1368683772161603e-12,0.0
PPCOAtm,"Propanoyl-CoA transport, mitochondria","Transport, mitochondrial",,-1000.0,1000.0
FDH,Formate dehydrogenase,Fatty acid oxidation,107747,0.0,4.255772201322045e-12
r2331,Resistance-Nodulation-Cell Division (RND) TCDB:2.A.60.1.2,"Transport, extracellular",24059,-1000.0,0.0
EX_malttr_e,Maltotriose exchange,Exchange/demand reaction,,-100.0,-99.99999999999781
ALAGLYexR,L-alanine/glycine reversible exchange,"Transport, extracellular",53896;17254,-1000.0,1000.0
r2268,Resistance-Nodulation-Cell Division (RND) TCDB:2.A.60.1.5,"Transport, extracellular",101488,0.0,1000.0
HMR_9665,HMR 9665,"Transport, golgi apparatus",,0.0,1.0231815394945443e-12
r1896,Y+LAT2 Utilized transport,"Transport, extracellular",330836,0.0,1000.0
r0834,Mitochondrial Carrier (MC) TCDB:2.A.29.2.2,"Transport, mitochondrial",27376,-1000.0,1000.0
SK_gly_c,Sink gly[c],Exchange/demand reaction,,999.9999999999934,1000.0
r2535,Major Facilitator(MFS) TCDB:2.A.1.44.1,"Transport, extracellular",72401,-1000.0,1000.0
r2389,Mitochondrial Carrier (MC) TCDB:2.A.29.7.2,"Transport, mitochondrial",13358,0.0,4.547473508864641e-12
RPEc,Ribulose 5-Phosphate 3-Epimerase,Pentose phosphate pathway,66646,-537.3079528218473,462.69204717816035
GUAD,Guanine deaminase,Purine catabolism,14544,0.0,900.0000000000011
r1740,Y+LAT2 Utilized transport,"Transport, extracellular",330836,0.0,1000.0
r1783,Y+LAT2 Utilized transport,"Transport, extracellular",330836,0.0,1000.0
r1773,Y+LAT2 Utilized transport,"Transport, extracellular",330836,0.0,1000.0
HMR_7749,Beta-D-Glucose 6-Phosphate Ketol-Isomerase,Glycolysis/gluconeogenesis,14751,-714.9137517847487,1000.0
C40CPT1,Production of butyrylcarnitine,Fatty acid oxidation,12894;12895;78070,0.0,0.0
EX_k_e,K+ exchange,Exchange/demand reaction,,-100.0,0.0
PROSTGI2t,Prostaglandin I2 transport,"Transport, extracellular",,-1000.0,1000.0
HMR_3332,3-Hydroxyacyl Coenzyme A Dehydrogenase,Fatty acid oxidation,74147;15488,0.0,0.0
r1805,Y+LAT2 Utilized transport,"Transport, extracellular",330836,0.0,1000.0
DCA3St,Deoxycholic acid 3-sulfate transport via bicarbonate countertransport,"Transport, extracellular",101488;28253,0.0,0.0
r0908,Postulated transport reaction,"Transport, endoplasmic reticular",,0.0,1000.0
HMR_2866,Carnitine O-Acetyltransferase,"Transport, endoplasmic reticular",12908,-1.3528733688872308e-11,0.0
FACOAL246_1,Fatty-acid--CoA ligase,Fatty acid oxidation,14081,0.0,0.0
ESTRONEtr,Estrone intracellular transport,"Transport, endoplasmic reticular",,-1000.0,0.0
r0733,(S)-Hydroxyhexanoyl Coenzyme A:NAD+ Oxidoreductase,Fatty acid oxidation,74147;97212;15107,0.0,1.0086688860094536e-11
r1651,Amino Acid-Polyamine-Organocation (APC) TCDB:2.A.3.8.1,"Transport, extracellular",20539,-1000.0,1000.0
FAOXC4020m,Beta oxidation of med/long chain fatty acid,Fatty acid oxidation,93747;52538;11409;15107,0.0,1.0109608037118668e-11
CE2510t,Transport of 11-Cis-Eicosenoate,"Transport, extracellular",,0.0,0.0
AKGICITtm,"Dicarboxylate/tricarboxylate carrier (akg:icit), mitochondrial","Transport, peroxisomal",13358,-1000.0,1000.0
DCSPTN1COAtx,Fatty acid intracellular transport,"Transport, peroxisomal",,-2.2424728740588763e-12,0.0
r1970,Y+LAT2 Utilized transport,"Transport, extracellular",330836,0.0,1000.0
ADRNCOAtx,Fatty acid intracellular transport,"Transport, peroxisomal",,0.0,3.358353452425613e-12
SPHMYLN18118_hs_SECt,Transport of Sphingomyelin (D18:1/18:0),"Transport, extracellular",,0.0,2.76489942052649e-12
SRTNtu,Serotonin uniport,"Transport, extracellular",20517;20518,-1000.0,1000.0
EX_pe15_hs_e,Exchange of 1-Pentadecanoylglycerophosphoethanolamine (C15:0 Pe),Exchange/demand reaction,,-1.2846612662542611e-11,0.0
r2258,Resistance-Nodulation-Cell Division (RND) TCDB:2.A.60.1.5,"Transport, extracellular",101488,0.0,1000.0
Htx,"H transporter, peroxisome","Transport, peroxisomal",,-393.7031413954044,1000.0
r2294,Resistance-Nodulation-Cell Division (RND) TCDB:2.A.60.1.5,"Transport, extracellular",101488,0.0,1000.0
CRNt,L carnitine reversible transport,"Transport, extracellular",20520,-1000.0,1000.0
EX_lpchol_hs_e,Lysophosphatidylcholine (homo sapiens) exchange,Exchange/demand reaction,,-23.545492955476107,72.94938987688249
MMTSADm,"Malonate-semialdehyde dehydrogenase (acetylating), mitochondrial","Valine, leucine, and isoleucine metabolism",,18.787547154888003,18.787547154981695
CE2537ABCt,"Transport of 15-Hydroxy- (8Z, 11Z, 13E)-Eicosatrienoate, Active","Transport, extracellular",26568;26569;26457;26458;26459;225579,0.0,0.0
THFtm,"5,6,7,8-Tetrahydrofolate transport, diffusion, mitochondrial","Transport, mitochondrial",,-854.4744008629206,-285.2283248255176
Htg,"Proton transport, Golgi","Transport, golgi apparatus",,0.0,0.0
PCHOLN205_HSt1e,"Transport of 1-Eicosapentenoylglycerophosphocholine (Delta 5, 8, 11, 14, 17), Sn1-Lpc (20:5), Vescicular","Transport, extracellular",,0.0,0.0
r1860,Y+LAT2 Utilized transport,"Transport, extracellular",330836,0.0,1000.0
GLYt4,Glycine transport via sodium symport,"Transport, extracellular",56774;69354;70008;74338;57394;67760;105727,0.0,1000.0
VALtec,L-valine transport via diffusion (extracellular to cytosol),"Transport, extracellular",215113;72401,-1000.0,1000.0
PROSTGD2t,Prostaglandin transport via bicarbonate countertransport,"Transport, extracellular",24059,-1000.0,1000.0
r2236,Resistance-Nodulation-Cell Division (RND) TCDB:2.A.60.1.5,"Transport, extracellular",101488,0.0,1000.0
BILIRUBtr,"Lipid, flip-flop intracellular transport","Transport, endoplasmic reticular",,-1000.0,1000.0
LPS2,Lipase,Triacylglycerol synthesis,16956;12613,0.0,2.4420465649654943e-12
HMR_0366,Palmitoyl Coenzyme A Hydrolase,Fatty acid oxidation,171210;12012;171281;217700;171282;70025,0.0,0.0
HMR_6558,"Phosphatidylinositol-3, 4, 5-Trisphosphate 3-Phosphatase",Inositol phosphate metabolism,234129;19211,0.0,0.0
SRTNENT4tc,Serotonin Transport by Ent4,"Transport, extracellular",243328,-1000.0,1000.0
EX_sphmyln18120_hs_e,Exchange of Sphingomyelin (D18:1/20:0),Exchange/demand reaction,,0.0,2.0676793610618915e-12
SPHMYLN18120_hs_SECt,Transport of Sphingomyelin (D18:1/20:0),"Transport, extracellular",,0.0,1.91580085129317e-12
SPHMYLN18117_hs_SECt,Transport of Sphingomyelin (D18:1/17:0),"Transport, extracellular",,0.0,1.7643664307342988e-12
SUCCt4_3,Succinate transport via sodium symport,"Transport, extracellular",114644,0.0,1000.0
CYTDK2m,"Cytidine kinase (ATP), mitochondrial",Nucleotide interconversion,,0.0,1.4779288903810084e-12
ADK3,Adentylate kinase (GTP),Nucleotide interconversion,229949,-88.50876175055282,1000.0
34DHPHAMT,"3,4-Dihydroxyphenylacetate:amet O-methyltransferase",Tyrosine metabolism,12846,0.0,0.0
r1931,Y+LAT2 Utilized transport,"Transport, extracellular",330836,0.0,1000.0
SPHMYLN181161_hs_SECt,Transport of Sphingomyelin (D18:1/16:1),"Transport, extracellular",,0.0,1.8554047187535616e-12
URIt2,Uridine transport in via proton symport,"Transport, extracellular",114304,-1000.0,900.0000000000009
LEUt5m,Leucine mitochondrial transport,"Transport, mitochondrial",,-1000.0,1.0610771520684163e-12
EX_fe2_e,Fe2+ exchange,Exchange/demand reaction,,-1.807620719773695e-11,0.0
r0074,L-Glutamate 5-semialdehyde:NAD+ oxidoreductase Arginine and proline metabolism EC:1.5.1.12,Urea cycle,212647,-542.932720171979,-54.751006758467526
TAURtcx,Taurine transport (sodium symport) (cytosol to peroxisome),Taurine and hypotaurine metabolism,21366,-1000.0,0.0
r0788,S-Adenosyl-L-methionine:methylethanolamine phosphate N-methyltransferase Glycerophospholipid metabolism EC:2.1.1.103,Sphingolipid metabolism,,0.0,9.203847129753133e-12
r2218,Resistance-Nodulation-Cell Division (RND) TCDB:2.A.60.1.5,"Transport, extracellular",101488,0.0,1000.0
NTD1,5'-nucleotidase (dUMP),Pyrimidine catabolism,50773;107569,0.0,0.0
VALt5m,Valine reversible mitochondrial transport,"Transport, mitochondrial",,-981.2124528451063,18.7875471549581
3HPVSTETtev,Exit of 3-S-hydroxy-pravastatin-tetranor into hepatic vein,Drug metabolism,,0.0,0.0
r1590,Amino Acid-Polyamine-Organocation (APC) TCDB:2.A.3.8.1,"Transport, extracellular",20539,-1000.0,1000.0
EX_gal_e,D-Galactose exchange,Exchange/demand reaction,,0.0,0.0
RE3010X,Carbonyl Reductase (NADPH),Eicosanoid metabolism,28200,-1000.0,1000.0
HMR_2287,Stearoyl Coenzyme A 9-Desaturase,Fatty acid synthesis,20249,0.0,2.1340434884683345e-12
GT1Atg,Gt1a hs intracellular transport,"Transport, golgi apparatus",,0.0,0.0
HMR_0308,HMR 0308,"Transport, extracellular",26457;12491;75497;14077;11770;14080;16592;26568;16204;26569;21884;12140;225579,0.0,0.0
PEFLIP,Phosphatidylethanolamine flippase,"Transport, extracellular",18670;11980;11982,0.0,1.3642420526593924e-12
r2371,Mitochondrial Carrier (MC) TCDB:2.A.29.7.2,"Transport, mitochondrial",13358,-1000.0,1000.0
C4STMO1r,"C-4 sterol methyl oxidase (4,4-dimethylzymosterol)",Cholesterol metabolism,66234,0.0,3.244811826637791e-12
UDCA3Sabc,Ursodeoxycholic acid 3-sulfate ABC bile acid transporter,"Transport, extracellular",12780;239273;76408;26357,0.0,0.0
ICDCHOLt,Isochenodeoxycholic acid transport via bicarbonate countertransport,"Transport, extracellular",106407;101488;28253;330962,-1000.0,0.0
EX_cytd_e,Cytidine exchange,Exchange/demand reaction,,99.99999999999909,100.0
ASPt6,"L-aspartate transport via Na, H symport and K antiport","Transport, extracellular",20513;20510;20511;242607;20512,0.0,1000.0
HMR_9191,HMR 9191,"Transport, extracellular",53896;17254,0.0,1000.0
HMR_3096,3-Hydroxyacyl Coenzyme A Dehydrogenase,Fatty acid oxidation,74147;15488,0.0,0.0
G6PDH1er,"Glucose-6-phosphate dehydrogenase, endoplasmic reticulum",Pentose phosphate pathway,100198,-1000.0,1000.0
PGP_hs_tm,"Transport of Phosphatidyl Glycerol Phosphate, Mitochondrial","Transport, mitochondrial",,-2.5036305753497627,-2.5036305753495753
SK_ser__L_c,Sink ser L[c],Exchange/demand reaction,,-1000.0,-999.999999999987
HMR_0211,HMR 0211,"Transport, extracellular",11303,0.0,0.0
GUDCA3St,Glycoursodeoxycholic acid 3-sulfate via bicarbonate countertransport,"Transport, extracellular",101488;28253,0.0,0.0
7DHCHOLt,7-Dehydrocholic acid transport via bicarbonate countertransport,"Transport, extracellular",106407;101488;28253;330962,-1000.0,0.0
3DHDCAt2,3-dehydro-deoxycholic acid transport via sodium cotransport,"Transport, extracellular",20493;20494,0.0,1000.0
PA_HSter,Phosphatidate scramblase,"Transport, endoplasmic reticular",,0.0,1000.0
LNLCCRNNAt,"Transport of Linoleyl Carnitine, Sodium Symport","Transport, extracellular",,-1000.0,1000.0
r1571,Amino Acid-Polyamine-Organocation (APC) TCDB:2.A.3.8.1,"Transport, extracellular",20539,-1000.0,1000.0
RSVtev,Exit of rosuvastatin into hepatic vein,Drug metabolism,,-1000.0,1000.0
PCHOLSTE_HSt1e,"Transport of 1-Stearoylglycerophosphocholine, Vescicular","Transport, extracellular",,0.0,0.0
HMR_0194,HMR 0194,"Transport, extracellular",11303,0.0,0.0
r2011,Amino Acid-Polyamine-Organocation (APC) TCDB:2.A.3.8.15,"Transport, extracellular",30962,0.0,1000.0
LPCHOLt,Lysophosphatidylcholine Transport,"Transport, extracellular",,23.545492955444345,23.5454929554718
r1883,Y+LAT2 Utilized transport,"Transport, extracellular",330836,0.0,1000.0
r1682,Y+LAT2 Utilized transport,"Transport, extracellular",330836,0.0,1000.0
HMR_0362,Palmitoyl Coenzyme A Hydrolase,Fatty acid oxidation,171210;12012;171281;217700;171282;70025,0.0,1.2107648217352107e-11
HMR_1557,HMR 1557,Cholesterol metabolism,235293,0.0,0.0
r1866,Y+LAT2 Utilized transport,"Transport, extracellular",330836,0.0,1000.0
DNDPt43m,DUTP transport via ATP antiport,"Transport, mitochondrial",67283,0.0,1.7053025658242404e-12
EX_asn__L_e,L-Asparagine exchange,Exchange/demand reaction,,-100.0,100.0
PUNP5,Purine-nucleoside phosphorylase (Inosine),Purine catabolism,667034;18950,99.99999999999778,100.00000000000165
SK_lys__L_c,Sink lys L[c],Exchange/demand reaction,,-201.7317262210163,-1.7317262210162738
GA1tl,Ganglioside Ga1 (Asialo Gm1) Endocytosis,"Transport, extracellular",,0.0,0.0
HMR_3095,Enoyl Coenzyme A Hydratase,Fatty acid oxidation,74147,0.0,0.0
r2238,Resistance-Nodulation-Cell Division (RND) TCDB:2.A.60.1.5,"Transport, extracellular",101488,0.0,1000.0
EX_sphmyln181161_hs_e,Exchange of Sphingomyelin (D18:1/16:1),Exchange/demand reaction,,0.0,1.8554047187535616e-12
DUTPDPm,DUTP diphosphatase,Nucleotide interconversion,110074;16434,0.0,0.0
DNDPt50m,DTTP transport via dCDP antiport,"Transport, mitochondrial",67283,0.0,1.4859224961583095e-12
r2264,Resistance-Nodulation-Cell Division (RND) TCDB:2.A.60.1.5,"Transport, extracellular",101488,0.0,1000.0
PIt7,Phosphate transport in/out via three Na+ symporter,"Transport, extracellular",20504;105355;20505;319848;218103;20531,-1000.0,1000.0
FAOXC161C141m,"Fatty Acid Beta Oxidation (C16:1->C14:1), Mitochondrial",Fatty acid oxidation,11370;97212;231086,0.0,5.258016244624741e-12
FAS120COA,Fatty acyl CoA synthase  n C120CoA,Fatty acid synthesis,68801;14104;170439;54326,0.0,9.663381206337363e-13
INSt4,Inosine transport in via sodium symport,"Transport, extracellular",114304;269346,0.0,1000.0
r1742,Y+LAT2 Utilized transport,"Transport, extracellular",330836,0.0,1000.0
DNDPt7m,"Deoxynucleotide carrier (datp), mitochondrial","Transport, mitochondrial",67283,0.0,2.241318242113266e-12
EX_xolest181_hs_e,"Exchange of 1-Vaccenoyl-Cholesterol, Cholesterol-Ester (18:1, Delta 11)",Exchange/demand reaction,,0.0,96.49488283230096
r1796,Y+LAT2 Utilized transport,"Transport, extracellular",330836,0.0,1000.0
GLNt,L-glutamine transport via diffusion,"Transport, extracellular",72401,-1000.0,1000.0
r1969,Y+LAT2 Utilized transport,"Transport, extracellular",330836,0.0,1000.0
ATPtm,"ADP/ATP transporter, mitochondrial","Transport, mitochondrial",11739;11740;73333,999.9999999999948,1000.0
PItn,"Phosphate transport, nuclear","Transport, nuclear",,-1000.0,0.0
r2334,Resistance-Nodulation-Cell Division (RND) TCDB:2.A.60.1.2,"Transport, extracellular",24059,-1000.0,1000.0
MMSAD3m,Methylmalonate-semialdehyde dehydrogenase (acylating),Propanoate metabolism,104776,483.4015468330613,483.4015468330822
r0431_1,Palmitoyl Coenzyme A:L-Carnitine O-Palmitoyltransferase,Fatty acid oxidation,12894;12896,-3.738290722728433e-12,1.6300567458228352e-12
DESAT18_3,Stearoyl-CoA desaturase (n-C18:0CoA -> n-C18:1CoA),Fatty acid synthesis,20249,0.0,2.5153212845907547e-12
r1606,Amino Acid-Polyamine-Organocation (APC) TCDB:2.A.3.8.1,"Transport, extracellular",20539,-1000.0,1000.0
UCHOLt,Ursocholic acid transport via bicarbonate countertransport,"Transport, extracellular",106407;101488;28253;330962,-1000.0,0.0
HMR_8510,HMR 8510,"Transport, mitochondrial",,0.0,2.8421709430404007e-12
LEUKTRD4t,Leukotriene D4 transport,"Transport, extracellular",,-1000.0,907.1173507895882
ACHEe,Acetylcholinesterase,Glycerophospholipid metabolism,11423,0.0,4.092726157978177e-12
MI14Ptn,"Inositol 1,4-bisphosphate nuclear transport (diffusion)","Transport, nuclear",,-4.661160346586257e-12,8.242295734817162e-13
r2249,Resistance-Nodulation-Cell Division (RND) TCDB:2.A.60.1.5,"Transport, extracellular",101488,0.0,1000.0
r1981,Y+LAT2 Utilized transport,"Transport, extracellular",330836,0.0,1000.0
ARACHCPT1,Carnitine transferase,Fatty acid oxidation,12894;12895;78070,0.0,1.1505307163379496e-12
RE2651R,RE2651,Vitamin A metabolism,,-1000.0,0.0
CYSPHELAT2tc,Transport of L-Cysteine into the cell and efflux of L-Phenylalanine out of the cell by LAT2 on the basolateral surfaces of kidney and intestine and Amino Acid-Polyamine-Organocation (APC) TCDB:2.A.3.8.1,"Transport, extracellular",50934,-1000.0,1000.0
GLUVESSEC,L-glutamate secretion via secretory vesicle (ATP driven),"Transport, extracellular",72961;140919;216227,0.0,0.0
CHOLD,Choline dehydrogenase,"Glycine, serine, alanine, and threonine metabolism",218865,-8.007507700392086e-13,0.0
UGLT,UDPglucose--hexose-1-phosphate uridylyltransferase,Galactose metabolism,14430,-1000.0,1000.0
NDPK9n,"Nucleoside-diphosphate kinase (ATP:IDP), nuclear",Nucleotide interconversion,18102;18103,-1000.0,1000.0
r2392,Mitochondrial Carrier (MC) TCDB:2.A.29.7.2,"Transport, mitochondrial",13358,0.0,3.694822225952521e-12
EX_atp_e,EX atp LPAREN e RPAREN,Exchange/demand reaction,,-100.0,-99.9999999999942
r1771,Y+LAT2 Utilized transport,"Transport, extracellular",330836,0.0,1000.0
MMALtm,"Transport of Methylmalonate, Mitochondrial","Transport, mitochondrial",,0.0,3.669392275409528e-12
34DHPHELAT1tc,"Transport of 3,4-Dihydroxy-L-phenylalanine by LAT1 in association with 4F2hc, across the apical surface of the memebranes.","Transport, extracellular",20539;17254,0.0,1000.0
EX_Rtotal_e,R total exchange,Exchange/demand reaction,,23.545492955431023,23.54549295546572
ADK3m,Adentylate kinase  GTP,Nucleotide interconversion,56248,-1000.0,1000.0000000000023
ADNt4,Adenosine transport (Na/Adn cotransport),"Transport, extracellular",114304;434203;269346,0.0,1000.0
r0899,Amino acid transporter ATB0+ Facilitated diffusion,"Transport, extracellular",,-1.1925388293953266e-12,1000.0
RE3238C,RE3238,Fatty acid synthesis,,0.0,1.6484591469634324e-12
r1146,Biosynthesis of Steroids Enzyme Catalyzed,"Transport, mitochondrial",,0.0,0.0
RE0453M,Nucleoside-Diphosphate Kinase,Pyrimidine synthesis,56520,-5.343281372915953e-12,0.0
DESAT20_2,Fatty acyl-CoA desaturase (n-C20:4CoA -> n-C20:5CoA),Fatty acid synthesis,76267,0.0,2.141105268172034e-12
PPAtm,"Propanoate transport, mitochondria","Transport, mitochondrial",,-3.865352482534945e-12,0.0
r1876,Y+LAT2 Utilized transport,"Transport, extracellular",330836,0.0,1000.0
r2387,Mitochondrial Carrier (MC) TCDB:2.A.29.7.2,"Transport, mitochondrial",13358,0.0,4.888534022029489e-12
ADNK1m,"Adenosine kinase, mitochondria",Nucleotide interconversion,,0.0,1.6295113406764965e-12
HMR_3478,HMR 3478,"Transport, peroxisomal",,0.0,0.0
r2327,Resistance-Nodulation-Cell Division (RND) TCDB:2.A.60.1.2,"Transport, extracellular",24059,-1000.0,0.0
r2305,Resistance-Nodulation-Cell Division (RND) TCDB:2.A.60.1.5,"Transport, extracellular",101488,0.0,1000.0
HMR_4422,L-Ornithine Carboxy-Lyase (Putrescine-Forming),Arginine and proline metabolism,18263,0.0,0.0
PSSA1_hs,Phosphatidylserine synthase homo sapiens,Glycerophospholipid metabolism,19210,-35.0508280548985,-29.542737702497917
NTPP9,Nucleoside triphosphate pyrophosphorylase (itp),Nucleotide interconversion,16434,0.0,5.002220859751105e-12
r1862,Y+LAT2 Utilized transport,"Transport, extracellular",330836,0.0,1000.0
OIVD2m,"2-oxoisovalerate dehydrogenase (acylating; 3-methyl-2-oxobutanoate), mitochondrial","Valine, leucine, and isoleucine metabolism",13171;13382;12039;12040,0.0,18.787547154941763
TCDCA3Sabc,Taurochenodeoxycholic acid 3-sulfate ABC bile acid transporter,"Transport, extracellular",12780;239273;76408;26357,0.0,0.0
EX_sphmyln181181_hs_e,Exchange of Sphingomyelin (D18:1/18:1),Exchange/demand reaction,,0.0,1.7510437544387969e-12
HMR_1623,HMR 1623,"Transport, peroxisomal",,-1000.0000000000013,1000.0
CBR2,Carbonyl reductase [NADPH] 1,Eicosanoid metabolism,12408,0.0,1000.0
MGSA2,Methyglyoxylate synthase 2 (from g3p),Pyruvate metabolism,,0.0,4.547473508864641e-12
DNDPt60m,DGTP transport via dUDP antiport,"Transport, mitochondrial",67283,0.0,6.821210263296962e-12
GULND,Gulonate dehydrogenase,Miscellaneous,58810,0.0,1.0862085229910655e-12
ACt2m,Acetate mitochondrial transport via proton symport,"Transport, mitochondrial",,-1000.0,-468.6222800541366
NDPK2n,"Nucleoside-diphosphate kinase (ATP:UDP), nuclear",Nucleotide interconversion,18102;18103,-1000.0,1000.0
INSTt4,Inositol transport via sodium symport,"Transport, extracellular",53881,-1000.0,1000.0
HDCECRNtr,Transport of Palmitoleoyl-Carnitine,"Transport, extracellular",,0.0,1000.0
PROSTGE2t2m,"Transport of Prostaglandin E2, Mitochondrial","Transport, mitochondrial",,-1000.0,1000.0
NEU310e,"Sialidase, Plasma Membrane (Neu3)",Sphingolipid metabolism,,0.0,0.0
LCADi,Lactaldehyde dehydrogenase,Pyruvate metabolism,67689;110695;73458;19378;56847;11668;621603;11670;11671;56752,0.0,1.4779288903810084e-12
PEAR_HSt1e,"Transport of 1-Arachidonoyl-Sn-Glycero-3-Phosphoethanolamine, Vescicular","Transport, extracellular",,0.0,1.1368683772161603e-12
CRNtx,Carnitine transport peroxisome to mitochondria,"Transport, peroxisomal",,-1000.0,1000.0000000000014
ACRNte,Transport of O-Acetylcarnitine,"Transport, extracellular",20520,-1000.0,1000.0
ALADGLNexR,L-alanine/glutamine reversible exchange,"Transport, extracellular",53896;17254,-1000.0,1000.0
GLYt7_211_r,GLYt7 LPAREN 211 RPAREN r,"Transport, extracellular",14664,-1000.0,1000.0
NTD5m,"5'-nucleotidase (dTMP), mitochondrial",Nucleotide interconversion,103850,5.109923631692659,5.109923631724996
r1800,Y+LAT2 Utilized transport,"Transport, extracellular",330836,0.0,1000.0
r0655,"3-Methylbutanoyl Coenzyme A: (Acceptor) 2, 3-Oxidoreductase Valine, Leucine And Isoleucine Degradation","Valine, leucine, and isoleucine metabolism",56357;11364,0.0,1.1542627465639894e-12
r1846,Y+LAT2 Utilized transport,"Transport, extracellular",330836,0.0,1000.0
r1019,Postulated transport reaction,"Transport, peroxisomal",,-151.5742146512169,-151.57421465111906
DM_k_c,Demand for Potassium,Exchange/demand reaction,,0.0,100.0
r1726,Y+LAT2 Utilized transport,"Transport, extracellular",330836,0.0,1000.0
r2284,Resistance-Nodulation-Cell Division (RND) TCDB:2.A.60.1.5,"Transport, extracellular",101488,0.0,1000.0
GULN3D,L-gulonate 3-dehydrogenase,Pentose phosphate pathway,,0.0,0.0
r2277,Resistance-Nodulation-Cell Division (RND) TCDB:2.A.60.1.5,"Transport, extracellular",101488,0.0,1000.0
LEUKTRA4t,Leukotriene A4 transmembrane (homo sapiens) transport,"Transport, extracellular",236149;207151;236293;319800;171405;434674,-1000.0,900.0000000000146
UCHOLt2,Ursocholic acid transport via sodium cotransport,"Transport, extracellular",20493;20494,0.0,1000.0
r1882,Y+LAT2 Utilized transport,"Transport, extracellular",330836,0.0,1000.0
LCARS,"Lacaldehyde reductase (S-propane-1,2-diol forming)",Pyruvate metabolism,26876;11532;76187;225791;100417514;11522;11529,-1000.0,0.0
r2316,Resistance-Nodulation-Cell Division (RND) TCDB:2.A.60.1.2,"Transport, extracellular",24059,-1000.0,900.0000000000086
r1964,Y+LAT2 Utilized transport,"Transport, extracellular",330836,0.0,1000.0
MTHFD,Methylenetetrahydrofolate dehydrogenase (NADP),Folate metabolism,108156;17769,-1000.0,854.4744008628975
ASNt4,L-asparagine transport in via sodium symport,"Transport, extracellular",56774;69354;70008;74338;57394;67760;105727,0.0,1000.0
r0642,"(S)-Methylmalonate semialdehyde:NAD+ oxidoreductase Valine, leucine and isoleucine degradation EC:1.2.1.3",Miscellaneous,11669;72535;110695;11671;56752,-2.7674520437615818e-12,0.0
HMR_1706,"3Alpha, 7Alpha, 12Alpha-Trihydroxy-5Beta-Cholest-24-Enoyl Coenzyme A Hydratase",Bile acid synthesis,15488,0.0,0.0
PEHSFABPe,Transport of Lysophosphatidylethanolamine,"Transport, endoplasmic reticular",14080,-500.0,500.0
RE2605C,RE2605C,Purine catabolism,,99.9999999999753,100.0
CO2tp,CO2 peroxisomal transport,"Transport, peroxisomal",,64.96037770764684,64.96037770765679
RE2658R,RE2658,Vitamin A metabolism,,0.0,1000.0
MCPST,3-mercaptopyruvate sulfurtransferase,Methionine and cysteine metabolism,246221,0.0,4.5702108764089644e-11
PCHOLMYR_Hst1e,"Transport of 1-Myristoylglycerophosphocholine, Vescicular","Transport, extracellular",,0.0,1.1167476042475824e-12
EX_imp_e,IMP exchange,Exchange/demand reaction,,80.60287642766855,80.60287642768458
HMR_0287,HMR 0287,"Transport, extracellular",11303,0.0,1.4347154785002273e-12
r1684,Y+LAT2 Utilized transport,"Transport, extracellular",330836,0.0,1000.0
56DURAt,"Transport of 5, 6-Dihydrouracil, Sodium Symport","Transport, extracellular",,-1000.0,1000.0
RTOTAL2FATPc,Uptake of Rtotal2 by enterocytes,"Transport, extracellular",26569,0.0,0.0
VALB0AT3tc,Valine Transport by B0At3,"Transport, extracellular",22598;57394,0.0,1000.0
CE2512te,Ce2512Te,"Transport, extracellular",,-9.094947017729282e-13,0.0
BALAPAT1tc2,Transport of 3-Ureidopropionate,"Transport, extracellular",,-1000.0,1000.0
C05769te3,Transport by OATP1B Carriers into Extracellular Space,"Transport, extracellular",101488;28253,0.0,1.3589242533524833e-12
HXPRT,Hypoxanthine phosphoribosyltransferase (Hypoxanthine),Nucleotide salvage pathway,15452,0.0,1.1937117960769683e-12
PGPP_hsc,"Transport of Phosphatidyl Glycerol Phosphate, Mitochondrial",Glycerophospholipid metabolism,,2.5036305753474153,2.503630575349763
HMR_7628,L-Phenylalanine:Oxygen Oxidoreductase (Decarboxylating),Phenylalanine metabolism,76113;13861;11758;69675,0.0,0.0
r1710,Y+LAT2 Utilized transport,"Transport, extracellular",330836,0.0,1000.0
4HPRO_LTte,Transport of trans-4-hydroxy-L-proline,"Transport, extracellular",,0.0,3.154809746774845e-12
DIGALSGALSIDEte,Transport of Digalactosylceramidesulfate,"Transport, extracellular",,0.0,0.0
ACGAMK,N-acetylglucosamine kinase,Aminosugar metabolism,56174,0.0,0.0
COPROSTt2,Coprostanol transport via sodium cotransport,"Transport, extracellular",20493;20494,0.0,1000.0
HMR_0378,Palmitoyl Coenzyme A Hydrolase,Fatty acid oxidation,171210;12012;171281;217700;171282;70025,0.0,0.0
PEPCKm,Phosphoenolpyruvate carboxykinase (GTP),Glycolysis/gluconeogenesis,74551;18534,228.8372286113755,228.83722861139398
LEUt4,L-leucine transport in via sodium symport,"Transport, extracellular",57394;56774;11988;11987;69354;70008;74338;11989;17254;105727,0.0,1000.0
r1926,Y+LAT2 Utilized transport,"Transport, extracellular",330836,0.0,1000.0
DNDPt49m,DTTP transport via dADP antiport,"Transport, mitochondrial",67283,0.0,0.0
7DHCDCHOLt2,7-Dehydrochenodeoxycholic acid transport via sodium cotransport,"Transport, extracellular",20493;20494,0.0,1000.0
EX_glu__L_e,L-Glutamate exchange,Exchange/demand reaction,,-100.0,-99.99999999998789
SK_arg__L_c,Sink arg L[c],Exchange/demand reaction,,-61.7248367073947,-61.724836707393486
r1633,Amino Acid-Polyamine-Organocation (APC) TCDB:2.A.3.8.1,"Transport, extracellular",20539,-1000.0,1000.0
r1713,Y+LAT2 Utilized transport,"Transport, extracellular",330836,0.0,1000.0
EX_adp_e,Adp exchange,Exchange/demand reaction,,0.0,0.0
UTPtn,UTP diffusion in nucleus,"Transport, nuclear",,-809.1826132123443,1000.0
RE2626C,RE2626,Bile acid synthesis,,-1000.0,1000.0
r0575,Presqualene Diphosphate:Farnesyl-Diphosphate Farnesyltransferase,Cholesterol metabolism,14137,-1000.0,0.0
HMR_0422,Palmitoyl Coenzyme A Hydrolase,Fatty acid oxidation,171210;12012;171281;217700;171282;70025,0.0,0.0
EX_leuktrA4_e,Leukotriene A4 exchange,Exchange/demand reaction,,99.99999999998829,100.0
r1789,Y+LAT2 Utilized transport,"Transport, extracellular",330836,0.0,1000.0
r1635,Amino Acid-Polyamine-Organocation (APC) TCDB:2.A.3.8.1,"Transport, extracellular",20539,-1000.0,1000.0
HMR_1666,Cholate Coenzyme A Ligase,"Transport, mitochondrial",26459;26458,0.0,0.0
NMNDA,Nicotinamide-nucleotide amidase,NAD metabolism,,0.0,0.0
r1564,Amino Acid-Polyamine-Organocation (APC) TCDB:2.A.3.8.1,"Transport, extracellular",20539,-1000.0,1000.0
DNDPt23m,DTDP transport via dGTP antiport,"Transport, mitochondrial",67283,0.0,1.4779288903810084e-12
r1677,Y+LAT2 Utilized transport,"Transport, extracellular",330836,0.0,1000.0
r1583,Amino Acid-Polyamine-Organocation (APC) TCDB:2.A.3.8.1,"Transport, extracellular",20539,-1000.0,1000.0
r2247,Resistance-Nodulation-Cell Division (RND) TCDB:2.A.60.1.5,"Transport, extracellular",101488,0.0,1000.0
XOLEST2te,Cholesterol ester transporter,"Transport, extracellular",,-1.9326762412674725e-12,0.0
EX_sphmyln18118_hs_e,Exchange of Sphingomyelin (D18:1/18:0),Exchange/demand reaction,,0.0,9.876544027065393e-13
r1679,Y+LAT2 Utilized transport,"Transport, extracellular",330836,0.0,1000.0
LTHSTRLtr,"Transport of 5Alpha-Cholest-7-En-3Beta-Ol, Endoplasmatic Reticulum","Transport, endoplasmic reticular",,0.0,0.0
r2378,Mitochondrial Carrier (MC) TCDB:2.A.29.7.2,"Transport, mitochondrial",13358,-1000.0,1000.0
LEUtec,L-leucine transport via diffusion,"Transport, extracellular",215113;72401,-1000.0,1000.0
CYANSTm,"Cyanide sulfurtransferase, mitochondrial",Miscellaneous,22117,0.0,4.111958293183345e-12
EX_doco13ac_e,Exchange of Docosenoic Acid (C22:1),Exchange/demand reaction,,-2.2737367544323206e-12,0.0
CRMte,Ceramide Diffusion,Sphingolipid metabolism,,0.0,3.0042879660037443
PRDX,Peroxidase (multiple substrates),Miscellaneous,13861;11758,0.0,5.229594535194337e-12
PHETA1m,"L-Phenylalanine:2-oxoglutarate aminotransferase, mitochondria",Phenylalanine metabolism,234724;14719,0.0,5.115907697472721e-12
RE1447N_1,"Phosphatidylinositol-3,4-Bisphosphate 4-Phosphatase",Phosphatidylinositol phosphate metabolism,,-500.0,1.1652900866465643e-12
r1961,Y+LAT2 Utilized transport,"Transport, extracellular",330836,0.0,1000.0
DM_gd3_hs_l,"Demand for  Gd3,  Lysosomal",Exchange/demand reaction,,0.0,0.0
It,Iodide uniport,"Transport, extracellular",216225,-1000.0,1000.0
r2484,Resistance-Nodulation-Cell Division (RND) TCDB:2.A.60.1.14,"Transport, extracellular",108096,0.0,1000.0
SK_glu__L_c,Sink glu L[c],Exchange/demand reaction,,-1000.0,-999.999999999987
P45046A1r,"Cytochrome P450, family 46, subfamily A, polypeptide 1",Bile acid synthesis,13116,0.0,0.0
5HOXINDACTO2OX,5-Hydroxyindoleacetaldehyde:oxygen oxidoreductase,Tryptophan metabolism,11761,0.0,0.0
r2220,Resistance-Nodulation-Cell Division (RND) TCDB:2.A.60.1.5,"Transport, extracellular",101488,0.0,1000.0
LEUPHELAT2tc,Transport of L-Leucine into the cell and efflux of L-Phenylalanine out of the cell by LAT2 on the basolateral surfaces of kidney and intestine and Amino Acid-Polyamine-Organocation (APC) TCDB:2.A.3.8.1,"Transport, extracellular",50934,-1000.0,1000.0
r1657,Amino Acid-Polyamine-Organocation (APC) TCDB:2.A.3.8.1,"Transport, extracellular",20539,-1000.0,1000.0
NEU21,"Sialidase, Cytosol (Neu2)",Sphingolipid metabolism,23956,0.0,1.2505552149377763e-12
ASPte,Diffusion of aspartate into blood,"Transport, extracellular",,0.0,1000.0
DM_na1_c,Sink na1,Exchange/demand reaction,,0.0,100.0
EX_ump_e,UMP exchange,Exchange/demand reaction,,0.0,0.0
r0885,Mitochondrial Carrier (MC) TCDB:2.A.29.2.7,"Transport, mitochondrial",27376,-1000.0,1000.0
DNDPt6m,DATP transport via dGDP antiport,"Transport, mitochondrial",67283,0.0,1.2505552149377763e-12
CYTDtm,Cytidine facilated transport in mitochondria,"Transport, mitochondrial",63959,0.0,2.7284841053187847e-12
PHEtec,L-phenylalanine transport via diffusion (extracellular to cytosol),"Transport, extracellular",72472;215113;72401,-1000.0,1000.0
PESTE_HSt1e,"Transport of 1-Stearoylglycerophosphoethanolamine, Vescicular","Transport, extracellular",,0.0,0.0
CYANtm,Cyanide transport via diffusion (mitochondrial),"Transport, mitochondrial",,0.0,3.770897780018497e-12
3DHDCAt,3-dehydro-deoxycholic acid transport via bicarbonate countertransport,"Transport, extracellular",106407;101488;28253;330962,-1000.0,0.0
G6PDH2c,Glucose 6-Phosphate Dehydrogenase,Pentose phosphate pathway,14381,0.0,333.3333333333354
FRDPtc,"Lipid, flip-flop intracellular transport","Transport, peroxisomal",,-1000.0,1000.0
r1586,Amino Acid-Polyamine-Organocation (APC) TCDB:2.A.3.8.1,"Transport, extracellular",20539,-1000.0,1000.0
r1723,Y+LAT2 Utilized transport,"Transport, extracellular",330836,0.0,1000.0
LTA4H,Leukotriene A-4 hydrolase,Eicosanoid metabolism,16993,0.0,2.2737367544323206e-12
r1531_1,ATP-Binding Cassette (ABC) Tcdb:3.A.1.208.15,"Transport, extracellular",27416,0.0,0.0
EX_trp__L_e,L-Tryptophan exchange,Exchange/demand reaction,,-100.0,100.0
EX_uri_e,Uridine exchange,Exchange/demand reaction,,99.99999999999818,100.0
r2300,Resistance-Nodulation-Cell Division (RND) TCDB:2.A.60.1.5,"Transport, extracellular",101488,0.0,1000.0
NMNS,NMN synthetase,NAD metabolism,59027,0.0,1.0231815394945443e-12
EX_orn_e,Ornithine exchange,Exchange/demand reaction,,-100.0,100.0
r1817,Y+LAT2 Utilized transport,"Transport, extracellular",330836,0.0,1000.0
r2263,Resistance-Nodulation-Cell Division (RND) TCDB:2.A.60.1.5,"Transport, extracellular",101488,0.0,1000.0
C06439t,"Transport of Prostaglandin E3, Lactate Antiport","Transport, extracellular",,-1000.0,1000.0
r0999,Facilitated diffusion,"Transport, peroxisomal",,-1000.0,1000.0
r1951,Y+LAT2 Utilized transport,"Transport, extracellular",330836,0.0,1000.0
HMR_1095,HMR 1095,"Transport, nuclear",,-688.9572714784595,311.04272852157476
PYK,Pyruvate kinase,Glycolysis/gluconeogenesis,18746;18770,0.0,1000.0
ESTRAABCtc,17Beta-Estradiol 3-Glucosiduronic Acid Transport by ABCa8,"Transport, extracellular",27404,0.0,0.0
GD1Atg,Transport of Gd1A,"Transport, golgi apparatus",,0.0,0.0
r1607,Amino Acid-Polyamine-Organocation (APC) TCDB:2.A.3.8.1,"Transport, extracellular",20539,-1000.0,1000.0
r2390,Mitochondrial Carrier (MC) TCDB:2.A.29.7.2,"Transport, mitochondrial",13358,0.0,4.433786671143025e-12
THMDt2,Thymidine transport in via proton symport,"Transport, extracellular",114304,-1000.0,-5.109923631698052
3AIBt1,"3-Amino-Isobutyrate Transport, Proton Symport","Transport, extracellular",,-1000.0,1000.0
FUMTSULtm,"Fumarate:thiosulfate antiport, mitochondrial","Transport, mitochondrial",27376,-1000.0000000000057,1000.0
r0424,Isocitrate:NADP+ oxidoreductase (decarboxylating) Citrate cycle (TCA cycle) EC:1.1.1.42,Miscellaneous,15926;269951,0.0,6.366462912410498e-12
AKGtp,AKG transporter  peroxisome,"Transport, peroxisomal",,-1000.0,1000.0
FAS100COA,Fatty acyl CoA synthase  n C100CoA,Fatty acid synthesis,68801;14104;170439;54326,0.0,1.4583889651476056e-12
r2235,Resistance-Nodulation-Cell Division (RND) TCDB:2.A.60.1.5,"Transport, extracellular",101488,0.0,1000.0
r1155,TCDB:2.A.1.13.5 TCDB:2.A.1.13.1,"Transport, mitochondrial",20503;20501,0.0,2.454925152051146e-12
r1894,Y+LAT2 Utilized transport,"Transport, extracellular",330836,0.0,1000.0
r1617,Amino Acid-Polyamine-Organocation (APC) TCDB:2.A.3.8.1,"Transport, extracellular",20539,-1000.0,1000.0
ASPTAm,Aspartate transaminase,Alanine and aspartate metabolism,14719,-8.071765478234738e-12,1.4097167877480388e-11
r0604,"(S)-2-methylbutanoyl-CoA:enzyme N6-(dihydrolipoyl)lysine S-(2-methylbutanoyl)transferase Valine, leucine and isoleucine degradation EC:2.3.1.168",Miscellaneous,13171,0.0,1.9422923088700563e-12
q10h2tc,Transport of ubiquinol into cytosol,"Transport, mitochondrial",,-1000.0,1000.0
r2425,Mitochondrial Carrier (MC) TCDB:2.A.29.16.1,"Transport, mitochondrial",67283,0.0,2.41184849869569e-12
RE3432X,Carbonyl Reductase (NADPH),Eicosanoid metabolism,28200,-1000.0,1000.0
r1695,Y+LAT2 Utilized transport,"Transport, extracellular",330836,0.0,1000.0
ACCOACrm,Acetyl Coa carboxylase  mitochondrial,Fatty acid oxidation,100705,0.0,2.604139126560767e-12
EX_cmp_e,CMP exchange,Exchange/demand reaction,,0.0,0.0
DNDPt46m,DTTP transport via dUDP antiport,"Transport, mitochondrial",67283,0.0,2.8683722064215544e-12
FAOXC161802m,Beta oxidation  fatty acid,Fatty acid oxidation,11409;11364,0.0,0.0
ICDHym,Isocitrate dehydrogenase  NADP,Citric acid cycle,269951,-1000.0,-468.6222800541369
r2260,Resistance-Nodulation-Cell Division (RND) TCDB:2.A.60.1.5,"Transport, extracellular",101488,0.0,1000.0
TMDOATPtsc,Uptake of torasemide into enterocytes via antiport,Drug metabolism,,-1000.0,1000.0
H2Otly,"H2O transport, lysosomal","Transport, lysosomal",,0.0,1.4779288903810084e-11
r0840,Free diffusion,"Transport, endoplasmic reticular",,-1000.0,925.3840943563246
HMR_0392,HMR 0392,"Transport, extracellular",26457;12491;75497;14077;11770;14080;16592;26568;16204;26569;21884;12140;225579,0.0,0.0
r1681,Y+LAT2 Utilized transport,"Transport, extracellular",330836,0.0,1000.0
EX_maltpt_e,Maltopentaose exchange,Exchange/demand reaction,,99.99999999999409,100.00000000000767
EX_sphmyln18121_hs_e,Exchange of Sphingomyelin (D18:1/21:0),Exchange/demand reaction,,0.0,1.2101430968414206e-12
EX_pepalm_hs_e,Exchange of 1-Palmitoylglycerophosphoethanolamine,Exchange/demand reaction,,0.0,0.0
FAOXC7C5m,"Fatty Acid Beta Oxidation (C7->C5), Mitochondrial",Fatty acid oxidation,93747;52538;15107;11364,0.0,0.0
r1481,Long-Chain-Acyl Coenzyme A Dehydrogenase,Fatty acid oxidation,52538;235674;231086,0.0,4.121858410144341e-12
r2299,Resistance-Nodulation-Cell Division (RND) TCDB:2.A.60.1.5,"Transport, extracellular",101488,0.0,1000.0
SK_lnlncgcoa_c,Sink lnlncgcoa[c],Exchange/demand reaction,,0.0,3.453237695794087e-12
r1561,Amino Acid-Polyamine-Organocation (APC) TCDB:2.A.3.8.1,"Transport, extracellular",20539,-1000.0,1000.0
3DHCHOLt,3-Dehydrocholic acid  transport via bicarbonate countertransport,"Transport, extracellular",106407;101488;28253;330962,-1000.0,0.0
FTHFCLm,5 formethyltetrahydrofolate cyclo ligase  mitochondrial,Folate metabolism,100039707;107885,0.0,2.2737367544323206e-12
H2Oter,H2O endoplasmic reticulum transport,"Transport, endoplasmic reticular",,-1000.0,1000.0
PROSTGH2t,Prostaglandin H2 transport,"Transport, extracellular",,-1000.0,1000.0
r1757,Y+LAT2 Utilized transport,"Transport, extracellular",330836,0.0,1000.0
SK_gln__L_c,Sink gln L[c],Exchange/demand reaction,,-715.2223296232021,-315.2223296231632
r2381,Mitochondrial Carrier (MC) TCDB:2.A.29.7.2,"Transport, mitochondrial",13358,0.0,3.709033080667723e-12
DMNONCOACRNCPT1,DMNONCOACRNCPT1,Fatty acid oxidation,,-1000.0,1000.0
EX_hco3_e,EX hco3 LPAREN e RPAREN,Exchange/demand reaction,,99.99999999999545,100.0
2HATVACIDtep,Efflux of 2-hydroxy-atorvastatin-acid into portal blood,Drug metabolism,,-1000.0,1000.0
PI4P4Pn,"Phosphatidylinositol-4-phosphate 4-phosphatase, nuclear",Phosphatidylinositol phosphate metabolism,,-4.092726157978177e-12,0.0
MMSAD1m,Methylmalonate-semialdehyde dehydrogenase,"Valine, leucine, and isoleucine metabolism",104776,0.0,1.5197277957795603e-12
TYRPHELAT2tc,Transport of L-Tyrosine into the cell and efflux of L-Phenylalanine out of the cell by LAT2 on the basolateral surfaces of kidney and intestine and Amino Acid-Polyamine-Organocation (APC) TCDB:2.A.3.8.1,"Transport, extracellular",50934,-1000.0,1000.0
PGLYCt,Phosphatidylglycerol Transport,"Transport, extracellular",,0.0,0.0
HC00900t1,"Transport of Methylmalonate, Antiport with Sulphite","Transport, extracellular",,-1000.0,1000.0
r0915,Mitochondrial Carrier (MC) TCDB:2.A.29.7.2,"Transport, mitochondrial",13358,-1000.0,1000.0
EX_akg_e,2-Oxoglutarate exchange,Exchange/demand reaction,,-100.0,-99.999999999995
IDPtn,IDP nuclear transport,"Transport, nuclear",,-1000.0,1000.0
r0084,Oxalosuccinate:NADP+ oxidoreductase (decarboxylating) Citrate cycle (TCA cycle) EC:1.1.1.42,Miscellaneous,15926;269951,0.0,2.1600499167107046e-12
TETHEX3COAtx,Fatty acid intracellular transport,"Transport, peroxisomal",,0.0,2.0084674664152167e-12
r2309,Resistance-Nodulation-Cell Division (RND) TCDB:2.A.60.1.14,"Transport, extracellular",108096,-1000.0,1000.0
SK_thcholstoic_c,"Sink for 3Alpha, 7Alpha, 12Alpha-Trihydroxy-5Beta-Cholestanoate",Exchange/demand reaction,,0.0,0.0
DCMPtm,DCMPtm,"Transport, mitochondrial",,-688.9572714784557,-688.9572714784256
THRGLNexR,L-threonine/glycine reversible exchange,"Transport, extracellular",53896;17254,-1000.0,1000.0
DNDPt19m,DUDP transport via ATP antiport,"Transport, mitochondrial",67283,0.0,0.0
SMS1S2,Sphingomyelin Synthase 1 Or Sphingomyelin Synthase 2,Sphingolipid metabolism,74442;208449,0.0,3.004287966002662
ALAR,Alanine racemase,Alanine and aspartate metabolism,114863,-100.0,100.0
LEUKTRB4t,Leukotriene B4 transmembrane (homo sapiens) transport,"Transport, extracellular",236149;207151;236293;319800;171405;434674,-1000.0,1000.0
CO2tm,CO2 transport  diffusion   mitochondrial,"Transport, mitochondrial",,218.44116912540778,218.44116912542006
FAOXC10DCC8DCx,Fatty Acid Beta Oxidation (C10Dc->C8Dc),Fatty acid oxidation,74147;235674;15488;11430,0.0,0.0
CHSTEROLtrc,Transport of cholesterol into the cytosol,"Transport, endoplasmic reticular",,-1000.0,1000.0
FACOAE1839Z12Z15Z,"Alpha-Linolenoyl-CoA hydrolase (18:3(9Z,12Z,15Z))",Fatty acid oxidation,171210;12012;171281;217700;171282;70025,0.0,0.0
NACHEXA22ly,"Beta-N-acetylhexosaminidase A, lysosomal",Keratan sulfate degradation,15211;15212,0.0,0.0
BTNt4i,Biotin uptake (antiport),"Transport, extracellular",80721,0.0,1000.0
STRDNCCPT1,Carnitine O-palmitoyltransferase,Fatty acid oxidation,12894;12895;78070,-3.4305280614708496e-12,1.7621459846850485e-12
PCHOLN201_HSt1e,"Transport of 1-Eicosenoylglycerophosphocholine (Delta 11) , Sn1-Lpc (20:1), Vescicular","Transport, extracellular",,0.0,0.0
ACACT6m,Acetyl-CoA C-acyltransferase (C14:0),Fatty acid oxidation,52538;235674;231086,-1.4469811082006602e-11,0.0
BALABETAtc,Transport of beta alanine into the intestinal cells by beta transport system,"Transport, extracellular",21366,0.0,1000.0
HMR_7898,HMR 7898,"Transport, extracellular",,-1.5916157281026244e-11,0.0
EX_CE2838_e,Maltononaose exchange,Exchange/demand reaction,,-100.0,-99.99999999999257
ASNtN1,"Asparagine transport (Na, H coupled)","Transport, extracellular",76257;209837,-1000.0,1000.0
DNDPt62m,DGTP transport via dGDP antiport,"Transport, mitochondrial",67283,0.0,3.410605131648481e-12
r1985,Y+LAT2 Utilized transport,"Transport, extracellular",330836,0.0,1000.0
EX_ser__L_e,L-Serine exchange,Exchange/demand reaction,,-100.0,-99.99999999998738
r1781,Y+LAT2 Utilized transport,"Transport, extracellular",330836,0.0,1000.0
SK_phe__L_c,Sink phe L[c],Exchange/demand reaction,,-44.579125093609036,155.42087490641632
HMR_0292,HMR 0292,"Transport, extracellular",26457;12491;75497;14077;11770;14080;16592;26568;16204;26569;21884;12140;225579,0.0,0.0
r1708,Y+LAT2 Utilized transport,"Transport, extracellular",330836,0.0,1000.0
HMR_2292,Stearoyl Coenzyme A 9-Desaturase,Fatty acid synthesis,20249,0.0,3.9186431877169525e-12
r1728,Y+LAT2 Utilized transport,"Transport, extracellular",330836,0.0,1000.0
AACOAT,Acetoacetyl-CoA:acetate CoA-transferase,Propanoate metabolism,78894,0.0,1.4779288903810084e-12
r2355,Organic anion transporter 5 Utilized transport,"Transport, extracellular",236149;207151;236293;319800;171405;434674,-1000.0,1000.0
ALCD2y,"Alcohol dehydrogenase (ethanol, NADP)",Glycolysis/gluconeogenesis,58810,0.0,6.707523425575346e-12
r0383,"Pyruvate:[dihydrolipoyllysine-residue acetyltransferase]-lipoyllysine 2-oxidoreductase (decarboxylating, acceptor-acetylating) EC:1.2.4.1",Miscellaneous,68263;18598;18597,0.0,3.467448550509289e-11
HISyLATtc,Transport of L-Histidine by y+LAT1 or y+LAT2 transporters in small intestine and kidney,"Transport, extracellular",330836;20540;17254,0.0,1000.0
r1746,Y+LAT2 Utilized transport,"Transport, extracellular",330836,0.0,1000.0
H2O2tn,Hydrogen peroxide nuclear transport,"Transport, nuclear",,-2.8421709430404007e-12,0.0
56DTHMt,"Transport of 5, 6-Dihydrothymine, Sodium Symport","Transport, extracellular",,-1000.0,1000.0
r1557,Amino Acid-Polyamine-Organocation (APC) TCDB:2.A.3.8.1,"Transport, extracellular",20539,-1000.0,1000.0
MITKP,"D-myo-Inositol 1,3,4,5-tetrakisphosphate 3-phosphohydrolase",Inositol phosphate metabolism,17330,-1.5916157281026244e-12,4.803268893738277e-12
SK_c226coa_c,Sink c226coa[c],Exchange/demand reaction,,-2.5693225325085223e-11,3.031649005909761e-12
ISOCHOLt,Isocholic acid transport via bicarbonate countertransport,"Transport, extracellular",106407;101488;28253;330962,-1000.0,0.0
DM_ca2_c,name,,,0.0,100.0
MALOAAtm,"Dicarboxylate/tricarboxylate carrier (mal:oaa), mitochondrial","Transport, mitochondrial",,-1000.0,-430.75392396268467
r1687,Y+LAT2 Utilized transport,"Transport, extracellular",330836,0.0,1000.0
SK_his__L_c,Sink his L[c],Exchange/demand reaction,,-21.717947193773128,-21.717947193773124
DIGALSGALSIDEtg,Digalsgalside hs intracellular transport,"Transport, golgi apparatus",,0.0,0.0
AKGCITtm,"Dicarboxylate/tricarboxylate carrier (akg:cit), mitochondrial","Transport, mitochondrial",13358,-1000.0,1000.0
r1922,Y+LAT2 Utilized transport,"Transport, extracellular",330836,0.0,1000.0
r0841,Free diffusion,"Transport, endoplasmic reticular",,-925.3840943563214,1000.0
r2272,Resistance-Nodulation-Cell Division (RND) TCDB:2.A.60.1.5,"Transport, extracellular",101488,0.0,1000.0
LAPCOAl,Lysosomal acid phosphorylase (CoA),CoA catabolism,66659;11433;56318;11432,0.0,0.0
r1627,Amino Acid-Polyamine-Organocation (APC) TCDB:2.A.3.8.1,"Transport, extracellular",20539,-1000.0,1000.0
r1637,Amino Acid-Polyamine-Organocation (APC) TCDB:2.A.3.8.1,"Transport, extracellular",20539,-1000.0,1000.0
C05953tm,"Transport of Prostaglandin A2, Intracellular","Transport, mitochondrial",,-1000.0,1000.0
3SPYRSPm,"3-sulfinopyruvate hydrolase (spotaneous reaction), mitochondrial",Methionine and cysteine metabolism,,0.0,1.0231815394945443e-12
r1799,Y+LAT2 Utilized transport,"Transport, extracellular",330836,0.0,1000.0
SERGLYexR,L-Serine/Glycine reversible exchange,"Transport, extracellular",53896;17254,-1000.0,1000.0
PCHOLN19_HSt1e,"Transport of 1-NoNADecanoylglycerophosphocholine, Sn1-Lpc (19:0), Vescicular","Transport, extracellular",,0.0,0.0
AK2LGCHOLt,"1-Alkyl 2-Acylglycerol 3-Phosphocholine Transport, Vescicular","Transport, extracellular",,0.0,0.0
ECOAH4p,3 hydroxyacyl CoA dehydratase  3 hydroxydecanoyl CoA   peroxisomal,Fatty acid oxidation,74147;93747;97212,0.0,0.0
r0931,Transport reaction,"Transport, endoplasmic reticular",,0.0,1000.0
HSD3A1r,3 alpha-hydroxysteroid dehydrogenase (type 3),Steroid metabolism,83702,-1000.0,1000.0
CYSSNAT5tc,Transport of L-Cysteine into the cell coupled with co-transport with Sodium and counter transport with proton by SNAT5 transporter.,"Transport, extracellular",209837,-1000.0,1000.0
HMR_0344,HMR 0344,"Transport, extracellular",26457;12491;75497;14077;11770;14080;16592;26568;16204;26569;21884;12140;225579,0.0,0.0
HMR_7199,HMR 7199,"Transport, lysosomal",,481.5851177659234,481.58511776593684
3DHCHOLt2,3-Dehydrocholic acid  transport via sodium cotransport,"Transport, extracellular",20493;20494,0.0,1000.0
CREATt4_2_r,CREATt4 LPAREN 2 RPAREN r,"Transport, extracellular",102857,-1000.0,1000.0
r1867,Y+LAT2 Utilized transport,"Transport, extracellular",330836,0.0,1000.0
HYOCHOLt,Hyocholic acid transport via bicarbonate countertransport,"Transport, extracellular",106407;101488;28253;330962,-1000.0,0.0
PCHOLN204_HSt1e,"Transport of 1-Eicosatetraenoylglycerophosphocholine (Delta 8, 11, 14, 17), Sn1-Lpc (20:4), Vescicular","Transport, extracellular",,0.0,0.0
EX_5dhf_e,Pentaglutamyl folate (DHF) exchange,Exchange/demand reaction,,-100.0,0.0
ILETA,Isoleucine transaminase,"Valine, leucine, and isoleucine metabolism",12035,0.0,1000.0
DNDPt30m,DCDP transport via ADP antiport,"Transport, mitochondrial",67283,0.0,1.9895196601282805e-12
CITt4_2,Citrate transport via sodium symport,"Transport, extracellular",20500,-1000.0,1000.0
ETOHtx,"Ethanol transport via diffusion, glyoxysome","Transport, peroxisomal",,0.0,3.410605131648481e-12
FACOAL200,Fatty-acid--CoA ligase,Fatty acid oxidation,14081,0.0,1.4779288903810084e-12
HMR_0384,HMR 0384,"Transport, extracellular",26457;12491;75497;14077;11770;14080;16592;26568;16204;26569;21884;12140;225579,-4.336087044976011e-12,0.0
FAOXC16080m,Beta oxidation of long chain fatty acid,Fatty acid oxidation,11409;11364,0.0,7.16227077646181e-12
CHOLt4,"Choline, sodium cotransport","Transport, extracellular",63993,-1000.0,1000.0
r1924,Y+LAT2 Utilized transport,"Transport, extracellular",330836,0.0,1000.0
r1847,Y+LAT2 Utilized transport,"Transport, extracellular",330836,0.0,1000.0
GLYSNAT5tc,Transport of Glycine into the cell coupled with co-transport with Sodium and counter transport with proton by SNAT5 transporter.,"Transport, extracellular",209837,-1000.0,1000.0
5AOPt,"Transport of 5-Amino-4-Oxopentanoate, Proton Symport","Transport, extracellular",,0.0,1000.0
r1752,Y+LAT2 Utilized transport,"Transport, extracellular",330836,0.0,1000.0
ACOAO7p,Acyl CoA oxidase  hexadecanoyl CoA   peroxisomal,Fatty acid oxidation,11430,0.0,1.1371678851828115e-12
r2514e,Transport of Hexadecenoate (N-C16:1) via Carnitine Antiport,"Transport, extracellular",,-1000.0,1000.0
GLYCLTDy,Glycolate dehydrogenase (NADP),Glyoxylate and dicarboxylate metabolism,76238,0.0,5.561181145215717e-12
CYSGLUexR,L-cysteine/L-glutamine reversible exchanger,"Transport, extracellular",53896;20539;17254,-1000.0,1000.0
PCHOLAR_HSt1e,"Transport of 1-Arachidonoyl-Glycero-3-Phosphocholine, Vescicular","Transport, extracellular",,0.0,0.0
PSSA2_hs,Phosphatidylserine synthase homo sapiens,Glycerophospholipid metabolism,27388,36.05231464724301,36.052314647247655
NH4tr,"Ammonia Er Transport, Diffusion","Transport, endoplasmic reticular",,0.0,0.0
r1786,Y+LAT2 Utilized transport,"Transport, extracellular",330836,0.0,1000.0
r1831,Y+LAT2 Utilized transport,"Transport, extracellular",330836,0.0,1000.0
SK_Ser_Gly_Ala_X_Gly_r,"Sink Ser Gly Ala X Gly, Endoplasmic Reticulum",Exchange/demand reaction,,481.585117765914,481.585117765934
G5SADrm,L glutamate 5 semialdehyde dehydratase  reversible  mitochondrial,Arginine and proline metabolism,,-2.1657342585967854e-11,0.0
HMR_2651,Carnitine O-Palmitoyltransferase,Fatty acid oxidation,12894;12895;78070,0.0,1.396960067003694e-12
PAIL_HStn,Phosphatidylinositol nuclear transport (diffusion),"Transport, nuclear",,-1.0231815394945443e-12,500.00000000000165
GPDDACHOL,Glycerophosphocholine Phosphodiesterase,Glycerophospholipid metabolism,74182,23.54549295543938,23.545492955476334
PTDCAt,Fatty acid transport via diffusion,"Transport, extracellular",,0.0,0.0
r1588,Amino Acid-Polyamine-Organocation (APC) TCDB:2.A.3.8.1,"Transport, extracellular",20539,-1000.0,1000.0
CITt2r,Citrate reversible transport via symport,"Transport, extracellular",,-1000.0,1000.0
r1879,Y+LAT2 Utilized transport,"Transport, extracellular",330836,0.0,1000.0
PUNP2,Purine-nucleoside phosphorylase (Deoxyadenosine),Purine catabolism,667034;18950,0.0,7.503331289626658e-12
r2280,Resistance-Nodulation-Cell Division (RND) TCDB:2.A.60.1.5,"Transport, extracellular",101488,0.0,1000.0
NDP1,Nucleoside diphosphatase  ADP,Purine catabolism,215446;72090;12495,0.0,0.0
R03184_PLUS_R00647,R03184 PLUS R00647,,268756,-36.642214651201385,-36.64221465116643
r1914,Y+LAT2 Utilized transport,"Transport, extracellular",330836,0.0,1000.0
LINOFATPtc,Uptake of linoleic acid by the enterocytes,"Transport, extracellular",26569,0.0,0.0
HACD1m,"3-Hydroxybutanoyl-CoA:NAD+ oxidoreductase, mitochondria",Tryptophan metabolism,15108;97212;231086;15107,0.0,0.0
r1598,Amino Acid-Polyamine-Organocation (APC) TCDB:2.A.3.8.1,"Transport, extracellular",20539,-1000.0,1000.0
FOLt2,Folate transport via anion exchange,"Transport, extracellular",,-1000.0,1000.0
LNELDCCRNte,"Transport of 6Z,9Z-Octadecadienoylcarnitine","Transport, extracellular",20520,0.0,1000.0
FACOAL260,Fatty-acid--CoA ligase (n-C26:0),Fatty acid oxidation,14081,0.0,1.4779288903810084e-12
r1693,Y+LAT2 Utilized transport,"Transport, extracellular",330836,0.0,1000.0
DNDPt2m,DATP transport via ATP antiport,"Transport, mitochondrial",67283,0.0,2.013944566670034e-12
r0826,Transport reaction,"Transport, endoplasmic reticular",,0.0,1000.0
2OXOADOXm,2-Oxoadipate:lipoamde 2-oxidoreductase(decarboxylating and acceptor-succinylating) (mitochondria),Lysine metabolism,13382;27402;18293;78920,0.0,2.1600499167107046e-12
EX_ac_e,Acetate exchange,Exchange/demand reaction,,99.99999999998892,100.0
SPHMYLN18121_hs_SECt,Transport of Sphingomyelin (D18:1/21:0),"Transport, extracellular",,0.0,2.5224267119483557e-12
DNDPt20m,DTDP transport via ATP antiport,"Transport, mitochondrial",67283,0.0,5.343281372915953e-12
GLNtm,L-glutamine transport via electroneutral transporter,"Transport, mitochondrial",,359.212615579661,559.2126155797098
r0730,(S)-Hydroxyoctanoyl Coenzyme A:NAD+ Oxidoreductase,Fatty acid oxidation,74147;97212;15107,0.0,9.824437559776319e-12
DNDPt21m,DTDP transport via ADP antiport,"Transport, mitochondrial",67283,0.0,0.0
HMR_3855,"Propane-1, 2-Diol:NAD+ 1-Oxidoreductase",Pyruvate metabolism,14187;11677,0.0,1000.0
r1579,Amino Acid-Polyamine-Organocation (APC) TCDB:2.A.3.8.1,"Transport, extracellular",20539,-1000.0,1000.0
r2192,Resistance-Nodulation-Cell Division (RND) TCDB:2.A.60.1.14,"Transport, extracellular",108096,0.0,1000.0
FAOXC160140m,Beta oxidation of long chain fatty acid,Fatty acid oxidation,11370;97212;231086,0.0,6.390983602899474e-12
PGLYCtm,"Transport of Phosphatidylglycerol, Endoplasmatic Reticulum","Transport, mitochondrial",,2.503630575348893,2.5036305753497627
VACCt,Fatty acid transport via diffusion,"Transport, extracellular",,-1.9326762412674725e-12,1.4779288903810084e-12
DM_dgtp_m,"Demand for dGTP, Mitochondrial",Exchange/demand reaction,,0.0,1.9099388737231493e-11
r0611,ITP:D-Tagatose 6-phosphate 1-phosphotransferase Galactose metabolism EC:2.7.1.11,Miscellaneous,18641,-1000.0,1000.0
HEXCOAACBP,Transport of Hexanoyl Coenzyme A (N-C6:0CoA) from Mitochondria into Cytosol,Fatty acid oxidation,13167,0.0,3.0411229090532288e-12
r1919,Y+LAT2 Utilized transport,"Transport, extracellular",330836,0.0,1000.0
PUNP6,Purine-nucleoside phosphorylase (Deoxyinosine),Purine catabolism,667034;18950,0.0,2.8421709430404007e-12
r2333,Resistance-Nodulation-Cell Division (RND) TCDB:2.A.60.1.2,"Transport, extracellular",24059,-1000.0,0.0
r1857,Y+LAT2 Utilized transport,"Transport, extracellular",330836,0.0,1000.0
FAOXC1811601m,Beta oxidation  fatty acid,Fatty acid oxidation,11409;11364,0.0,5.343281372915953e-12
GF6PTA,Glutamine-fructose-6-phosphate transaminase,Aminosugar metabolism,14584;14583,-2.0463630789890885e-12,1.5006662579253316e-11
EX_dhdascb_e,Dehydroascorbate exchange,Exchange/demand reaction,,63.35778534879444,63.35778534884045
r1675,Y+LAT2 Utilized transport,"Transport, extracellular",330836,0.0,1000.0
3MHISt3,Transport of Methyl-Histidine by System L Transport (Lat2),"Transport, extracellular",,-1000.0,1000.0
r1548,Amino Acid-Polyamine-Organocation (APC) TCDB:2.A.3.8.1,"Transport, extracellular",20539,-1000.0,1000.0
HMR_0257,HMR 0257,"Transport, extracellular",11303,0.0,0.0
BPNT2,3'-Phospho-5'-adenylyl sulfate 3'-phosphohydrolase,Nucleotide interconversion,23827,0.0,0.0
O2Stx,Superoxide anion transport via diffusion (peroxisome),"Transport, peroxisomal",,0.0,0.0
r2201,Resistance-Nodulation-Cell Division (RND) TCDB:2.A.60.1.5,"Transport, extracellular",101488,-1000.0,0.0
r2506,Utilized transport,"Transport, endoplasmic reticular",,-1000.0,1000.0
EX_pnto__R_e,(R)-Pantothenate exchange,Exchange/demand reaction,,0.0,0.0
r1936,Y+LAT2 Utilized transport,"Transport, extracellular",330836,0.0,1000.0
r2233,Resistance-Nodulation-Cell Division (RND) TCDB:2.A.60.1.5,"Transport, extracellular",101488,0.0,1000.0
r2511,Utilized transport,"Transport, endoplasmic reticular",,-1000.0,0.0
HMR_3341,Acetyl Coenzyme A C-Acyltransferase,Fatty acid oxidation,235674;17919,0.0,0.0
HDCAter,Palmitate ER export,"Transport, endoplasmic reticular",,0.0,1000.0
DCYTD,Deoxycytidine deaminase,Pyrimidine catabolism,72269;11628,0.0,1000.0
r1944,Y+LAT2 Utilized transport,"Transport, extracellular",330836,0.0,1000.0
r1982,Y+LAT2 Utilized transport,"Transport, extracellular",330836,0.0,1000.0
MLTHFtm,"5,10-Methylenetetrahydrofolate transport from the cytosol to the mitochondria","Transport, mitochondrial",,430.7539239626983,1000.0
FAS160COA,Fatty acyl CoA synthase  n C160CoA,Fatty acid synthesis,68801;14104;170439;54326,0.0,2.187852666334385e-12
PALFATPtc,Uptake of Hexadecanoate by the enterocytes,"Transport, extracellular",26569,0.0,1.8189894035458565e-12
FAOXC182806m,Beta oxidation of fatty acid,Fatty acid oxidation,11409;11364,0.0,2.843059121460101e-12
r0892,Facilitated diffusion,"Transport, extracellular",,-100.0,-99.99999999999909
EX_M00315_e,EX M00315[e],Exchange/demand reaction,,0.0,0.0
UDPGLDCg,"UDP-D-glucuronate decarboxylase, Golgi apparatus",Nucleotide sugar metabolism,67883,0.0,0.0
r0517,Succinyl Coenzyme A:Glycine C-Succinyl-Transferase (Decarboxylating),Miscellaneous,11655;11656,-1000.0,1.5262999198463302e-12
LTD4DP,Leukotriene D4 dipeptidase,Eicosanoid metabolism,,-1000.0,907.1173507895942
NH4t3r,Ammonia transport via proton antiport,"Transport, extracellular",19743;58176,-1000.0,1000.0
r1608,Amino Acid-Polyamine-Organocation (APC) TCDB:2.A.3.8.1,"Transport, extracellular",20539,-1000.0,1000.0
HMR_9680,HMR 9680,"Transport, peroxisomal",,-1000.0,1000.0
EX_4hpro_LT_e,Exchange reaction for hydroxy proline,Exchange/demand reaction,,-2.004265057751757e-12,0.0
EX_pe12_hs_e,Exchange of 1-Didecanoylglycerophosphoethanolamine (C12:0 Pe),Exchange/demand reaction,,0.0,0.0
SK_lnlc_c,Sink lnlc[c],Exchange/demand reaction,,0.0,0.0
CAT2p,"Catalase A, peroxisomal (ethanol)",Glycolysis/gluconeogenesis,12359,0.0,4.547473508864641e-12
PUNP1,Purine-nucleoside phosphorylase (Adenosine),Nucleotide interconversion,667034;18950,-7.048583938740194e-12,1.0231815394945443e-12
TDCA3Sabc,Taurodeoxycholic acid 3-sulfate ABC bile acid transporter,"Transport, extracellular",12780;239273;76408;26357,0.0,0.0
HMR_0288,HMR 0288,"Transport, extracellular",26457;12491;75497;14077;11770;14080;16592;26568;16204;26569;21884;12140;225579,0.0,0.0
DSMSTOLR,Desmosterol reductase,Cholesterol metabolism,74754,0.0,0.0
EX_thymd_e,Thymidine exchange,Exchange/demand reaction,,5.109923631694642,5.109923631731249
SGPL12r,Sphingosine-1-phosphate lyase,Sphingolipid metabolism,20397,0.0,0.0
6EPVStep,6-epi-pravastatin exit into portal blood,Drug metabolism,,-1000.0,1000.0
r2306,Resistance-Nodulation-Cell Division (RND) TCDB:2.A.60.1.5,"Transport, extracellular",101488,0.0,1000.0
r1760,Y+LAT2 Utilized transport,"Transport, extracellular",330836,0.0,1000.0
RE0908C,Steryl-Sulfatase,Tyrosine metabolism,,0.0,0.0
PIt2r,Phosphate reversible transport via symport,"Transport, extracellular",,-1000.0,1000.0
r1776,Y+LAT2 Utilized transport,"Transport, extracellular",330836,0.0,1000.0
r2250,Resistance-Nodulation-Cell Division (RND) TCDB:2.A.60.1.5,"Transport, extracellular",101488,0.0,1000.0
r0082,Oxalosuccinate:NADP+ oxidoreductase (decarboxylating) Citrate cycle (TCA cycle) EC:1.1.1.42,Miscellaneous,15926,0.0,4.206412995699793e-12
HMR_0418,Palmitoyl Coenzyme A Hydrolase,Fatty acid oxidation,171210;12012;171281;217700;171282;70025,0.0,0.0
FAOXC16180m,Beta oxidation  fatty acid,Fatty acid oxidation,11409;11364,0.0,1.6939338820520789e-12
TMDK1m,Thymidine kinase (ATP:thymidine),Nucleotide interconversion,57813,0.0,3.126388037344441e-12
r2196,Resistance-Nodulation-Cell Division (RND) TCDB:2.A.60.1.14,"Transport, extracellular",108096,-1000.0,1000.0
r1701,Y+LAT2 Utilized transport,"Transport, extracellular",330836,0.0,1000.0
r2341,Organic anion transporter 5 Utilized transport,"Transport, extracellular",236149;207151;236293;319800;171405;434674,-1000.0,1000.0
GUDCA3Sabc,Glycoursodeoxycholic acid 3-sulfate ABC bile acid transporter,"Transport, extracellular",12780;239273;76408;26357,0.0,0.0
r2307,Resistance-Nodulation-Cell Division (RND) TCDB:2.A.60.1.5,"Transport, extracellular",101488,0.0,1000.0
r2363,Organic anion transporter 5 Utilized transport,"Transport, extracellular",236149;207151;236293;319800;171405;434674,-1000.0,1000.0
TAUBETAtc,Transport of taurine into the intestinal cells by beta transport system,"Transport, extracellular",21366,0.0,1000.0
EX_ile__L_e,L-Isoleucine exchange,Exchange/demand reaction,,-100.0,100.0
HMR_0280,Palmitoyl Coenzyme A Hydrolase,Fatty acid oxidation,171210;12012;171281;217700;171282;70025,-8.817124808047084e-12,0.0
FACOAL1822,Fatty-acid--CoA ligase,Fatty acid oxidation,14081,0.0,0.0
r2322,Resistance-Nodulation-Cell Division (RND) TCDB:2.A.60.1.2,"Transport, extracellular",24059,-1000.0,0.0
FEROc,Ferroxidase,Vitamin B2 metabolism,15203,0.0,4.483524662646232e-12
5MTHFt2_1,5-Methyltetrahydrofolate Transport via Anion Exchange,"Transport, extracellular",20509,-1000.0,1000.0
PTRCtex2,Putrescine excretion  cytosol to extracellular,"Transport, extracellular",,0.0,0.0
DM_btn_n,DM btn[n],Exchange/demand reaction,,0.0,1000.0
TRDR2,Thioredoxin (ubiquinone 10) reductase (NADPH),Miscellaneous,50493,0.0,1.7848833522293717e-11
HMR_0239,HMR 0239,"Transport, extracellular",11303,0.0,0.0
r1928,Y+LAT2 Utilized transport,"Transport, extracellular",330836,0.0,1000.0
r1821,Y+LAT2 Utilized transport,"Transport, extracellular",330836,0.0,1000.0
r1565,Amino Acid-Polyamine-Organocation (APC) TCDB:2.A.3.8.1,"Transport, extracellular",20539,-1000.0,1000.0
r2335,Resistance-Nodulation-Cell Division (RND) TCDB:2.A.60.1.2,"Transport, extracellular",24059,-1000.0,1000.0
r0525,"N6-(L-1,3-Dicarboxypropyl)-L-lysine:NAD+ oxidoreductase; N6-(L-1,3-Dicarboxypropyl)-L-lysine:NAD+ oxidoreductase (L-glutamate-forming) Lysine degradation EC:1.5.1.9",Lysine metabolism,30956,0.0,1.2789769243681803e-12
EX_Rtotal2_e,R total 2 position exchange,Exchange/demand reaction,,0.0,2.1600499167107046e-12
r0510,"Steroyl Coenzyme A, Hydrogen-Donor:Oxygen Oxidoreductase Polyunsaturated Fatty Acid Biosynthesis",Miscellaneous,20249,0.0,2.4451551894344448e-12
FAOXC180,Beta oxidation of long chain fatty acid,Fatty acid oxidation,11409;11364,0.0,2.5011104298755527e-12
ACOAD10m,"2-methylacyl-coa dehydrogenase, trans-2-Methylbut-2-enoyl-CoA forming","Valine, leucine, and isoleucine metabolism",66885;11364,0.0,1.4591232485531884e-12
PE_HStm,Phosphatidylethanolamine scramblase,"Transport, mitochondrial",,0.0,0.0
r0714_1,(S)-3-Hydroxyhexadecanoyl Coenzyme A:NAD+ Oxidoreductase,Fatty acid oxidation,74147;97212;15107,0.0,1.5647927398276806e-11
r1318,Transport reaction,"Transport, endoplasmic reticular",,0.0,1000.0000000000053
LALDO2,D-Lactaldehyde:NADP+ 1-oxidoreductase,Pyruvate metabolism,76238,0.0,1000.0000000000077
r1938,Y+LAT2 Utilized transport,"Transport, extracellular",330836,0.0,1000.0
MECOAS1m,Mesaconate--CoA ligase (GDP-forming),C5-branched dibasic acid metabolism,56451;20917,-1000.0,0.0
HMR_4964,HMR 4964,"Transport, mitochondrial",13358,0.0,0.0
PHEt4,L-phenylalanine transport in via sodium symport,"Transport, extracellular",57394;56774;67760;11988;11987;69354;70008;74338;11989;105727,0.0,1000.0
DCMPDA,DCMP deaminase,Pyrimidine catabolism,320685,-500.05673790799716,499.9432620920279
HIStN1,"Histidine transport (Na, H coupled)","Transport, extracellular",76257,-1000.0,1000.0
r1292,Postulated transport reaction,"Transport, peroxisomal",,-21.653459235887272,978.3465407641211
r2245,Resistance-Nodulation-Cell Division (RND) TCDB:2.A.60.1.5,"Transport, extracellular",101488,0.0,1000.0
r2315,Resistance-Nodulation-Cell Division (RND) TCDB:2.A.60.1.2,"Transport, extracellular",24059,-1000.0,0.0
34DHPHEt,"3,4-Dihydroxy-L-phenylalanine transport","Transport, extracellular",72472,-1000.0,0.0
SK_tag_hs_c,Sink tag hs[c],Exchange/demand reaction,,-100.0,100.0
DOPAENT4tc,Dopa Transport by Ent4,"Transport, extracellular",243328,-1000.0,1000.0
HIBDm,"3-hydroxyisobutyrate dehydrogenase, mitochondrial","Valine, leucine, and isoleucine metabolism",58875,18.78754715489393,18.787547154948005
SO4t_e,"Sulfate transport, extracellular","Transport, extracellular",231583;13521,-1000.0,0.0
EX_pa_hs_e,Exchange of Phosphatidate,Exchange/demand reaction,,0.0,8.01492205937393e-12
r0881,Active transport,"Transport, extracellular",,0.0,1000.0
r1836,Y+LAT2 Utilized transport,"Transport, extracellular",330836,0.0,1000.0
r2332,Resistance-Nodulation-Cell Division (RND) TCDB:2.A.60.1.2,"Transport, extracellular",24059,-1000.0,0.0
HMR_0325,HMR 0325,"Transport, extracellular",11303,0.0,0.0
EX_pe13_hs_e,Exchange of 1-Tridecanoylglycerophosphoethanolamine (C13:0 Pe),Exchange/demand reaction,,-1.2050804798491299e-11,0.0
r1591,Amino Acid-Polyamine-Organocation (APC) TCDB:2.A.3.8.1,"Transport, extracellular",20539,-1000.0,1000.0
ICDHyr,Isocitrate dehydrogenase (NADP),Citric acid cycle,15926,0.0,3.467448550509289e-12
FRDPtr,"Lipid, flip-flop intracellular transport","Transport, peroxisomal",,-1000.0,1000.0
UROLACer,"Uronolactonase, endoplasmic reticulum",Vitamin C metabolism,,0.0,0.0
r1717,Y+LAT2 Utilized transport,"Transport, extracellular",330836,0.0,1000.0
SK_dhcholestanate_c,"Sink for 3Alpha, 7Alpha-Dihydroxy-5Beta-Cholestanate",Exchange/demand reaction,,90.05197675078904,578.2336901642552
r0839,Postulated transport reaction,"Transport, extracellular",,-1000.0,1000.0
GLUt4,Na+/glutamate symport,"Transport, extracellular",76257,0.0,1000.0
ARGLYSex,Arginine/Lysine exchanger (Arg in),"Transport, extracellular",330836;17254,0.0,1000.0
r1540,Neurotransmitter:Sodium Symporter (Nss) Tcdb:2.A.22.3.3,"Transport, extracellular",21366,0.0,1000.0
NADtru,"NAD transporter, endoplasmic reticulum","Transport, endoplasmic reticular",,0.0,1000.0
FAOXC2242046m,Beta oxidation of long chain fatty acid,Fatty acid oxidation,11409;11364,0.0,0.0
r1960,Y+LAT2 Utilized transport,"Transport, extracellular",330836,0.0,1000.0
PE14_HSt1e,"Transport of 1-Myristoylglycerophosphoethanolamine (C14:0 Pe), Vescicular","Transport, extracellular",,0.0,0.0
HMR_1329,"(5Z, 13E)- (15S)-9Alpha, 11Alpha, 15-Trihydroxyprosta-5, 13-Dienoate:NADP+ 11-Oxidoreductase",Eicosanoid metabolism,105349,-1000.0,1000.0
FUMtm,"Fumarate transport, mitochondrial","Transport, mitochondrial",27376,-1000.0,1000.0
VALPHELAT2tc,Transport of L-Valine into the cell and efflux of L-Phenylalanine out of the cell by LAT2 on the basolateral surfaces of kidney and intestine and Amino Acid-Polyamine-Organocation (APC) TCDB:2.A.3.8.1,"Transport, extracellular",50934,-1000.0,1000.0
SK_citr__L_c,Sink citr c,Exchange/demand reaction,,-1.3642420526593924e-12,2.0303758674344863e-12
FAOXC160,Beta oxidation of long chain fatty acid,Fatty acid oxidation,11409;11364,0.0,3.329400247561612e-12
CYSGLYex,L-cysteine/glycine exchanger,"Transport, extracellular",50934;53896;17254,-1000.0,1000.0
3SALAASPm,Cysteinesulfinate-aspartate mitochondrial shuttle,"Transport, mitochondrial",78830;50799,-6.139089236967266e-12,0.0
HMR_0426,Palmitoyl Coenzyme A Hydrolase,Fatty acid oxidation,171210;12012;171281;217700;171282;70025,0.0,0.0
r0409,UTP:Sedoheptulose 7-phosphate 1-phosphotransferase EC:2.7.1.11,Miscellaneous,18641,-1000.0,1000.0
r1559,Amino Acid-Polyamine-Organocation (APC) TCDB:2.A.3.8.1,"Transport, extracellular",20539,-1000.0,1000.0
RNTR3,Ribonucleoside triphosphate reductase  CTP,Nucleotide interconversion,20133;20135;382985,-106.70681602658806,893.293183973418
r1721,Y+LAT2 Utilized transport,"Transport, extracellular",330836,0.0,1000.0
HMR_0358,Palmitoyl Coenzyme A Hydrolase,Fatty acid oxidation,171210;12012;171281;217700;171282;70025,0.0,0.0
HMR_3996,L-Cysteine:NAD+ Oxidoreductase;,Methionine and cysteine metabolism,,-1000.0,0.0
ILEtec,L-isoleucine transport via diffusion (extracellular to cytosol),"Transport, extracellular",215113;72401,-1000.0,1000.0
r2483,Resistance-Nodulation-Cell Division (RND) TCDB:2.A.60.1.14,"Transport, extracellular",108096,0.0,1000.0
UDPGP,UDP-glucose glucophosphohydrolase,Starch and sucrose metabolism,209558;18606;18605,0.0,0.0
SK_tyr__L_c,Sink tyr L[c],Exchange/demand reaction,,-127.43324166872577,72.56675833127429
SPRMS,Spermine synthase,Urea cycle,20603;20810,0.0,0.0
HMR_0815,(N-Acetylneuraminyl)-Galactosylglucosylceramide N-Acetylgalactosaminyltransferase,Glycosphingolipid metabolism,14421,0.0,0.0
GRTT,Geranyltranstransferase,Cholesterol metabolism,14593,0.0,0.0
r2278,Resistance-Nodulation-Cell Division (RND) TCDB:2.A.60.1.5,"Transport, extracellular",101488,0.0,1000.0
ADPT,Adenine phosphoribosyltransferase,Nucleotide salvage pathway,11821,0.0,1.8189894035458565e-12
r1519,ATP-binding Cassette (ABC) TCDB:3.A.1.211.1,"Transport, extracellular",11303,0.0,0.0
DHFRim,Dihydrofolate reductase  mitochondrial,Folate metabolism,13361,0.0,569.2460760373915
r1972,Y+LAT2 Utilized transport,"Transport, extracellular",330836,0.0,1000.0
NH4tm,NH3 mitochondrial transport,"Transport, mitochondrial",,999.9999999999924,1000.0
ELAIDt,Fatty acid transport via diffusion,"Transport, extracellular",26458,0.0,0.0
MLTHFte3,Transport by Folr into Extracellular Space,"Transport, extracellular",14275;14276,0.0,1000.0
ALDD19x_P,"Aldehyde dehydrogenase (phenylacetaldehyde, NADP)",Phenylalanine metabolism,621603;67689;73458;56847;11670,-1000.0,0.0
HISyLATthc,Transport of Histidine by y+LAT1 or y+LAT2 with co-transporter of h in small intestine and kidney,"Transport, extracellular",330836;20540;17254,0.0,1000.0
PCHOLN2254_HSt1e,"Transport of 1-Docosapentenoylglycerophosphocholine (Delta 4, 7, 10, 13, 16), Sn1-Lpc (22:5)-W6, Vescicular","Transport, extracellular",,0.0,0.0
DM_4abut_c,DM 4abut[c],Exchange/demand reaction,,999.9999999999881,1000.0
HMR_9612,HMR 9612,"Transport, extracellular",,0.0,1000.0
URIDK2r,Uridylate kinase (dUMP),Nucleotide interconversion,,-102.74124525321213,-102.74124525317939
r2136,Major Facilitator(MFS) TCDB:2.A.1.14.6,"Transport, extracellular",20504,0.0,1000.0
FAOXC200180m,Beta oxidation of long chain fatty acid,Fatty acid oxidation,11409;11364,0.0,1.9326762412674717e-12
FAOXC11C9m,"Fatty Acid Beta Oxidation (C11->C9), Mitochondrial",Fatty acid oxidation,93747;52538;15107;11364,0.0,1.6626700016786344e-12
PE2LINL_HSt1e,"Transport of 2-Linoleoylglycerophosphoethanolamine, Vescicular","Transport, extracellular",,0.0,1.074489567901577e-12
r2352,Organic anion transporter 5 Utilized transport,"Transport, extracellular",236149;207151;236293;319800;171405;434674,-1000.0,1000.0
HMR_3337,Acetyl Coenzyme A C-Acyltransferase,Fatty acid oxidation,235674;17919,0.0,0.0
CYTK3,Cytidylate kinase (CMP)(GTP),Nucleotide interconversion,229949,-1000.0,1000.0
3HPVStep,3-hydroxy pravastatin exit into portal blood,Drug metabolism,,-1000.0,1000.0
r1662,Amino Acid-Polyamine-Organocation (APC) TCDB:2.A.3.8.1,"Transport, extracellular",20539,-1000.0,1000.0
r2320,Resistance-Nodulation-Cell Division (RND) TCDB:2.A.60.1.2,"Transport, extracellular",24059,-1000.0,1000.0
r1932,Y+LAT2 Utilized transport,"Transport, extracellular",330836,0.0,1000.0
r2022,Amino Acid-Polyamine-Organocation (APC) TCDB:2.A.3.8.15,"Transport, extracellular",30962,0.0,1000.0
r1966,Y+LAT2 Utilized transport,"Transport, extracellular",330836,0.0,1000.0
GLCAE2g,Heparosan-N-sulfate-glucuronate 5-epimerase,Chondroitin synthesis,93683,0.0,0.0
r2491,Resistance-Nodulation-Cell Division (RND) TCDB:2.A.60.1.14,"Transport, extracellular",108096,0.0,1000.0
MMMm,Methylmalonyl-CoA mutase,"Valine, leucine, and isoleucine metabolism",17850,18.787547154898334,18.787547154940114
TRIOK,Triokinase,Fructose and mannose metabolism,,-1.5347723092418164e-12,1.5347723092418164e-12
LNLNCGt,Fatty acid transport via diffusion,"Transport, extracellular",26459,0.0,0.0
FATP9t,Fatty acid electroneutral transport,"Transport, extracellular",26459;26458,0.0,0.0
r1901,Y+LAT2 Utilized transport,"Transport, extracellular",330836,0.0,1000.0
ALAGLNexR,L-alanine/glutamine reversible exchange,"Transport, extracellular",53896;17254,-1000.0,1000.0
ALCD2x,Alcohol dehydrogenase (ethanol),Glycolysis/gluconeogenesis,26876;11532;76187;225791;100417514;11522;11529,0.0,5.115907697472721e-12
r1739,Y+LAT2 Utilized transport,"Transport, extracellular",330836,0.0,1000.0
CDPDAGtm,Intracellular transport,"Transport, mitochondrial",,-5.6843418860808015e-12,0.0
EX_utp_e,UTP exchange,Exchange/demand reaction,,-100.0,-99.99999999999773
r2021,Amino Acid-Polyamine-Organocation (APC) TCDB:2.A.3.8.15,"Transport, extracellular",30962,0.0,1000.0
r2295,Resistance-Nodulation-Cell Division (RND) TCDB:2.A.60.1.5,"Transport, extracellular",101488,0.0,1000.0
ICDHyp,Isocitrate dehydrogenase  NADP,Citric acid cycle,15926,0.0,3.410605131648481e-12
EX_M03045_e,EX M03045[e],Exchange/demand reaction,,0.0,0.0
HMR_0383,HMR 0383,"Transport, extracellular",11303,0.0,0.0
r1759,Y+LAT2 Utilized transport,"Transport, extracellular",330836,0.0,1000.0
HMR_0304,HMR 0304,"Transport, extracellular",26457;12491;75497;14077;11770;14080;16592;26568;16204;26569;21884;12140;225579,0.0,0.0
r1764,Y+LAT2 Utilized transport,"Transport, extracellular",330836,0.0,1000.0
EX_M02451_e,EX M02451[e],Exchange/demand reaction,,-100.0,-99.99999999999318
r0842,Postulated transport reaction,"Transport, endoplasmic reticular",,-1000.0,1000.0
GCDCA3Sabc,Glycochenodeoxycholic acid 3-sulfate ABC bile acid transporter,"Transport, extracellular",12780;239273;76408;26357,0.0,0.0
FATP4t,Fatty acid electroneutral transport,"Transport, extracellular",26459,0.0,0.0
GABABGTtc,GABA Transport by Bgt,"Transport, extracellular",14411,-1000.0,1000.0
FACOAL203,Fatty-acid--CoA ligase,Fatty acid oxidation,14081,0.0,0.0
FAOXC1811603m,Beta oxidation  fatty acid,Fatty acid oxidation,11409;11364,0.0,4.433786671143025e-12
NAtx,Sodium transport via diffusion (perioxisome),"Transport, peroxisomal",,0.0,1000.0
SPHMYLN18116_hs_SECt,Transport of Sphingomyelin (D18:1/16:0),"Transport, extracellular",,0.0,0.0
PMI12346PH,5 diphosphoinositol 1 2 3 4 6 pentakisphosphate diphosphohydrolase,Inositol phosphate metabolism,27399;271424,0.0,0.0
HMGCOAS,Hydroxymethylglutaryl CoA synthase,Cholesterol metabolism,208715,0.0,0.0
FACOAL205,Fatty-acid--CoA ligase,Fatty acid oxidation,14081,0.0,0.0
O2Stm,Superoxide anion transport via diffusion (mitochondria),"Transport, mitochondrial",,99.9999999999967,100.0
DNDPt47m,"Deoxynucleotide carrier (dttp), mitochondrial","Transport, mitochondrial",67283,0.0,3.183231456205249e-12
HMR_0827,(N-Acetylneuraminyl)-Galactosylglucosylceramide N-Acetylgalactosaminyltransferase,Glycosphingolipid metabolism,14421,0.0,0.0
HMR_1685,Cholestanetriol 26-Monooxygenase,Bile acid synthesis,104086,0.0,1000.0
HACD6p,3 Hydroxyacyl CoA dehydrogenase  3 oxotetradecanoyl CoA   peroxisomal,Fatty acid oxidation,74147;97212;15107,0.0,0.0
r1532_1,ATP-Binding Cassette (ABC) Tcdb:3.A.1.208.15,"Transport, extracellular",27416,0.0,0.0
r1899,Y+LAT2 Utilized transport,"Transport, extracellular",330836,0.0,1000.0
r1378,S-(hydroxymethyl)glutathione dehydrogenase Methane metabolism EC:1.1.1.284,Miscellaneous,11532,-1000.0,1000.0
HMR_7198,HMR 7198,"Transport, lysosomal",,481.5851177659199,481.5851177659366
EX_ascb__L_e,L-Ascorbate exchange,Exchange/demand reaction,,-100.0,-99.99999999998246
r1806,Y+LAT2 Utilized transport,"Transport, extracellular",330836,0.0,1000.0
ILETAm,Isoleucine transaminase  mitochondrial,"Valine, leucine, and isoleucine metabolism",12036,-1000.0,0.0
r0946,Amino Acid-Polyamine-Organocation (APC) TCDB:2.A.3.8.15,"Transport, extracellular",30962,-1000.0,1000.0
PI3PP,Phosphatidylinositol-3-phosphate 3-phosphatase,Phosphatidylinositol phosphate metabolism,,0.0,500.0
r2534,Major Facilitator(MFS) TCDB:2.A.1.44.1,"Transport, extracellular",72401,-1000.0,1000.0
r2230,Resistance-Nodulation-Cell Division (RND) TCDB:2.A.60.1.5,"Transport, extracellular",101488,0.0,1000.0
PIPLCn,"Phosphatidylinositol phospholipase C, nucleus",Inositol phosphate metabolism,18795,0.0,1.7053025658242404e-12
HMR_3333,Acetyl Coenzyme A C-Acyltransferase,Fatty acid oxidation,235674;17919,0.0,8.881784197001252e-13
r2279,Resistance-Nodulation-Cell Division (RND) TCDB:2.A.60.1.5,"Transport, extracellular",101488,0.0,1000.0
ACACT5p,Acetyl CoA C acyltransferase  decanoyl CoA   peroxisomal,Fatty acid oxidation,235674,0.0,1.1021102253869194e-12
SRTNt6_2_r,SRTNt6 LPAREN 2 RPAREN r,"Transport, extracellular",15567,-1000.0,1000.0
r1790,Y+LAT2 Utilized transport,"Transport, extracellular",330836,0.0,1000.0
r1832,Y+LAT2 Utilized transport,"Transport, extracellular",330836,0.0,1000.0
MALSO4tm,"Malate:sulfate antiport, mitochondrial","Transport, mitochondrial",27376,-1000.0,1000.0
HMR_0191,HMR 0191,"Transport, extracellular",26457;12491;75497;14077;11770;14080;16592;26568;16204;26569;21884;12140;225579,0.0,0.0
RE3526C,Arachidonate 12-Lipoxygenase,Arachidonic acid metabolism,11684,0.0,0.0
EX_vacc_e,Vaccenic acid exchange,Exchange/demand reaction,,0.0,2.355449169044732e-12
DOPAt4_2_r,DOPAt4 LPAREN 2 RPAREN r,"Transport, extracellular",20538;13162,-1000.0,1000.0
RE0577C,Palmitoyl Coenzyme A Hydrolase,Fatty acid synthesis,12012;171281;217700,0.0,0.0
GLNt4,L-glutamine reversible transport via sodium symport,"Transport, extracellular",56774;69354;70008;74338;57394;67760;105727,0.0,1000.0
PROt4,Na+/Proline-L symporter,"Transport, extracellular",69354;70008;74338;57394;67760;105727,0.0,1000.0
r2318,Resistance-Nodulation-Cell Division (RND) TCDB:2.A.60.1.2,"Transport, extracellular",24059,-1000.0,0.0
PDXPP,Pyridoxine 5-phosphate phosphatase,Vitamin B6 metabolism,57028,0.0,0.0
r1005,Facilitated Diffusion,"Transport, mitochondrial",,0.0,2.3874235921539366e-12
HMR_0291,HMR 0291,"Transport, extracellular",11303,0.0,0.0
HMR_0432,HMR 0432,"Transport, extracellular",26457;12491;75497;14077;11770;14080;16592;26568;16204;26569;21884;12140;225579,-1.736678159771914e-12,0.0
NTPP2,Nucleoside triphosphate pyrophosphorylase (gtp),Purine catabolism,16434,0.0,0.0
SUCFUMtm,Succinate fumarate transport  mitochondrial,"Transport, mitochondrial",27376,-1000.0,1000.0
r0960,Resistance-Nodulation-Cell Division (RND) TCDB:2.A.65.1.1,"Transport, endoplasmic reticular",12870,-1000.0,1000.0
ALOX52,Arachidonate 5-lipoxygenase,Eicosanoid metabolism,11689,299.9999999999872,300.0
HMR_3331,Enoyl Coenzyme A Hydratase,Fatty acid oxidation,74147,0.0,0.0
CLFORtex2,Chloride transport via formate countertransport (2:1),"Transport, extracellular",171429,0.0,1000.0
DESAT18_11,Stearoyl Coenzyme A Desaturase (N-C18:0CoA -> N-C18:1CoA),Fatty acid synthesis,20249,0.0,0.0
FAOXC170150m,Beta oxidation of long chain fatty acid (odd chain),Fatty acid oxidation,11370;97212;231086,0.0,0.0
CHSTEROLt2,Cholesterol intracellular transport,"Transport, mitochondrial",,-1000.0,1000.0
r0191,UTP:D-fructose-6-phosphate 1-phosphotransferase EC:2.7.1.11,Fructose and mannose metabolism,18641,0.0,1000.0
HMR_0770,HMR 0770,"Transport, extracellular",56356,-3.004287966003176,1.3642420526593924e-12
r2393,Mitochondrial Carrier (MC) TCDB:2.A.29.7.2,"Transport, mitochondrial",13358,0.0,771.1627713886373
DNDPt10m,DADP transport via dCDP antiport,"Transport, mitochondrial",67283,0.0,3.637978807091713e-12
LNLCCRNtd,"Transport of Linoleyl Carnitine, Diffusion","Transport, extracellular",,-1000.0,1000.0
SK_trp__L_c,Sink trp L[c],Exchange/demand reaction,,-102.28611778998105,97.71388221001895
CKc_cho,ATP Creatine kinase (c),Urea cycle,12715;12709,0.0,1.84172677109018e-12
r1824,Y+LAT2 Utilized transport,"Transport, extracellular",330836,0.0,1000.0
DNDPt48m,DTTP transport via dGDP antiport,"Transport, mitochondrial",67283,0.0,1.5916157281026244e-12
EX_thr__L_e,L-Threonine exchange,Exchange/demand reaction,,-100.0,100.0
RE1903R,Retinal Dehydrogenase,Vitamin A metabolism,,-1000.0,1000.0
CYTK4,Cytidylate kinase (dCMP)(GTP),Nucleotide interconversion,229949,-1000.0,1000.0
HMR_0844,"Beta-Galactoside Alpha-2, 3-Sialyltransferase",Glycosphingolipid metabolism,20444;20442;20443,0.0,0.0
TALA,Transaldolase,Pentose phosphate pathway,21351,-247.77829539342432,752.2217046065978
r1873,Y+LAT2 Utilized transport,"Transport, extracellular",330836,0.0,1000.0
HMR_7756,2-Phenylacetamide Amidohydrolase,Phenylalanine metabolism,,0.0,0.0
PEt,Phosphatidylethanolamine Transport,"Transport, extracellular",,45.56617955799284,45.566179557995866
r0786,Sphinganine-1-phosphate palmitaldehyde-lyase Sphingolipid metabolism EC:4.1.2.27,Sphingolipid metabolism,20397,0.0,0.0
r1658,Amino Acid-Polyamine-Organocation (APC) TCDB:2.A.3.8.1,"Transport, extracellular",20539,-1000.0,1000.0
r2239,Resistance-Nodulation-Cell Division (RND) TCDB:2.A.60.1.5,"Transport, extracellular",101488,0.0,1000.0
RE3050R,Retinal Dehydrogenase,Vitamin A metabolism,,-1000.0,1000.0
HMR_1311,HMR 1311,"Transport, endoplasmic reticular",,-1000.0,1000.0
EX_co2_e,CO2 exchange,Exchange/demand reaction,,99.99999999999693,100.0
r1971,Y+LAT2 Utilized transport,"Transport, extracellular",330836,0.0,1000.0
r2507,Utilized transport,"Transport, endoplasmic reticular",,-1000.0,0.0
3MOBt2im,3-methyl-2-oxobutanoate mitochondrial transport via proton symport,"Transport, mitochondrial",,0.0,1000.0
TUDCA3St,Tauroursodeoxycholic acid 3-sulfate transport via bicarbonate countertransport,"Transport, extracellular",101488;28253,0.0,0.0
r1592,Amino Acid-Polyamine-Organocation (APC) TCDB:2.A.3.8.1,"Transport, extracellular",20539,-1000.0,1000.0
CHSTEROLtg,"Cholesterol efflux (ATP depedent), golgi","Transport, golgi apparatus",11303,0.0,0.0
XYLK,Xylulokinase,Pentose phosphate pathway,102448,0.0,0.0
r1134,Methylsterol Monooxygenase,Miscellaneous,,-2.747431911605721e-12,0.0
FAS140COA,Fatty acyl CoA synthase  n C140CoA,Fatty acid synthesis,68801;14104;170439;54326,0.0,1.9326762412674725e-12
EX_sphmyln18117_hs_e,Exchange of Sphingomyelin (D18:1/17:0),Exchange/demand reaction,,0.0,0.0
ACRNtr,Transport of Acetyl Carnitine,"Transport, extracellular",,-1000.0,1000.0
PYRSMCT1,Pyruvate Transport by Smct1,"Transport, extracellular",216225,-1000.0,1000.0
DM_C02712_c,Demand for N-Acetylmethionine,Exchange/demand reaction,,899.9999999999943,1000.0
r1952,Y+LAT2 Utilized transport,"Transport, extracellular",330836,0.0,1000.0
GALUi,UTP-glucose-1-phosphate uridylyltransferase (irreversible),Galactose metabolism,216558,-1000.0,1000.0
r1853,Y+LAT2 Utilized transport,"Transport, extracellular",330836,0.0,1000.0
HMR_0281,HMR 0281,"Transport, extracellular",11303,0.0,0.0
PCHOL2STE_HSt1e,"Transport of 2-Stearoylglycerophosphocholine, Vescicular","Transport, extracellular",,0.0,0.0
RE3432C,Carbonyl Reductase (NADPH),Eicosanoid metabolism,109857;12408,-1000.0,1000.0
r1646,Amino Acid-Polyamine-Organocation (APC) TCDB:2.A.3.8.1,"Transport, extracellular",20539,-1000.0,1000.0
ECOAH5m,Enoyl-CoA hydratase (C12:0),Fatty acid oxidation,74147;93747;97212,-1.0729877329100598e-11,3.963762651437719e-11
GALGT2,"Beta-1,4 N-acetylgalactosaminyltransferase",Sphingolipid metabolism,14421,0.0,0.0
G5SADs,L-glutamate 5-semialdehyde dehydratase (spontaneous),Urea cycle,,154.75100675847318,561.8683575480906
r2324,Resistance-Nodulation-Cell Division (RND) TCDB:2.A.60.1.2,"Transport, extracellular",24059,-1000.0,0.0
DNDPt57m,DGTP transport via ATP antiport,"Transport, mitochondrial",67283,0.0,4.7692960691847475e-12
r1401,Facilitated diffusion,Fatty acid oxidation,,-4.30063396191314e-12,6.23856521997368e-12
FAOXC170m,Beta oxidation of long chain fatty acid (odd chain),Fatty acid oxidation,11364,0.0,2.1221543041368327e-12
CA3St,Cholic acid 3-sulfate transport via bicarbonate countertransport,"Transport, extracellular",101488;28253,0.0,0.0
HMR_3327,Enoyl Coenzyme A Hydratase,Fatty acid oxidation,74147,0.0,0.0
NADHtru,"NADH transporter, endoplasmic reticulum","Transport, endoplasmic reticular",,0.0,1000.0
PCHLN225_HSt1e,"Transport of 1-Docosahexenoylglycerophosphocholine (Delta 4, 7, 10, 13, 16, 19), Sn1-Lpc (22:6), Vescicular","Transport, extracellular",,0.0,0.0
STCRNte,Transport of O-Octadecanoyl-R-Carnitine,"Transport, extracellular",20520,0.0,1000.0
SK_thr__L_c,Sink thr L[c],Exchange/demand reaction,,-153.7235962535079,46.2764037464921
DNDPt40m,DUTP transport via dADP antiport,"Transport, mitochondrial",67283,0.0,1.2505552149377763e-12
HMR_0203,HMR 0203,"Transport, extracellular",26457;12491;75497;14077;11770;14080;16592;26568;16204;26569;21884;12140;225579,0.0,0.0
HMR_0296,HMR 0296,"Transport, extracellular",26457;12491;75497;14077;11770;14080;16592;26568;16204;26569;21884;12140;225579,0.0,0.0
COAtr,"COA transporter, endoplasmic reticulum","Transport, endoplasmic reticular",,-1000.0,1000.0
HMR_0311,HMR 0311,"Transport, extracellular",11303,0.0,0.0
HACD5m,3-hydroxyacyl-CoA dehydrogenase (C12:0),Fatty acid oxidation,74147;97212;15107,-9.561542059300777e-12,0.0
r0555,Acetyl-CoA:enzyme N6-(dihydrolipoyl)lysine S-acetyltransferase Glycolysis / Gluconeogenesis / Alanine and aspartate metabolism / Pyruvate metabolism EC:2.3.1.12,Miscellaneous,235339,0.0,3.0468072509393096e-11
3AIBSYMPt,"3-Amino-Isobutyrate Transport, Sodium Symport","Transport, extracellular",,-1000.0000000000039,1000.0
r2287,Resistance-Nodulation-Cell Division (RND) TCDB:2.A.60.1.5,"Transport, extracellular",101488,0.0,1000.0
r1400,Active transport,Fatty acid oxidation,,-1000.0,1000.0
GLYC2P3Pc,Formation of Glycerol-3-Phosphate,"Transport, extracellular",,23.545492955449703,23.545492955472355
SK_leu__L_c,Sink leu L[c],Exchange/demand reaction,,-193.7304857671295,6.269514232870506
ASNtm,"L-asparagine transport, mitochondrial","Transport, mitochondrial",,0.0,7.275957614183426e-12
r2266,Resistance-Nodulation-Cell Division (RND) TCDB:2.A.60.1.5,"Transport, extracellular",101488,0.0,1000.0
r1950,Y+LAT2 Utilized transport,"Transport, extracellular",330836,0.0,1000.0
r2386,Mitochondrial Carrier (MC) TCDB:2.A.29.7.2,"Transport, mitochondrial",13358,0.0,4.092726157978177e-12
SERGLNexR,L-Serine/Glutamine reversible exchange,"Transport, extracellular",53896;17254,-1000.0,1000.0
PE_HSter,Phosphatidylethanolamine scramblase,"Transport, endoplasmic reticular",,-1000.0,1000.0
r2517,ATP-binding Cassette (ABC) TCDB:3.A.1.203.1,"Transport, peroxisomal",19299,0.0,1.8189894035458565e-12
CHOLESTTDe,CHOLESTTDe vesicular transport,"Transport, extracellular",,-3.5051171676990407,-3.505117167697904
THFATm,Tetrahydrofolate aminomethyltransferase  mitochondrial,Folate metabolism,434437,0.0,0.0
FAOXOHC16C16DCc,Fatty Acid Omega Oxidation (W-Ohc16->C16Dc),Fatty acid oxidation,11532;11671,0.0,1.5115932965241448e-12
r0870,Facilitated diffusion,"Transport, extracellular",,0.0,0.0
r1616,Amino Acid-Polyamine-Organocation (APC) TCDB:2.A.3.8.1,"Transport, extracellular",20539,-1000.0,1000.0
HMR_0391,HMR 0391,"Transport, extracellular",11303,0.0,0.0
NKCC2t,Na+-K+-Cl- cotransport (NH4+),"Transport, extracellular",20495;20496,-1000.0,1000.0
RTOTALt,RTOTAL transport,"Transport, extracellular",,-23.545492955471303,-23.54549295543825
RE3237C,RE3237,Fatty acid synthesis,,0.0,0.0
SUCD1m,Succinate dehydrogenase,Citric acid cycle,66052;66925;67680;66945,-18.787547154946466,-18.78754715491079
UDPXYLtg,UDP-Xyl Golgi transport via CMP antiport,"Transport, golgi apparatus",58246,-3.410605131648481e-12,0.0
CYSGLTH,Glutathione:cystine oxidoreductase,Methionine and cysteine metabolism,,-1000.0000000000048,1000.0
HMR_0270,HMR 0270,"Transport, extracellular",26457;12491;75497;14077;11770;14080;16592;26568;16204;26569;21884;12140;225579,-2.4655832930875476e-12,0.0
DNDPt31m,DCDP transport via ATP antiport,"Transport, mitochondrial",67283,0.0,3.637978807091713e-12
ACNML,N-Acetylneuraminate lyase,Aminosugar metabolism,,-1.4461495093845258e-12,0.0
r2232,Resistance-Nodulation-Cell Division (RND) TCDB:2.A.60.1.5,"Transport, extracellular",101488,0.0,1000.0
r1865,Y+LAT2 Utilized transport,"Transport, extracellular",330836,0.0,1000.0
r1474,Long-Chain-Acyl Coenzyme A Dehydrogenase,Fatty acid oxidation,74147;93747;97212,0.0,6.572520305780927e-12
ASNPHELAT2tc,Transport of L-Asparagine into the cell and efflux of L-Phenylalanine out of the cell by LAT2 on the basolateral surfaces of kidney and intestine and Amino Acid-Polyamine-Organocation (APC) TCDB:2.A.3.8.1,"Transport, extracellular",50934,-1000.0,1000.0
r1820,Y+LAT2 Utilized transport,"Transport, extracellular",330836,0.0,1000.0
r1768,Y+LAT2 Utilized transport,"Transport, extracellular",330836,0.0,1000.0
DCA3Sabc,Deoxycholic acid 3-sulfate ABC bile acid transporter,"Transport, extracellular",12780;239273;76408;26357,0.0,1.1368683772161603e-12
GLY3Pt,Glycerol phopshate free diffusion,"Transport, peroxisomal",,-1000.0,978.9581376199073
HMR_3953,HMR 3953,"Transport, endoplasmic reticular",,0.0,5.456968210637569e-12
ASPGLUm,Aspartate-glutamate mitochondrial shuttle,"Transport, mitochondrial",78830;50799,0.0,3.979039320256561e-12
GCA3St,Glycocholic acid 3-sulfate transport via bicarbonate countertransport,"Transport, extracellular",101488;28253,0.0,1.3642420526593924e-12
r1941,Y+LAT2 Utilized transport,"Transport, extracellular",330836,0.0,1000.0
PRISTANALtx,Pristanal peroxisomal transport,"Transport, peroxisomal",,0.0,776.8007038205939
KCC2t,K+-Cl- cotransporter (NH4+),"Transport, extracellular",20499;107723;20498,-1000.0,1000.0
r0249,D-Ribose-5-phosphate ketol-isomerase Pentose phosphate pathway EC:5.3.1.6,Pentose phosphate pathway,19895,-1000.0,925.3840943563196
EX_fe3_e,Fe3+ exchange,Exchange/demand reaction,,0.0,1.3017142919125035e-11
r2193,Resistance-Nodulation-Cell Division (RND) TCDB:2.A.60.1.14,"Transport, extracellular",108096,-1000.0,1000.0
r1705,Y+LAT2 Utilized transport,"Transport, extracellular",330836,0.0,1000.0
HMR_0322,HMR 0322,"Transport, extracellular",26457;12491;75497;14077;11770;14080;16592;26568;16204;26569;21884;12140;225579,-2.0463630789890885e-12,1.2505552149377763e-12
HMR_9617,HMR 9617,"Transport, extracellular",240332,0.0,1000.0
HMR_0273,HMR 0273,"Transport, extracellular",11303,0.0,0.0
ARACHDFATPtc,Arachidonate (N-C18:1) Transport by FATP,"Transport, extracellular",26569;26457,0.0,0.0
r1652,Amino Acid-Polyamine-Organocation (APC) TCDB:2.A.3.8.1,"Transport, extracellular",20539,-1000.0,1000.0
r1854,Y+LAT2 Utilized transport,"Transport, extracellular",330836,0.0,1000.0
RE3017R,RE3017,Eicosanoid metabolism,,0.0,3.0269120543380268e-12
r1711,Y+LAT2 Utilized transport,"Transport, extracellular",330836,0.0,1000.0
56DTHMtd,"Transport of 5, 6-Dihydrothymine, Diffusion","Transport, extracellular",,-1000.0,1000.0
r2246,Resistance-Nodulation-Cell Division (RND) TCDB:2.A.60.1.5,"Transport, extracellular",101488,0.0,1000.0
r2229,Resistance-Nodulation-Cell Division (RND) TCDB:2.A.60.1.5,"Transport, extracellular",101488,0.0,1000.0
r1902,Y+LAT2 Utilized transport,"Transport, extracellular",330836,0.0,1000.0
BHMT,Betaine-homocysteine S-methyltransferase,"Glycine, serine, alanine, and threonine metabolism",12116;64918,-1.7759065571027862e-11,0.0
r2394,Mitochondrial Carrier (MC) TCDB:2.A.29.7.2,"Transport, mitochondrial",13358,0.0,771.1627713886417
CYTDt4,Cytidine transport in via sodium symport,"Transport, extracellular",114304;434203,0.0,1000.0
Htr,"H transporter, endoplasmic reticulum","Transport, endoplasmic reticular",,-1000.0,1000.0
r0483,(R)-3-Amino-2-methylpropanoate:2-oxoglutarate aminotransferase EC:2.6.1.22,Pyrimidine catabolism,268860,-1000.0,1000.0
r1641,Amino Acid-Polyamine-Organocation (APC) TCDB:2.A.3.8.1,"Transport, extracellular",20539,-1000.0,1000.0
5MTHFt2,5-methyltetrahydrofolate transport via anion exchange,"Transport, extracellular",,-1000.0,1000.0
r2493,Resistance-Nodulation-Cell Division (RND) TCDB:2.A.60.1.14,"Transport, extracellular",108096,0.0,1000.0
r2290,Resistance-Nodulation-Cell Division (RND) TCDB:2.A.60.1.5,"Transport, extracellular",101488,0.0,1000.0
SPHMYLN180241_hs_SECt,Transport of Sphingomyelin (D18:0/24:1),"Transport, extracellular",,0.0,1.5916157281026244e-12
GLUN,Glutaminase,Glutamate metabolism,216456,0.0,2.2737367544323206e-12
ACOADH100_m,Acyl-CoA dehydrogenase (10:0),Fatty acid oxidation,229211;11364,0.0,1.000444171950221e-11
HMGCOAtx,Hydroxymethylglutaryl-CoA reversible peroxisomal transport,"Transport, peroxisomal",,0.0,1000.0000000000039
r2269,Resistance-Nodulation-Cell Division (RND) TCDB:2.A.60.1.5,"Transport, extracellular",101488,0.0,1000.0
EX_chsterol_e,Cholesterol exchange,Exchange/demand reaction,,-100.0,-3.5051171676990407
PROSTGE1t,Prostaglandin transport via bicarbonate countertransport,"Transport, extracellular",24059,-1000.0,1000.0
EX_peste_hs_e,Exchange of 1-Stearoylglycerophosphoethanolamine,Exchange/demand reaction,,-1.0913936421275139e-11,0.0
TRDR3,Thioredoxin (ubiquinone 10) reductase (NADH),Miscellaneous,50493,0.0,1.4097167877480388e-11
FRDPtcr,Transport of Farnesyl diphosphate into the endoplasmic reticulum,"Transport, endoplasmic reticular",,-1000.0,1000.0
NRVNCABCt,"Transport of 15-Tetracosenoate, Diffusion","Transport, extracellular",26568;26569;26457;26458;26459;225579,0.0,0.0
HC02220t,Chenodeoxycholic acid 3-sulfate transport via bicarbonate countertransport,"Transport, extracellular",101488;28253,-1000.0,0.0
DTTPtn,DTTP diffusion in nucleus,"Transport, nuclear",,-997.7508215851013,1000.0
LTHSTRLOR,"Lathosterol, NADPH:oxygen 5-oxidoreductase",Cholesterol metabolism,235293,0.0,0.0
FAOXC12DCC10DCx,"Fatty Acid Beta Oxidation (C12Dc->C10Dc), Peroxisomal",Fatty acid oxidation,74147;235674;15488;11430,0.0,0.0
RNTR2,Ribonucleoside triphosphate reductase  GTP,Nucleotide interconversion,20133;20135;382985,-998.2994142578382,1.7005857421757185
HMR_9614,HMR 9614,"Transport, extracellular",13162,0.0,1000.0
DNDPt37m,DUTP transport via dTDP antiport,"Transport, mitochondrial",67283,0.0,3.296918293926865e-12
r0937,Transport reaction,"Transport, lysosomal",,-1000.0,0.0
SK_doco13ecoa_c,Sink doco13ecoa[c],Exchange/demand reaction,,0.0,0.0
XOL24OHtr,"Transport of (24S)-24-Hydroxycholesterol, Endoplasmatic Reticulum, within Lipoproteins","Transport, endoplasmic reticular",,0.0,0.0
ADK1m,Adenylate kinase  mitochondrial,Nucleotide interconversion,11639;11637,-1000.0,1000.0
r0205,Sn-Glycerol-3-Phosphate: (Acceptor) 2-Oxidoreductase,Oxidative phosphorylation,14571,0.0,1.2661871551244985e-11
r1642,Amino Acid-Polyamine-Organocation (APC) TCDB:2.A.3.8.1,"Transport, extracellular",20539,-1000.0,1000.0
r1755,Y+LAT2 Utilized transport,"Transport, extracellular",330836,0.0,1000.0
GLUt6,"Glutamate transport via Na, H symport and K antiport","Transport, extracellular",20513;20510;20511;242607;20512,337.66999999999996,337.67
r1955,Y+LAT2 Utilized transport,"Transport, extracellular",330836,0.0,1000.0
HC00900t3,"Transport of Methylmalonate, Antiport with Thio-Sulphate","Transport, extracellular",,-1000.0,1000.0
4TMEABUTNt2,"Transport of 4- (Trimethylammonio)Butanoate, Proton Symport","Transport, extracellular",,-1000.0,1000.0
HMR_3340,3-Hydroxyacyl Coenzyme A Dehydrogenase,Fatty acid oxidation,74147;15488,0.0,0.0
PCHOLN224_HSt1e,"Transport of 1-Docosatetraenoylglycerophosphocholine (Delta 7, 10, 13, 16), Sn1-Lpc (22:4), Vescicular","Transport, extracellular",,0.0,0.0
r1631,Amino Acid-Polyamine-Organocation (APC) TCDB:2.A.3.8.1,"Transport, extracellular",20539,-1000.0,1000.0
r2286,Resistance-Nodulation-Cell Division (RND) TCDB:2.A.60.1.5,"Transport, extracellular",101488,0.0,1000.0
ASCBSVCTtc,Transport of L-Ascorbate by SVCT1 or SVCT2 transporter,"Transport, extracellular",54338;20522,0.0,0.0
GLU5SAtmc,"Glutamate semi-aldehyde transport, mitochondrial","Transport, mitochondrial",,154.75100675845684,561.8683575480566
PNTOt4,Pantothenate sodium symporter,"Transport, extracellular",,-1000.0,0.0
NDPK5n,"Nucleoside-diphosphate kinase (ATP:dGDP), nuclear",Nucleotide interconversion,18102;18103,-1000.0,1000.0
r0434,Palmitoyl-CoA:L-carnitine O-palmitoyltransferase Fatty acid metabolism EC:2.3.1.21,Fatty acid oxidation,12894;12896,-1000.0,1000.0
HMR_2851,HMR 2851,"Transport, endoplasmic reticular",20520,-1000.0,0.0
RE1518M,RE1518M,Fatty acid oxidation,11363;11430,-1.1048939541069558e-11,1.3741896509600338e-12
LGNCFATPtc,Lignocerate Transport by FATP,"Transport, extracellular",26457;26458,0.0,0.0
HMR_0805,Globotriaosylceramide 3-Beta-N-Acetylgalactosaminyltransferase,Glycosphingolipid metabolism,26879,0.0,0.0
DTMPK,DTMP kinase,Nucleotide interconversion,21915,2.2491784148709257,2.2491784149006637
LEUTA,Leucine transaminase,"Valine, leucine, and isoleucine metabolism",12035,0.0,1000.0
PE15_HSt1e,"Transport of 1-Pentadecanoylglycerophosphoethanolamine (C15:0 Pe), Vescicular","Transport, extracellular",,0.0,0.0
HMR_0415,HMR 0415,"Transport, extracellular",11303,0.0,0.0
r1051,Vesicular Transport,"Transport, endoplasmic reticular",,-1000.0,1000.0
BETBGTtc,Betaine Transport by Bgt,"Transport, extracellular",14411,-1000.0,1000.0
FT,"Trans,trans,cis-geranylgeranyl diphosphate synthase",N-glycan synthesis,,0.0,1000.0
CRVNCtr,Fatty acid transport via diffusion,"Transport, extracellular",,-1000.0000000000092,1000.0
r1654,Amino Acid-Polyamine-Organocation (APC) TCDB:2.A.3.8.1,"Transport, extracellular",20539,-1000.0,1000.0
r1715,Y+LAT2 Utilized transport,"Transport, extracellular",330836,0.0,1000.0
r2139,Resistance-Nodulation-Cell Division (RND) TCDB:2.A.60.1.14,"Transport, extracellular",108096,-1000.0,1000.0
DTMPKm,DTMP kinase in mitochondria,Pyrimidine synthesis,21915,0.0,1.8189894035458565e-12
r1855,Y+LAT2 Utilized transport,"Transport, extracellular",330836,0.0,1000.0
RE3626M,Acyl Coenzyme A Oxidase,Fatty acid oxidation,11430,0.0,1.1809220268332865e-11
ODECRNte,Transport of L-Oleoylcarnitine,"Transport, extracellular",20520,0.0,1000.0
ME2,Malic enzyme (NADP),Pyruvate metabolism,17436,0.0,2.6147972675971687e-12
RE2078M,RE2078,Eicosanoid metabolism,,-1000.0,1000.0
FAS80COA_L,Fatty acyl CoA synthase  n C80CoA   lumped reaction,Fatty acid synthesis,14104,0.0,9.094947017729282e-13
EX_sphmyln180241_hs_e,Exchange of Sphingomyelin (D18:0/24:1),Exchange/demand reaction,,0.0,2.219113781620763e-12
SCP21cx,Transport of phytanoylcoa from cytosol to peroxisomes.,"Transport, peroxisomal",19299,0.0,0.0
r2231,Resistance-Nodulation-Cell Division (RND) TCDB:2.A.60.1.5,"Transport, extracellular",101488,0.0,1000.0
MTHFR2,"5,10-methylenetetrahydrofolate reductase (NADH)",Folate metabolism,17769,-1000.0,0.0
r1676,Y+LAT2 Utilized transport,"Transport, extracellular",330836,0.0,1000.0
r1468,Postulated transport reaction,"Transport, mitochondrial",,0.0,0.0
HMR_2827,Carnitine O-Acetyltransferase,"Transport, endoplasmic reticular",12908,-8.310818689015945e-13,1000.0
HMR_8086,HMR 8086,"Transport, golgi apparatus",,0.0,0.0
HMR_0299,HMR 0299,"Transport, extracellular",11303,0.0,0.0
HMR_0750,Sphingosine N-Acyltransferase,Sphingolipid metabolism,76893;545975;71949;241447;93898;67260,0.0,0.0
RE0915C,Alpha-Amylase,Starch and sucrose metabolism,,0.0,0.0
TYMte2,"Tyraminium Proton Symport, Cytosol","Transport, extracellular",243328,-1000.0,1000.0
LPS3,Lipase,Triacylglycerol synthesis,23945,0.0,0.0
PNP,Purine nucleoside phosphorylase,NAD metabolism,667034;18950,0.0,0.0
HMR_9627,HMR 9627,"Transport, endoplasmic reticular",,0.0,0.0
MANt1r,Mannose transport (uniport),"Transport, extracellular",20525;20526;20527,-1000.0,1000.0
DNDPt15m,DUDP transport via dGDP antiport,"Transport, mitochondrial",67283,0.0,1.1368683772161603e-12
r1923,Y+LAT2 Utilized transport,"Transport, extracellular",330836,0.0,1000.0
ACOAR2m,Trans-2-enoyl-CoA reductase (NADPH) (C6:0),Fatty acid oxidation,26922;111175,0.0,3.774403012357652e-11
HMR_7748,Alpha-D-Glucose 6-Phosphate Ketol-Isomerase,Glycolysis/gluconeogenesis,14751,-1000.0,714.9137517847515
BALAt2r,Beta Alanine transport in via proton symport,"Transport, extracellular",215335,0.0,1000.0
r0734,(S)-Hydroxyhexanoyl Coenzyme A Hydro-Lyase,Fatty acid oxidation,74147;93747;97212,0.0,1.1210785386437137e-11
NAt,Sodium transport (uniport),"Transport, extracellular",20537;53881;114479,-1000.0,1000.0
ASCBt,L-ascorbate transport via facilitated diffusion,"Transport, extracellular",,-900.0000000000169,1000.0
DHRT_ibcoa,"Dihydrolipoyllysine-residue (2-methylpropanoyl)transferase, Isobutyryl-CoA forming","Valine, leucine, and isoleucine metabolism",13171,0.0,18.78754715494665
r1741,Y+LAT2 Utilized transport,"Transport, extracellular",330836,0.0,1000.0
OCOAT1m,3-oxoacid CoA-transferase,"Valine, leucine, and isoleucine metabolism",67041;353371,0.0,2.9558577807620168e-12
r1917,Y+LAT2 Utilized transport,"Transport, extracellular",330836,0.0,1000.0
r1977,Y+LAT2 Utilized transport,"Transport, extracellular",330836,0.0,1000.0
ISOCHOLt2,Isocholic acid transport via sodium cotransport,"Transport, extracellular",20493;20494,0.0,1000.0
DM_dctp_n,"Demand for dCTP, Nuclear",Exchange/demand reaction,,391.72768197660537,391.72768197663476
r1467,Postulated transport reaction,"Transport, mitochondrial",,-1000.0000000000017,1000.0
r1568,Amino Acid-Polyamine-Organocation (APC) TCDB:2.A.3.8.1,"Transport, extracellular",20539,-1000.0,1000.0
HMR_1916,HMR 1916,"Transport, golgi apparatus",18145;110611,0.0,0.0
HMR_3951,HMR 3951,"Transport, extracellular",,-1000.0,1000.0
r1803,Y+LAT2 Utilized transport,"Transport, extracellular",330836,0.0,1000.0
HACD4p,3 hydroxyacyl CoA dehydrogenase  3 oxodecanoyl CoA   peroxisomal,Fatty acid oxidation,74147;97212;15107,-9.912385817341399e-13,0.0
r2342,Organic anion transporter 5 Utilized transport,"Transport, extracellular",236149;207151;236293;319800;171405;434674,-1000.0,1000.0
SK_HC01115_c,Sink HC01115[c],,,999.9999999999899,1000.0
ESTRADIOLtr,Estradiol intracellular transport,"Transport, endoplasmic reticular",,0.0,1000.0
r2248,Resistance-Nodulation-Cell Division (RND) TCDB:2.A.60.1.5,"Transport, extracellular",101488,0.0,1000.0
r0193,L-Cysteine L-homocysteine-lyase (deaminating) Cysteine metabolism EC:4.4.1.1,Methionine and cysteine metabolism,107869,0.0,0.0
FAOXC8DCC6DCx,"Fatty Acid Beta Oxidation (C8Dc->C6Dc), Peroxisomal",Fatty acid oxidation,74147;235674;15488;11430,0.0,1.1368683772161603e-12
ACGAM6PS,N acetylglucosamine 6 phosphate synthase,Aminosugar metabolism,54342,0.0,0.0
RE1804M,RE1804M,Bile acid synthesis,104086,-1000.0,0.0
GLXtm,"Glyoxylate transport, mitochondrial","Transport, mitochondrial",,-1.8545165403338615e-12,0.0
r1813,Y+LAT2 Utilized transport,"Transport, extracellular",330836,0.0,1000.0
B3GALT42g,"Beta-1,3-galactosyltransferase 4",Sphingolipid metabolism,54218,0.0,0.0
GDCA3Sabc,Glycodeoxycholic acid 3-sulfate ABC bile acid transporter,"Transport, extracellular",12780;239273;76408;26357,0.0,0.0
GD1Ctg,Gd1c hs  intracellular transport,"Transport, golgi apparatus",,0.0,0.0
r1566,Amino Acid-Polyamine-Organocation (APC) TCDB:2.A.3.8.1,"Transport, extracellular",20539,-1000.0,1000.0
UMPtr,UMP transport (ER),"Transport, endoplasmic reticular",,-1000.0,1000.0
SK_lnlncacoa_c,Sink lnlncacoa[c],Exchange/demand reaction,,-2.8421709430404007e-12,1.1368683772161603e-12
r1690,Y+LAT2 Utilized transport,"Transport, extracellular",330836,0.0,1000.0
PE161_HSt1e,"Transport of 1-Hexadecenoylglycerophosphoethanolamine (C16:1 Pe, Delta 9), Vescicular","Transport, extracellular",,0.0,0.0
r0385,"3-methyl-2-oxobutanoate:[dihydrolipoyllysine-residue (2-methylpropanoyl)transferase] lipoyllysine 2-oxidoreductase (decarboxylating, acceptor-2-methylpropanoylating) EC:1.2.4.4",Miscellaneous,12040;12039;320208,0.0,18.78754715494688
r2538,Utilized transport,"Transport, endoplasmic reticular",,-1000.0,1000.0
r2210,Resistance-Nodulation-Cell Division (RND) TCDB:2.A.60.1.14,"Transport, extracellular",108096,0.0,1000.0
FACOAL2252,Fatty-acid--CoA ligase,Fatty acid oxidation,14081,0.0,1.1368683772161603e-12
r0987,Vesicular transport,"Transport, lysosomal",,-1000.0,0.0
r2265,Resistance-Nodulation-Cell Division (RND) TCDB:2.A.60.1.5,"Transport, extracellular",101488,0.0,1000.0
UDCHOLt2,Ursodeoxycholic acid transport via sodium cotransport,"Transport, extracellular",20493;20494,0.0,1000.0
HMR_3330,Acyl Coenzyme A Oxidase,Fatty acid oxidation,11430;80911,0.0,0.0
r1848,Y+LAT2 Utilized transport,"Transport, extracellular",330836,0.0,1000.0
r1634,Amino Acid-Polyamine-Organocation (APC) TCDB:2.A.3.8.1,"Transport, extracellular",20539,-1000.0,1000.0
r1780,Y+LAT2 Utilized transport,"Transport, extracellular",330836,0.0,1000.0
HMR_2852,Carnitine O-Acetyltransferase,"Transport, endoplasmic reticular",12908,-1.4779288903810084e-12,1000.0
EX_adn_e,Adenosine exchange,Exchange/demand reaction,,-2.4632148173016808e-12,4.198419389922492e-12
r1758,Y+LAT2 Utilized transport,"Transport, extracellular",330836,0.0,1000.0
RE3525M,Arachidonate 12-Lipoxygenase,Arachidonic acid metabolism,,0.0,7.389644451905042e-13
HC00900t2,"Transport of Methylmalonate, Antiport with Sulphate","Transport, extracellular",,-1000.0,1000.0
GTHRDt2,Glutathione transport,"Transport, extracellular",,-1000.0,0.0
FAOXC15NADPx,Fatty acid alpha oxidation(2-Hydroxyphytanoyl-CoA)(nadp)x,Fatty acid oxidation,11671;56794,0.0,0.0
r1593,Amino Acid-Polyamine-Organocation (APC) TCDB:2.A.3.8.1,"Transport, extracellular",20539,-1000.0,1000.0
HMR_3097,Acetyl Coenzyme A C-Acyltransferase,Fatty acid oxidation,235674;17919,0.0,1.552000025202408e-12
EX_M02613_e,EX M02613[e],Exchange/demand reaction,,-9.094947017729282e-13,0.0
HMR_0208,HMR 0208,"Transport, extracellular",26457;12491;75497;14077;11770;14080;16592;26568;16204;26569;21884;12140;225579,0.0,0.0
AKR1C42,"Aldo-keto reductase family 1, member C4 (chlordecone reductase; 3-alpha hydroxysteroid dehydrogenase, type I; dihydrodiol dehydrogenase 4)",Bile acid synthesis,83702,0.0,1000.0
SK_odecoa_c,Sink odecoa[c],Exchange/demand reaction,,-3.637978807091713e-12,2.7320368189975852e-12
r1737,Y+LAT2 Utilized transport,"Transport, extracellular",330836,0.0,1000.0
DTDPtn,DTDP nuclear transport,"Transport, nuclear",,-997.7508215851013,1000.0
FOLOAT1tc,Folate Transport by Oat1,"Transport, extracellular",18399,-1000.0,1000.0
MAN6PI,Mannose-6-phosphate isomerase,Fructose and mannose metabolism,110119,0.0,0.0
r1691,Y+LAT2 Utilized transport,"Transport, extracellular",330836,0.0,1000.0
URIDK2m,"Uridylate kinase (dUMP), mitochondrial",Nucleotide interconversion,21915,0.0,0.0
RE0453C,Nucleoside-Diphosphate Kinase,Pyrimidine synthesis,,-1000.0,1000.0
r1560,Amino Acid-Polyamine-Organocation (APC) TCDB:2.A.3.8.1,"Transport, extracellular",20539,-1000.0,1000.0
UDPGALt2r,"UDPgalactose Transport, Endoplasmatic Reticulum","Transport, endoplasmic reticular",,0.0,0.0
r2256,Resistance-Nodulation-Cell Division (RND) TCDB:2.A.60.1.5,"Transport, extracellular",101488,0.0,1000.0
XYLTD_D,Xylitol dehydrogenase  D xyulose forming,Pentose phosphate pathway,,0.0,0.0
r2200,Resistance-Nodulation-Cell Division (RND) TCDB:2.A.60.1.5,"Transport, extracellular",101488,-1000.0,0.0
r0784,Xylitol:NAD oxidoreductase Pentose and glucuronate interconversions EC:1.1.1.15,Pentose phosphate pathway,,-1000.0000000000009,1000.0
EX_mlthf_e,"Exchange of 5,10-Methylenetetrahydrofolate",Exchange/demand reaction,,-100.0,-99.99999999999113
DNDPt32m,DGDP transport via ATP antiport,"Transport, mitochondrial",67283,0.0,0.0
DNDPt41m,DUTP transport via dCDP antiport,"Transport, mitochondrial",67283,0.0,0.0
r2303,Resistance-Nodulation-Cell Division (RND) TCDB:2.A.60.1.5,"Transport, extracellular",101488,0.0,1000.0
FAOXC12C12OHm,"Fatty Acid Beta Oxidation (C12->Ohc12), Mitochondrial",Fatty acid oxidation,93747;11364,0.0,2.4442670110147446e-11
r1905,Y+LAT2 Utilized transport,"Transport, extracellular",330836,0.0,1000.0
PPAP,Phosphatidic acid phosphatase,Triacylglycerol synthesis,67916;19012;50784,0.0,1.3096190798478347e-12
HMR_2295,Stearoyl Coenzyme A 9-Desaturase,Fatty acid synthesis,20249,0.0,2.4868995751603507e-12
OCDCEAt,Octadecenoate  n C181  transport in via uniport,"Transport, extracellular",26459,-1000.0,1000.0
HMR_3864,HMR 3864,"Transport, mitochondrial",78830;50799,0.0,4.661160346586257e-12
r0990,Postulated transport reaction,"Transport, peroxisomal",,0.0,2.5011104298755527e-12
HMR_2711,Carnitine O-Palmitoyltransferase,Fatty acid oxidation,12894;12895;78070,-1000.0000000000025,1000.000000000001
r0610,CTP:D-Tagatose 6-phosphate 1-phosphotransferase Galactose metabolism EC:2.7.1.11,Miscellaneous,18641,-1000.0,1000.0
CO2tg,CO2 Golgi transport,"Transport, golgi apparatus",,0.0,0.0
r1549,Amino Acid-Polyamine-Organocation (APC) TCDB:2.A.3.8.1,"Transport, extracellular",20539,-1000.0,1000.0
ADPtx,"ADP transporter, peroxisomal","Transport, peroxisomal",,-1000.0,1000.0
ST3GAL22g,"CMP-N-acetylneuraminate-beta-galactosamide-alpha-2,3-sialyltransferase, Golgi apparatus",Sphingolipid metabolism,20444,0.0,0.0
SPODMn,"Superoxide dismutase, nuclear",ROS detoxification,20655,0.0,2.5011104298755527e-12
CLOHtex2,Chloride transport via hydroxide countertransport (2:1),"Transport, extracellular",171429,0.0,1000.0
r1522,ATP-binding Cassette (ABC) TCDB:3.A.1.211.1,"Transport, extracellular",11303,0.0,0.0
DMNONCRNt,"4,8 dimethylnonanoyl crn transport",Fatty acid oxidation,,-1000.0,1000.0
r0511,"Steroyl Coenzyme A, Hydrogen-Donor:Oxygen Oxidoreductase Polyunsaturated Fatty Acid Biosynthesis",Miscellaneous,20249,0.0,2.8990143619012088e-12
r2302,Resistance-Nodulation-Cell Division (RND) TCDB:2.A.60.1.5,"Transport, extracellular",101488,0.0,1000.0
C05770te,Transport by Atb Binding Cassette Transporter ABCc2 into Extracellular Space,"Transport, extracellular",12780;74104,0.0,0.0
UDCHOLt,Ursodeoxycholic acid transport via bicarbonate countertransport,"Transport, extracellular",106407;101488;28253;330962,-1000.0,0.0
r1563,Amino Acid-Polyamine-Organocation (APC) TCDB:2.A.3.8.1,"Transport, extracellular",20539,-1000.0,1000.0
r1986,Y+LAT2 Utilized transport,"Transport, extracellular",330836,0.0,1000.0
DUTPDPn,"DUTP diphosphatase, nuclear",Nucleotide interconversion,110074,0.0,0.0
HMR_0370,Palmitoyl Coenzyme A Hydrolase,Fatty acid oxidation,171210;12012;171281;217700;171282;70025,0.0,0.0
SMVtv,Uptake of simvastatin by enterocytes,Drug metabolism,,-1000.0,1000.0
r1625,Amino Acid-Polyamine-Organocation (APC) TCDB:2.A.3.8.1,"Transport, extracellular",20539,-1000.0,1000.0
3ISPVStep,3-alpha-iso-pravastatin exit into portal blood,Drug metabolism,,-1000.0,1000.0
r2312,Resistance-Nodulation-Cell Division (RND) TCDB:2.A.60.1.14,"Transport, extracellular",108096,-1000.0,1000.0
HMR_3328,3-Hydroxyacyl Coenzyme A Dehydrogenase,Fatty acid oxidation,74147;15488,0.0,1.6538415291538014e-12
r1974,Y+LAT2 Utilized transport,"Transport, extracellular",330836,0.0,1000.0
r1916,Y+LAT2 Utilized transport,"Transport, extracellular",330836,0.0,1000.0
HMR_0201,Palmitoyl Coenzyme A Hydrolase,Fatty acid oxidation,171210;12012;171281;217700;171282;70025,0.0,0.0
ACGALK2,N-acetylgalactosamine kinase (ITP),Aminosugar metabolism,,0.0,0.0
EX_sphmyln18115_hs_e,Exchange of Sphingomyelin (D18:1/15:0),Exchange/demand reaction,,0.0,3.5833558342801552e-12
MANt4,D-mannose transport via sodium cotransport,"Transport, extracellular",109342;230612,-1000.0,1000.0
r2301,Resistance-Nodulation-Cell Division (RND) TCDB:2.A.60.1.5,"Transport, extracellular",101488,0.0,1000.0
C180CPT1,Carnitine O-stearoyl transferase,Fatty acid oxidation,12894;12895;78070,-1.1368683772161603e-12,0.0
DUMPtn,DUMP nuclear transport,"Transport, nuclear",,-8.526512829121202e-13,0.0
ACACT6p,Acetyl CoA C acetyltransferase  dodecanoyl   peroxisomal,Fatty acid oxidation,235674,0.0,0.0
KAS8,"B-ketoacyl synthetase (palmitate, n-C16:0)",Fatty acid synthesis,68801;14104;170439;54326,0.0,2.5813318539063835e-13
NDPK1m,"Nucleoside-diphosphate kinase (ATP:GDP), mitochondrial",Nucleotide interconversion,54369;56520,-1000.0,1000.0
DNDPt61m,DGTP transport via dTDP antiport,"Transport, mitochondrial",67283,0.0,1.2505552149377763e-12
DNDPt14m,DUDP transport via dTDP antiport,"Transport, mitochondrial",67283,0.0,2.1259438653942198e-11
TCA3Sabc,Taurocholic acid 3-sulfate ABC bile acid transporter,"Transport, extracellular",12780;239273;76408;26357,0.0,0.0
ACNAMt2,N-acetylneuraminate proton symport,"Transport, extracellular",,0.0,0.0
r1512,Utilized transport,"Transport, extracellular",,0.0,1000.0
r2242,Resistance-Nodulation-Cell Division (RND) TCDB:2.A.60.1.5,"Transport, extracellular",101488,0.0,1000.0
PPASMCT1,Propionate Transport by Smct1,"Transport, extracellular",216225,-1000.0,1000.0
CALAtr,Transport of 3-Ureidopropionate,"Transport, extracellular",,-1000.0,1000.0
TMNDNCt,Fatty acid transport via diffusion,"Transport, extracellular",,0.0,0.0
G6PPer,"Glucose-6-phosphate phosphatase, edoplasmic reticular",Glycolysis/gluconeogenesis,14378;68401;14377,0.0,0.0
PROt4_2_r,PROt4 LPAREN 2 RPAREN r,"Transport, extracellular",240332,-1000.0,1000.0
SPHMYLN18115_hs_SECt,Transport of Sphingomyelin (D18:1/15:0),"Transport, extracellular",,0.0,0.0
r1945,Y+LAT2 Utilized transport,"Transport, extracellular",330836,0.0,1000.0
r0557,Glutaryl-CoA:dihydrolipoamide S-succinyltransferase Lysine degradation EC:2.3.1.61,Miscellaneous,78920,0.0,8.101942878473779e-13
SPHMYLN1825_hs_SECt,Transport of Sphingomyelin (D18:0/25:0),"Transport, extracellular",,0.0,0.0
3HPVSTETCOAitm,3HPVSTETCOAitm,Drug metabolism,,-1.7053025658242408e-12,3.922195901395753e-12
HMR_0837,"Beta-Galactoside Alpha-2, 3-Sialyltransferase",Glycosphingolipid metabolism,20444;20442;20443,0.0,1.3642420526593924e-12
HMR_1081,Leukotriene-C4 Synthase,Leukotriene metabolism,17001,199.9999999999875,200.0
DM_Asn_X_Ser_Thr_l,DM Asn  X  Ser FSLASH Thr LPAREN ly RPAREN,Exchange/demand reaction,,0.0,0.0
GLYVESSEC_1,Secretion of Glycine  via Secretory Vesicle (ATP Driven),"Transport, extracellular",22348,0.0,0.0
DHFR2i,Dihydrofolate reductase (NAD+),Folate metabolism,13361,0.0,1000.0
PSFLIP,Phosphatidylserine flippase,"Transport, extracellular",11980;11982,0.0,0.0
SK_chol_c,Sink chol[c],Exchange/demand reaction,,-689.3987915801019,-489.3987915800999
r2323,Resistance-Nodulation-Cell Division (RND) TCDB:2.A.60.1.2,"Transport, extracellular",24059,-1000.0,0.0
HMR_5389,"1, 2-Dihydroxy-5- (Methylthio)Pent-1-En-3-One:Oxygen Oxidoreductase (Formate-Forming)",Methionine and cysteine metabolism,104923,0.0,0.0
PCHOLN1836_HSt1e,"Transport of 1-Octadeca-Trienoylglycerophosphocholine, Sn1-Lpc (18:3, Delta 6, 9, 12), Vescicular","Transport, extracellular",,0.0,0.0
C05770te4,Transport by OATP1B Carriers into Extracellular Space,"Transport, extracellular",101488;28253,0.0,0.0
RE2799C,Prostaglandin-F Synthase,Eicosanoid metabolism,,-1000.0,1000.0
CITt4_3,Citrate transport via sodium symport (1:3),"Transport, extracellular",114644;330836,0.0,1000.0
HPYRRy,Hydroxypyruvate reductase (NADPH),Glyoxylate and dicarboxylate metabolism,76238,0.0,0.0
AGTim,Alanine---glyoxylate aminotransferase,Alanine and aspartate metabolism,268782;71760,-3.2836684754972844e-12,2.6147972675971687e-12
r1722,Y+LAT2 Utilized transport,"Transport, extracellular",330836,0.0,1000.0
PYK6,RE2954,Pyrimidine synthesis,18746,-771.1627713886458,1000.0
CA2t,Calcium (Ca+2) transport via diffusion (extracellular to periplasm),"Transport, extracellular",,-1000.0,1000.0
ALAt4,Alanine-Sodium symporter,"Transport, extracellular",57394;56774;67760;11988;11987;69354;70008;74338;11989;105727,0.0,1000.0
H2Otp,H2O transport  peroxisomal,"Transport, peroxisomal",,-1000.0,-223.19929617940042
HMR_0300,HMR 0300,"Transport, extracellular",26457;12491;75497;14077;11770;14080;16592;26568;16204;26569;21884;12140;225579,0.0,0.0
FACOAL240_1,Fatty-Acid- Coenzyme A Ligase,Fatty acid oxidation,14081,0.0,0.0
r0744,"(24R,25R)-3alpha,7alpha,12alpha,24-tetrahydroxy-5beta-cholestanoyl- CoA hydro-lyase Bile acid biosynthesis EC:4.2.1.107",Bile acid synthesis,15488,0.0,0.0
SK_for_c,Sink for(c),Exchange/demand reaction,,0.0,0.0
FATP3t,Fatty acid electroneutral transport,"Transport, extracellular",26457,-1000.0,1000.0
PUNP7,Purine-nucleoside phosphorylase (Xanthosine),Nucleotide interconversion,667034;18950,-1000.0,-99.9999999999975
FAOXC16OHC16r,"Fatty Acid Omega Oxidation (C16->W-Ohc16), Endoplasmatic Reticulum",Fatty acid oxidation,170716;72054,0.0,1.1795009413617663e-12
HPDCAt,Fatty acid transport via diffusion,"Transport, extracellular",,0.0,0.0
CATp,Catalase A  peroxisomal,Miscellaneous,12359,31.67889267439035,31.678892674413603
GHMT2r,"Glycine hydroxymethyltransferase, reversible","Glycine, serine, alanine, and threonine metabolism",20425,192.58742687212975,549.9732644593835
EX_sphmyln1825_hs_e,Exchange of Sphingomyelin (D18:0/25:0),Exchange/demand reaction,,0.0,1.588063014423824e-12
DNDPt17m,DUDP transport via dCDP antiport,"Transport, mitochondrial",67283,0.0,2.3874235921539366e-12
RE2898C,RE2898C,Vitamin C metabolism,,99.99999999997877,100.0
LTC4CP,Leukotriene C4 carboxypeptidase,Eicosanoid metabolism,,-907.1173507895917,1000.0
HMR_3336,3-Hydroxyacyl Coenzyme A Dehydrogenase,Fatty acid oxidation,74147;15488,0.0,0.0
HMR_9613,HMR 9613,"Transport, extracellular",232333;14412;243616,0.0,1000.0
r1656,Amino Acid-Polyamine-Organocation (APC) TCDB:2.A.3.8.1,"Transport, extracellular",20539,-1000.0,1000.0
APRGSTRNABCt,"Hydroxyprogesterone Transport, Active","Transport, extracellular",,0.0,0.0
EX_sphs1p_e,Sphingosine 1-phosphate exchange,Exchange/demand reaction,,0.0,0.0
UPPN,B-ureidopropionase,Pyrimidine catabolism,103149,483.40154683306116,483.40154683307793
EX_lac__D_e,D-lactate exchange,Exchange/demand reaction,,-100.0,-99.99999999998727
r2281,Resistance-Nodulation-Cell Division (RND) TCDB:2.A.60.1.5,"Transport, extracellular",101488,0.0,1000.0
r1720,Y+LAT2 Utilized transport,"Transport, extracellular",330836,0.0,1000.0
DNDPt18m,DUDP transport via ADP antiport,"Transport, mitochondrial",67283,0.0,0.0
r0706,"Acyl-Coenzyme A dehydrogenase family, member 9 Bile acid biosynthesis EC:1.3.3.6",Bile acid synthesis,229211,0.0,0.0
r0321,Acetoacetate:CoA ligase (AMP-forming) Butanoate metabolism EC:6.2.1.16,Cholesterol metabolism,78894,0.0,0.0
r2271,Resistance-Nodulation-Cell Division (RND) TCDB:2.A.60.1.5,"Transport, extracellular",101488,0.0,1000.0
r1444,Acyl-CoA Oxidase,Fatty acid oxidation,11430;80911,0.0,0.0
EX_chol_e,Choline exchange,Exchange/demand reaction,,-100.0,100.0
r2486,Resistance-Nodulation-Cell Division (RND) TCDB:2.A.60.1.14,"Transport, extracellular",108096,0.0,1000.0
BUTSMCT1,Butyrate Transport by Smct1,"Transport, extracellular",216225,-1000.0,1000.0
NDPK7n,"Nucleoside-diphosphate kinase (ATP:dCDP), nuclear",Nucleotide interconversion,18102;18103,-1000.0,1000.0
r1939,Y+LAT2 Utilized transport,"Transport, extracellular",330836,0.0,1000.0
FACOAL184,Fatty-acid--CoA ligase,Fatty acid oxidation,14081,0.0,0.0
r2509,Utilized transport,"Transport, endoplasmic reticular",,-1000.0,1000.0
56DURAtd,"Transport of 5, 6-Dihydrouracil, Diffusion","Transport, extracellular",,-1000.0,1000.0
r2050,Amino Acid-Polyamine-Organocation (APC) TCDB:2.A.3.8.15,"Transport, extracellular",30962,0.0,1000.0
r2282,Resistance-Nodulation-Cell Division (RND) TCDB:2.A.60.1.5,"Transport, extracellular",101488,0.0,1000.0
RPE,Ribulose 5-phosphate 3-epimerase,Pentose phosphate pathway,66646,-1000.0,1000.0
DESAT16_2,Palmitoyl-CoA desaturase (n-C16:0CoA -> n-C16:1CoA),Fatty acid synthesis,20249,0.0,1.667110893777135e-12
r0633,Trans-Oct-2-Enoyl Coenzyme A Reductase,Fatty acid oxidation,26922;111175,-2.6489033189136535e-11,1.2050804798491299e-11
r1649,Amino Acid-Polyamine-Organocation (APC) TCDB:2.A.3.8.1,"Transport, extracellular",20539,-1000.0,1000.0
PE17_HSt1e,"Transport of 1-Heptadecanoylglycerophosphoethanolamine (C17:0 Pe), Vescicular","Transport, extracellular",,0.0,0.0
MALtm,Malate transport  mitochondrial,"Transport, mitochondrial",27376,-1000.0,1000.0
r1918,Y+LAT2 Utilized transport,"Transport, extracellular",330836,0.0,1000.0
HMR_5387,"5- (Methylthio)-2, 3-Dioxopentyl-Phosphate Phosphohydrolase (Isomerizing)",Methionine and cysteine metabolism,67870,0.0,0.0
HMR_6607,HMR 6607,Purine catabolism,,-100.0,-99.9999999999851
r1661,Amino Acid-Polyamine-Organocation (APC) TCDB:2.A.3.8.1,"Transport, extracellular",20539,-1000.0,1000.0
COAtim,CoA transporter  mitochondrial   irreversible,"Transport, mitochondrial",73132,-1000.0,1000.0
r2379,Mitochondrial Carrier (MC) TCDB:2.A.29.7.2,"Transport, mitochondrial",13358,-1000.0,1000.0
PRISTCOAtx,Pristcoa peroxisomal transport,"Transport, peroxisomal",,0.0,0.0
RE1901R,Retinal Dehydrogenase,Vitamin A metabolism,,-1000.0,0.0
FE3t,"Ferric iron uptake, plasma membrane","Transport, extracellular",53945,-1.8758328224066645e-11,0.0
NAHCO3_HCLt,Bicarbonate transport (HCl/NaHCO3 exchange),"Transport, extracellular",94229;59033,-1000.0,1000.0
r2034,Amino Acid-Polyamine-Organocation (APC) TCDB:2.A.3.8.15,"Transport, extracellular",30962,0.0,1000.0
r0196,Succinyl Coenzyme A:Glycine C-Succinyl-Transferase (Decarboxylating),Miscellaneous,11655;11656,-1000.0,0.0
r1609,Amino Acid-Polyamine-Organocation (APC) TCDB:2.A.3.8.1,"Transport, extracellular",20539,-1000.0,1000.0
FAOXC140120m,Beta oxidation of long chain fatty acid,Fatty acid oxidation,11370;97212;231086,0.0,6.906475391588174e-12
r1907,Y+LAT2 Utilized transport,"Transport, extracellular",330836,0.0,1000.0
C161CPT22,C161 transport into the mitochondria,Fatty acid oxidation,12896,-7.844391802791506e-12,3.0739855105821334e-12
DNDPt13m,DADP transport via ATP antiport,"Transport, mitochondrial",67283,0.0,2.9558577807620168e-12
ATVLACtdhc,Passive diffusion of atorvastatin lactone into hepatocytes,Drug metabolism,,-1000.0,1000.0
HDCAt,Hexadecanoate  n C160  transport in via uniport,"Transport, extracellular",26459,-1000.0,1000.0
FAOXC183803m,Beta oxidation of fatty acid,Fatty acid oxidation,11409;11364,0.0,3.6912695122737205e-12
HMR_0307,HMR 0307,"Transport, extracellular",11303,0.0,0.0
r1696,Y+LAT2 Utilized transport,"Transport, extracellular",330836,0.0,1000.0
ARACHDt2,Fatty acid transport via diffusion,"Transport, extracellular",26459,-1000.0,1000.0
SK_met__L_c,Sink met L[c],Exchange/demand reaction,,-1000.0,-926.2901827737281
PEDH203_HSt1e,"Transport of 1-Dihomo-Linolenoylglycerophosphoethanolamine (20:3, Delta 8, 11, 14), Vescicular","Transport, extracellular",,0.0,0.0
NH4t,Ammonia reversible transport,"Transport, extracellular",,-1000.0,1000.0
PROSTGE2t2,Prostaglandin uniport,"Transport, extracellular",20517;20518,-1000.0,1000.0
r2285,Resistance-Nodulation-Cell Division (RND) TCDB:2.A.60.1.5,"Transport, extracellular",101488,0.0,1000.0
SARCStm,Sarcosine transport (mitochondrial),"Transport, mitochondrial",,0.0,0.0
r2311,Resistance-Nodulation-Cell Division (RND) TCDB:2.A.60.1.14,"Transport, extracellular",108096,-1000.0,1000.0
r1937,Y+LAT2 Utilized transport,"Transport, extracellular",330836,0.0,1000.0
INSt2,Inosine transport in via proton symport,"Transport, extracellular",114304,-1000.0,1000.0
r1457,Hexadecanal:NADP+ delta2-oxidoreductase EC:1.3.1.27,Sphingolipid metabolism,,0.0,0.0
KSII_CORE2t,"Keratan sulfate II (core2) transport, golgi to extracellular","Transport, extracellular",,0.0,0.0
HMR_2653,Carnitine O-Acetyltransferase,"Transport, mitochondrial",12908;12896,0.0,0.0
r2252,Resistance-Nodulation-Cell Division (RND) TCDB:2.A.60.1.5,"Transport, extracellular",101488,0.0,1000.0
PCHOLLINL_HSt1e,"Transport of 1-Linoleoylglycerophosphocholine (Delta 9, 12), Vescicular","Transport, extracellular",,0.0,0.0
r1459,Transport reaction,"Transport, nuclear",,0.0,0.0
EX_h_e,H+ exchange,Exchange/demand reaction,,-100.0,-92.88264921041934
r1574,Amino Acid-Polyamine-Organocation (APC) TCDB:2.A.3.8.1,"Transport, extracellular",20539,-1000.0,1000.0
SPHMYLNtg,Sphingomyelin intracellular transport,"Transport, golgi apparatus",,-3.0042879660009567,0.0
DUDPtn,DUDP nuclear transport,"Transport, nuclear",,-1000.0,809.1826132123409
L_LACt4r,L-lactate reversible transport via sodium symport,"Transport, extracellular",216225,-1000.0,1000.0
G3PD2,Glycerol-3-phosphate dehydrogenase (NADP),Glycerophospholipid metabolism,14555,-1000.0,0.0
PSHSABCtc,Phosphatidylserine Transport by ABCa1,"Transport, extracellular",11303,0.0,0.0
CITtcm,Citrate transport  mitochondrial,"Transport, mitochondrial",13358,-1000.0,1000.0
EX_galgluside_hs_e,Exchange of Galactosyl Glucosyl Ceramide,Miscellaneous,,0.0,0.0
RE2349C,Kynurenine-Oxoglutarate Transaminase,Tryptophan metabolism,70266,-1000.0,0.0
HMR_6583,"Phosphatidylinositol-3, 4, 5-Trisphosphate 3-Phosphatase",Inositol phosphate metabolism,234129;19211,0.0,499.99999999999983
r1889,Y+LAT2 Utilized transport,"Transport, extracellular",330836,0.0,1000.0
FADDPle,FAD diphosphatase,Vitamin B2 metabolism,18605,0.0,1.6484591469634324e-12
ICITt_x,Isocitrate shuttle,"Transport, peroxisomal",,-1000.0,1000.0
EX_sphmyln18123_hs_e,Exchange of Sphingomyelin (D18:1/23:0),Exchange/demand reaction,,0.0,2.0463630789890885e-12
r1861,Y+LAT2 Utilized transport,"Transport, extracellular",330836,0.0,1000.0
ADKd,Adenylate kinase (d form),Nucleotide interconversion,229949,-1000.0,1000.0
r2518,ATP-binding Cassette (ABC) TCDB:3.A.1.203.1,"Transport, peroxisomal",19299,0.0,1.5007636293737436e-12
FAOXC16Brx,Phyt fatty acid activation,Fatty acid oxidation,26458,0.0,0.0
r0809,Facilitated diffusion,Purine catabolism,,-1000.0,1000.0
EX_pe161_hs_e,"Exchange of 1-Hexadecenoylglycerophosphoethanolamine (C16:1 Pe, Delta 9)",Exchange/demand reaction,,-1.6484591469634324e-11,0.0
DESAT18_5,Stearoyl-CoA desaturase (n-C18:0CoA -> n-C18:1CoA),Fatty acid synthesis,20249,0.0,0.0
HMR_2865,HMR 2865,"Transport, endoplasmic reticular",20520,0.0,9.549694368615746e-12
DSREDUCr,Desmosterol Reductase,Squalene and cholesterol synthesis,74754,0.0,0.0
r2296,Resistance-Nodulation-Cell Division (RND) TCDB:2.A.60.1.5,"Transport, extracellular",101488,0.0,1000.0
r1628,Amino Acid-Polyamine-Organocation (APC) TCDB:2.A.3.8.1,"Transport, extracellular",20539,-1000.0,1000.0
SUCCt4_2,Succinate transport via sodium symport,"Transport, extracellular",20500,-1000.0,0.0
r1930,Y+LAT2 Utilized transport,"Transport, extracellular",330836,0.0,1000.0
MALICITtm,"Dicarboxylate/tricarboxylate carrier (mal:icit), mitochondrial","Transport, mitochondrial",13358,-1000.0,1000.0
THRt4,L-threonine  via sodium symport,"Transport, extracellular",56774;70008;74338;57394;67760;105727,0.0,1000.0
r1749,Y+LAT2 Utilized transport,"Transport, extracellular",330836,0.0,1000.0
r1929,Y+LAT2 Utilized transport,"Transport, extracellular",330836,0.0,1000.0
r1973,Y+LAT2 Utilized transport,"Transport, extracellular",330836,0.0,1000.0
r1863,Y+LAT2 Utilized transport,"Transport, extracellular",330836,0.0,1000.0
HC02149td,"Transport of O-Propanoylcarnitine, Sodium Symport","Transport, extracellular",,-1000.0,0.0
HACD5p,3 hydroxyacyl CoA dehydrogenase  3 oxodecanoyl CoA   peroxisomal,Fatty acid oxidation,74147;97212;15107,-1.4088424231074244e-12,0.0
C181CPT1,Carnitine octadecenoyl transferase,Fatty acid oxidation,12894;12895;78070,-1000.0000000000024,1000.0
THCHOLSTOICtm,"Lipid, flip-flop intracellular transport","Transport, peroxisomal",,-1000.0000000000009,1000.0
r2226,Resistance-Nodulation-Cell Division (RND) TCDB:2.A.60.1.5,"Transport, extracellular",101488,0.0,1000.0
METt4,L-methionine transport in via sodium symport,"Transport, extracellular",56774;20520;70008;74338;57394;67760;105727,0.0,1000.0
r1472,Long-Chain-Acyl Coenzyme A Dehydrogenase,Fatty acid oxidation,11363,0.0,5.1526190721536596e-12
CE2510ABCt,"Transport of 11-Cis-Eicosenoate, Active","Transport, extracellular",26568;26569;26457;26458;26459;225579,0.0,9.094947017729282e-13
r0715,(S)-3-Hydroxyhexadecanoyl Coenzyme A:NAD+ Oxidoreductase,Fatty acid oxidation,74147;97212;15107,0.0,0.0
r1595,Amino Acid-Polyamine-Organocation (APC) TCDB:2.A.3.8.1,"Transport, extracellular",20539,-1000.0,1000.0
r1965,Y+LAT2 Utilized transport,"Transport, extracellular",330836,0.0,1000.0
r2240,Resistance-Nodulation-Cell Division (RND) TCDB:2.A.60.1.5,"Transport, extracellular",101488,0.0,1000.0
SK_asp__L_c,Sink asp L[c],Exchange/demand reaction,,939.4182221875628,939.4182221875974
CHSTEROLt3,Cholesterol intracellular transport,"Transport, mitochondrial",,-1000.0,1000.0
DNDPt1m,DATP transport via ADP antiport,"Transport, mitochondrial",67283,0.0,1.8189894035458565e-12
r1833,Y+LAT2 Utilized transport,"Transport, extracellular",330836,0.0,1000.0
ITCOALm,Itaconate  CoA ligase  ADP forming   mitochondrial,C5-branched dibasic acid metabolism,56451;20916,0.0,1000.0
FAOXC183806m,Beta oxidation of fatty acid,Fatty acid oxidation,11409;11364,0.0,0.0
HDCEAt,Hexadecenoate  n C161  transport in via uniport,"Transport, extracellular",26458,-1000.0,1000.0
r2321,Resistance-Nodulation-Cell Division (RND) TCDB:2.A.60.1.2,"Transport, extracellular",24059,-1000.0,0.0
PMTCOAtx,Fatty acid intracellular transport,"Transport, peroxisomal",,-1000.0,1000.0
NADPHtxu,"NADPH transport, glyoxysome","Transport, peroxisomal",,0.0,1000.0
SK_ala__L_c,Sink ala L[c],Exchange/demand reaction,,262.9626005019976,662.9626005020815
ACACT5m,Acetyl-CoA C-acyltransferase (C12:0),Fatty acid oxidation,52538;235674;231086,-5.645262035613996e-12,2.8421709430404007e-12
r1895,Y+LAT2 Utilized transport,"Transport, extracellular",330836,0.0,1000.0
NADPtxu,"NADP transport, glyoxysome","Transport, peroxisomal",,0.0,1000.0
DHFtm,Dihydrofolate reversible mitochondrial transport,"Transport, mitochondrial",,0.0,569.246076037357
DNDPt39m,DUTP transport via dGDP antiport,"Transport, mitochondrial",67283,0.0,2.5964107657728236e-12
r0819,Mitochondrial Carrier (MC) TCDB:2.A.29.2.2,"Transport, mitochondrial",27376,-1000.0,1000.0
r1798,Y+LAT2 Utilized transport,"Transport, extracellular",330836,0.0,1000.0
HMR_2648,Carnitine O-Palmitoyltransferase,Fatty acid oxidation,12894;12895;78070,0.0,0.0
GUAPRT,Guanine phosphoribosyltransferase,Nucleotide salvage pathway,15452,0.0,9.094947017729282e-13
SK_xol7ah3_c,"Sink for 5Beta-Cholestane-3Alpha, 7Alpha, 26-Triol",Exchange/demand reaction,,-578.233690164272,-90.05197675081968
TCHOLAt,Taurocholate transport via bicarbonate countertransport,"Transport, extracellular",101488;28253;108096;108115,-1000.0,1000.0
ODECOAtx,Fatty acid intracellular transport,"Transport, peroxisomal",,-2.1884716261411086e-12,0.0
r1770,Y+LAT2 Utilized transport,"Transport, extracellular",330836,0.0,1000.0
r2223,Resistance-Nodulation-Cell Division (RND) TCDB:2.A.60.1.5,"Transport, extracellular",101488,0.0,1000.0
GSNt2,Guanosine transport in via proton symport,"Transport, extracellular",114304,-1000.0,900.0000000000073
r1880,Y+LAT2 Utilized transport,"Transport, extracellular",330836,0.0,1000.0
3HPVSCOAitm,3HPVSCOAitm,Drug metabolism,,0.0,0.0
HMR_3339,Enoyl Coenzyme A Hydratase,Fatty acid oxidation,74147,0.0,0.0
O2tp,O2 transport glycosome,"Transport, peroxisomal",,44.10821465117386,44.10821465120192
SPHMYLNtl,Sphingomyelin intracellular transport,"Transport, lysosomal",,0.0,0.0
4HATVLACtep,Efflux of 4-hydroxy-atorvastatin-lactone into portal blood,Drug metabolism,,-1000.0,1000.0
MGCHrm,Methylglutaconyl-coa hydratase,"Valine, leucine, and isoleucine metabolism",11992,0.0,1.1315505779092513e-12
HMR_3326,Acyl Coenzyme A Oxidase,Fatty acid oxidation,11430;80911,0.0,0.0
CA3Sabc,Cholic acid 3-sulfate ABC bile acid transporter,"Transport, extracellular",12780;239273;76408;26357,0.0,0.0
r1660,Amino Acid-Polyamine-Organocation (APC) TCDB:2.A.3.8.1,"Transport, extracellular",20539,-1000.0,1000.0
PCHOLN203_HSt1e,"Transport of 1-Dihomo-Linolenoylglycerophosphocholine (20:3, Delta 8, 11, 14), Lysopc A C20:3, Vescicular","Transport, extracellular",,0.0,0.0
RNTR4,Ribonucleoside triphosphate reductase  UTP,Nucleotide interconversion,20133;20135;382985,-1000.0,-88.07614153444388
FATP7t,Fatty acid electroneutral transport,"Transport, extracellular",26459;26458,-1000.0,1000.0
ESTRADIOLGLCt,Estradiol glucuronide transport via bicarbonate countertransport,"Transport, extracellular",28253;58807;108096;101488;108115,0.0,0.0
HMR_0363,HMR 0363,"Transport, extracellular",11303,0.0,0.0
RE1530C,Thymidine Kinase,Pyrimidine synthesis,,-1000.0,404.6745947014058
ALADGLYexR,D-alanine/glycine reversible exchange,"Transport, extracellular",53896;17254,-1000.0,1000.0
r1596,Amino Acid-Polyamine-Organocation (APC) TCDB:2.A.3.8.1,"Transport, extracellular",20539,-1000.0,1000.0
DESAT22_1p,Fatty acyl-CoA desaturase (n-C22:4CoA -> n-C22:5CoA),Fatty acid synthesis,,0.0,2.5817310506653165e-12
EX_sphmyln181221_hs_e,Exchange of Sphingomyelin (D18:1/22:1),Exchange/demand reaction,,0.0,2.219113781620763e-12
TETTET6t,Fatty acid transport via diffusion,"Transport, extracellular",,0.0,0.0
ILELAT1tc,"Transport of L-Isoleucine by LAT1 in association with 4F2hc, across the apical surface of the memebranes and Amino Acid-Polyamine-Organocation (APC) TCDB:2.A.3.8.1","Transport, extracellular",20539;17254,-1000.0,1000.0
r2251,Resistance-Nodulation-Cell Division (RND) TCDB:2.A.60.1.5,"Transport, extracellular",101488,0.0,1000.0
r2372,Mitochondrial Carrier (MC) TCDB:2.A.29.7.2,"Transport, mitochondrial",13358,-1000.0,1000.0
EX_digalsgalside_hs_e,Digalactosylceramidesulfate exchange,Exchange/demand reaction,,0.0,0.0
r1556,Amino Acid-Polyamine-Organocation (APC) TCDB:2.A.3.8.1,"Transport, extracellular",20539,-1000.0,1000.0
HMR_1104,HMR 1104,"Transport, peroxisomal",,-1000.0,1000.0
r1852,Y+LAT2 Utilized transport,"Transport, extracellular",330836,0.0,1000.0
PCHOLPALME_HSt1e,"Transport of 1-Palmitoleoylglycerophosphocholine (Delta 9), Vescicular","Transport, extracellular",,0.0,0.0
NADtx,"Nad transport, glycosomal","Transport, peroxisomal",,0.0,1000.0
r1584,Amino Acid-Polyamine-Organocation (APC) TCDB:2.A.3.8.1,"Transport, extracellular",20539,-1000.0,1000.0
H2Otm,H2O transport  mitochondrial,"Transport, mitochondrial",11833,-1000.0,1000.0
CERT2rt,Ceramide transport protein,"Transport, endoplasmic reticular",68018,0.0,0.0
r1850,Y+LAT2 Utilized transport,"Transport, extracellular",330836,0.0,1000.0
GBA2e,"Beta-Glucosidase, Plasma Membrane (Gba2)",Sphingolipid metabolism,230101,0.0,3.0042879660025696
PROtm,L proline transport  mitochondrial,"Transport, mitochondrial",,0.0,1.9326762412674725e-11
LGTHL,Lactoylglutathione lyase,Pyruvate metabolism,109801,0.0,1000.0000000000055
HMR_6550,"Phosphatidylinositol-3, 4, 5-Trisphosphate 3-Phosphatase",Inositol phosphate metabolism,234129;19211,0.0,0.0
TAGt,Triacylglycerol Transport,"Transport, extracellular",,-100.0,100.0
EX_tag_hs_e,Triacylglycerol (homo sapiens) exchange,Exchange/demand reaction,,-100.0,100.0
r1112,Apo-E Protein Assembly,Exchange/demand reaction,11816,0.0,0.0
SK_HC00009_c,Sink of HC00009[c],Exchange/demand reaction,,0.0,0.0
