Gene,NTG-7,NTG-8,NTG-9,NTG-10,AD-16,AD-17,AD-18,AD-19,AD-20,AD-CP2-21,AD-CP2-22,AD-CP2-23,AD-CP2-24,AD-CP2-25
100039707,1.964837311,1.88264797,1.768866864,1.608916973,1.932559349,1.668265169,1.981204921,1.986407031,1.817947037,1.657317601,1.834564471,1.471078722,1.617427979,2.226240286
100040843,0.038893986,0,0,0,0,0,0,0,0.019098526,0,0,0,0,0
100041273,67.55346863,54.1480279,51.9405576,51.26030819,50.62536213,54.68706686,53.84156124,49.01971855,44.0531506,46.27698888,51.33864033,48.59484728,47.26079892,42.15849535
100041585,5.962918305,6.608487336,6.607367702,7.202699888,8.633257768,8.092077337,7.067328719,6.421386834,7.478173874,6.631460233,5.622673603,5.924063225,7.509489317,7.755716666
100042503,67.55346863,54.1480279,51.9405576,51.26030819,50.62536213,54.68706686,53.84156124,49.01971855,44.0531506,46.27698888,51.33864033,48.59484728,47.26079892,42.15849535
100043684,0,0,0,0,0,0,0,0,0,0,0,0,0,0
100043686,0,0,0,0,0,0,0,0,0,0,0,0,0,0
100043688,0,0,0,0,0,0,0,0,0,0,0,0,0,0
100163,4.20468084,3.428306608,4.554226275,5.198318548,4.903529993,5.374707474,5.18792093,6.100352143,4.551195732,5.985836622,5.971133367,3.674549668,4.636342438,5.831754296
100198,5.676323236,5.251393171,5.389948865,5.300825498,5.759922383,5.362816174,6.181891006,5.987459546,5.865946772,6.427691568,5.667849194,5.325946609,6.163735848,5.905973096
100328588,3.813110582,3.465611634,3.042245035,3.906986182,5.068642578,4.404865039,4.671283206,5.898094478,4.761532526,5.494718377,5.088637515,4.724583929,4.405286874,4.553534825
100417514,0.032574244,0.078597783,0.052819559,0.032028898,0,0.034405922,0.027533639,0.036447694,0,0,0,0,0,0.039580582
100503991,NA,NA,NA,NA,NA,NA,NA,NA,NA,NA,NA,NA,NA,NA
100678,11.81415014,9.948391855,9.501900644,9.829229608,10.82727977,11.58939903,11.30194102,10.55185281,8.295828322,9.89044812,10.56030732,8.909657876,9.548497342,8.689171474
100705,2.406516938,1.653695065,2.199177156,2.594922688,2.05977319,2.807158209,2.212375952,2.588580917,2.171521482,2.073802029,2.756238299,1.651972393,2.123642203,2.991958297
100862375,NA,NA,NA,NA,NA,NA,NA,NA,NA,NA,NA,NA,NA,NA
101488,7.680550413,8.264384596,9.626116842,9.975084215,17.51108046,18.0070188,14.62622545,17.09837831,16.42925206,22.52895962,21.64370446,13.52767662,13.06906541,14.01498884
101490,49.0354143,39.8646434,36.15837196,41.15681114,46.30796631,41.30377457,47.86962889,42.73089017,36.73349475,43.43077449,42.63141024,41.99228942,42.87855606,45.61890061
101502,18.41064594,15.51222521,17.86621165,18.77535687,22.02722635,18.94346817,19.87784253,19.38333259,19.62998304,20.36734611,20.52275378,17.75802493,20.60781842,22.47082363
101744,NA,NA,NA,NA,NA,NA,NA,NA,NA,NA,NA,NA,NA,NA
102247,NA,NA,NA,NA,NA,NA,NA,NA,NA,NA,NA,NA,NA,NA
102294,3.911965347,3.923345617,3.267291994,3.996946018,5.063811019,6.410061318,5.877537152,6.084121473,6.09626429,5.851048074,5.69863005,4.112797272,4.691859089,4.79406012
102448,3.668045484,3.827773109,3.597112339,4.184915774,4.229391326,4.560888299,4.788028566,4.78825442,3.921511302,4.342867533,4.462106196,3.459271312,4.405611501,5.237444066
102570,0.226292283,0.109203283,0.195699135,0.207670201,0.225895261,0.09560676,0.140268596,0.151920615,0.177789918,0.259506462,0.14080878,0.132556893,0.189059816,0.219972081
102631912,NA,NA,NA,NA,NA,NA,NA,NA,NA,NA,NA,NA,NA,NA
102632,7.315114034,7.15269242,7.258510425,7.475327721,6.75449504,7.11238228,7.282086709,7.570198901,6.544060732,7.218850353,7.361027034,7.434476968,7.980648179,7.914266606
102680,17.76709177,19.4431409,14.32500476,12.50288846,14.38363624,24.57499682,26.03389257,23.37864755,18.62987145,19.11319235,24.49206883,15.13099092,22.43211922,23.06325141
102857,50.93478789,44.6140476,47.77857279,53.28969953,48.99517698,47.98541833,52.06199532,52.50096536,50.01646717,50.86451177,51.99654721,43.45620778,51.36247698,53.01496034
103142,0.407704314,0.260992805,0.332797554,0.261798327,0.809825072,0.30759278,0.478241677,0.586523601,0.506626981,0.205743807,0.440076464,0.237605462,0.260681362,0.35385481
103149,0.153902071,0.218439663,0.058718637,0.129071752,0.600326938,0.172118247,0.168347823,0.126619698,0.053345058,0.087596703,0.093886745,0.12429092,0.040518957,0.115502843
103199,26.78557189,24.72786692,25.48197057,28.30837323,37.05894783,33.94816446,28.25060257,28.90542287,28.8228896,28.75785715,28.21526584,28.36374244,30.41776357,29.46567483
103466,74.71660205,78.58288065,92.82935203,104.3708739,55.82856289,85.79839333,71.87210168,72.75802938,81.9881254,82.79371203,76.32062963,81.27544855,91.65289912,88.25049269
103850,27.86202695,26.34427669,28.31290773,30.94345129,25.35121497,29.17528045,27.54706627,26.82951516,24.67450052,26.71542201,26.87642019,26.17012651,29.32399958,27.08385793
103988,1.349248153,1.54461617,1.735353853,2.430595268,1.685356759,1.830807991,1.531716424,1.983533257,1.179990455,1.799989183,2.584047699,2.325645793,2.001196954,1.60355513
104015,140.570919,136.8473142,141.0950825,162.026349,140.5121211,145.388615,144.1201274,134.4301086,162.6741467,153.9522086,134.9886833,145.8193458,177.1981042,181.3108654
104086,13.47131603,6.898953843,6.894949735,9.09633979,5.88091009,10.49738469,13.90808642,13.9042669,8.855950636,13.00517888,10.17866686,10.16091594,11.86188458,10.70655644
104110,1.536201328,1.719483694,1.965098885,1.980410843,2.163338984,1.865970798,3.318354224,1.766619727,1.919369158,1.605696233,2.026841804,1.743501882,3.621151404,2.716969445
104111,28.57456351,24.42859609,28.99204668,32.49281998,32.26517162,29.05490362,28.91473401,27.94308033,30.92750412,31.09076248,30.41253218,29.46191558,35.00058386,33.81991503
104112,97.23358027,86.15040589,88.73578575,106.2712477,116.2632837,112.3353172,121.3537256,108.2766054,103.215484,113.764445,105.6148534,105.6202102,115.0630024,119.9762481
104130,299.1005791,238.2892608,220.9826873,220.3757876,215.2622617,250.4907648,237.8294217,239.1478109,191.4550705,211.9236086,240.7613024,213.0341104,198.3298748,187.8726308
104174,17.88733802,19.66968138,19.73204038,21.39805992,18.51863183,18.95199005,17.06987362,20.34376487,17.34801465,19.15372332,19.17760064,12.60226224,16.61716211,16.03997271
104245,12.70746782,0.464106226,1.238421571,1.010052569,0.099470276,0.214323674,6.974918488,3.353605658,1.046207868,2.804173722,1.876387586,1.276840299,1.763391203,1.207106911
104418,121.2783716,126.55511,141.4904746,146.4964929,159.4141159,135.2885977,105.451112,114.6600855,127.8075577,132.6658496,126.4265214,121.0226995,129.5898428,143.7401774
104759,11.43176446,10.53055319,12.34151168,12.85887403,21.35253501,26.04728364,30.78817685,32.9663127,30.1955233,27.71408969,26.42051084,21.24713431,20.11467547,23.37731604
104776,73.7374082,66.70097295,64.80307329,69.56587542,63.97261039,71.923191,68.23101294,68.77637294,67.06725431,65.72778114,68.04942618,63.40555384,68.37520497,69.40678961
104816,5.31372714,4.37932346,4.621350547,4.429226177,9.144718323,17.17247193,19.13033639,24.5530851,14.2488988,19.48934374,17.28051523,9.799117931,10.8735098,12.00989589
104923,49.90572741,39.13252748,43.40193833,54.10027375,34.09937047,47.54281875,64.24539711,56.14135316,43.10085758,46.21272086,57.42250717,34.33863129,38.74666514,47.34181741
105014,44.90733463,40.15001141,34.1768863,37.47133058,40.08698192,41.96695113,38.91881803,38.57668995,35.43357899,37.89530377,36.04972599,41.29953197,44.46722108,36.98579485
105243,1.343576351,0.824945283,0.829952958,0.507201402,0.692849148,0.760246527,0.811191883,0.899321233,0.789344395,0.683549401,0.622046817,0.619264282,0.762421944,0.612211454
105349,1.088902718,3.075244069,3.85237071,2.433347125,1.614607032,3.215143661,2.154581423,1.744506817,3.183868334,2.181724791,2.078883556,1.413427687,2.237435322,1.924527899
105355,0,0,0.029603811,0,0.058579957,0.072313158,0.011573847,0,0.013447324,0.014721029,0,0.015039116,0,0.049913445
105446,29.83186383,25.59730617,29.04667265,28.70428626,31.22336387,33.61541126,31.74451968,30.21674455,29.46841967,31.92661078,30.55632647,27.10951696,30.68944407,29.59144837
105663,24.38905186,19.15696809,22.51179592,21.74115931,23.29042931,22.19143942,22.23987158,23.22269678,21.13009489,23.11535218,21.8823498,20.81073249,22.40527881,24.81128028
105727,81.0254204,74.10557434,71.66527512,84.20523342,68.56398254,80.4303407,92.39974384,85.15556951,79.05263122,88.40036133,84.57185733,76.80183846,88.15948362,93.9545035
106407,0.037338227,0,0.040362947,0.073426249,0.039935055,0,0.094681303,0.083556338,0.036669171,0,0.13552845,0.041009789,0,0
106529,474.391407,414.8586881,485.444614,512.3324815,528.6994159,636.8227262,559.5896836,507.9774398,501.031714,513.0283722,517.1038821,488.2808688,513.6830931,561.8711904
106557,0.4754487,0.249391581,0.625695504,0.365860897,0.50851558,0.480349536,0.768807809,0.647633903,0.751147024,0.600052572,0.535950372,0.65842706,0.851189722,0.67818382
106564,10.90601912,8.936298566,8.811947966,10.32084853,9.873040409,11.1457825,11.70390681,11.05754909,10.2902146,11.50498859,10.9629066,11.14035387,9.762453212,9.316948323
106648,9.908865073,11.3543659,15.67822781,14.46645126,18.94202613,12.4154721,7.578929859,9.168495681,12.79082375,11.96180367,9.149485465,9.560564281,7.498954527,12.88311508
107029,23.38544089,22.18005419,21.18931388,25.24307722,24.7646142,24.68757374,24.01421225,24.83205887,25.02166786,26.26670498,25.3880237,23.72052962,27.07609406,27.21784894
107146,0.249963024,0.150782776,0.087818963,0.245778241,0.013367382,0.118808401,0.179590755,0.202772704,0.141153293,0.167959857,0.16201847,0.260815394,0.134251681,0.167049928
107239,10.30565169,7.156557896,7.649429394,9.067253591,9.84688959,11.25090139,12.99322714,12.77771829,9.544334526,11.79183171,11.66356594,9.276811116,9.824766708,11.79966165
107272,77.43600643,65.53429179,68.61131627,67.4748224,81.89784215,88.56907786,78.2140859,74.94536082,72.76597804,70.59175119,70.97106733,63.71845337,67.68840454,68.90493575
107476,17.86321867,15.54671405,18.40049656,21.05451071,18.27288987,20.73717254,22.4178002,22.34270577,24.26190086,24.29257884,22.38873532,19.59594109,22.50935462,24.23205476
107569,22.39942184,23.33507142,20.90135832,23.01265043,27.28738822,28.3952078,25.81866297,23.52160078,25.01441398,22.48730348,23.37558266,22.62582423,24.08977937,23.5023347
107585,5.900543413,4.793109617,4.565188442,7.697096498,2.864307399,5.812702636,6.41780652,4.972219548,3.583824358,6.375325931,6.622868114,3.749466413,5.558438428,5.238694705
107605,0.152013137,0.146715861,0.13967839,0.141994783,0.211361106,0.16858902,0.096367738,0.170089239,0.156753706,0.171601124,0.078824253,0.066784389,0.183699342,0.249357664
107650,31.84142385,29.23833469,34.28769896,37.56093299,35.2004867,38.65716434,35.5689347,33.84462409,34.41609579,35.85503135,33.30926037,29.89909557,35.71789609,39.30753681
107652,26.7427718,23.99776859,27.32322927,26.92478877,27.32828202,30.99961603,30.3156422,24.26487734,29.03547391,29.33568187,27.18581872,26.13338828,30.64490137,29.87062913
107723,42.32424825,38.84134637,42.29989154,47.10548531,44.83726479,43.49369261,43.54936293,42.98075577,43.59176169,46.55492316,46.85240717,40.01167558,48.95781728,51.24559619
107747,35.37201158,36.13292672,38.02991103,41.27622766,35.12727097,37.40995905,43.17176415,46.73377121,39.1202836,41.78653628,40.85077403,34.02939929,34.51939893,38.66038573
107766,0.586656263,0.589804966,0.55490794,0.43262602,2.169957166,1.781477849,1.404981686,2.379509474,2.280570348,1.287710564,1.267509472,0.993363135,1.816114696,2.138517448
107823,NA,NA,NA,NA,NA,NA,NA,NA,NA,NA,NA,NA,NA,NA
107869,4.619842457,4.554399406,4.351992474,5.386105796,3.585860889,3.820045631,3.581404994,3.455975819,3.150016246,3.817342349,3.723374887,3.435906307,3.5092013,3.22376229
107885,1.565635967,1.07659465,1.111084579,1.018448913,1.15895812,0.980421952,1.020305315,1.493271452,1.173726453,0.933693729,1.379918528,0.905737669,1.347977831,0.992338708
107895,29.05785542,27.43664839,29.60759996,31.58805672,30.904944,30.66114654,30.34168805,29.72985024,32.35125194,33.92386309,32.95262036,28.95671266,35.06321195,33.86182796
108037,17.8445946,14.55554215,15.75993576,17.7497207,18.01841965,18.09518665,18.58847959,18.1395192,15.32309984,19.07330276,17.43096623,15.17273231,15.74147066,18.01385249
108052,16.87557,10.75249147,13.23945062,12.77745398,15.07435871,24.17403172,28.04810152,35.12921803,28.87272667,30.52229586,28.38028268,22.09088002,22.96361836,23.05824989
108083,74.01062186,75.46735877,83.10857904,89.92316934,86.39600771,82.68294558,81.4797743,74.55203509,81.39372088,83.37031557,80.92716733,81.20001244,90.47094524,95.11150635
108096,0.152482817,0.474426944,0.069404314,0.315642126,0.197422089,0.584891438,0.359527783,0.502864584,0.370435469,0.526316337,0.499375575,0.220364261,0.517240489,0.370560168
108105,1.862241363,0.457657784,0.490848225,0.452114678,0.614740121,0.679935705,0.816186715,0.823183477,0.491086064,0.70444245,0.548387473,0.517652906,0.488773076,0.509825614
108114,0.833459171,0.736183567,0.884887718,0.892675878,0.429794315,0.204361236,1.132212886,0.599507361,0.350796251,0.496029728,0.740877286,0.539441169,0.532904031,0.488278834
108115,2.881866883,1.877322537,1.500468779,1.609593967,1.404675411,1.196528865,1.257419258,1.560043327,1.363154831,1.191139527,1.32329151,1.16902253,1.788507101,1.694137968
108116,15.57683492,11.01014975,13.11962475,15.0976985,10.32637393,14.59114407,15.66327142,14.56171827,12.03669636,15.67799225,14.20583453,12.84979838,14.70394411,15.58637437
108147,10.03292414,9.689620299,10.41298309,10.64105897,10.67468774,10.76303431,11.40207145,11.31803828,12.03171283,11.57870872,10.54064369,9.860838406,10.9833623,11.81361644
108148,37.70445873,37.00491727,40.85687896,47.40983059,45.0346553,43.20657494,41.57545474,41.32936124,43.79747925,43.89603014,43.11734511,42.11691911,45.7588587,45.22090694
108150,8.131530812,6.620176184,7.444055332,7.794113215,8.064554812,10.03625277,8.954439581,8.77397226,9.09713747,8.723885494,8.857577216,7.888119302,9.554176457,10.03253591
108155,96.52152061,81.39587852,94.32637493,102.4809571,113.5317131,101.866656,87.04010759,94.80866125,96.64799173,101.4432775,99.69926693,88.1101304,112.720306,121.1305178
108156,31.07475041,27.74335032,28.41434868,31.63248775,31.85193082,31.37938126,32.11492558,29.1693066,28.65578747,31.80476534,28.02365825,29.24476642,31.66142525,33.54375703
108645,49.74249183,53.61245763,49.43310844,50.11954514,59.7883912,56.83583884,47.69973721,46.3945692,50.12406524,48.75845431,50.10607637,48.5983629,54.67456294,50.76710187
108664,48.3121254,46.67515944,43.21063406,45.47816668,47.7516066,50.92840471,47.70398812,43.88551049,44.14146414,43.27768177,44.5025671,44.68072464,46.95280114,42.98765908
108682,25.50353731,22.21743987,26.36788345,27.66333624,30.97992152,30.2922472,24.06713812,25.54517013,30.1411095,27.25386944,25.76279152,23.08699226,26.71476803,29.20740407
108841,13.12584455,10.34392705,13.92965374,11.69030507,11.24842431,10.3477103,10.83439318,12.95344965,10.49310974,13.5711157,13.48561658,9.95925366,12.02115741,13.57706374
108902,NA,NA,NA,NA,NA,NA,NA,NA,NA,NA,NA,NA,NA,NA
109264,9.692006879,6.734774957,8.670967794,7.700115989,12.76916832,10.23268224,9.875584441,9.434369942,11.25550964,9.234070926,8.733726175,6.575475451,9.141978849,10.90549496
109342,0.29049614,0.091426004,0.163841136,0.285632768,0.324208481,0.346852433,0.149461676,0.226114404,0.148847373,0.203682397,0.379856243,0.194211262,0.248729858,0.306937787
109652,10.16163742,6.633933764,6.934914897,9.397371648,13.63662299,8.61621275,8.214651112,7.978137237,7.853087379,7.405908453,8.721029266,7.422135764,7.797966174,6.742670848
109674,30.59539524,27.32107152,33.14395914,36.33505706,30.80096495,29.20372525,33.18795392,30.2444604,28.4672559,35.37663352,32.426298,31.46807553,31.90258522,37.11166378
109685,2.729447374,2.700931303,2.784794672,3.0606835,2.443664561,3.676541279,3.227329821,2.98538047,2.981723113,3.989512202,2.782925058,3.317835077,3.170731108,2.83208408
109731,27.20375643,25.46758387,26.48990227,29.65483235,21.99363378,26.74246892,25.74625309,26.49595759,23.09802758,26.81725728,24.03594255,24.87936995,24.33209423,27.31589481
109754,32.8520796,29.98339002,28.43624995,32.22691416,40.57059667,46.2682888,45.58566204,43.65614555,41.72333921,44.09873973,42.17842139,36.00617482,38.1169248,42.958275
109778,21.20005284,15.82331463,15.94715927,15.92202892,15.60830444,19.36095526,21.33619541,19.37577889,17.30616948,18.48585688,20.08626303,17.70496201,17.39202348,15.92189577
109785,8.707537426,8.360731855,7.944852781,9.183599557,9.398577706,10.00578974,9.81348736,9.176858387,8.682265846,9.662090105,9.568846236,8.781414122,9.856343304,9.561211263
109801,200.3876056,112.8603232,119.6495409,127.0444875,175.5573915,216.9873243,208.315176,191.536173,186.6546061,195.9032386,198.7710582,183.6560344,193.2216447,120.8158287
109857,19.91372091,19.09657412,17.80109439,17.12024005,37.62769634,19.17283261,14.15633835,18.82517163,14.91839761,16.9627397,19.88412526,15.89917969,16.88865106,17.43419749
109900,9.832481529,7.408017585,7.918674072,8.573637021,7.582671865,9.880622383,9.849234778,10.42302604,9.334847375,9.747487544,9.857540333,8.980271983,9.270270284,9.234922567
109959,0,0,0,0,0,0,0,0,0,0,0,0,0,0
110006,9.529950213,8.660627127,8.768379779,8.369430021,17.04176669,19.8611062,21.27900515,24.20708697,20.78242176,23.20280485,23.86009104,16.30292399,16.30881427,16.51967111
110074,21.90096153,19.66338784,21.02222845,22.05834217,22.56247759,22.01970471,22.02158761,21.17685125,20.09653134,20.73413559,20.10352069,18.90874582,19.98172862,20.73807329
110078,147.514335,145.5946129,154.3477735,168.6376046,118.20577,144.1508989,158.4466365,161.6291293,142.3639182,158.8600861,155.1602071,136.1296448,150.1279167,153.9591867
110095,3.449006522,3.42672371,3.331946479,4.334987561,4.172942015,6.478182203,5.138051878,4.845743765,5.004173125,4.546955896,4.661256151,5.527965274,5.071087191,4.987298041
110119,36.08807348,29.95826285,36.31894418,36.00737276,38.62845939,40.2461252,35.8957249,31.97585657,35.06795793,34.13765385,34.05403418,31.72189399,34.74638164,37.38125171
110147,70.93514814,71.97568691,84.36436758,88.80710241,94.15622314,82.16050287,71.01643921,75.45492045,79.73289943,79.96595415,79.59787683,76.36831083,81.69624854,91.68736093
110173,4.533506683,4.021926681,3.988236639,4.154255171,4.262183472,4.607392776,5.316966564,5.010263874,5.967222369,5.228705278,5.350370037,4.753393979,4.894315683,6.300018068
110175,8.677750594,7.147314267,6.607988371,6.420866532,7.40198091,8.689290543,7.995025475,8.301021858,6.095826062,7.389749174,8.10578735,7.564212583,7.737701668,7.198545446
110196,75.33837203,73.99072404,79.12568611,88.65583581,95.35500017,116.1587469,129.6190338,110.4209468,116.1357842,114.8700335,111.7052727,97.18097274,105.7041768,106.6341693
110197,45.73732029,36.85082401,43.43573865,46.59803489,28.52422142,41.32627913,39.63266568,38.90311241,45.81674865,41.63875358,32.64341169,38.07589862,47.29065576,42.74790772
110198,27.60488195,24.72147942,28.38237761,32.28625494,27.10149193,29.84338627,29.2756911,30.57052873,25.19599453,30.28703102,30.78788284,23.80534762,27.51391981,29.87841639
110208,13.72832831,12.22477143,13.82870737,14.66019363,15.63457097,17.16250344,17.32176832,17.34633215,17.31817755,17.86265455,17.21636863,14.3963633,16.67680264,16.77120781
110323,841.2857006,718.2440486,723.9434159,728.388395,749.1658175,803.0627085,792.5481233,746.9440282,662.4557965,744.2163572,744.022438,687.0154733,676.5624525,626.5806717
110385,0.33399027,0.428935528,0.68132945,0.386663027,0.576159496,0.398289659,0.428015266,0.536448268,0.44968505,0.573359521,0.525144375,0.550248565,0.573828081,0.909839436
110391,340.7025402,275.644149,286.2099849,315.1267418,251.3446434,282.0069749,388.8298258,334.7142937,260.3855964,348.1189702,341.0000203,289.1168691,316.2514376,305.1922991
110446,74.23133566,64.62317859,59.80332268,65.07152243,61.81325929,69.22076999,70.56503253,65.08411758,57.73394056,64.98839731,67.6848844,58.44822493,63.15342433,59.73576579
110460,35.70614699,36.5895387,32.58229053,41.45812294,37.9885351,48.97478843,50.74481133,53.37883696,44.71793824,46.12589651,48.82920807,44.82705226,50.47094483,47.73757317
110524,23.92471937,18.83813597,22.22909697,25.02763691,19.26037321,21.06128224,23.31319095,22.30648557,21.79033201,23.85873858,23.37241626,22.51687839,23.72206095,25.33457836
110611,47.88000874,46.04596948,48.52966858,53.2560847,56.70213368,60.65058076,51.78810753,48.29733513,52.33455126,51.94966329,49.81645451,48.26402929,57.48296432,57.31914725
110639,22.84447767,21.63341568,21.36015888,25.06312983,23.34442672,30.89038872,27.99939372,24.92235532,25.31337323,27.66125812,28.5384094,22.33778741,28.55416201,26.05246411
110695,43.04453976,40.71821778,42.99148513,45.14134142,18.5238225,19.96780681,18.82052065,20.66894486,31.70209399,20.91960929,20.73566231,27.7989536,19.48743948,29.28290758
110826,60.31811866,55.1788178,54.74335373,54.15105318,55.03253947,59.36096996,58.92019953,53.4643191,56.50722409,50.24320786,58.22980803,48.50604705,53.89947634,54.36342498
110842,53.68565523,47.23116382,43.02448149,48.75342909,44.4835164,50.89301549,52.03773825,50.07005436,41.40518882,47.51460788,49.88544283,44.01791837,47.15294589,45.78955618
110855,0.33312916,0.121788048,0.043650365,0.009925819,0.107969057,0.223911743,0.119458217,0.056476065,0.039655744,0.043411862,0.020938108,0.022174945,0.054217897,0.257588124
110877,0.171447514,0.106756774,0.239143546,0.130511386,0.136049808,0.116831072,0.102844592,0.136140674,0.1955327,0.315133865,0.292515184,0.188306381,0.242581842,0.262084862
110891,109.2432011,138.9551797,151.8859683,158.0719883,202.1262859,146.5486982,116.1793786,116.3985392,153.2672577,132.7724535,135.2622509,122.4422669,152.8697057,165.262795
110893,15.1481718,15.31508459,15.73337363,16.96570506,17.76555714,16.73369335,18.65214558,16.91185305,14.70067875,17.76745645,16.69159738,19.9911184,17.07008945,18.05920453
110895,3.372062561,2.820087413,4.169009302,3.940102121,0.210092355,3.520181394,3.320694523,3.743734234,4.256903277,3.65346929,2.831608381,2.459508602,3.973843863,3.452915544
110911,223.1013263,210.8001536,241.2310855,274.6729141,223.0691213,221.7160061,228.2920981,226.709178,234.0107921,240.3071785,225.0067202,225.4050801,245.9703876,272.2134613
110935,0.620365137,0.355506015,0.419137555,0.472733901,0.481045316,0.688011265,0.353948795,0.590013605,0.319855694,0.633608067,0.305597455,0.289581064,0.541432985,0.772643368
110948,8.955271134,7.342733794,7.964103928,8.770518813,8.788869039,7.806499815,9.680196416,9.425683395,7.913583854,9.183566994,8.926052199,7.936123574,9.025551231,9.640515545
111175,6.758317553,5.467367536,6.411212097,6.72266717,6.659354831,7.721065737,6.711796823,7.473772752,7.082277805,7.477714648,6.232367485,6.968417954,6.649339921,8.140127795
11303,19.00959994,16.37891179,16.21840293,18.39942919,21.4816145,25.0319404,30.80088847,29.4652401,24.32486214,29.6069127,29.09767299,20.84720331,21.87739073,25.76016772
11363,42.02738655,38.805019,37.97539274,50.33268693,39.00688871,54.87065092,47.13444596,50.8255912,43.17634811,50.51736578,51.71228765,40.95660912,45.83545442,32.76541743
11364,29.41213111,25.34395157,27.9181636,27.18674504,27.20813985,31.92685369,30.14818011,28.44107291,26.90406542,28.01753728,30.25948016,24.13591122,25.82650681,26.67686653
11370,47.24133643,41.98065302,40.94600033,48.00316236,43.05730436,49.62759698,48.13729963,45.50491879,41.43643582,45.97097556,48.41599272,40.19753246,45.24434084,43.9706664
11409,7.517012764,8.973535535,7.713254139,10.07062532,9.518236134,8.801805266,10.22619269,10.44362168,9.192342106,10.91222385,10.74465936,9.123729146,9.344909022,8.126073081
114143,202.8898435,187.8110115,197.2529918,209.6174432,198.8380217,217.9288742,203.968731,205.4891132,192.6606448,206.3996855,219.2923391,201.1499153,212.8908081,217.1175919
11416,28.11101217,24.8542117,25.80134241,28.89037325,28.08510413,28.96254284,26.57908043,27.54438936,27.26830319,26.63790313,27.28467755,26.2333193,28.65265612,29.15498056
11423,43.37469451,37.59611795,43.13762633,54.13498351,41.30509612,36.10225424,49.95600979,43.59461136,35.62374627,44.24955659,47.56918359,47.22113524,44.78966736,52.77474239
11428,16.78227058,16.91242126,18.40033259,19.5650905,18.74531589,18.89084109,20.22787971,19.06779431,18.26933767,20.7854806,19.64370167,17.96549827,19.60780733,19.43127486
11429,332.6901236,318.5189284,340.1521988,367.7575968,350.6814981,359.8607013,328.533416,317.2908112,314.4956102,335.0096237,317.3964477,304.644146,335.0001988,324.196571
11430,97.55842376,96.07761574,96.73764059,111.2807898,118.9784892,116.975492,110.0454337,112.5922483,113.8374992,115.2170776,108.2398917,103.1103264,117.7555032,121.3274581
114304,0.075823281,0.10519773,0.028687968,0.223661631,0.085151533,0.288312809,0.112157908,0.033935815,0.148929237,0.163035536,0.169063467,0.020819794,0.149319993,0.211903553
11431,39.70070129,36.93213671,30.19514316,31.85071586,31.55129717,35.45850227,37.88427903,32.17736175,35.98382938,31.96437208,32.60328711,42.9730641,44.73565958,35.54041311
11432,42.12754187,41.70045075,40.31002179,47.98616367,45.50717345,51.024255,46.62132169,46.12516114,46.87092135,47.32252455,47.50029142,45.624774,48.19212942,49.3620149
11433,0.48178357,0.447110216,0.540843453,0.60125713,0.812574322,0.939460969,1.597600143,1.368416461,0.81891448,2.390614739,1.518149249,0.997260375,1.277209305,0.743019839
114479,19.16899672,6.609260175,13.38814677,6.379657743,5.542898355,14.61137742,8.217785187,7.796308627,15.83987943,14.23629584,7.818542138,12.89679427,13.65232148,8.652385436
114644,11.43845657,10.57272054,9.027678026,10.0191983,9.808018897,11.48271107,15.36687526,16.18253151,12.78041889,14.32348778,15.00484276,9.191225552,13.05903297,12.26317988
114663,6.222288473,5.923012506,5.073921281,7.497346125,7.15513088,5.337516483,6.049874923,5.895727191,4.909827539,6.863602201,6.07995525,5.036723019,6.922057608,6.446201708
114664,32.48711621,27.72592758,28.50254507,30.87275813,29.78555777,35.40583337,34.98423382,35.55175049,33.63905047,32.34014833,32.16391663,30.70772799,31.79952195,33.29393662
11486,1.506957402,1.062031929,0.935484876,1.540410828,1.563890269,2.127513072,1.513387454,1.803013896,2.168646253,1.459723848,0.990303505,1.229064602,1.041758172,1.50475407
114863,NA,NA,NA,NA,NA,NA,NA,NA,NA,NA,NA,NA,NA,NA
114875,0.893615318,0.301866275,0.7856848,0.80836238,0.662663858,1.107467219,0.80569118,0.78656944,0.760589099,0.883869486,0.7661076,0.772102926,1.034555482,0.7962691
11512,19.25180564,18.48869478,20.84356783,23.50323359,18.65804003,22.5785764,21.16127899,19.93576192,22.64627521,23.84660386,22.81256681,20.22340794,26.68513391,28.62250979
11513,5.926927362,4.440588478,5.432737835,6.945914407,5.465992373,6.534336918,9.094191464,9.055236677,8.179600141,8.827524316,8.422278059,8.012781501,6.906379411,8.31984451
11514,21.9933434,21.09802221,21.46487382,24.8236756,10.35517883,19.97596097,22.97037643,20.80273863,19.39560105,24.35986694,24.1260957,20.32233895,23.8265607,26.09633011
11515,34.62964263,37.65968829,41.88985737,43.87207811,40.42531033,44.85754397,39.79396059,38.21372045,40.87303665,42.92155488,36.90290051,38.50201308,46.86047552,51.24096613
11522,0.240783907,0.355045157,0.187986854,0.368282129,0.371987974,0.423872336,0.723642737,0.17961058,0.394115582,0.359537894,0.457801943,0.352614396,0.239484637,0.471368745
11529,0.03546522,0.096270036,0,0.034871475,0.075863566,0.056189191,0.07494315,0.00992061,0.052244589,0.028596549,0.073559944,0.029214453,0.015873232,0.150826805
11532,51.48702851,43.44777961,38.5732008,41.54441992,38.43802517,43.96306717,46.80994924,44.09006362,42.16496418,41.6529412,45.23375217,41.86190232,40.55158049,43.18905606
11534,96.90747847,78.14442232,78.99443382,79.48669793,78.55164793,91.2671474,95.35114223,93.79328007,87.52834254,86.56875481,93.12512367,83.61299575,83.75848786,76.58511409
11564,11.80424521,10.91436906,11.07916078,12.26775992,12.70512257,11.94432342,11.70563444,12.04518385,10.19199503,12.39869124,11.15712676,11.49542241,11.55748339,12.73392268
11565,NA,NA,NA,NA,NA,NA,NA,NA,NA,NA,NA,NA,NA,NA
11566,NA,NA,NA,NA,NA,NA,NA,NA,NA,NA,NA,NA,NA,NA
11593,12.56001172,8.778622337,10.14553506,8.909127557,9.294427094,12.60540644,12.6143799,11.9273594,12.01633643,13.05484602,12.37675308,10.96987991,13.46257593,10.95338092
11605,12.36907382,11.52303678,9.612933314,11.40636868,12.00620216,13.38348232,11.50675065,12.3146432,12.30017631,11.95051102,11.51828755,11.79675152,11.825524,11.80572978
11611,0,0,0,0.034614614,0,0,0,0,0,0,0,0,0,0
11628,0.022518343,0,0,0,0.036126699,0,0,0,0,0.048419035,0,0.074197884,0,0
11636,99.13853577,90.4887968,93.01067431,100.0952976,93.13353841,98.10625207,92.5610451,90.30400418,89.60118201,92.05661475,90.20993474,89.56677071,94.90967351,89.41572414
11637,16.12173901,15.44205864,16.09991178,17.14194124,18.72095666,17.95709403,17.66204485,19.75677909,17.06658594,18.90819864,18.25381852,15.46873906,18.49201888,17.89328971
11639,32.64161464,25.47261772,31.56059242,32.24054003,17.80316102,26.85097135,26.19393763,23.98423008,26.58870037,28.73387534,26.24389548,24.99072628,29.52971091,32.90490675
11647,6.154835883,5.566849236,5.500489821,6.022663856,3.493450888,3.700287431,5.008350579,5.527605032,4.786176892,5.096184425,7.02053791,4.970390481,6.377981222,7.010689664
11648,0.056923452,0,0.061534745,0,0.030441204,0.030062154,0.024057501,0,0,0.015299631,0,0.046890659,0,0
11655,27.83993628,23.55370394,26.66389363,30.0110629,29.42036819,32.73610963,30.80181216,30.65412583,31.03692213,29.35704482,29.41106629,27.23582824,32.23504334,31.57109737
11656,5.071659259,2.294495948,4.461256186,3.238944006,5.650403133,3.544969762,8.79436818,6.731796555,15.90675965,6.708776605,4.847150331,4.3825692,12.90745455,12.35523585
11666,7.873805442,7.006255482,8.388406267,8.589750179,9.587461697,9.573447921,9.697003636,10.34089417,9.825098383,10.01261916,10.61910486,7.708901156,9.44010506,10.70159976
11668,166.8562236,81.65831078,105.1441979,117.8682649,41.00491774,107.774851,134.9612099,126.7549247,81.01868381,112.6881214,111.8253533,115.6823621,143.2389577,90.19926783
11669,46.29813111,41.6678777,42.02414269,47.63964997,45.4566877,48.3649479,47.01860604,42.15474115,42.25685374,47.35165423,47.47447028,37.93405472,44.69483608,47.56826105
11670,2.045719527,1.039174393,1.679364616,1.209907304,0.723848578,1.559640662,1.6381523,1.703826469,2.114802836,1.785944317,1.930138883,1.351506946,1.335546135,1.401727343
11671,27.52091115,23.51164759,25.06683368,30.18591143,27.55298479,31.26948492,30.4112502,27.47440664,29.77909936,28.5933378,28.50807685,25.17077059,30.92600994,29.4871811
11674,1158.401536,1095.820448,1225.638314,1295.938643,1288.582711,1396.240918,1231.952495,1196.864147,1315.467217,1240.420747,1184.146617,1197.652615,1335.515188,1331.200106
11676,826.4712924,642.4717295,697.1669231,742.5344806,589.4086131,761.9724011,743.6462368,810.6322011,658.1256426,726.7214825,741.4197176,664.6225106,646.9838646,653.762013
11677,NA,NA,NA,NA,NA,NA,NA,NA,NA,NA,NA,NA,NA,NA
11684,0.497233668,0.423446757,0.403135427,0.402631087,0.351936838,0.378448302,0.537724901,0.589087527,0.488323839,0.738974031,0.553583598,0.594315668,0.831281368,0.693033214
11687,0.048688804,0.146850381,0.078949529,0.095747351,0.286412783,0.437126263,0.483566555,0.354109992,0.262989977,0.484195278,0.403950207,0.334228108,0.250604961,0.266225379
11688,7.159203683,6.004492966,7.067768563,7.385950356,3.087981781,5.106190781,8.037757109,6.479783481,5.82750292,7.074267193,6.336592901,6.001095267,7.287526256,7.485478706
11689,0.705661567,0.535378005,0.463987111,1.087266432,1.369424198,1.582890298,1.524985422,2.328018782,2.629177746,2.682678071,2.089840971,1.094659733,1.211240504,1.078431074
116914,12.70939536,11.9716731,11.62722088,13.8970369,11.17931818,13.02125214,15.74896914,13.3324392,14.13263084,14.29144954,12.48641481,13.3693194,14.67898246,15.79294083
116939,3.251000774,3.867773177,3.256872242,4.070092967,4.241378264,2.849040246,3.030889973,3.176581487,3.957741517,3.329051242,3.364844284,3.959565824,4.57550367,4.153632299
11702,31.52902288,31.18118197,32.82416543,33.73118536,36.65156147,36.40184156,33.31269785,29.79463696,30.90000976,31.73328551,30.85231918,29.74808641,35.02020974,35.20856934
117147,0,0,0,0,0,0,0,0,0,0,0,0,0,0
117150,71.2414251,85.07272359,83.50129437,84.26391169,92.26489074,93.7342959,73.73954204,69.82674922,91.01431603,77.27710562,75.23211936,78.15926096,93.58460908,98.54833979
11717,13.13666067,11.19367747,12.94494787,14.00142292,15.80587443,13.75151009,17.63555395,19.60629729,15.8007816,19.83557666,17.85721618,13.22849212,16.03830538,15.53481688
11720,0.093112785,0.067401029,0.120786873,0.137330891,0.099588666,0.03933944,0.220372109,0.156277441,0.137166474,0.070074025,0.019312925,0.1022688,0.150028764,0.090512203
11722,21.70514676,16.43943561,18.23477518,21.08607559,23.43721863,19.19015784,22.5813716,23.01557645,18.14943046,22.64562883,25.5662325,20.71672679,22.82778542,27.67971379
11739,653.7887,585.0933692,595.0592742,620.874641,575.974491,663.3057253,659.8048784,595.4268,565.8615607,605.5515187,613.5684223,593.3992709,611.0073275,602.9847944
11740,293.6245483,263.0313002,265.1301206,286.567574,318.9757935,321.1759834,298.9766332,265.6543319,246.8552525,273.9438738,272.7413021,253.6926333,269.9512296,263.6597924
11754,0.349061111,0.343136046,0.223607754,0.171608633,0.338769565,0.273103059,0.557310416,0.535223462,0.33645809,0.458671073,0.549705774,0.269789566,0.433971971,0.400576728
11757,118.1484565,105.5511056,99.77676703,104.1480307,106.1764496,119.967725,128.5308292,119.2854358,102.0980858,110.0738446,113.7045185,102.7076012,107.1890216,93.58710693
11758,91.71337952,88.35986793,91.85006914,94.48203661,145.2824668,157.3308349,151.8159371,173.5202862,141.3335476,149.7803073,146.4165097,105.3961818,115.0410542,116.7965208
117591,0.852101967,0.879126174,0.908424373,0.762720042,0.697665334,0.99932858,1.003377172,1.111235191,1.073455161,1.023501042,0.81055772,0.968163421,1.031032482,0.8140222
117592,11.47353047,11.18236131,11.12516392,10.75565413,10.39515504,12.88168975,11.99772285,11.07436395,10.85333743,11.89143128,11.61672431,11.75682641,11.70647389,11.66149102
11761,4.465119125,3.620296182,3.307067661,2.849175067,3.49994683,3.619744556,3.178560645,3.488405016,3.399388244,3.292693542,2.908859851,3.265681693,3.707692058,4.828247953
11770,0.0731959,0.032111458,0.057545747,0.032713856,0.099637473,0.014056686,0.089991882,0.04467258,0.026139752,0.04292349,0.041405121,0.029233977,0.023825761,0
11816,2454.200155,1928.584581,2169.667385,2209.863105,2648.057198,3298.289819,3327.400637,3931.334163,2878.107641,3229.476823,3600.230166,2639.771114,2448.108553,2456.611537
11821,45.11630535,41.90455312,50.78460347,48.26122542,47.73760857,57.67207331,50.26345362,50.55833873,49.25355571,50.98919909,50.54482357,41.02873106,51.40823956,45.09681667
11826,0.989242702,3.991926636,0.295001361,4.751603507,0.81481498,9.055528773,1.999107822,0.636135047,1.976533901,4.926498531,5.212122468,1.211404499,3.38938222,3.75803083
11827,0.400805823,0.152699506,0.228039246,0.082967514,0.315870492,0.222812365,0.160476784,0.094413942,0.124302273,0.272151904,0.153139492,0.092677489,0.18883093,0.15379404
11828,0.130653172,0.078812648,0.017654651,0.096349371,0.786037169,0.206999875,0.151849,0,0.064156012,0.035116375,0,0.143500628,0.029238338,0.119066353
11829,130.7734287,99.97773299,97.21418069,105.5303672,77.79556185,150.7296449,219.3207977,214.9117692,148.6854776,200.4624227,179.8451183,133.4004373,147.2930304,155.3302853
11830,0.197106416,0.043235853,0.154962722,0.281900418,0.153319948,0.283895299,0.151459792,0.260643647,0.175976824,0.115587011,0.297328677,0.295211438,0.240598018,0.217728814
11832,0.042249761,0.038228872,0.034254269,0.020771216,0.045188181,0.066938255,0.080351883,0.082729048,0.041492697,0.102201316,0,0,0.066184306,0.166845868
11833,0.113648376,0,0.081903252,0,0,0.040012975,0.048031098,0.042387489,0.037203978,0,0.039287167,0,0.033910539,0
11846,0.910688456,0.292984418,0.284400166,0.378075539,0.194805147,0.555762875,0.376330381,0.407591895,0.218623781,0.674479448,0.461730686,0.400095501,0.398540728,0.270494124
11847,12.88534883,9.640172174,8.999693414,13.06041132,15.52657043,13.07964754,13.41981488,11.25787081,9.347043487,14.19039668,11.34555895,8.753349898,9.71796961,15.3264161
11886,45.17595005,34.00667547,39.82477397,37.6098347,41.80575914,50.35938033,48.20274457,47.24507065,45.07603768,52.1685496,43.88083394,43.5889296,45.40805685,42.98702191
11898,27.86601046,31.45407405,30.99285742,38.5928854,43.30323123,31.1450705,37.77838883,35.4993292,34.30557369,34.18922386,33.77544147,33.88149253,35.09007475,35.799226
11928,325.4142542,388.5130094,368.4353513,378.1116382,498.2812614,457.784217,309.6369088,288.869923,355.1164412,358.9001262,351.3962018,346.6867199,400.8325732,415.2979251
11931,1295.099601,1211.821495,1278.597535,1412.243448,1171.30385,1283.892664,1326.140558,1187.926511,1228.618354,1293.760685,1258.472183,1219.458883,1346.51273,1372.604366
11932,330.1850922,264.9100558,306.1774048,348.9229755,235.7976814,316.1819711,377.2665543,376.4432932,314.3010213,368.7873488,353.2318358,301.60717,337.6638733,346.5521474
11933,124.1210805,105.6826314,96.64129531,117.7401744,115.9169719,130.0307967,152.1453363,130.8501354,106.1917078,135.660832,137.7344447,116.4959528,125.6450184,127.6036035
11941,116.7043115,141.1379963,134.5171808,144.9006447,204.3767441,130.3123514,122.0563322,112.2915292,126.5661575,141.2458277,129.9900022,128.1862315,147.7390485,163.4707594
11944,0.817828251,0.670546475,0.738163404,0.499657625,0.602953516,0.696084307,0.865772676,0.701855474,0.436676992,0.708520932,0.69169225,0.715109556,0.653891094,0.829719252
11945,0.045019716,0,0,0,0.072226173,0,0,0.050373075,0,0,0.070033003,0,0.04029911,0.027351464
11946,NA,NA,NA,NA,NA,NA,NA,NA,NA,NA,NA,NA,NA,NA
11947,NA,NA,NA,NA,NA,NA,NA,NA,NA,NA,NA,NA,NA,NA
11949,NA,NA,NA,NA,NA,NA,NA,NA,NA,NA,NA,NA,NA,NA
11950,NA,NA,NA,NA,NA,NA,NA,NA,NA,NA,NA,NA,NA,NA
11951,NA,NA,NA,NA,NA,NA,NA,NA,NA,NA,NA,NA,NA,NA
11957,NA,NA,NA,NA,NA,NA,NA,NA,NA,NA,NA,NA,NA,NA
11958,NA,NA,NA,NA,NA,NA,NA,NA,NA,NA,NA,NA,NA,NA
11964,263.3790573,247.5909809,257.3024316,281.3911584,235.852048,313.9728221,277.752708,251.575914,301.8860454,264.6317038,255.5320571,260.5302221,296.3350409,291.9845492
11966,293.3792218,262.5782134,293.120968,299.9943265,277.5595481,327.7893545,296.7025867,262.182622,304.1916795,298.928881,265.8379513,294.9983698,319.9593143,310.3957409
11972,220.3559285,222.5335123,234.1726244,253.6706971,246.6930675,260.7601068,242.6967466,223.6495145,239.820057,241.7947479,229.7515522,233.442448,259.6747347,259.0070038
11973,735.9634512,706.6623423,654.5574834,694.7600272,732.2289867,759.4610024,706.6808843,654.6427274,641.5001636,654.3178782,665.420389,656.947501,670.5507829,648.0673725
11974,18.56720897,16.33327485,16.32836527,15.80657073,18.80045893,20.48201128,17.56002815,20.70331845,18.49538541,17.82465613,19.86349426,14.12517476,16.07915349,17.44093265
11975,156.9936886,151.3326637,163.5942979,188.9818736,178.8281533,178.8488073,174.3506988,164.354655,179.3590036,181.417223,173.0010686,170.9600266,202.0148547,208.3774116
11980,58.19068283,56.2417828,61.0223537,68.769624,70.34573432,63.31920082,63.90858366,58.75317065,63.06481842,67.74040139,60.79440252,61.6560964,73.00267848,72.51794427
11982,4.811845344,4.599357144,6.671805398,4.833324157,7.16771806,6.230435062,6.20936683,5.359583749,6.860467245,5.666472354,5.415048915,5.015057014,5.837579251,8.070067345
11984,302.1306912,284.7078679,365.337148,363.9372924,378.986505,378.4069802,321.85674,301.8102352,354.8847532,325.874722,322.2748459,311.8779903,349.1328552,365.5817028
11987,14.44915461,14.10458984,14.46995816,15.0891089,17.83097291,16.58199992,17.8553146,16.38046141,15.68292733,17.60783408,15.91904332,16.6283879,18.14890272,19.44723281
11988,13.48835776,8.359340969,13.26255287,10.07631597,10.71579716,12.27471489,11.70517253,12.71410076,13.09251963,13.37640759,11.3534882,10.0991375,11.41543437,10.32243371
11989,7.728144598,6.237920094,6.604845806,10.19895262,5.099529232,10.63903134,10.87600586,9.088739139,7.938526575,9.369390283,9.291742139,9.51114977,9.482825837,10.10976337
11992,14.92281863,12.80482588,13.29702082,13.93719124,11.9988583,13.83533611,14.27137797,12.60845959,13.09678853,13.73389868,13.22867618,11.68821791,12.6742532,13.45733165
12012,0.246228388,0.315626181,0.133087511,0.226974496,0.131676637,0.016254627,0.156094883,0.258288527,0.226702755,0.231630575,0.143638013,0.135220324,0.179082935,0.317888556
12035,32.37635209,27.24236503,30.56880529,34.19731869,26.2726567,30.11182194,35.5649055,33.27195111,30.21017273,32.93382534,30.62235988,31.22762127,32.7475858,35.70747183
12036,7.415933,6.765618122,6.683333757,8.112856702,7.399098177,8.245623306,7.336849847,8.477785967,7.117524574,6.852727705,7.905371081,6.369717403,7.694422115,8.433861598
12038,4.772380379,3.624557566,3.300408865,3.241603894,2.625606944,3.1685961,3.715525972,3.738405529,2.602363331,3.087052838,2.94568374,2.321515419,3.316029126,3.155184765
12039,55.42820796,50.14296942,51.23111958,57.34950383,52.65210646,60.14652024,55.7514269,57.24999432,50.94388101,56.98274506,53.67411482,49.96116413,49.3899919,52.14008283
12040,31.60820522,27.27238556,29.83951021,33.08045767,28.47889357,31.91729728,32.57806149,29.90437376,27.98639857,27.61263772,30.06833019,28.80909269,31.019576,28.81512391
12091,20.42923269,19.66616619,19.45510879,22.55212907,21.97011632,30.2197201,28.01037951,23.43066259,27.70627604,30.23670151,23.61824757,24.34217782,26.89475971,31.23373933
12116,0,0.019507624,0,0.021198484,0,0.062622255,0,0,0,0.023178581,0.022358666,0,0.03859756,0.026196603
12140,62.53704915,58.4089048,46.03313333,42.55198011,41.30243137,69.25906684,97.41822343,98.60984837,53.88314605,87.01589028,77.29613468,54.69721603,45.7548523,39.31517007
12183,45.63838547,38.83929809,39.27400199,42.28762596,40.21998747,43.69372833,48.35748133,42.56995169,41.27223483,41.83402561,45.08549562,41.23838303,41.48634486,41.78825806
12215,498.4962016,455.2314038,465.9494994,512.5427462,487.0051348,543.1370507,560.1820485,496.1053955,472.7775976,520.8687384,536.7857337,475.4965203,529.0205733,512.5973992
12319,70.64125031,6.247799564,6.335715053,5.976244962,5.057956626,5.404399788,14.86199112,13.73160485,5.915794562,7.351279926,7.710313083,7.595272607,6.773095433,5.991142011
12346,0.095739043,0.086627604,0.051747367,0,0.255993943,0.20224507,0.101155238,0.053561755,0.188047029,0.051464623,0,0.157729957,0.064275144,0
12349,305.4766432,268.9836474,233.8984426,286.8171186,206.7257418,263.7739988,364.4956504,293.0336658,220.3420484,320.0519874,309.1014329,211.5983195,243.5606518,288.0403615
12350,0.531727626,0.465400379,0.450825232,0.430562301,0.367987942,0.869971462,0.361320154,0.16332129,0.348133138,0.526825291,0.367626412,0.538208748,0.615964517,0.519410516
12351,30.18964658,23.279296,29.31754208,25.88966233,21.10910948,33.90927663,23.7714603,22.20235565,26.03772236,25.61273341,24.32854844,20.54244156,29.03693364,27.04616035
12352,0.580011289,0.242220874,0.337613892,0.175477221,0.668069629,0.353437986,0.358266318,0.399373089,0.2629007,0.359752704,0.53210786,0.637045264,0.499224416,0.948722007
12353,0,0,0,0.064692731,0.035185071,0,0,0,0,0,0.034116665,0.036131973,0.029447643,0.0399729
12354,15.12357617,11.24052175,10.99106508,10.89300358,12.48559184,10.21308816,8.717302523,8.875524847,10.98733018,9.429139329,10.58213195,9.52614535,10.73235452,11.54249597
12359,45.65752085,37.25073184,39.04995369,43.46564206,39.62633403,40.00226365,49.076294,51.75184773,42.4481084,50.21718185,47.21970959,38.34485887,44.5538667,47.51876794
12408,96.61454815,87.16487759,100.0818349,101.7639144,95.94744034,104.8783746,100.1769513,93.72900179,90.35378496,97.9513644,94.03567727,89.27337068,98.54538233,100.9053013
12411,22.66876008,22.07716028,23.50058009,24.96009271,19.20896457,23.04686324,14.90883568,16.37634249,12.48704272,17.28176802,14.94687512,14.4362308,15.0128893,19.3148384
12491,1.506079733,1.321451493,0.550917733,1.809946766,0.789141908,2.803929355,2.083133319,1.668147933,1.456682102,1.741855349,1.838008159,1.537214394,1.817970143,1.525016527
12495,5.931291068,5.192439976,6.377056221,5.926735264,9.458453189,8.537786494,8.321095123,8.84079968,9.920390671,9.121966057,9.132383032,7.996173891,9.828061097,9.379562223
12496,16.56357426,14.08968675,17.14666528,19.39170687,13.85716385,17.00569306,21.21430689,21.34456089,17.05254287,19.63356015,19.08461851,15.55596879,14.87703775,18.04536004
12497,29.1949745,28.7768375,32.67581285,35.93349944,28.93723363,30.28161427,28.93910054,29.85279861,29.79610093,31.96596522,30.32269148,30.00456512,34.29802427,31.26344562
12499,21.83287732,18.82712339,19.50574985,22.14338228,18.19858778,21.81714922,25.06856942,21.71717649,20.13009346,22.47815194,22.77562773,18.67748358,21.44744146,23.3795463
12583,29.79248835,28.2879328,27.26741281,30.5222841,56.60859311,41.11840548,33.51594345,34.92982619,30.81169002,29.95200686,36.64709544,32.46474268,32.17353227,27.42318608
12613,0.127773399,0.102767348,0.046041384,0.097715541,0.075922158,0.059981428,0.060000825,0.127081884,0.139426504,0.076316361,0.014723351,0.046779227,0.03812518,0.069002649
12642,1.54884496,1.468177472,1.339451857,1.69696221,4.236073991,4.977925317,6.65808271,9.779186276,7.54026797,8.183103767,7.641223104,4.544492162,3.981059561,4.704958397
12647,2.062239425,0.910545524,0.540087826,1.515559598,10.68724606,0.741037451,1.994709293,1.272673055,0.553299941,1.897121528,0.903982343,1.79800925,0.713659957,1.924560003
12651,10.94482801,8.163439223,9.378388004,10.43272534,9.449576513,10.13629295,9.377336244,9.799337676,9.626841688,10.20121914,10.01646467,8.697890109,9.281308591,11.23562822
12660,14.52787424,11.61075026,14.81048905,15.07851757,16.90132305,14.00658121,12.97484517,13.52300687,13.5405121,14.90851027,14.74955571,12.74768687,16.36463117,18.98686162
12686,0.099968478,0,0.064840075,0.039317938,0,0.084471836,0.067599324,0,0,0.042990528,0,0.043919453,0,0.048588211
12709,1682.029009,1619.718167,1593.325951,1656.372983,2294.336464,1917.135477,1612.358095,1545.509594,1579.781307,1706.188048,1712.295732,1634.353849,1643.691635,1755.3906
12715,0.84439806,0.840440815,0.547680971,0.643452646,0.835390552,1.070255182,0.802950976,1.251868816,0.870730836,0.975900184,0.459743153,0.579643659,0.907029023,0.743863185
12716,238.0670974,197.4098724,220.05568,235.3170092,225.9402539,267.5702273,249.5196251,200.6958975,223.9169995,219.6896088,218.4217214,207.1782989,228.0803471,222.4692399
12764,69.46546986,65.2111937,65.39290463,75.33116333,68.26985916,78.01965107,77.02424328,68.88669167,71.37246257,71.23221594,70.87189719,70.30754752,74.88305972,72.66903763
12780,0.09102615,0.059132579,0.030276941,0.106714193,0.082378923,0.066561669,0.068062821,0.050925101,0.048135808,0.052695141,0.14886254,0.069214834,0.103418796,0.097842715
12846,61.01526337,50.59708986,59.02044765,62.20931691,74.82302579,69.0441664,52.23177071,59.88864257,59.4237523,52.62269883,62.78781377,49.50976409,54.2161344,61.1087132
12857,555.6120848,496.8700062,521.6663461,538.7497098,544.1679428,543.9870454,533.2939639,496.5294981,483.0488987,499.5476372,513.6740616,488.7943509,486.2949548,508.0886741
12858,427.3657671,380.3217992,389.5433825,445.7505418,402.9157673,425.3794173,441.9192623,372.0073503,364.3533821,396.0717375,402.0845718,391.2214991,409.4859479,390.8856057
12859,214.0019293,180.5801532,191.2870778,193.1791636,197.7402779,211.4394017,202.735119,183.6301283,172.2127904,186.7656469,189.1809502,176.6591782,181.4838498,180.6350633
12861,856.2474486,770.0744847,809.9267961,869.2329114,870.2428755,831.7665569,748.6386755,791.3808875,716.1666619,743.5608711,816.899527,757.5244081,721.2528114,777.8175178
12862,9.714748348,15.33492911,13.24984265,20.88965639,19.42130338,22.7756226,16.38456584,12.49535517,15.96056301,14.20235878,14.40615052,17.60055377,13.8162254,12.24555824
12864,156.5379247,132.7219414,122.1819322,114.6659883,120.3044934,124.9360839,129.6322494,131.000972,100.3339235,118.2192164,126.0307659,115.9081266,105.8819018,103.1472953
12865,14.11467032,12.67238098,10.55646295,11.53841063,6.670470739,12.22138064,13.248446,11.11023841,7.817383623,14.46891111,13.95709002,9.373666032,12.85502872,8.575285241
12866,481.5739882,426.518478,397.1628294,374.4543959,384.223957,435.1337546,418.9417424,408.6060094,345.0598133,368.6712625,407.7665387,361.6693531,362.4586167,348.320247
12867,237.1423078,204.3057284,181.4655268,172.9769223,190.3888744,193.067328,186.3600387,191.9948827,150.6969982,170.9619279,192.3315959,183.8514886,164.0951804,156.0926554
12868,1390.544073,1319.618484,1371.777325,1403.370982,1465.389368,1441.006142,1274.045506,1257.055285,1167.923176,1265.64218,1321.876651,1224.30398,1214.22044,1197.348398
12870,6.482471976,5.854236632,5.178069,4.921692575,7.050211271,10.47496689,12.05406673,10.15323937,7.893493216,9.275640169,8.983146768,6.190480364,7.102490716,8.639411525
12892,39.49929671,34.47615513,34.86466699,40.72783054,35.85882159,39.70021206,41.38319833,37.48233487,40.82639107,36.87154314,37.9591477,31.83986623,40.42660407,41.13705756
12894,18.32525434,17.67493231,18.09010946,20.49104637,18.96079266,20.84516417,19.99316808,20.92406168,16.76207482,22.43493714,19.9123262,16.15976426,20.45803082,19.38849268
12895,1.931134857,1.16489979,1.120394959,1.48942926,1.250635177,1.693532559,0.973394174,1.357914397,0.904767199,1.199986509,1.166725178,0.797817957,0.927757945,1.646855036
12896,9.00739823,7.551057629,6.96855891,9.876153006,8.057160423,11.0181693,11.68963635,10.10643792,9.091377806,10.51660519,9.600437994,8.617029669,10.00875009,8.819583243
12908,19.20410057,17.36307879,20.31032309,21.98426609,25.40782643,23.22935522,23.06934188,23.02606743,23.86354488,24.74107299,23.90613199,18.74820193,21.93466816,21.86615568
12934,104.9633725,95.74542803,108.165553,117.9303542,113.1116259,104.2274441,117.6450097,116.2024654,114.3688716,130.9210818,118.6482191,101.2107073,116.4010337,119.5901091
12974,223.8920485,215.470666,231.8443085,263.6282768,232.3124392,249.1999672,246.1446027,226.2994015,236.8818048,253.3116399,227.2518271,222.2997383,249.770117,245.1735853
13016,180.3593014,183.3040108,199.0203751,206.3508672,190.4874201,187.3984431,191.3820315,186.3656933,177.0505514,196.2065354,188.9545507,180.3713757,187.4380051,203.368419
13026,21.93937327,17.94021384,19.15748548,20.42809932,19.95988912,21.12674998,23.49663624,21.61335577,19.41406549,21.68848607,21.8477639,17.58193975,21.33590536,23.15559002
13070,0.646657049,1.117719698,0.752814324,1.491757275,0.811336673,0.683019153,0.646450192,0.640065207,0.671708371,0.688537519,0.696423106,0.614634638,0.807051761,0.831076867
13074,0.055162662,0.049912858,0.119262631,0.027119575,0.073748948,0.043698381,0.05828335,0.030861067,0.067717767,0.029652747,0.100113352,0.090880419,0.049378504,0.050270628
13075,0.050350748,0.106304081,0.054429595,0.210408132,0.080778872,0.305796591,0.127678116,0.056338028,0.210156224,0.054132195,0.156651992,0.193556526,0.13521345,0.030590302
13076,0.114053384,0.151358502,0.086304888,0.157001526,0.048794264,0.132513379,0.212089974,0.076569382,0.156813559,0.196190452,0.165594136,0.025053708,0.061256494,0.166301917
13077,0.047363501,0,0,0.09314112,0.42214646,0.333511954,0.05337917,0.070660751,0.031009869,0,0.032746228,0,0.056529513,0
13078,2.632898358,2.775867385,2.323545599,2.439905014,2.816013244,4.005304272,3.254515913,3.571674997,3.2664737,3.181332631,3.467498573,2.175246213,3.21716647,3.560176063
13106,0.703029556,0.256421502,0.84835093,0.401895181,0.349732283,0.345377459,0.428406551,0.402460743,0.240848411,0.667941509,0.491713198,0.125700502,0.380514479,0.417188429
13113,1.121662562,0.560793585,0.710038303,0.526602331,0.853821205,1.056655229,1.460577604,0.994987521,0.952703756,0.901710334,0.702138502,0.854601825,0.832184809,1.448868882
13116,134.6924988,160.6617872,170.9453647,184.8997014,222.0079985,181.9312275,144.5792576,146.0717792,187.2256209,162.1003012,166.4095301,172.3843283,196.3049637,188.2084861
13117,0.042490158,0,0,0.027852537,0,0.014959806,0,0,0.013909595,0,0,0,0,0
13121,40.70093215,37.16376778,34.8066847,38.08023037,35.40672172,34.65666986,39.81651418,37.15781173,41.24468914,38.37786331,36.72395473,42.12354051,45.06734324,41.70667574
13122,0,0,0,0,0,0,0.006048957,0.016014631,0,0,0,0.015720092,0,0
13124,0.061272987,0.129363889,0.016559158,0.210865127,0.425973921,0.210334873,0.207165927,0.171397617,0.19556891,0.131749435,0.222405662,0.100947173,0.041136092,0.130291156
13139,11.80781528,9.920464914,10.23447934,12.17495077,9.318179519,12.05605333,14.16173329,15.35436988,11.95143338,14.82181138,14.23131469,11.11119921,12.43605001,15.1747834
13142,10.1125004,0.681902854,1.447819392,1.051103859,0.210270961,1.07719834,3.34428953,2.928424531,0.760232908,1.928684904,1.376230606,0.431859562,1.011903865,1.493023173
13162,26.75906248,28.22696319,22.34911302,22.82672525,0.342036351,41.51009833,48.19541305,46.62327634,30.09927754,40.12382139,43.15039417,26.08678238,40.40168887,36.80999817
13166,0.732339662,0,0.215908778,0.33821898,0.094942181,0.140639959,0.684669152,0.310387587,0.21794455,0.381740561,0.218640676,0.121871587,0.059595378,0.107861496
13167,202.2881143,142.3743563,123.9613645,155.7338737,173.5349454,279.1596378,318.551758,301.319904,228.3906541,271.906929,280.8273664,198.3235698,191.6444315,171.8798726
13171,15.34311112,13.8528473,14.82260636,17.13576187,14.66547047,16.15800659,14.60053096,14.2066056,14.06244892,15.64774363,13.94758809,13.21868923,14.36705467,15.21851748
13177,35.62018915,32.30455323,34.59892544,37.25826922,26.76490584,32.56238311,31.05708721,32.10524021,28.87823225,31.40747719,32.2556647,27.03413398,26.15026264,30.70636852
13178,18.95297122,19.82156667,18.35871515,22.03264588,22.21209042,21.60750055,20.27742517,19.01327467,18.90880688,19.12437424,19.58513798,19.83605383,22.50791071,22.66398506
13180,22.07986114,16.7044577,21.59342804,25.92155359,15.99376742,21.44947711,26.84002315,26.8950192,17.40539124,24.21445494,26.26806058,24.65656529,21.45026004,24.22683857
13195,12.19330389,15.41330535,12.45723041,14.64245495,7.469583044,20.96276269,26.73121375,21.87711349,13.62537933,20.18548414,17.95761732,14.15715644,16.2552573,24.57932824
13244,75.18947576,61.64274554,68.00790415,74.64482484,79.91326653,88.85450975,86.55184145,78.58359147,77.65768928,77.75015416,79.00508351,65.881569,82.46508366,76.23293346
13340,11.86606428,9.927691669,13.4151282,13.78227337,12.66548672,11.97173,13.07357792,12.45232811,12.91134551,14.70589107,13.92252504,11.49335831,13.78025797,13.18497703
13350,16.04052176,14.3723535,17.38223555,16.04125529,16.55984078,16.74620965,16.79916235,16.44861515,14.79254034,15.95180868,17.04090534,15.3404004,17.09895608,20.02545442
13358,37.65395436,33.18856395,33.78912845,40.30345239,38.37876249,38.35034958,49.18554432,49.05862959,39.21713871,43.62534987,45.42765598,40.91932612,41.91401018,42.66710302
13360,21.10043975,19.43754948,20.59960953,24.3641646,18.59133008,19.83562349,23.68700664,22.2139737,22.73023429,23.28768744,22.29199458,19.84596338,24.30062448,25.61971343
13361,2.924945397,2.275309236,2.594215849,3.19244563,2.711658182,2.803139606,2.835069627,2.603040562,2.512080799,2.786444503,3.16806445,3.057516208,3.154026253,2.717008651
13370,0,0,0.032782089,0,0.016217281,0.016015346,0.02563284,0,0,0.032602969,0,0,0,0
13371,21.03221909,31.23255225,30.00175807,24.48467951,25.46280546,21.62870636,17.59957053,17.20286011,16.9663515,22.33555779,20.99656806,19.43185318,19.41102702,25.99307113
13382,163.5884182,136.2204969,130.6311375,137.4817237,131.9407175,155.7942235,146.1159379,136.4492531,132.2119136,138.572803,139.1034916,135.7403883,144.8721009,133.552795
13479,0.026658261,0.032161609,0,0.235907629,0.028512311,0.112629115,0.090132431,0.029828233,0.104722308,0.085981057,0.082939576,0.043919453,0.214766745,0.210548913
13487,0.014069987,0.14145503,0.020279703,0.073783639,0.195630981,0.237778471,0.138748965,0.104953793,0.12896678,0.221857856,0.107004945,0.092721143,0.159532339,0.091180137
13521,3.634213821,3.396866553,2.761778334,2.794589997,3.316191478,2.950979558,3.380053615,4.15012242,3.732725919,3.850036401,4.30235136,2.580599812,3.981587941,4.066727177
13595,15.73701192,12.4335738,14.27205834,13.60451722,16.015513,18.28820743,17.73942327,17.57938549,16.75035014,17.32205634,15.89127655,13.73384099,14.89714185,15.38233337
13806,97.1419892,86.24030249,108.1815526,102.661776,109.3590727,119.6535375,107.5103671,102.8832107,111.5676387,104.7225376,101.8549436,96.94415427,107.8102352,110.001308
13807,411.5156671,428.1251465,424.3797093,501.2461259,537.8203677,485.9137897,484.516054,450.1706507,457.3319726,483.244605,464.0171521,484.2868197,507.8602454,511.8074744
13808,9.327041796,6.714212206,7.817274533,8.241980391,7.569059318,7.583666768,8.14509653,8.687168482,8.788792586,6.962018171,8.2120911,8.433065272,7.872392976,10.33135118
13861,0.141877076,0.184332907,0.353931574,0.525814574,0.140071804,0.184436863,0.267519939,0.366341272,0.203643183,0.36373097,0.407455438,0.287682845,0.351693296,0.238698239
13885,37.01431815,31.19787911,31.72436468,33.22723209,37.1683127,41.97324239,39.68776169,34.0381614,32.7255462,35.58673173,33.75729434,34.76694402,38.16148561,35.89642438
14042,8.853555998,11.00699329,10.20242562,9.054419276,10.75087084,11.17949248,10.38755209,8.702190404,11.32081761,9.562212309,9.112735576,9.342331504,11.76200909,11.39595364
14043,11.63762416,11.63533561,12.50105671,14.73334569,13.75492345,16.64050796,15.78366256,14.09329071,14.38344214,15.25499069,15.61578589,14.29522445,15.51107974,14.89359277
140483,35.49347769,32.9813669,27.94603561,29.98480646,36.22825121,35.74147128,34.16876403,32.76126418,32.50269051,28.13826073,32.32632083,29.02445206,30.57767329,30.30429394
140494,1.057153091,1.029009822,1.318106279,1.311130295,1.162798306,1.287894001,1.309888119,1.061886304,1.191582137,1.536922194,1.233386374,1.068744951,1.570004071,1.912204516
14077,70.15775673,82.1452837,71.09371492,64.9862456,80.66589984,74.02611888,72.03295211,60.6316468,63.66088816,71.01742757,74.11366601,71.23644496,69.46151509,65.26996616
14080,0,0,0,0,0,0,0,0,0,0,0,0,0,0
14081,12.1170429,12.0708402,11.16100189,12.79694652,15.05943362,13.53297553,12.66024656,11.3047331,12.39976018,12.84353067,12.15315823,11.91275993,13.71304645,14.25849297
14085,38.06617122,20.46042682,27.22339679,25.78123758,24.67124278,31.97030053,36.52186051,37.82483794,32.43207671,31.60999717,36.48708337,21.66908103,27.22160832,35.57052101
140919,72.15553957,68.41956101,69.89639966,96.19705722,12.16082066,66.0370658,79.94822839,68.48563049,55.09799712,70.13907186,81.9312136,87.62934469,72.55105572,83.48192579
14104,94.8009577,89.77620861,97.1366337,115.2991171,106.2501963,106.8460149,116.7027886,112.1176918,112.3583001,123.3332522,109.4717135,101.2549134,114.8051564,117.660607
14120,0.04508767,0,0.097480324,0.08866566,0.048223463,0.23811495,0.133387495,0.10089822,0.044279753,0.193895394,0.187036568,0.148563764,0.181619727,0.054785499
14121,0.157952545,0.338773992,0.037944016,0.431411572,0.056312651,0.278057264,0.118676133,0.058911637,0.103414817,0.245288496,0.0364018,0.269864651,0.09426014,0.277226859
14137,80.22235507,76.23229184,78.89685896,83.92158194,85.61182158,110.6464391,114.6945905,100.898661,110.8280807,100.7995461,92.21891916,94.90181357,103.8966794,100.5610828
14151,52.57469441,43.15505956,46.31512465,49.86201706,49.81075605,53.79091415,52.4723496,48.41140767,53.18988966,50.00296371,48.56519561,48.26743302,54.54608918,56.21344443
14187,2.769853776,1.70689321,1.637136193,1.665438614,2.024725941,2.273132045,3.520283254,3.857303949,2.407102326,2.913604906,3.637168742,2.495058537,2.497254412,2.324454811
14194,66.75088643,60.94006794,58.47867474,61.58973026,55.15558551,62.82142081,61.25255023,56.92275556,53.12705543,58.52838511,58.13841743,58.83550609,59.23924673,59.56853029
14204,3.813110582,3.465611634,3.042245035,3.906986182,5.068642578,4.404865039,4.671283206,5.898094478,4.761532526,5.494718377,5.088637515,4.724583929,4.405286874,4.553534825
14245,16.5709985,13.66576561,15.01995134,15.85237456,15.5806007,16.30141187,20.79846395,18.80418977,16.05885494,19.71710833,18.60840287,18.46407543,20.65283301,23.32414884
142681,0.772733445,0.458487066,0.191715438,0.411037529,0.176134255,0.240841457,0.406886005,0.637834645,0.223933866,0.572003747,0.61745665,0.333921945,0.181431449,0.184709381
14275,1.521488037,9.883919265,0.253037192,8.528569162,0.166903147,11.74377336,3.198636953,0.582020642,4.967978185,5.480478219,6.082301745,1.642533991,4.935614684,7.110547238
14276,1.467229669,2.10411145,0.957638028,1.388225662,4.086033439,3.918193641,2.035779629,1.951454799,2.392501956,3.660808836,4.019379435,2.128404243,4.014486077,1.715537591
14287,4.776778925,3.53546347,4.068143381,4.78950812,4.621626574,4.638763562,5.239596545,5.081069292,4.745195144,4.713195677,5.377547289,4.806407662,4.550179761,4.916393365
14317,0.112295419,0.033869439,0.101160267,0.018402569,0.040035143,0.069189103,0.087008716,0.020941438,0.091902683,0.050303767,0.058229195,0.020556285,0.00837671,0.034112212
14319,4430.193534,3368.676647,3475.12852,3771.497759,3621.343997,5133.361007,5093.110623,5488.126966,4589.591304,4543.119098,4754.933629,3630.152417,3855.185706,4229.796406
14325,136.8028044,183.520192,121.1611316,203.4674251,303.2203167,300.1745474,191.6613353,218.8926645,185.929114,290.7029151,194.1206648,221.2569924,249.6653793,153.144891
14345,0.619586295,0.26555711,0.625713801,0.569133593,0.592922215,0.619982703,1.054311448,1.340915038,0.544433101,1.113119114,1.107562507,0.841685624,0.839225674,0.574544982
14347,0.253677973,0.229535563,0.205671065,0.236959446,0.284887017,0.227751136,0.321634998,0.354803985,0.249132369,0.218183777,0.171003444,0.557245539,0.567695536,0.400713472
14348,33.06204901,32.50740959,29.17671099,30.44554847,28.48839259,28.79551961,28.61990763,27.0639367,26.91831187,26.54091358,28.21268501,26.84384966,30.88346257,31.62981797
14377,NA,NA,NA,NA,NA,NA,NA,NA,NA,NA,NA,NA,NA,NA
14378,0,0,0,0,0,0,0,0,0,0.065073809,0,0,0,0
14381,37.37701967,27.20331784,30.99035588,35.3494944,35.2258304,40.67726196,42.2254017,40.10704245,36.77393966,37.28551773,36.42924282,32.93565383,34.1088988,34.82236602
14385,20.80759173,20.27626585,21.91961843,24.46366642,23.63511085,24.32533404,21.93927447,22.01426718,23.32180375,21.92318813,21.08819341,20.0816057,22.82332281,22.75649722
14387,162.8112181,179.228547,167.2779579,267.2267218,207.0177148,178.9319596,195.499173,195.2594409,146.3516201,201.3716974,199.1447706,204.5156371,199.2834231,171.5285535
14411,3.239568294,2.644923553,1.978472087,1.799568631,1.182873191,2.904854154,3.366997829,3.30721025,1.720519407,1.978184088,3.055162969,1.934931062,2.418025848,2.735236065
14412,14.37984599,12.37223559,10.35203947,8.515826732,8.834118245,17.45909815,12.70242269,13.54625487,9.869360793,11.16909914,15.74498171,9.049267466,11.63822765,10.56115957
14415,136.1205404,131.1185622,139.9826511,146.0258649,191.4331484,123.413071,131.9167482,122.9707788,114.6109592,137.7043744,130.8705073,130.4668535,127.7628641,133.4933069
14417,101.1563476,94.79053119,99.34395487,114.2130566,209.4021391,97.6843687,102.1320572,95.13705355,88.33051538,112.6392082,106.3877906,114.1406555,101.4204885,110.0844963
14420,14.85713636,17.999684,14.36253463,18.00499242,19.73556568,17.27750739,17.52586749,19.57955434,20.2400006,19.83803667,18.52840173,16.82452878,19.6515786,20.55979241
14421,73.20344981,78.90577237,88.26988126,93.03824046,95.65042942,91.33498528,82.54188901,77.31494339,77.71374103,81.37517936,78.5967971,82.29805978,93.39006895,94.56754467
14422,0.225503808,0.209274584,0.468791482,0.426400984,0.33395168,0.238184089,0.249257785,0.504637584,0.238498671,0.298387221,0.39576916,0.076208667,0.18633073,0
14423,31.28319629,29.36379129,28.80915369,31.28099254,27.87856137,30.43548274,33.21765721,31.95095065,27.86298856,32.30594487,31.48309799,28.23054719,29.7664607,28.74563586
14425,0.546329792,0.725025912,0.930174901,1.007218786,0.657367162,1.053116989,1.246831968,1.344848246,1.207215493,1.350928701,1.161495374,1.230106151,1.210382951,1.302783895
14426,2.347854696,2.280200601,2.170033835,2.62020179,2.586479496,2.802260633,3.398529758,3.375748316,2.686238318,3.824138013,3.256669946,2.353086728,3.084196476,3.216589192
14430,47.07245805,23.68442876,28.18709051,28.24132235,58.69855122,50.881291,47.15545246,47.0972352,49.65994031,51.72538251,48.41633811,24.8415427,50.29557299,52.36466098
14431,13.81824678,12.97734306,12.6120232,14.62423085,17.1466303,16.36504358,16.94296994,15.64656088,13.50969443,15.67888981,17.46262898,13.74566331,16.49859254,14.80469992
14433,240.2583442,199.3331149,258.205666,244.1524949,268.2538043,293.5171492,259.99139,234.1841766,248.8002782,241.9927582,242.1045646,224.8840686,249.548175,249.1586983
14447,14.11895181,11.03495784,11.69271944,12.51438687,12.89827866,11.32672885,11.13436436,12.24800986,11.49726542,12.30701337,11.6022936,11.08537896,10.71199163,11.92562924
14450,20.71186604,19.74276088,20.48884644,23.69799094,23.82498176,22.12151709,23.18648332,21.49189587,22.44241423,24.03717608,22.81440847,21.71299845,22.68616311,25.95775251
14466,NA,NA,NA,NA,NA,NA,NA,NA,NA,NA,NA,NA,NA,NA
14537,1.946332981,1.707734701,1.66349534,2.050821113,2.752658616,5.017681666,3.661939448,5.165464541,4.970841436,4.790283862,4.309441198,3.256638055,3.59488536,2.925261463
14544,80.81367719,84.6386854,82.89700523,95.02924547,112.0342657,106.2113966,81.96350219,73.60039982,100.6486549,83.40198235,77.89169867,91.59454463,111.4124281,93.26762447
14555,87.29150307,72.28106666,84.40640503,83.22137565,80.15603491,79.92512052,74.75591397,72.15023509,76.038064,71.40765957,63.32638277,58.62419264,69.76742314,75.33653749
14571,49.27346015,46.54721157,53.21573157,56.96504633,41.45586784,53.67730531,55.04594648,49.58007805,52.35029432,57.57361269,49.39251195,47.67630611,58.98057556,54.41260832
14583,31.92798359,29.93618346,30.80184101,33.77270977,31.16430717,35.90066709,34.75348742,32.96753119,34.31352608,33.2307049,33.43729282,29.70349125,35.00615439,36.54000443
14584,2.104991783,2.61689427,2.12535351,2.458485764,3.382801303,2.657871355,3.635292366,4.130740823,3.216340773,3.446316366,3.191430611,2.746210868,2.960312391,3.602923146
14590,17.84634225,17.99103248,13.85280976,17.93618308,15.26677526,18.76957756,20.31431917,20.66584248,17.98935392,19.35006962,20.49430583,16.39556751,17.44463378,16.93785023
14593,44.37049603,43.05571267,38.57926927,40.3146404,34.70148766,38.53473489,42.91259037,37.98336297,33.276459,39.69807502,41.94519242,38.60152499,49.28597374,43.0269851
14595,3.534520847,3.608815155,3.424272654,3.808314688,5.093275802,6.19976195,5.999016873,6.693979688,5.792239324,6.644260276,6.145834308,3.796843941,4.887947056,5.45202413
14598,1.050855985,0.950846528,0.899321003,0.947157718,1.198871193,1.165443885,1.510015497,1.048434853,1.341633683,1.120362661,1.226039505,1.038770378,1.630489483,1.42585245
14626,0.080818673,0.019500586,0,0.06357251,0.069151611,0,0.027325051,0.07234315,0.063496399,0,0.0335259,0.035506311,0.028937727,0
14629,38.05597585,35.70018985,38.72390202,42.66144464,44.45472798,43.75370903,42.49363982,38.47057826,42.59322884,40.65136885,40.97811097,39.90038005,45.63426286,45.1492214
14630,35.69057557,32.47433369,31.77189402,34.64797008,32.32268286,33.87252823,39.93365709,37.3478593,33.58507042,36.67928145,35.11912711,33.22214614,37.25439736,38.03060519
14635,20.50150144,20.73541997,17.91356947,20.09560512,16.67842414,22.03579426,20.72303901,21.32291197,18.02683551,22.79494795,21.4818515,18.87733668,21.48965825,20.52264418
14645,825.2029011,823.7884232,888.3783729,936.1614798,849.9064229,810.2038526,677.4428679,528.5045272,690.3735537,717.175549,558.1248146,813.4426763,842.7804798,978.7632253
14651,78.38679293,67.18234052,73.78718958,75.1195173,77.8273107,80.72758238,68.83747533,64.86564386,70.55548172,66.26442422,66.11223117,66.69893967,68.51379961,75.4822436
14660,61.27664989,58.17821768,62.7213973,69.26850091,59.94740579,63.77098537,60.8713726,57.17590929,65.57539718,64.42193628,60.33464961,58.25748691,71.02553202,71.52292063
14661,196.872626,184.7682694,185.4030345,216.4179895,174.835261,177.8355885,214.3608772,210.7524216,173.4938719,209.2078076,202.6103693,180.1823094,184.2266144,195.8477767
14664,40.18380485,31.30550759,33.93596583,38.67696628,23.44058008,31.90617591,43.3165578,41.4839911,30.66487031,40.79674032,38.31718857,36.46449076,38.69041081,41.50566378
14667,39.83709228,35.03290009,37.88464015,42.29437371,43.09541103,52.97105641,52.88265436,52.51881316,46.60814183,49.96450455,50.08111436,42.03726943,42.76728198,43.21675864
14711,2.278684483,1.434311778,0.963891262,1.923938212,1.192091196,1.778951658,2.261046032,1.357963709,1.459469477,1.491193849,1.875115257,1.278580483,1.285929241,1.414497087
14718,308.7175761,274.7845352,310.8980204,350.4794812,317.1651826,330.289538,322.0432174,277.2661924,305.7622468,299.0553898,280.4728985,315.738225,347.7052876,350.102591
14719,178.8190509,179.4326115,186.559569,212.7514927,202.230501,209.5740868,198.4119645,182.3823149,193.9196247,198.8081766,191.4040704,188.6989683,207.8462708,208.1684726
14732,42.74798231,45.05575852,46.86820646,51.98854387,47.99710065,49.9270877,60.1295454,72.11313217,54.59036651,70.99926142,66.32122913,50.41036263,52.081384,57.18039917
14751,300.4859595,277.1738139,328.7556166,349.5069882,353.3395418,334.6555511,333.6801823,318.2089953,347.8686877,336.571355,323.3291463,317.62387,348.6048242,352.3324663
14775,73.5052613,69.84842052,78.74275882,74.82241829,120.8749037,118.2093661,112.4874323,107.7592639,105.635712,101.2669491,98.97459864,88.61074163,88.17568402,91.90970876
14776,0.447918746,0.168871056,0.181576517,0.220209933,0.479070951,0.206983708,0.354943965,0.407209897,0.357412722,0.391266186,0.348392857,0.276729597,0.15035685,0.918440132
14778,20.44643766,16.73647227,14.47990097,29.62969891,17.62164593,30.78453306,34.88533377,30.43607606,19.61082615,22.46026281,32.6865874,38.36326639,23.095658,19.6791901
14780,0,0,0,0,0,0,0,0,0,0,0,0,0,0
14782,20.26080102,20.19071159,18.04461142,25.07263799,27.79503035,28.90386075,30.90493062,30.40067215,24.80827838,27.50789698,27.43470404,23.11081785,24.52481819,26.58235598
14854,10.17064258,8.279695073,8.800009455,9.742167473,7.891139878,9.515741656,9.019401177,9.385432165,8.966743594,9.88120759,8.719908022,8.56941658,9.899784755,10.03875968
14874,49.44343679,39.06722857,45.59437234,48.54511438,43.99811714,51.78785646,48.57084479,46.8919175,40.94613933,49.29921408,47.12738768,42.67973705,41.23985862,41.33097044
14913,0.480124155,0,0.407800149,0.404645233,0.550195937,0.507121966,0.492792084,1.074432825,0.707281362,0.921754439,0.355659374,0.452002266,0.15349288,0.666735125
14917,0.898079632,0.855857969,0.848458099,0.890464875,0.35515764,1.044234524,1.071683263,1.156868961,0.985750316,1.135914465,0.931372877,0.737720305,1.526753891,1.237968191
14919,2.364443105,1.778931811,1.846768286,2.299310629,1.479815893,1.718676272,2.080922833,1.973299631,1.693711392,1.840169436,1.795285146,2.086830619,2.006038623,1.886397523
14923,110.3502295,99.66659309,107.5700022,109.607184,109.4416376,109.3512089,111.6293417,105.1853634,95.64758484,104.9171544,105.8483,102.0529155,99.17272859,101.8842349
14933,NA,NA,NA,NA,NA,NA,NA,NA,NA,NA,NA,NA,NA,NA
14936,8.613755037,8.871940143,10.29596483,9.548938856,8.225503932,8.696242382,9.26844741,8.172434522,8.05511954,9.287489176,9.644622232,7.330210752,10.0164537,9.701003024
14979,NA,NA,NA,NA,NA,NA,NA,NA,NA,NA,NA,NA,NA,NA
15107,14.7282312,12.120972,11.1202878,12.55194958,11.7598587,13.03974783,13.41809901,14.89475255,11.35219169,13.15657874,13.55012194,12.3663836,12.36190393,11.95990458
15108,43.05690119,37.67513266,33.18592959,38.98718887,43.27015521,46.62044903,39.46756301,39.60235702,34.42042948,38.42290062,36.538685,32.83310679,38.00651634,36.74279419
15109,0.043064453,0.025977353,0.011638262,0.021171743,0.03454465,0.022743003,0,0.024092655,0.089872179,0.011574671,0.044660921,0.035474317,0.053004696,0.019622667
15112,0.026156376,0.047334173,0.028275269,0.025718476,0.083926561,0.096695103,0.110544428,0.029266668,0.154126111,0.056241549,0.027126035,0.057456797,0.023413713,0.095346918
15116,3.287193165,2.827790277,3.136336137,2.641939695,3.255948988,2.173795812,2.971815047,2.478704777,2.456308079,3.180661438,2.890285475,2.872647413,3.786882336,3.664271768
15117,0.133948795,0.170106601,0.182905021,0.30500401,0.256368539,0.17871266,0.274114699,0.504848304,0.32540968,0.378970081,0.248583826,0.240038415,0.126214113,0.274121451
15118,6.278440379,5.309538936,6.731375419,6.385091413,7.997026077,6.903467447,6.407064948,6.123972391,6.322270794,6.442919055,6.384949831,5.85192975,6.445729009,7.480947061
15186,0.981815947,1.274750485,0.677243367,1.815831495,1.070101961,2.864162453,1.592594144,1.60076629,1.487658322,1.663751614,2.749176266,1.858887911,1.410371096,1.215716728
15203,4.144143565,3.414633589,3.510554373,4.212761587,2.118194516,3.932455037,3.117324014,3.110188948,2.802592835,3.143493017,2.672463159,2.67189854,2.770861006,2.624334105
15211,62.19167156,56.01689266,58.52086198,67.27655503,99.85262673,110.5696027,109.0755682,136.127388,131.2933263,138.5634058,138.1632355,96.59399498,104.6169119,103.8651551
15212,136.3315925,133.0570884,129.4836543,158.3292069,322.0476942,354.8406744,334.9516837,422.8372017,400.0945472,399.5856036,415.338569,290.2562579,284.475304,277.5720706
15233,0.125650629,0,0.049392516,0.044926195,0.024434451,0.060325489,0.0193104,0.025562169,0.123399121,0,0.023692491,0.050184063,0.04090013,0.027759383
15275,96.43870539,93.97856376,108.0243399,114.5284257,103.0635214,110.1669572,110.9187243,104.6785033,116.1448273,115.5792645,107.3335222,101.0421212,118.3518439,122.4480312
15277,2.482125709,1.642165637,2.120593073,1.766461623,2.815324372,3.567834787,4.026876643,4.317100817,4.000496548,4.185731846,4.188170669,2.918572344,2.938587634,3.271389114
15288,18.60315979,13.53187349,16.33836881,17.48841726,20.7161676,19.86496019,17.65226336,15.2924763,15.72908925,18.99387681,16.38035352,16.1328537,18.41982782,17.28942954
15356,24.15172725,18.7588269,19.70056719,23.33711857,23.69195544,22.63217055,23.31893379,22.10775758,20.76614,21.58520162,22.69254391,20.3802139,22.21247559,23.41157254
15357,34.92497115,34.87795248,33.4665696,33.49649991,42.09676294,47.36220914,44.20109305,39.28928145,46.80750322,41.9621949,41.2953924,42.01206249,47.5007359,48.93766506
15360,5.738056968,6.013482916,5.869189559,5.026015619,11.54596486,10.7596836,4.389682276,6.440695267,3.620105353,4.665792094,6.016686392,3.240895171,4.136740427,3.276514232
15368,5.224932789,5.119567149,5.409120469,6.279116569,9.28429971,11.43166626,14.20730698,15.46623571,12.21740066,11.65077137,12.19908362,8.638434014,9.948043326,9.338379778
15369,88.45302963,80.90057021,80.93708406,84.7200479,85.02185836,95.68955907,93.75029112,80.44323354,83.59975458,85.37639692,83.09686903,82.39693443,86.88491833,85.36047853
15445,0,0.033901301,0.03037663,0,0.030054604,0,0.023751973,0,0,0,0,0,0,0
15450,0.560365258,0.319244616,0.403839799,0.474458308,0.18313105,0.345260473,0.184198469,0.383166117,0.443316706,0.200816621,0.209855711,0.102577898,0.334404916,0.151309613
15452,NA,NA,NA,NA,NA,NA,NA,NA,NA,NA,NA,NA,NA,NA
15476,21.24427895,18.68110692,20.56157279,19.96667161,15.52990124,19.87806027,19.68918208,20.77293006,17.403879,20.63643679,21.39283162,21.92092752,21.78644903,22.10275523
15478,1.319492551,1.966989828,2.123179115,2.072860864,2.838744713,2.074513785,2.634442946,2.57096426,2.062931761,2.266481609,2.257087164,2.107230584,2.043228327,2.331234962
15483,16.37928139,13.58914249,11.98639938,12.63670763,4.47167401,7.859725831,9.437690884,7.060323869,4.989284469,8.438309539,7.44024184,9.963516812,7.40952848,7.837960737
15484,0.469510493,0.234387534,0.315027876,0.222865581,0.519480391,0.478811092,0.342118528,0.416649492,0.413397696,0.295900661,0.218272688,0.355640446,0.463756483,0.688530497
15485,0.44616253,0.269134305,0.530536117,0.350954441,0.548771481,0.636188375,0.301697952,0.748824542,0.613434968,0.215851622,0.948540098,0.196013927,0.399379533,0.596339547
15486,1.703556594,0.816465171,0.832485773,1.262013663,0.399350551,0.838053008,1.597746981,1.54056999,1.031320423,0.702492102,1.355284503,1.102138076,0.793798023,1.729702339
15487,0,0,0,0,0.024842958,0,0,0.05197906,0.045622607,0,0,0,0,0
15488,43.92835791,37.92151375,40.36294659,45.66922897,42.66621866,45.81456852,43.19811251,44.40955567,42.58966889,47.02935207,45.53865136,39.41951506,44.37296094,43.03413853
15490,10.63378651,9.510570407,8.812787555,9.845792545,11.59869233,12.04150661,15.75053644,12.84776928,14.99527682,13.52132134,11.35574252,13.82634105,14.19170992,13.13432436
15492,0.128821914,0.038853998,0.087036003,0.094998921,0.155003987,0,0.108887751,0.036035079,0.205584568,0.017312089,0.050099081,0.176861623,0.14414264,0.078264999
15493,5.208121752,3.615308261,4.746543934,4.262188946,4.979027254,3.486774443,4.138074097,5.083309431,4.186265829,5.31499236,4.445599075,3.74016315,4.446846845,6.075194594
15494,1.127509269,0.588774884,0.764053524,0.893525064,1.421912947,0.746540674,0.597425684,0.828502285,0.578443255,1.103633467,0.994784279,0.64691498,0.723068207,0.940613011
15497,0.066305397,0.079993526,0.053757532,0.130390676,0.053187643,0.052525357,0.014011292,0.148379735,0.081396605,0.160391411,0,0.127444405,0.103867491,0.080566911
15531,45.6227611,44.21815441,49.58990288,54.08139641,52.31163261,51.53550893,57.43479082,55.68403628,56.59255193,58.24947456,53.94344909,50.54135564,54.04516681,58.27593139
15567,0.804284027,2.910962818,3.791319812,1.477924068,0.119866861,0.069631938,5.51106059,7.42067327,0.064743625,4.989671809,1.517788743,1.042667773,1.528417804,14.78730879
15926,49.47887711,42.0454315,38.48973298,42.53475846,38.54287669,53.42247683,62.97052637,60.68162233,51.37653842,57.26268559,56.42209321,46.5418925,51.92336768,50.52014873
15929,111.9510904,95.94323096,109.1488197,108.9024641,106.5959915,119.9632992,113.7718014,101.4307747,105.5138075,107.2683555,103.6344276,100.6827516,104.3403797,109.2355618
15930,0.18004186,0.3356879,0.176933465,0.772484378,7.107345693,0.777950898,0.47038017,0.476156668,0.32148314,0.281546737,0.611071526,1.006706051,0.468838746,0.457421396
16204,0.187080885,0,0,0.122632567,0,0,0,0,0.122485747,0.134087368,0,0.136984681,0.111642838,0
16329,13.61747092,12.41773184,11.90644443,14.06237707,13.37762526,12.54194937,12.97983925,12.48429998,13.04196384,12.89031063,13.28310685,12.29531875,14.47022527,14.55186823
16330,19.55666794,17.85216909,19.06774372,20.30771083,17.19171106,18.48842175,19.1165284,17.62631455,18.90387477,18.83943358,18.49895373,17.03442895,21.11172782,22.47711282
16331,4.165063964,3.939333901,4.493975006,4.779177617,9.628120094,9.558034955,7.841534873,12.20480902,12.34847103,11.5537469,9.81660576,6.818781,8.107359865,8.608339148
16332,18.23658662,14.28171103,16.51145151,15.82032743,20.20404312,18.77431928,21.85723224,23.46488781,20.77208026,20.25092097,23.05464607,16.51259438,18.70779606,21.47410644
16430,11.13971055,11.43375948,10.31357187,12.41386122,12.76065148,14.54103176,14.04911952,12.61002229,14.12017146,13.81027963,13.70950031,11.09482532,13.72781449,14.20501425
16434,55.22177269,51.8434659,51.68431103,50.19767031,59.19258088,51.56043845,48.68313537,51.99817781,47.3280747,49.09520526,50.35689222,49.23681633,50.03075019,44.67125335
16514,18.94604649,35.88347266,28.32632364,27.86817244,33.82734077,26.92393957,19.41518271,19.60332851,18.73160019,29.45829748,19.19945115,19.21481669,34.83066196,32.82984854
16523,2.607532469,2.849367199,2.730217594,3.020275345,3.285333599,2.624379351,3.808023138,3.452236286,3.888138748,3.258359815,3.100624771,3.643648519,4.264955415,4.379334481
16548,17.26054552,12.96903421,15.17840147,16.02187145,15.5531496,17.73992024,18.12740627,17.65190192,16.98638945,16.34541076,17.23263375,16.32533393,15.51471107,18.10422914
16591,7.856372086,20.51504416,5.061560896,22.19168292,2.457060923,29.50656622,8.02413231,5.062434908,13.50229186,17.85433659,19.32634944,5.290343021,16.17389022,19.53274593
16592,46.13317431,27.42940327,36.69893703,29.74102755,29.60142575,33.5138281,36.94880101,32.4480628,32.42759511,32.14993692,30.45685612,41.3707946,39.84157934,25.72322803
16770,0.163004537,0,0,0.080137789,0.087170652,0.344340855,0.068890443,0.182387642,0,0,0.169047375,0.134274889,0.145912468,0
16790,2.10226056,2.434059256,1.956234586,1.69605361,2.602624884,2.440079728,2.77282701,3.153557089,2.586410177,2.690648496,2.699288695,1.530862962,2.964046839,2.760283846
16816,46.23040052,32.92210452,41.67429121,42.30490023,26.6868535,37.05153791,36.40503139,44.60488886,41.55475011,45.61038779,40.14204388,31.73216452,37.91601258,44.00343143
16828,178.3820634,184.9831106,188.2088195,192.8781011,217.4866849,204.9389578,166.3664578,164.7813934,199.1300741,177.4235107,175.9986974,176.8784376,207.0661471,196.3870462
16832,777.3580978,683.6487213,712.3417351,733.401958,816.0385115,780.7576881,762.5000901,669.3661018,636.6141715,684.5584183,674.8058964,639.1258055,674.9332225,667.8583557
16833,0,0.091233123,0,0,0.040440562,0,0.0958798,0.253842041,0,0.020325269,0.039212572,0.0415289,0.067692303,0
16889,18.31069656,15.46353798,18.49979714,20.59595169,19.47657789,24.85550355,23.30093356,25.54251693,25.37323816,26.91123091,26.7835467,19.91233131,25.56769525,26.34441652
16890,6.875919571,5.527600444,6.846870799,6.344756043,7.941047695,8.226244352,8.019340074,8.019041245,7.590307293,8.174195079,7.53535784,5.576895594,7.119603157,8.242380162
16891,1.301464464,2.255291463,1.850279252,1.496832971,3.905979509,2.999229764,1.906793595,1.800421763,2.687975115,2.035210436,2.17589907,2.087849828,2.2240863,2.070188794
16922,93.35148409,89.28363508,83.58306954,95.54333743,88.63767957,99.38406062,97.83234434,94.10571239,87.63408759,94.39084883,93.83384006,81.68162073,92.7724266,90.55633533
16956,7.342636301,13.69515006,12.49413971,18.00614341,20.87178385,20.36171288,17.22152327,19.82285174,20.53473554,20.72079075,18.59585668,15.77281044,16.77337739,16.86856387
16987,10.43407348,9.835280761,9.956218438,10.82028054,10.48447909,10.66981017,12.64875026,11.89169285,12.54237247,11.8071591,12.96610371,10.85788051,11.49156386,13.79204759
16993,41.92869602,35.46146688,37.13547381,42.77629907,43.26748659,46.1341953,43.68966205,40.86414538,41.37617159,44.53358866,42.70336346,41.79584293,45.10335536,45.20234612
17001,6.453019616,8.862380568,5.878950917,9.377809038,7.943603348,11.7027351,7.752889269,8.900566486,13.27264545,11.1264277,10.52239521,8.335685351,9.336663251,8.728647585
17025,48.46984769,41.29530029,23.5231197,49.18106674,44.37892385,49.49221146,47.86525284,46.62363299,24.20831616,47.59589155,46.34272062,23.91762781,24.86633883,25.66478108
170439,27.91802614,23.35658389,24.28694995,28.59564373,24.56096481,27.9822078,32.55428823,109.8265299,28.86703587,33.28494158,29.54121346,28.86052695,32.35933239,34.91701007
170441,1.807295679,1.362746852,1.374827537,1.74413052,1.592927687,1.855895934,2.418749242,2.359237791,1.898168831,2.437779716,2.134613767,1.451999248,2.209480566,2.084189254
170442,4.993129205,3.560329613,2.940820637,3.161848036,0.834436763,3.819276189,4.100060949,3.195750032,2.178663418,2.866402997,2.877577557,2.697350639,2.720606396,2.778003079
170716,6.368802634,4.988917554,5.44960384,5.962299658,7.109159355,7.020636962,6.732892628,7.20642054,7.038718874,7.097852419,6.642115043,5.615754875,6.423653991,6.855796521
170718,142.2737013,125.6137729,142.6550617,145.4191637,132.0214176,157.5022192,147.5353459,132.1567289,134.2978905,137.6807098,133.0276749,130.6081482,143.6547581,143.4845357
170768,14.67652556,12.65897283,14.72091807,15.38251279,17.47191671,15.0261052,19.88545278,19.57346735,15.34857706,19.29978491,18.37944726,15.99821099,17.4484275,18.84614658
170789,16.40335336,14.60279007,16.03182232,16.67372406,15.42927103,16.32890585,14.30824098,15.88995162,14.68238005,16.25022567,15.11611201,14.05109718,16.25226339,16.38207323
170835,32.60422059,26.92165462,31.50402493,34.10600261,29.12467018,30.96160717,27.32593132,26.95725703,29.08761074,30.54985292,30.26614478,29.18685682,32.40961773,32.67440752
171167,6.812902721,3.382749991,5.926670328,4.417013451,2.009912898,5.160702835,2.20362049,2.229504057,4.253535907,4.431939673,2.51189139,4.095245545,4.389657261,2.493631977
171168,0.012297481,0,0.053174734,0.024183203,0.078916535,0.064944897,0.010394544,0.013759792,0.0483085,0.05288419,0,0,0.066048069,0.02988505
17117,8.862572492,7.963145811,9.354798651,8.805446929,9.665058768,11.92169889,9.050184314,9.488106159,9.922748768,9.266270302,8.998637966,8.358033868,9.615461637,8.795466193
171210,7.834906589,9.173374148,8.881318667,10.57926473,6.677664948,11.14889762,8.278146674,8.873104792,9.49791632,9.037525248,9.211561599,8.36629573,9.789490723,8.164810707
171212,8.382791821,5.310410112,5.462023552,6.996727613,7.557198688,6.013849541,8.435868613,7.855556512,8.227664365,7.058064583,8.267706111,7.166572329,8.117912923,9.327885666
171281,2.365759232,2.299944578,2.445674888,2.78912474,1.90386268,2.826299037,2.494742511,2.53142617,2.954962768,2.370578061,1.846051281,2.194756868,2.991500109,2.595518325
171282,1.905619226,1.997270572,2.793862651,2.037666254,1.898029731,3.245597914,2.003357705,2.025608205,1.614145309,2.458482271,1.778637215,1.478183778,2.014979621,2.272080046
171405,0,0,0,0,0,0.014660888,0,0.015530918,0.027263324,0.014922827,0,0,0,0.016865889
171429,3.395011558,3.176804433,2.977802306,3.408736624,4.009004236,3.445977907,3.345604334,3.48370171,3.312491331,3.756812847,3.778494694,3.23773458,3.236682892,3.742899554
171567,143.2273026,135.2862531,143.3667684,152.7505912,129.1949324,133.8844464,155.7138972,137.8139227,131.0654508,149.1198833,147.9886854,129.0258967,141.5190772,145.1630427
17159,24.31085466,22.6471197,22.4277996,30.32122118,49.12981297,51.75696835,53.37471442,75.29923345,66.75569518,69.33637654,69.24731601,43.60217647,48.80309853,51.55204655
17161,31.33292805,26.18677432,23.02247455,27.49563708,21.38303213,26.57578843,33.10702422,29.80516954,23.96387938,29.18536902,28.21244302,28.50116358,26.11603819,28.97011718
17250,4.997754557,4.901696127,4.358127631,5.348727603,5.518439441,5.641077186,5.361649697,5.694750286,5.619878063,5.645776502,5.368405888,4.640214832,5.539700295,6.404378803
17252,23.810009,19.58831915,19.71066961,21.85573227,22.34051359,28.38151016,29.66224078,25.34501959,25.76924637,23.77638764,23.43742777,23.70140274,26.22768163,24.78171719
17254,71.44501798,73.20717858,76.9379439,83.56393722,76.04671341,89.17899946,86.3292039,82.95748976,89.59277545,83.63951171,85.48778054,76.24105175,92.14734907,92.65264204
17330,46.60221286,46.78353708,50.93221302,55.01782054,53.17354871,54.82439891,51.94276271,49.27239751,50.3035495,52.79975548,51.0148219,51.1596725,57.01958672,56.43178377
17339,0.40403305,0.134466729,0.421702427,0.260279616,0.208615959,0.191302706,0.117762814,0.405310597,0.355745685,0.389441251,0.4190112,0.12241728,0.324253709,0.22007468
17423,10.83655887,9.191909627,9.731072873,11.48159932,12.13155682,12.42916811,12.01683824,12.044248,11.3790927,12.0585115,12.71922936,10.25430848,11.89274911,11.80561206
17436,49.22280573,39.66139508,47.26073081,51.90213062,41.96086661,46.62842075,56.11983236,54.16396325,55.44592054,59.62107012,56.30448361,47.8305438,54.63039773,54.04693448
17448,268.5063556,256.762063,274.9858573,291.4554623,301.1741655,307.7393511,287.3525411,268.5322325,267.1776505,275.6201797,267.0122712,253.746351,277.2531242,280.5117882
17449,908.8127291,810.7150487,684.7140699,736.9169382,713.7967165,781.4796768,770.3450772,716.1823065,642.3718734,700.4513604,705.0707542,705.8732031,685.5128602,639.7010055
17708,0,0,0,0,0,0,0,0,0,0,0,0,0,0
17709,0,0,0,0,0,0,0,0,0,0,0,0,0,0
17710,0,0,0,0,0,0,0,0,0,0,0,0,0,0
17711,0,0,0,0,0,0,0,0,0,0,0,0,0,0
17716,0,0,0,0,0,0,0,0,0,0,0,0,0,0
17717,0,0,0,0,0,0,0,0,0,0,0,0,0,0
17718,0,0,0,0,0,0,0,0,0,0,0,0,0,0
17719,0,0,0,0,0,0,0,0,0,0,0,0,0,0
17720,0,0,0,0,0,0,0,0,0,0,0,0,0,0
17721,0,0,0,0,0,0,0,0,0,0,0,0,0,0
17722,0,0,0,0,0,0,0,0,0,0,0,0,0,0
17768,6.562309941,4.85878384,5.373817724,6.312175746,5.739380436,6.9313145,7.717349375,6.593644929,6.908137651,6.772003218,7.260808339,6.146948519,6.817226693,7.467090475
17769,10.11067115,9.985942321,10.57216756,13.23780421,13.53478996,11.68415249,10.43069114,10.74181554,11.7060625,11.93241931,11.63313436,10.67880326,11.4995481,14.89029056
17850,NA,NA,NA,NA,NA,NA,NA,NA,NA,NA,NA,NA,NA,NA
17855,17.28114786,17.96463433,18.56031381,20.07826239,18.53082137,20.51826907,23.31270367,22.49834094,20.10907695,22.7463625,21.03811653,19.22583072,20.95879267,20.11584627
17919,11.60444253,12.92257486,14.60770002,16.17693205,18.30976885,17.5164194,12.37081119,11.94395335,14.55953061,15.8136252,13.59527078,12.76233365,14.90793705,15.70595252
17939,22.53175584,24.24449888,20.12028535,22.43089399,23.39739139,28.58157351,27.05651442,28.46069531,23.73816042,27.69888954,26.99436059,20.40842605,24.62789653,25.74639246
17991,297.4525026,252.763599,248.3873636,224.4892047,261.3372346,265.5293907,265.9904566,268.9579202,209.8604841,229.1766442,264.1789333,245.5998826,219.517145,206.8583607
17992,1195.005392,986.5517815,899.6014779,890.1291107,902.2725046,973.3759239,949.6868214,912.0547966,760.5722605,920.0117239,959.056611,864.6063785,830.903071,773.9328691
17993,102.3271872,85.41775443,81.6099838,80.07003269,88.99217229,86.38263997,84.1392123,82.70661296,69.1694342,78.06572691,84.87630124,80.92883503,80.16308757,71.36043438
17995,142.7650277,126.4085397,142.3286196,148.0058824,153.4038371,167.3751638,144.2090256,131.3833104,130.955921,141.3726045,134.024712,127.7045802,136.5559973,140.0561628
18010,33.71142762,29.45329266,35.43894823,34.78354664,35.33712133,37.66926843,35.42073268,35.99212221,34.42756741,38.82404019,35.00265606,31.73562233,35.09019937,39.37753631
18102,89.76368902,81.6064175,85.71147797,87.46116516,92.13502355,97.53949296,91.55736732,89.90682017,86.85612044,91.86388983,92.51667694,81.01826157,87.13601586,79.71519664
18103,154.7097148,139.8091118,150.5045004,152.4707671,162.0046846,172.3542502,166.0008764,169.4816525,145.2487455,163.9153952,161.8206721,137.479101,138.1220691,135.3870864
18104,11.55970341,8.678602187,7.797092065,10.40165801,8.557879157,11.88466521,13.16880963,11.47083796,8.141358676,10.0911753,10.61188639,6.844647315,9.899944848,8.343499951
18115,6.957209445,9.417677476,6.905924072,10.72647214,13.32038671,13.19039069,12.23488198,13.20373005,11.74747452,14.23381143,13.32530889,6.974636258,11.77525746,10.5064255
18125,28.04904112,19.0219956,25.51433396,25.867427,22.25848393,28.42944309,32.14743393,29.00156509,28.83812739,33.71803695,27.86652595,25.14354988,29.77174389,30.5439845
18126,0.292150247,0.24070571,0.269599834,0.203183324,0.144802681,0.255894048,0.385470952,0.358781988,0.335900799,0.321752108,0.288201176,0.172178503,0.274273323,0.450229116
18127,4.988069009,4.884019049,5.353072297,5.132018599,6.177755859,6.566601781,8.151329954,6.422432983,5.360159498,6.885996431,7.444599705,5.819975848,7.616448962,6.73731043
18145,21.62379429,19.57258843,19.6451824,22.77343369,21.67402971,24.01641818,26.56903014,25.12377438,23.69255801,27.46676279,24.54549761,22.2787351,23.64203391,25.23587396
18160,2.766604128,2.109634822,2.234603441,2.775552145,1.917016234,3.014521328,2.607711393,2.222112952,2.36743464,2.477532553,2.998700039,2.489910662,2.957274765,3.46031766
18174,17.19180297,15.42663942,15.8148555,18.65586043,18.58859284,18.22802921,17.97663258,19.76211291,19.38145146,19.20568362,18.8139499,17.34364254,19.82870983,22.84884693
18193,33.39177709,32.22026466,35.14455813,38.74865845,41.10961552,37.12038663,35.33662632,34.94934707,37.52967993,39.717871,36.95833943,33.17738115,40.50926847,44.91214231
18194,15.9246948,14.8922963,14.86058153,19.24061133,20.30206936,25.81080928,27.23954194,24.40208243,26.37404069,25.72040584,23.45332353,22.41235992,26.79469204,23.12829481
18195,275.1021132,262.8686318,295.7898867,330.9477489,258.7959999,289.4297061,288.2897807,261.7337727,284.2251754,294.7508815,268.9505052,277.7344466,325.0327935,328.5633307
18242,132.5255817,108.1781404,108.0340956,117.5637732,114.8795329,139.8604899,154.852625,149.214948,124.3246534,139.6173365,141.6072405,120.6353846,121.3466989,120.5074429
18263,49.09236498,45.62999372,37.05721017,44.9148397,51.40286006,49.47452774,49.33687663,50.59964523,53.03856478,47.74850126,45.36618944,55.38817188,58.36899731,54.03695782
18293,114.248404,105.3107144,112.0160543,128.9965701,126.304859,117.4575311,129.587513,121.2669557,119.0511401,132.7171505,121.2034281,109.818442,127.5418649,127.0405291
18399,5.260368155,5.746598994,4.202719128,3.494403726,3.816942175,6.551414063,7.362533481,7.014913659,4.422888536,6.213797147,7.28666198,3.732237121,6.661369875,6.184460963
18408,9.573127498,8.385331203,8.495985049,10.5022303,9.063209255,9.736596897,10.87193398,10.96328891,9.869117837,11.24126949,10.81669298,8.213841229,10.45209568,10.32804296
18416,0.098606022,0.025491924,0.038069273,0.020776114,0.052731976,0.052075363,0.047627158,0.031523259,0.0691708,0.015144506,0.036521966,0.108302201,0.018914261,0.051349295
18451,23.23428789,21.69758279,26.31734758,25.56532809,32.5537678,26.53471047,23.74473892,24.84348886,28.83619366,26.80583794,25.11968388,21.56353314,29.91015841,31.20486297
18452,4.462154486,3.823777724,4.476864729,5.098293201,4.762250518,4.895115162,3.613844236,4.0445607,5.068679713,4.251659204,4.438895779,3.638887503,5.069978822,6.032749303
18472,172.2153903,173.2589548,161.5222747,190.1022391,170.9950978,188.3142107,187.472916,167.064037,174.151878,178.8932546,174.9415888,179.3960852,198.8151793,201.5941224
18475,138.1540801,126.2360083,131.4912686,142.7803806,135.2650505,148.8313886,152.4009535,127.204231,134.6202119,138.7842517,134.0063974,132.523215,149.3154779,148.6647672
18476,14.07759245,10.46734459,12.39814857,11.6534114,8.930896039,15.21359021,16.0573258,15.640541,11.41669479,12.77241047,14.36423307,12.65912041,12.88065336,14.38379376
18477,133.8433707,113.6654376,99.29046106,101.0835506,113.3247413,129.3217318,145.9807504,138.7315295,109.725534,126.2922565,132.4935191,111.6846278,108.6057714,104.8666113
18478,0.122142314,0.098238301,0.0880246,0.133441617,0.087091442,0.25802097,0.160598302,0.091110955,0.266563712,0.218859096,0.028148961,0.119247001,0.07288994,0.230865746
18534,0,0,0,0,0.01863403,0.064407004,0,0,0.017110141,0,0.018068202,0.038271019,0.031190971,0
18563,57.33585375,50.14148497,56.38718756,65.2173598,55.86420626,54.35620302,57.72486157,59.38133041,54.74281424,58.29669611,56.37229389,55.03298637,58.20246655,58.09641847
18573,68.06338892,76.22214782,69.23735789,74.58406859,77.46816141,91.83783108,77.3535113,66.66717302,100.9609859,75.92603546,69.09232926,71.79305158,97.51176476,89.0843021
18574,122.2934364,125.9590001,141.0872178,167.2050423,507.0913819,154.0984195,132.0709084,127.4446305,139.5364973,139.6205601,144.9167351,159.7410409,151.4334568,142.2327263
18575,4.292889926,1.93372462,2.499394209,3.048769369,6.141071346,2.447034232,3.135583246,2.889849774,2.4470936,3.052616287,2.78252138,2.670136688,2.913391497,3.211956624
18576,6.165488893,5.092934676,5.448032449,5.930295147,7.469516608,7.61431141,7.180353313,8.400445911,8.193824236,8.220494414,8.724470345,6.728957969,7.406464206,7.402176901
18577,30.94756118,27.71866063,31.96977371,37.12461868,37.16907648,32.62182592,35.10361344,33.95083411,34.48961833,38.16334065,32.88800122,32.92354783,38.22324819,38.16824513
18578,22.19078701,22.16485386,23.58786136,27.02030355,36.3802301,27.69608336,26.35057161,24.02877733,25.20449885,27.40327416,25.18130341,25.00975762,27.55124814,26.22479652
18582,38.71655244,31.27184924,31.97901774,35.87030737,40.29443391,37.64878332,38.44055088,34.88035946,34.27843496,37.73164978,37.87613939,33.3651726,34.19036289,35.97876687
18583,8.284961198,7.786019313,8.37265459,9.044658301,9.64873814,7.98935893,7.947950335,8.135635224,8.825589745,9.553768244,8.943938148,7.693834426,9.276326765,11.61283946
18584,17.20604563,15.14537498,16.32479125,18.42100321,17.68397297,16.66039386,19.58697503,19.45860836,15.3022398,19.09369316,19.37556655,17.63268846,20.3926201,21.56188633
18585,14.50314748,9.473404073,12.45354993,13.45197909,16.79696036,14.30559163,13.82690017,13.13786323,12.04881146,13.04274075,14.1226138,12.90780935,13.21827173,12.28203325
18587,0.106977808,0.157742904,0.17989057,0.058437127,0.095348321,0.087883651,0.065306111,0.073149202,0.122571044,0.153349421,0.117107182,0.150135319,0.101080528,0.072215267
18588,0.360973793,0.886540248,0.236916734,0.304226152,0.234405157,0.912328644,0.30511598,0.216373772,0.278540096,0.263342498,0.454574739,0.184075013,0.242342535,0.642257716
18597,173.9277397,167.2915918,165.2481085,178.8186777,163.111278,188.2029573,177.3672736,159.39703,167.5115277,169.1872325,169.2337506,166.8331808,178.6263734,168.2185531
18598,0,0,0,0,0,0,0,0,0,0,0,0,0,0
18605,2.577309595,2.013185999,2.099801921,1.832613812,1.734918645,2.168559303,2.838192893,2.349385591,1.761779007,2.595539002,2.600370383,2.098268228,2.705910228,2.63625505
18606,288.066623,573.542686,179.1728981,575.6550306,181.7809671,703.716408,336.6906741,224.295719,295.2200822,415.3820109,453.662129,220.4916746,422.3952937,431.0509053
18618,3.038167497,2.312265333,2.225333557,2.805831967,1.958791675,2.444243172,2.628036155,2.652834319,2.021684311,2.426860277,3.047733755,2.058285982,2.211260454,2.691103309
18639,0.468470656,0.403701457,0.385844448,0.394823746,0.477192592,0.541938245,0.28284183,0.449294725,0.540406995,0.431703244,0.424143946,0.392027855,0.432661161,0.424666041
18640,14.5935126,12.28062727,13.78149243,14.08196833,17.2776643,14.05277033,13.82150363,13.99286462,14.10150514,14.78639487,14.41280932,13.3963049,15.38917417,17.49223809
18641,91.81380744,91.58912895,107.3479887,115.544014,106.5080186,114.5212362,98.54610933,106.8760665,118.3358772,111.255203,107.5522769,98.27419718,112.9220822,118.9283184
18642,334.3949459,316.1562455,330.1107543,375.9066403,342.6014465,348.2902221,331.4133765,320.4584792,341.3593483,331.8800892,321.1459216,330.48592,362.2758373,357.0867715
18648,371.0901772,376.411371,386.4085299,443.7335532,403.6341362,418.8891932,439.6466732,401.910095,409.8455721,423.4442836,420.3422764,384.376621,435.1899719,425.1774396
18655,120.7735226,114.4867949,115.2178657,121.9975172,110.2663107,130.9109625,127.2431195,119.4066248,124.2829964,118.9674936,124.9746942,120.3831022,129.1882266,123.1034932
18663,0,0,0,0,0,0,0,0,0,0,0,0,0,0
18669,3.479400132,2.712736251,2.861829547,2.542197957,3.603715836,4.495762642,4.6788489,5.762771408,4.4030017,5.492782235,4.585361408,3.549650236,3.797796883,4.236133616
18670,3.37272151,3.679780732,4.129424678,4.440900313,5.348199816,4.65431732,4.617088556,4.864890397,4.377978542,5.06066265,4.554683596,4.1150716,4.101997382,5.131602005
18675,0.294385002,0.177579015,0.097522936,0.135390954,0.710972209,0.19057523,0.333112833,0.29220147,0.093261283,0.153142225,0.147724995,0.06779555,0.097756251,0.201929545
18704,14.88329017,12.79804902,12.26246594,12.66196503,14.82592644,15.18271494,15.21431128,14.70807668,14.63119058,14.59143008,15.15384016,13.73180298,15.0915032,17.37142116
18705,0.059244421,0.10996135,0.056654071,0.076176443,0.065801906,0.055355505,0.078967293,0.03314463,0.064896236,0.051444993,0.073256227,0.050053904,0.073429289,0.069218463
18706,23.16219046,19.54520072,21.80167608,23.20747789,22.60056946,21.888667,23.46473831,21.28994908,21.1331919,23.86282276,21.69955017,21.77201028,24.56713675,24.60562482
18707,9.974359332,10.19678459,10.30257924,13.04052068,9.800326666,12.0827454,9.94362937,10.37011722,13.38579981,12.2370523,11.94276222,11.84101142,13.08086974,14.09135738
18708,39.40166478,38.58281249,37.63737645,40.63030843,44.55736238,41.69238269,41.67142159,38.44636126,42.43276819,41.47822912,40.67178962,35.16775547,42.43825185,46.30282445
18709,62.41635369,69.27818622,75.88543254,79.04574885,83.25923457,72.37816376,63.27201989,66.2448097,71.53298166,70.08002765,66.36220671,66.29130243,74.43997435,77.83171634
18710,41.69482282,29.85638364,30.49915632,34.97860278,31.90584853,31.17519984,35.03803675,30.37036422,30.7854984,31.28381001,31.87220009,30.83317109,34.52792801,33.07674526
18711,10.57674282,9.918767068,10.06892356,9.771119582,11.44873974,11.00268266,10.53515402,9.750045717,10.99123907,10.32109328,9.224405673,9.136335588,11.03553918,14.08741434
18717,131.5713095,143.7206684,161.4799629,159.451572,157.5768973,138.7053868,121.3771337,124.019188,146.4565394,145.3085035,134.0755151,134.8327426,154.1264549,163.905689
18718,88.23719909,66.54993172,69.1312682,85.18036237,76.3096077,87.72724538,97.63856155,91.77018844,84.28530672,89.71948927,87.90890139,74.40027274,88.53606182,87.41375435
18719,16.4121633,14.46842011,14.94879489,18.03719913,8.527396148,17.31939564,15.84982995,12.6980785,14.59133093,16.40317193,15.16268023,14.07443759,15.99668942,16.15527297
18720,28.63023325,31.21898374,34.35316814,34.53027275,39.44850889,35.4445213,29.13093602,28.07706485,36.03501064,30.72913531,26.70901281,30.34518534,34.19936237,36.67631694
18746,1545.294016,1344.409223,1442.567673,1540.080975,1450.138807,1602.615768,1564.416357,1441.798537,1477.749234,1478.241392,1455.354903,1451.055404,1556.530206,1523.512752
18770,0.239998491,0.244998713,0.249461969,0.272285227,0.236944703,0.302242632,0.234069969,0.309850452,0.290089854,0.218327053,0.258468526,0.243321368,0.181781865,0.269187095
18778,0,0,0,0,0,0,0,0,0,0,0.043447309,0,0,0
18780,0,0,0,0.063298491,0.034426772,0,0.054414542,0,0.031611354,0,0.066762783,0,0,0
18782,0.332931134,0.514126915,0.143960576,0.235697279,0.62671152,0.689238214,0.574081906,0.610933549,0.57545912,0.472474148,0.704357783,0.511936732,0.369546256,0.582538636
18783,2.645399633,1.748004359,1.424797489,1.539527059,1.599651713,2.359726234,4.073078724,2.557286778,2.331771387,3.080243439,2.627137987,1.996909138,2.602303545,2.061528366
18784,1.636460422,3.273826579,2.1944903,2.719113539,4.464307128,3.817971768,2.818990239,2.677047736,2.156411697,2.93969352,2.98608355,1.899759985,1.659564595,2.315656164
18795,49.07236096,56.11992552,57.02584915,59.48160287,93.25076765,62.67180002,46.2522978,46.67225205,57.7823375,50.86830877,46.99657173,54.97436571,66.47208799,66.7108076
18796,1.154615469,0.770233252,1.326464578,1.20206684,2.494049218,2.10908774,1.787324271,2.756079922,2.743656603,2.784472474,2.160049794,1.949472457,2.362971355,2.107190488
18797,15.82763964,11.01442873,11.18363957,13.96164915,12.17539123,13.81871574,14.49030361,16.28562959,13.89605323,15.48745808,15.86872378,12.64362737,13.54426144,14.42830442
18798,31.27586402,26.52763231,25.36430963,32.31082408,19.73869122,30.53021227,30.45001357,24.15961197,25.6528851,29.2927683,31.81713299,32.84806368,31.68373339,35.2150288
18799,9.44230373,10.5351715,9.232776618,9.339619513,9.436182008,9.604313966,9.800282696,11.04418747,10.5456717,11.37494352,10.86739958,7.598645154,11.175486,11.89766006
18802,8.823375419,7.442719144,9.070634073,10.05976097,9.690982281,11.47810387,11.9521985,11.33377388,10.28090075,11.92933156,11.45457936,9.323105449,10.93828828,10.52540647
18803,25.80647911,23.3825953,26.24490538,27.10145393,29.90275118,28.36187867,27.31783134,26.94816872,26.48282317,28.29229815,27.13378193,25.20820624,29.49500198,32.1840404
18805,2.521288174,1.823958546,2.125119571,2.121039103,1.930045406,2.487796926,2.59476882,2.258941516,2.222614029,2.666042971,2.65299776,2.230051633,2.77472636,2.62393207
18806,9.918638343,8.986214498,9.523899362,11.34513068,10.40917559,10.10293702,11.40052536,11.71285589,9.759676885,11.81928034,12.15928405,9.0573123,10.46529286,12.34809687
18807,339.5480108,396.5681371,423.7281151,441.6121832,519.8549892,449.3641981,350.1783443,361.7269338,406.7719623,401.8194418,399.5983654,404.8244003,432.2595731,438.0397181
18946,0,0,0,0.036282273,0.059199588,0,0,0,0,0,0,0,0,0
18947,0.114373636,0.091990002,0.20606482,0.037486279,0.142716215,0.080536646,0.161125382,0.106644976,0.187206997,0.163951115,0,0.167493713,0.136507771,0.092649377
18948,0,0.312279752,0.503662418,0.229059357,0.636746112,0.382758434,0.087515935,0.20273635,0.203364551,0.055656715,0.214751692,0.227437304,0.09268097,0.220162698
18950,13.97187971,12.95465981,12.20439435,13.13818143,15.57531873,14.34845184,18.36541052,18.42843847,14.89113029,15.15652328,17.01024829,13.03805541,13.16554954,12.24748929
19012,NA,NA,NA,NA,NA,NA,NA,NA,NA,NA,NA,NA,NA,NA
19025,53.39960347,49.01501929,52.99316746,58.59772886,82.59738222,91.61946156,84.68772289,96.0002962,88.47263728,95.1566578,90.54228505,71.43270291,78.56513705,76.73993134
19044,15.19000107,12.0043795,15.24047649,16.59449501,17.64041503,16.00920907,16.60854743,16.42626932,16.76304942,17.76045845,16.08245215,15.86256818,18.18096819,19.15657195
19063,83.29453079,76.89022778,79.32846074,87.59987392,104.8789764,115.3893447,113.3151877,110.5290704,94.15413386,109.077209,109.8055531,82.88576167,93.30077676,110.1605692
19125,23.80325438,20.59559405,23.39908005,23.84602844,24.68334869,27.7124247,19.85726712,21.70871411,19.55406566,18.92875074,20.33570077,19.28088081,18.68833693,21.04734309
19139,86.55424356,82.95942735,83.0670656,89.20202472,98.20056093,104.6397522,97.88960362,80.54613016,94.08503301,84.98185584,85.72167197,91.11457361,96.95877999,91.80385241
19156,1293.927399,1268.836289,1319.597698,1539.735608,1494.25799,1608.509876,1469.759299,1451.79747,1464.553845,1531.380118,1472.727441,1336.106096,1490.649642,1534.538544
19193,2.829844551,1.779969302,1.67334645,2.461414355,1.991902342,1.813818941,3.107488905,3.071625721,1.781498167,2.860349565,2.884584715,2.258028862,2.5655931,3.203399089
19210,52.76205494,49.40364181,54.12218469,57.61730348,58.12043414,62.45545121,60.57686142,57.1814288,58.41364607,58.07518152,58.08362157,53.03485549,61.73116946,60.01884262
19211,38.75362034,41.58654998,38.55368198,44.29695177,48.50649847,43.61428023,42.50990542,39.42912294,43.27006745,43.64278734,42.24703911,39.79022256,47.51206103,48.72294612
19215,1410.221122,1178.253094,924.4363108,943.9881681,864.0890026,1621.574723,1740.344544,1644.19011,1146.159526,1166.150278,1554.626271,943.4887611,1151.650918,1171.59945
192156,21.96615722,21.09837195,23.26886052,24.11683288,22.65934528,26.3187332,30.12309926,31.80929545,27.76945254,28.59434065,25.57746303,27.20013255,27.14841909,27.88623918
192166,6.714282005,6.654122729,7.103640821,7.202044501,7.757634411,6.028928508,7.664676875,8.066447694,6.842391628,7.661937844,8.497260298,6.118249801,6.7387613,6.334321225
192185,39.3889892,34.71947455,37.37477435,40.68915518,42.04318262,42.90056748,39.39874219,38.93497916,41.18847217,39.40747948,37.53397625,33.45575732,39.219262,41.14834025
192195,34.5581336,33.33898731,36.23898692,38.98172407,45.32976916,40.44635365,36.36449417,35.69483837,39.4824554,40.43711912,36.19698802,36.6842535,43.93564897,46.70714162
19224,9.813301191,9.909270105,11.34818169,10.6925558,15.20082014,15.93757801,15.32842509,15.6184093,18.51207768,18.0000036,16.05524617,12.18890327,14.15403533,13.16689218
19225,3.65882012,7.8919639,7.015044866,6.868079756,5.008448829,6.874919306,5.529277816,5.692047509,6.379474921,5.875866566,5.059277896,6.697668579,7.034900433,8.899503652
192289,NA,NA,NA,NA,NA,NA,NA,NA,NA,NA,NA,NA,NA,NA
19299,60.14541303,49.94724918,48.93428371,54.58471527,54.56263483,55.00637488,56.52093999,51.40718298,54.07920518,57.00009047,55.19339605,54.79554493,55.08956562,58.35667097
19309,45.5206125,34.79403921,39.9465234,41.51845978,19.48850544,32.26594464,32.54510405,32.78898203,25.13285354,31.36546464,30.40034421,26.22179665,28.65784575,32.5395307
19378,13.76104963,14.86688865,10.12639296,9.729626699,9.087694513,16.3186044,21.01055054,19.58997546,14.78428398,17.77329841,23.69866491,11.86820392,13.84164082,13.14585801
194908,1.309069303,0.902465379,1.580518341,1.90565565,2.291094793,1.131283179,1.063390839,1.97834017,1.56944885,1.846048031,2.27441842,1.419120754,1.095713774,1.755895523
195646,15.33005608,18.09791854,18.60607371,14.50411025,36.93025006,18.41588367,15.58279059,13.51624999,19.81104442,16.22672757,15.7891924,15.73908726,20.4248851,20.19430916
19682,30.98713923,25.74810481,23.84129619,27.78120967,23.3155893,34.04369876,30.29082612,27.509043,24.531401,29.26722931,30.86765051,24.0364957,25.08217921,24.86021246
19683,0.048046616,0.110134242,0.088295975,0.094484477,0.138748141,0.101496641,0.154324787,0.069887882,0.150994172,0.180792563,0.124569453,0.079156742,0.068813794,0.122599849
19703,4.012287393,3.135544146,3.560484463,4.074656347,5.521093421,6.843895312,7.562355843,8.375735609,8.245417351,7.197948632,8.322058583,5.419737938,6.078871961,6.301485693
19743,0,0.061628189,0.027610395,0.025113724,0.027317695,0.026977538,0,0,0.100334627,0.027459534,0,0,0.022863155,0
19879,10.4177732,9.677583642,9.479141684,9.491788893,10.47175682,10.45929161,17.05243471,15.04878965,11.34445876,13.93326979,14.08168767,10.21589451,14.83761567,14.82914144
19895,5.724405125,4.929125236,5.910961091,5.606647003,6.384839558,5.151418553,5.625401519,6.299078322,6.377247061,6.465931091,5.716957316,4.940458986,5.618120109,7.213023682
20133,14.23654178,13.43388899,11.47975924,13.05028963,12.71687218,14.80816441,13.99176617,13.12819128,10.95763257,14.3656986,13.82652735,12.86211442,15.34601617,13.03074542
20135,0.927055214,0.585228709,0.62925994,0.625355283,1.521884452,0.899483306,0.738042633,0.735754117,0.984549366,0.660589573,0.749015305,1.420764971,0.993887172,1.047864117
20216,2.959220885,2.409286371,2.584013599,2.737121132,3.152086195,2.6078797,3.028164837,3.006403101,2.603095093,2.908209953,2.761403943,2.824823384,2.816855564,2.779509458
20229,47.09946752,37.37515825,34.87451708,35.80786961,43.71837609,52.53443275,54.26483307,55.98937343,39.63548707,52.53532449,52.08402038,40.48349167,37.42806026,40.83558855
20249,172.632936,129.4458594,146.7622111,193.8173615,100.739397,128.5952442,170.1287525,159.6071199,133.0584379,168.9500561,160.7444609,161.1084312,156.8645246,180.0059376
20280,88.98478826,76.39488672,70.46688088,79.81885109,87.14522543,94.30598052,85.66144301,93.56003577,75.84340013,81.37435828,87.70548922,71.94517766,75.37970032,80.34451793
20322,18.50401235,17.06858458,18.43790383,18.19422543,21.14927917,21.78468323,20.26738087,20.98855644,19.28249583,19.32023954,21.23147346,17.78485743,22.27068139,19.55198273
20397,16.03665593,15.12935669,15.16485117,16.47578419,20.24121561,23.35323129,24.7962363,25.68578699,24.03463267,25.27083051,23.77176772,18.95409289,21.60666029,21.67797464
20425,3.023213618,2.320183068,2.73590717,2.390182317,2.525894805,3.274463828,3.335668862,3.244989914,3.067253827,3.134477839,3.063488462,2.830446413,2.775070635,3.421095536
20442,14.31510911,13.68469386,15.24804434,18.35877179,11.92043369,12.01883419,18.64882948,14.48868585,12.79926918,16.8074683,15.29943177,14.17614207,18.29586483,18.29695556
20443,31.91691494,24.77660491,27.45237373,30.81803552,22.79978699,27.67836913,26.38072764,26.07583711,24.86780619,26.02035099,27.0083592,22.47554719,26.39582792,25.93805833
20444,54.88815616,52.04323889,58.77728989,61.1356188,60.70191749,58.35008977,56.18145453,55.21580532,55.02776072,60.86420081,58.73578046,53.63406788,58.22948046,60.71072341
20446,1.61781428,1.707822289,1.521153643,1.640439763,2.032238064,2.385179655,1.406642765,1.6263434,1.915692636,2.020142511,1.861297436,1.457611679,1.927130173,2.052814208
20447,14.57736433,10.36360569,11.39659668,12.12572922,9.292078176,14.74406214,11.71655335,15.98310788,12.27099042,12.24387106,12.2494435,12.54417072,11.30122263,14.82654957
20448,11.82934008,9.551328187,10.20219866,11.19178255,10.84814023,10.7373973,10.68828527,11.40553043,11.54043629,12.09845789,11.02053534,9.505261776,11.78521744,11.10923487
20449,27.56883739,24.22634665,24.11130656,28.65984574,19.00865096,24.7415707,28.60286893,26.98209477,25.05093857,28.34775759,26.04172051,25.60977509,28.317996,28.87016683
20454,81.16856985,82.85225556,87.94127095,92.86821899,111.0371478,107.5576053,88.88035493,84.65425213,103.6373289,93.69219121,93.2177786,87.39565095,105.3094952,100.4708616
20463,301.4663033,247.8924047,265.8112933,252.9140597,277.5886723,292.6167011,276.4991204,273.7617435,249.9002378,264.3309178,277.1269007,251.3360174,254.0969583,251.0615962
20493,0.57100275,0.430550578,0.540101555,0.561443246,0.648885005,0.546569113,0.301652896,0.678832857,0.385530109,0.748173872,0.555160063,0.352772378,0.527102253,0.715500586
20494,0,0,0,0,0,0,0,0,0,0,0,0,0,0
20495,0.103663305,0.068784994,0.084045698,0.07134947,0.121960258,0.060220812,0.140195578,0.09859155,0.071264048,0.156028091,0.102130956,0.079699746,0.111352253,0.157450084
20496,56.97401072,43.80827042,41.24449316,47.55137973,38.14655261,46.889837,59.3607234,52.37905927,47.62492894,56.32250438,53.86454132,43.2238143,52.90688176,56.1019899
20497,0.054195188,0.076280491,0.136699426,0.248676745,0.125589529,0,0.129791928,0.141492439,0.12418951,0.145663402,0.177980254,0.089286507,0.113195778,0.186580492
20498,15.68257658,14.83583909,13.24077485,17.3270228,12.94427385,16.24135693,17.71556139,16.89405325,16.00916082,18.79602526,17.84276948,12.42986946,15.60625018,18.38842712
20499,3.848071387,3.764544282,2.951506054,3.777924355,3.013613979,4.396494851,5.225832175,5.022173996,3.756249478,4.819279281,4.986897568,2.340219487,4.340895919,4.689893937
20500,0,0,0,0,0,0,0,0,0.097297965,0.026628462,0,0.05440768,0,0
20501,34.864759,32.05558007,31.92557692,33.75683065,31.25509056,37.97290554,47.08537259,41.27600053,31.71477295,42.83791487,41.74951681,31.24378855,35.75800795,38.17330683
20502,20.67855044,21.54243181,20.71787061,27.19054988,23.53947545,28.45021998,24.95088803,23.45247652,27.28932809,30.31300241,28.50349258,21.18130472,26.98417131,27.05905385
20503,8.700094779,9.458576392,9.346771797,9.392519729,10.266081,10.30046098,7.16559781,8.368521711,12.10365426,9.848820598,9.922494255,9.454390406,12.76434955,12.38148765
20504,0,0,0,0,0,0,0,0,0,0,0,0,0,0
20505,0.038780372,0.070179325,0,0,0.031108125,0.040961027,0.032779419,0.021695901,0.009521369,0,0.020109011,0.021296872,0.034714002,0.023560788
20508,2.339635259,0.73179324,0.321163935,1.740564223,5.574026751,0.261502121,2.23918207,0.87261489,0.316087339,1.703515274,0.885817353,1.53637999,0.742427187,1.759867808
20509,8.811950146,7.519365596,7.933526626,8.816209457,8.929492075,8.471821256,9.498032478,9.456763885,8.464545841,9.307782644,9.498831709,8.286732536,9.782222888,10.12894698
20510,42.04151193,41.89529973,48.3884349,51.66732655,47.3007103,50.36787264,44.48947041,41.4504442,50.98262773,47.16635094,44.93055251,46.51586816,56.45845275,53.26069552
20511,532.5711086,634.1681526,639.3062923,691.6659892,572.1675023,477.1212674,423.437067,484.6025861,513.8497533,537.9284118,519.0578513,498.4452087,556.7801205,564.9871429
20512,168.7581129,156.3098468,159.8896548,176.9592395,188.8740522,182.0060643,175.2419264,195.477005,177.6992217,189.8133448,179.8077149,149.6470591,150.517765,162.970015
20513,35.51868077,12.14461787,14.31348532,18.01034478,11.19481487,14.06092147,19.93036132,17.87121686,14.50617644,16.80254651,15.65950008,15.90920676,15.51317051,17.53090086
20514,0.97747812,1.205282626,1.025584013,1.300330116,2.805831589,2.717753286,2.557640577,2.509102752,2.894005765,2.30268276,1.759093319,1.823534405,2.058784195,1.991181348
20515,67.69059165,57.41391963,64.29137443,69.83125821,70.64640067,68.51149599,69.7270668,72.76289601,69.88434191,71.84195728,70.59970518,61.15309165,71.70507375,80.1360656
20516,58.08759808,45.57718278,46.90906657,54.00823613,48.60060088,63.03129163,62.88215422,57.91468654,45.62291985,54.2125996,52.21848634,46.33915088,46.52301476,49.31558241
20517,0.179762777,0.19880036,0.06477504,0.088376629,0.144198795,0.237338748,0.189932402,0.28494639,0.205965251,0.064421113,0.139820152,0,0.107275666,0.145618429
20518,0.522558634,0.937134557,0.320613476,0.319395506,0.558901953,1.103885147,1.050522254,0.758525626,0.707376908,0.394781107,0.952040448,0.418823376,0.847033949,0.377540735
20519,1.023841692,1.492538445,1.558717618,1.728169939,3.513281053,1.847414262,1.939961565,2.15752442,1.525001782,1.83455725,1.495364303,1.94916563,1.565662452,2.457014631
20520,10.02818932,8.683634558,8.180364037,10.44369449,10.29910896,10.96193304,10.97575504,10.90504085,8.883706587,10.92772754,10.51091,8.450340088,9.725450839,11.2632725
20521,1.181547441,1.281318521,1.061993973,1.057337993,1.192726978,1.584522707,0.841611578,1.188356813,1.238603096,0.827825614,1.073901625,0.699900397,0.843746952,1.080796157
20522,0.608850639,0.333882799,0.528532716,0.535163523,0.631462267,0.448212051,0.50683835,0.608996166,0.380507762,0.555398327,0.593153722,0.435681513,0.272504377,0.538041656
20523,36.88334476,39.19261483,38.16381481,41.96850605,51.57095438,45.56365831,40.49988713,36.63189051,41.76934966,41.84047715,39.40382404,38.52560879,44.40574997,40.60969349
20524,35.1386983,41.31185747,27.6414756,36.13610983,37.25674725,36.01685025,33.91184747,31.71832691,36.1984326,31.61304762,31.66550407,37.60993717,38.41548355,32.98591537
20525,70.38903559,67.86794574,76.94001008,75.21236296,81.84656645,101.0757484,94.72776379,85.14370386,99.72780531,83.92619079,84.62740909,73.59625626,96.0072841,117.0917632
20526,0.270664927,0.104493174,0.117036453,0.117098767,0.09263659,0.114353863,0.128117747,0.07268402,0.116958572,0.069838183,0.056139782,0.130803241,0.096913591,0.10524217
20527,44.25958468,42.18502477,48.66506709,53.79929645,57.58144367,54.67400259,47.1720676,45.13541561,52.390603,50.48690158,47.70900755,46.70983822,53.86812399,56.23907325
20528,1.812160054,1.243372631,1.067680013,1.19914059,1.883079078,2.812125237,3.186896058,2.575399506,2.471320756,2.465330042,2.850183462,1.528139345,1.991161895,1.878427488
20531,0.011922004,0.01438319,0.01288779,0.023444821,0.038253495,0.025184778,0.030231508,0.040019001,0.023416752,0.064086858,0.055637873,0.013094325,0.010671906,0.065188294
20532,106.7416874,100.3789762,118.1460363,119.913627,118.6384454,139.5485721,129.8861666,110.1480435,118.6892201,123.5975453,118.3257618,125.0167505,131.3742701,136.9376262
20533,0.287040958,0.05157628,0.066019949,0.14412022,0.104512105,0.025802683,0.149703961,0.088835199,1.871319767,0.137884363,0.02533464,0.160987108,0.278810355,0.593668262
20535,19.61477401,17.63752008,17.85742761,22.22107063,14.84204533,24.24707817,24.11125471,21.67744102,19.91677567,24.19819215,25.04236981,17.09502483,21.9259686,25.66163404
20536,42.1745236,40.04772289,45.06155219,51.51023461,55.48831703,46.2191253,46.11001824,45.88359462,46.63155185,51.02599752,49.6497095,45.95538153,51.11682052,53.57569807
20537,1.236726457,0.175533772,0.110098637,0.135908304,0.093369832,0.192098337,0.295158469,0.162798516,0.114312076,0.172066815,0.120712836,0.21573586,0.208385463,0.212150375
20538,0.493328902,0.04668016,0.083653775,0,0.010345869,0.025542609,0.200318818,0.02164672,0.028499355,0.067597316,0.010031714,0.031872893,0.021647069,0.058768448
20539,32.13423654,33.54908628,38.16845629,37.72699313,39.40948046,41.4203139,41.49499158,41.60691027,46.19445246,40.74865576,37.82014453,41.1159631,47.2249657,48.09041734
20540,2.035996676,2.254420718,1.899432781,2.660073278,4.444685869,3.741250534,4.290568831,5.695249959,5.765722063,5.292350797,4.324183716,3.078606001,3.645018788,3.897264458
20541,55.84190143,54.00649481,49.36000422,53.80587471,46.2451749,52.99234417,41.77078325,44.42668301,56.35104172,50.25052084,44.67199325,52.6557862,62.77249852,66.5662957
20544,27.96299353,25.34238172,28.88179589,31.1854687,31.13794152,30.91614473,32.22910755,31.26928037,30.99385194,32.39742475,31.54233033,28.65447308,33.22720692,33.75253427
20597,88.10025057,95.43624123,100.1121612,112.9016143,110.2744184,123.2696702,99.21312436,90.23114175,98.56721727,111.0467814,104.8315816,94.79027438,115.9368968,105.5140655
20598,8.630913283,7.299364478,8.19544878,9.097755532,7.765348222,9.681147391,9.465304794,8.385555541,7.826258077,9.0275491,9.533271221,8.165243554,8.545774509,8.683924684
20603,43.58321598,41.33171647,43.79883403,48.05326531,36.92896208,44.32256229,45.90494036,42.02564057,40.92791954,46.9686186,44.50822604,44.64812823,49.82429461,49.20713228
20652,9.103647718,11.01245568,8.970459788,12.74891473,9.452914274,10.9625049,11.55013255,11.80080735,10.69926326,12.0341119,11.21609306,10.84658863,11.11485355,14.7872867
20655,586.82283,516.1224392,562.9818792,578.589753,643.0162058,656.4987671,618.4672578,558.2494686,541.5230458,570.5938503,574.5303364,532.2384986,538.949666,536.6212103
20656,130.0510746,121.2105039,114.401088,141.4376971,111.6761258,127.6447756,129.9788091,122.5638634,115.8377565,133.0913907,125.0134516,124.359182,144.4114563,125.4393092
20657,8.141197667,7.146850156,7.154530141,8.38334434,8.063077788,8.422232502,10.2124968,10.07357089,7.55158942,9.868060325,10.90735571,7.407034139,9.893979079,9.983774864
20698,2.884444493,2.264584211,1.704476337,2.110197199,1.378570816,2.471677074,2.586183883,2.821382856,1.800430161,2.307305438,2.602042424,1.443159726,2.593193728,2.197186568
207151,0,0.019906325,0,0,0,0,0,0.461552229,0,0,0.011407819,0,0.009846606,0.013366007
207182,73.63317944,74.14983217,81.3788232,90.73000902,87.60263308,80.54781677,70.4540281,70.64401702,84.94125769,78.77947145,75.2239844,79.61728868,81.64077504,84.75597061
207728,171.5010227,190.6805771,210.5377205,222.1091848,317.1638289,251.4673023,210.5125833,233.6963866,297.8509863,230.5810231,232.6721604,227.4157999,263.0696943,248.5460372
20773,12.28319532,10.9154838,10.50481124,12.86293978,10.92099498,13.32768841,12.79374052,11.55682492,12.24022789,12.78225221,12.78054401,13.27676123,15.52576984,13.38658192
20775,31.05549444,27.92126712,28.38360831,33.06696731,28.3361754,38.54179846,44.96991979,40.82900778,42.7335347,40.93280445,38.79782045,36.71803241,42.80274893,42.27699982
207839,17.37756374,14.5600616,15.6822195,16.32790379,17.77734098,20.14780954,26.00494986,26.66204837,21.08264172,23.23717463,20.68663212,15.44197062,20.13500649,20.16827463
208043,11.04008337,10.37300635,11.62559764,11.4143583,13.71468362,11.98583813,11.90670639,12.21456277,11.47353192,13.03576085,11.89946845,11.25977798,13.96429215,15.79453755
20810,43.28338776,48.11705634,56.07900072,56.40825821,71.72825403,56.43130727,52.12307356,56.54031156,58.08359931,57.49979132,51.26179284,50.67876351,59.22928354,59.03959856
208211,25.01466285,21.98235215,23.05594116,25.49385665,27.63589196,27.91524903,26.22740333,26.19469402,25.18988811,24.80986275,24.85626719,24.81994382,25.90101357,25.78028498
208266,17.39734033,13.33848165,17.28582021,16.56287002,20.46803466,15.12816355,13.65238036,15.88770263,14.80078091,16.66751426,15.73984963,13.69222865,16.98606345,20.96835533
208449,8.956243836,7.690990324,9.252242384,8.432718506,9.830406024,11.29485399,11.3481503,9.560422295,9.775597127,9.62264021,9.198030346,9.120188414,10.6574791,11.31257526
20860,0,0,0.102509071,0.046619841,0.050711181,0,0,0,0,0,0,0,0,0
208665,0.010250714,0,0.011081111,0,0,0,0.008664498,0,0,0,0,0,0,0
208715,186.3469705,185.4689239,176.263602,205.7388521,193.2100704,218.8705779,253.3503361,237.4829826,264.5170829,237.7304544,229.6851209,229.4214184,257.923169,253.0910447
20887,14.35056464,11.50221441,12.81329373,9.978563965,18.69819168,22.33848464,10.53829495,11.75444177,14.83312966,11.44338258,12.41583983,9.709550548,10.30858998,13.94494542
208890,2.898507896,3.131928443,1.278296228,1.633196638,1.911823664,1.492986437,1.706157886,2.178526519,1.371971178,1.856706379,2.92610548,1.159842308,2.062864045,1.83782603
208967,14.94637302,14.25260855,12.56312936,14.74699841,11.83729162,12.96969669,12.40247782,11.03613275,11.47147341,11.19181792,11.29395771,11.57971185,12.26146534,14.44454313
208982,8.447525397,7.413758581,7.069626762,8.376171166,8.390099295,8.441959374,9.095706709,8.206891601,8.678392808,8.651723511,8.800484119,8.350974813,8.999510948,9.458516893
209027,1.320833839,1.410345831,1.066771651,1.66445272,1.672502434,1.547444615,1.065114526,1.75818674,1.088426716,1.305775844,1.17298902,1.359002915,1.134770718,0.894702199
209039,NA,NA,NA,NA,NA,NA,NA,NA,NA,NA,NA,NA,NA,NA
20905,NA,NA,NA,NA,NA,NA,NA,NA,NA,NA,NA,NA,NA,NA
20916,102.5471739,94.53860749,84.8391082,94.51880501,85.0852999,99.91961285,99.23968024,88.39204629,86.1891017,94.11924561,92.58424412,94.28549458,96.46093787,89.62814285
20917,22.34723178,18.97520847,20.04864219,22.282402,25.163115,25.77732773,26.87691561,30.28413144,23.72313521,29.76068841,26.79135717,21.2912603,20.46155058,24.78088286
209176,0.978150573,1.16024732,1.09293174,0.905199774,1.336296835,0.868195676,0.91016332,1.204829976,0.694231959,1.113471246,1.057034537,1.092390634,0.971237393,1.57806058
20927,13.23426,13.11365596,14.9844994,16.35780259,14.12242901,13.22026032,13.21561315,12.23648155,14.25299264,15.16851167,13.90003308,14.13810816,15.45344745,16.8210678
20928,1.945669336,1.993561128,2.750120638,1.909199377,3.191413794,2.335503958,4.397861512,3.094843419,3.553085992,3.403956727,2.954780147,3.290358228,4.692887003,5.277228855
20937,10.62191072,10.00422259,11.69682961,12.5507335,12.11843265,13.20080818,11.23479593,10.29946821,11.47807663,11.90104267,11.28019935,10.95046963,12.75531077,14.022281
209558,0.827675079,0.678495709,0.562070162,0.542545645,0.408571789,0.683681735,0.834137231,0.569904688,0.55231717,0.855610782,0.616257252,0.361294055,0.645902402,0.580210551
20975,28.45618678,30.38225937,31.16007864,30.07465947,25.13486133,33.42993176,30.07888708,26.29089872,30.82285115,31.97148698,31.03363385,31.79315592,36.69406462,36.83925863
209837,1.99936957,1.640242083,1.974020056,2.136274639,2.323753317,2.646784206,6.038872906,4.235609124,2.369342215,5.517117803,4.340504458,3.235399677,3.925458837,2.899096568
210004,7.522835444,6.340805751,6.379135391,7.54716652,8.282153549,7.219424634,7.973540054,7.894862677,7.396373923,7.80483388,8.180357693,6.686530673,8.352918491,7.73778994
210044,70.05506094,78.87765325,83.90431947,82.90139173,92.65767328,76.58666827,68.03443302,66.13074442,71.19618591,74.92740675,69.56241279,69.36312524,77.38977613,81.4944061
211347,31.2474791,31.78161979,30.63556402,30.59294332,33.28210013,31.87103719,32.65923022,31.72784608,33.38008122,34.22118328,34.17820046,31.65137286,35.82286593,38.46544059
211389,13.4538421,11.4140443,12.069363,12.99103844,14.2399328,16.22506552,15.16620609,14.56989196,14.14939814,13.80803061,15.16586685,10.65660925,15.3783138,14.86426922
211429,3.068509388,2.515364937,3.300472121,2.317000498,4.202392351,1.78014508,1.944179037,2.178110692,2.107958495,2.142396964,1.939109072,2.683816745,3.342880663,2.483598344
211488,39.28075552,33.48269969,35.37116544,37.75074141,36.0242234,35.00769318,39.88375302,37.59659189,33.69867073,39.05122612,37.08429244,34.83063618,39.19915958,39.68481464
212032,1.59006897,1.321294476,1.464554499,1.659170005,2.828642685,3.290409739,2.64003632,2.886574212,3.641023567,3.174760613,2.641789922,1.880079404,2.105962337,2.424950234
212111,51.91166776,33.88241507,37.25880839,45.3832064,41.80676324,41.30407103,40.68067528,35.4682332,37.65629761,40.07643078,41.33609505,38.06043088,41.64956451,39.06203002
212647,16.4966936,13.96097322,13.20041913,13.58093826,12.7284341,12.46063735,13.72785627,13.76542572,14.67065737,13.09557026,13.77498401,13.46545178,16.60323758,16.95313665
212862,31.21267621,23.77650914,22.41782493,25.25990005,19.60099244,24.67846628,26.70124961,26.5485108,21.91339768,26.39638065,26.0915759,22.77708506,23.35599961,24.90620937
21351,98.2679336,83.00433327,87.86920545,92.02168605,97.37917335,111.6890806,103.3438362,98.89591048,93.39443212,99.09026305,94.42222365,81.31350334,92.38017396,92.91838687
21366,46.60469212,46.17817221,50.84069382,53.6562705,66.41298705,54.10437551,67.15839386,62.83588349,59.94033334,65.23254822,64.4917449,54.70276395,64.33440718,72.67903939
214084,12.20585944,15.34158245,14.25598471,15.33011888,4.553205333,19.15579361,27.70479977,25.12622368,13.05935437,23.23045142,20.94248275,14.41543145,18.13265518,30.48316759
214111,0.286500876,0.241952411,0.13007817,0.230997601,0.202241599,0.363133292,0.247010496,0.359037403,0.371404605,0.283376278,0.196100468,0.157336616,0.292363745,0.348123857
214162,33.53317695,31.76538114,34.51988344,33.03168147,39.89959984,33.54885379,31.95347235,33.1177828,34.813495,37.08994551,32.76004526,32.39847125,40.49104245,47.0838561
214253,2.374730845,2.73869206,2.758046285,2.881731036,2.616856873,3.09559865,3.262489036,2.825470577,2.859006731,3.720601434,3.745032455,3.02498837,3.525307219,2.909354789
214579,58.93713788,55.3734324,59.66882914,70.11576195,62.62880251,53.44040347,58.48656486,58.99695991,55.59531982,59.75794588,56.09161495,52.95615027,59.49508528,61.01508217
214593,0.055981099,0.022512624,0.04538704,0.009173981,0.084822232,0.029564483,0.047318471,0.031318946,0.050396486,0.075231746,0.096760679,0.010247644,0,0.017005494
214663,10.06384131,9.915037915,10.63128417,11.57463672,10.39598671,10.3149642,10.62833348,10.49103374,10.16493048,10.22814945,10.41314965,10.04629671,11.92252119,12.28416613
215015,28.31404138,29.07621462,28.35439468,35.54600739,29.25959976,30.30189222,29.78844357,27.75556729,28.14118425,30.22077768,28.18391282,31.41621045,31.85138984,37.37142553
215113,20.88144605,19.00541663,17.94266019,23.89826268,21.49064306,20.63238062,21.37887847,22.5956575,19.86167623,22.87821321,22.30337032,21.06601225,24.9811023,25.59327627
215335,35.75337628,31.59810389,37.30092995,37.73373134,40.49440139,33.32794563,40.03563931,36.11962586,37.81369715,40.5619532,36.02161889,34.2248775,43.63891527,42.50806021
215446,7.399866394,7.349794909,6.861485422,8.248202292,9.51789033,8.043371728,8.681225679,7.58386414,7.094985279,8.864334785,8.774048404,9.099662714,10.60687431,10.82273208
216019,1.827623256,3.244180151,3.152273771,2.981689477,4.395034901,3.129202556,2.381176952,2.403140209,3.544019606,2.9035193,2.782701953,2.806437619,3.329282107,3.86151301
216134,103.1246262,96.45757202,106.3804686,122.8986897,131.5705749,104.5209152,112.4004784,108.2840573,108.5361649,114.8304699,109.6379367,102.5468819,110.0691513,119.3837938
216152,NA,NA,NA,NA,NA,NA,NA,NA,NA,NA,NA,NA,NA,NA
216188,3.372035508,1.810739764,2.147526093,2.278239488,2.938044836,3.717233653,5.929306682,6.512561205,4.797342112,6.231890486,5.788492598,3.987837128,4.875144998,4.789076291
216225,0.174025187,0.270904592,0.121369507,0.077276263,0.060041428,0.207528299,0.147096179,0.144468768,0.044104998,0.138812304,0.139723803,0.049325813,0.17587786,0.238740606
216227,0.955605463,1.908743825,2.1481297,1.935217254,5.184788507,1.05613061,2.273421107,1.416209126,1.25545296,2.190822827,1.791732055,1.654293179,1.676818661,3.529573209
216343,2.884342348,6.458886781,9.264270618,3.937830122,0.787881601,0.843823473,16.55744349,16.94925379,0.71325931,14.79092189,4.088785679,4.022634381,4.857316583,38.16122114
216453,0.031625814,0,0,0,0,0,0,0,0,0,0,0,0.028309645,0.038428156
216454,NA,NA,NA,NA,NA,NA,NA,NA,NA,NA,NA,NA,NA,NA
216456,18.3660224,17.40651294,17.45575445,18.46435566,14.41064624,13.32302496,17.84972398,15.79729507,14.38900788,14.80901189,14.85585316,15.46897736,16.80967072,18.91038053
216558,71.71275449,70.20714296,63.91786264,71.90939572,62.38664975,68.30229195,79.25792715,75.57914484,65.39036718,78.18678563,77.91419135,66.19292612,70.21350506,69.39764358
21672,145.8565798,133.5380711,136.7734838,141.1228441,150.2919791,155.8271076,151.7549848,137.974801,133.3844086,142.4278882,139.7460195,128.6174546,137.6197839,130.8657182
216739,69.47004182,66.53810893,69.96135508,76.96943264,61.48564462,60.04854817,66.25844796,65.37183614,59.57316214,71.76882337,66.38351369,61.42947034,68.45897957,72.76651585
217119,19.02288344,20.81257042,20.09322056,24.89738523,19.16561477,20.84582985,18.58567716,17.29504909,18.32076179,19.70095253,23.55848724,22.11374794,21.4028636,23.85334345
217214,0.04210089,0.076188337,0.022755713,0.175933226,0.135086867,0.155638912,0.10675834,0.047107168,0,0.113156887,0.130984911,0.13872233,0.075372684,0.140679819
217480,59.90280008,56.57770094,59.89208944,67.25441827,121.0210811,77.74878325,54.31309353,57.17520301,63.26357918,58.84656578,56.89345212,66.9530666,71.50030043,69.02933395
217593,0.478874613,0.337636634,0.201688678,0.434167288,0.379146057,0.394131554,0.515165114,0.50102489,0.397001222,0.300879994,0.374082871,0.450825912,0.356290115,0.423181767
217700,6.321489623,5.988452763,6.395168161,6.27634057,6.148206827,6.378957543,6.222659398,6.057094664,5.463576541,6.265438077,6.254104235,5.074174588,5.887512091,7.070531171
217707,13.899042,11.69886222,13.43204868,14.51699115,13.39133483,14.44964425,13.73310809,13.90300883,12.94041259,14.47272989,14.05936675,13.79348978,14.09258094,14.00064186
217837,42.7725132,38.6964465,39.86692002,47.47051262,47.42167505,56.21072761,46.20751763,47.75798428,52.62688677,45.38510076,45.4218586,41.45447335,48.3386251,46.64832633
218103,0,0,0.010842968,0,0.01072802,0,0.02543487,0,0.014776026,0,0.01040226,0.011016733,0.017957327,0
218121,4.152991019,2.499981895,2.704805402,2.866033227,2.013995869,3.732626624,4.934838185,4.454413897,2.710605357,4.196811111,3.968100034,2.644269635,3.124874684,3.970135139
21823,19.42093213,21.11309667,17.34718855,22.86028749,4.175949922,35.10029916,37.97932453,31.37250677,20.64890013,30.51094535,29.19578316,20.6089802,30.29001488,29.00253724
218232,17.43721177,16.11217163,16.8868829,19.14193363,18.62029854,19.60360054,19.33753935,19.43314934,18.28183615,18.59776241,19.04675603,15.97003009,18.85340583,21.78565721
218271,18.61754122,16.62484235,19.30062446,22.02787485,17.70601199,17.58358862,18.02083356,19.65420502,18.5270478,19.47239355,19.56444638,18.51104836,19.28751464,19.5764518
218461,22.72176218,27.70668771,29.73085625,29.61529559,44.97941159,25.66843924,24.09308193,24.30936575,25.98215633,27.2086169,24.01724984,26.46278876,29.37182735,29.77592824
218476,3.184709539,4.797396928,4.533203505,4.134821982,5.275536041,4.478856652,3.519797098,3.471533716,4.302669616,3.789607054,3.795450473,4.038977048,4.872038216,5.644208037
21871,40.93229385,36.3832495,40.04474913,43.80767161,48.77394339,45.96154867,46.04749935,51.56746266,41.59807071,49.73988464,49.570847,41.99054635,46.87865763,49.37568085
218756,12.27325552,9.320187631,11.0868367,11.51527107,9.213869523,12.67303901,10.92079011,12.48426007,12.34712362,13.70350582,11.85621739,10.32765126,12.66539573,13.6162986
21877,1.017139843,0.87354223,1.09332491,0.824950552,0.651499167,0.691944271,0.961749284,1.356705457,0.76752708,1.007035344,1.174038574,0.795264856,0.859046321,0.851873411
21881,59.46225481,59.83380435,56.41545047,68.53266476,58.85423394,65.95944488,72.4368245,69.58210679,59.83815919,72.20102947,68.85038503,64.72679247,67.65448331,68.38512118
21884,0,0,0,0,0,0,0,0,0.090401653,0,0,0,0,0
218865,4.483498568,4.138761854,3.750423238,5.105008899,3.964961934,5.873386061,5.007834977,4.609443232,3.454860128,6.030490077,4.996927547,4.370113956,5.481471116,5.559869384
219135,91.79207851,88.15745327,91.35746806,99.734132,106.5628842,109.8994226,99.18335409,89.09771813,89.81843769,96.61804082,95.0576725,93.37745049,106.2289172,108.1860082
21915,21.76431185,18.98418761,19.39139661,20.25012795,19.61082902,19.31867045,20.15261476,20.31266973,18.21890529,19.79809419,21.97066522,18.28060829,20.02081554,21.50684843
21990,0.178477129,0.469793591,0.087697874,0.079767789,0.199566815,0.839739985,0.096001321,0.099850051,0.111541203,0.104662438,0.050480062,0.053461974,0.101667147,0.443588458
21991,695.1231806,633.4957099,665.847924,685.3338216,655.4483282,735.7388155,695.3410863,677.1959431,654.6069449,655.1444161,670.4779914,659.3943349,708.2484183,659.8564947
22117,66.82724956,54.87763888,61.75236209,62.38551417,49.96254336,60.62480496,87.35559596,83.12940824,54.73609773,75.53804543,72.63985763,59.09001699,62.01566118,53.9463465
22169,22.09937321,23.23591807,21.95098084,25.70607534,26.64335007,27.09097374,28.99849276,23.28499338,22.9050454,24.13063195,25.59214979,22.75414928,23.31881307,22.710157
22171,1.71207635,1.213270176,1.808344856,1.408471989,1.369426753,1.388645406,1.708378898,1.800392774,1.536865222,1.756271459,1.928171463,1.384728625,1.361294551,1.794204861
22173,0.135487971,0.076280491,0.117170937,0.044406562,0.241518325,0.124025704,0.10688747,0.080852822,0.159672228,0.184506976,0.084306436,0.09920723,0.185964492,0.131703877
22227,0.036338907,0.043840734,0,0.035730535,0.077732467,0.019191138,0.061431502,0.081320037,0.035687757,0.039068035,0.075372096,0,0,0.06623247
22228,6.855403136,7.064072725,5.123766807,8.169445071,13.17416841,17.92165068,13.34488412,17.69878429,17.41903654,15.47570443,17.28629745,10.93750844,12.89674457,12.0015244
22229,2.972765993,3.299088657,2.708888026,3.250897426,2.038152731,1.690730076,2.561076382,2.409407654,1.740469724,1.331677897,2.025670162,2.270908884,2.149311596,2.257608199
22232,18.92482143,17.57992093,19.6089771,19.51360373,20.6557948,21.64790266,20.23309627,19.72157394,19.55689099,20.92981523,22.30089324,19.6463643,22.81577756,22.46521101
22234,35.42976478,34.02503597,35.09067222,39.3222079,37.01731353,36.21738898,35.52304895,33.14679305,35.27895032,37.65314536,36.50545957,34.50109791,42.36496556,39.99317805
22235,10.52653522,8.957592436,9.873753901,10.04359642,10.82164222,13.9723114,13.79579503,12.2649251,13.2416749,13.79684865,13.37714471,10.03198719,12.47060683,14.48826262
22236,2.310207786,1.711394735,2.030013415,2.364517849,5.750936923,7.120563189,6.451974788,7.784986756,6.793167019,5.955092317,7.383704162,3.932191427,4.450363267,3.004096329
22240,26.10874758,21.10455851,24.6983866,26.8061481,16.68029563,25.1797533,31.6561482,28.00237641,25.28972903,29.37668033,27.70460498,27.042241,30.42593447,30.53679463
22245,33.23658654,29.68376264,30.88183569,36.72647012,33.49260599,34.5894207,32.26024753,32.55993995,32.41709302,33.44470889,32.40802867,29.33742804,32.32719632,31.45336886
22247,15.05532172,11.63654387,13.65203682,14.0361315,14.49766294,15.91095168,14.21125406,13.88128837,14.09510714,13.88162186,13.25720318,12.34531188,15.12672335,14.01185535
22271,2.193454216,2.627895425,2.618137076,2.306505338,2.55779853,2.54203798,3.347562627,2.897415101,1.495937607,2.964110334,2.685491257,1.321682131,2.454320629,2.202525144
22272,116.9536853,101.3210843,102.4262125,100.2382595,107.7265014,109.8313335,109.7496431,104.9953159,88.18224577,92.78135526,105.1490138,96.59585884,93.15381467,89.83654978
22273,134.0889314,129.6724943,129.4894085,146.7743671,127.7767238,134.0751287,137.208129,127.474439,123.4283396,132.0204608,127.3953386,129.3826607,137.8760432,136.1230859
22275,38.59772537,31.82278921,35.6053843,35.20832588,33.80993316,39.87919959,39.60219361,33.87401694,33.98868395,35.67112126,35.93966117,29.76889654,36.48029918,37.09386398
22276,15.77059777,12.82863736,14.79974708,16.42645402,15.43798102,14.72520563,13.42907066,14.9074228,13.46176934,15.33853001,15.6622204,13.85341862,16.00868073,15.51891958
22348,107.4785595,86.82656601,93.98491189,106.0467206,187.7018978,87.66835696,102.4106188,99.28775346,82.22704255,101.6577365,104.651582,104.5932893,97.09779605,97.93397697
22361,0.70472812,0.477312363,0.106921713,0.145879966,0.780188162,0.208941926,0.188108548,0.332011941,0.315694846,0.159506248,0.307727796,0.217270405,0.343084541,0.19529806
223646,10.03588316,7.70316492,8.046962051,10.03880575,7.792618155,11.38479231,12.8379163,14.8190924,12.63437243,14.25586391,14.16134011,10.17216351,10.89344656,12.11766836
223753,53.32879562,45.47322745,48.92539378,49.22549478,42.01313858,44.31587916,51.50411006,46.16782889,44.28343396,52.84916239,47.45829406,44.24148298,48.60376295,53.65110824
223920,0.228944943,0.032495116,0.043674965,0.291321459,0.172847849,0.497862074,0.409801851,0.542475777,0.370328865,0.492278376,0.39106496,0.266249306,0.277269871,0.294552336
224020,67.46022832,70.02213072,74.08968979,79.60587362,87.20223878,82.74473362,73.75783093,70.16743169,83.12503892,77.94123974,72.69095324,74.02964539,87.23906451,90.36285813
224024,3.419466916,3.088581044,3.647578214,3.22879813,3.850793924,3.974832237,4.771341232,5.354488556,3.411498852,3.88051361,4.672019954,4.053784099,3.943558417,4.528680212
224129,54.33572572,54.6136419,58.93554719,74.13672469,250.099338,63.72183066,57.90148332,60.95904126,60.90630443,67.7476858,67.87557904,69.94665178,66.05052085,69.56573892
224143,32.17917074,27.17093966,28.03396411,30.57482901,27.67504461,32.53913894,33.81804189,31.54260745,28.71185037,30.54201079,30.6919609,29.12416953,31.91049757,32.27469284
22436,4.18070923,3.496076329,4.026615295,2.926164902,8.894190597,9.705117893,11.00314941,8.095146458,11.26855524,5.873900762,5.544556739,4.649027736,6.814314243,8.878009883
224530,48.28971171,43.10619146,45.39927844,46.16616727,48.59644912,54.2341069,52.84387583,50.81080538,46.17344433,47.64364346,47.43784734,45.53922826,50.70615371,50.8754618
224661,2.080004589,2.328311204,2.588482816,2.185744302,2.071768352,1.962924152,2.096476796,2.007431534,2.50603377,2.420647588,2.120049871,2.457250811,2.89202771,2.796629973
224674,3.237489928,2.902048637,3.508659891,3.636887592,5.47152106,3.567455781,2.778293049,3.152373717,3.988505484,3.498345351,3.528374437,3.39297757,3.406830777,3.583494434
225010,15.71565883,17.10013022,17.82201847,18.86000744,21.7347538,20.6095878,18.45837806,17.99071855,18.86870864,19.00536169,17.84418703,18.1146246,22.07961529,22.53271274
225326,25.48965195,26.53155626,25.78312003,31.17245164,28.82191436,28.25815574,25.28792157,24.10523655,26.56339022,26.85748066,25.34558032,27.3937309,28.76809204,28.24148945
225579,0.120203547,0.116014755,0.168923398,0.212744063,0.115707202,0.380888099,0.426732631,0.322793098,0.129854608,0.646155426,0.336581147,0.211237544,0.387357968,0.204481089
225600,0.138748553,0.151449809,0.199984518,0.21438321,0.20493105,0.1605077,0.19546387,0.22178192,0.279013375,0.255718046,0.232968297,0.043540585,0.266142599,0.305070769
225742,53.82972198,44.9389476,48.39704001,47.69029652,45.26353787,48.10018509,46.78830607,44.05335612,46.89177296,49.54150992,43.87432359,39.03459162,51.41128739,51.23241025
225791,NA,NA,NA,NA,NA,NA,NA,NA,NA,NA,NA,NA,NA,NA
225887,219.1439848,180.1854171,186.0300126,178.2054313,183.0294487,200.9320519,193.8066289,186.6178325,157.7650131,175.3093478,184.2913495,172.113357,164.9010513,153.5487357
225888,NA,NA,NA,NA,NA,NA,NA,NA,NA,NA,NA,NA,NA,NA
225913,NA,NA,NA,NA,NA,NA,NA,NA,NA,NA,NA,NA,NA,NA
22598,0,0,0,0.006667537,0,0,0.011463495,0,0,0,0.007032448,0,0.006070025,0
225994,5.197213261,3.781469739,4.170234482,4.293624634,4.508064813,4.367042421,4.845871151,5.195730462,4.156935573,5.145908407,4.176695697,3.648583909,4.548335901,5.815943448
226413,2.699823074,3.127789319,3.941782608,5.625601506,0.284270764,2.556130164,1.986445062,2.399994735,2.53238231,2.952716458,2.833760203,2.376339937,3.080390772,3.966090437
226518,71.66666037,68.97601245,72.88091709,85.0022197,68.28403952,79.13481194,72.86251149,67.57353286,73.21909187,79.40988637,74.40919509,73.9297035,84.98861748,79.37773016
226646,204.3674666,189.2219533,188.8280901,202.609466,188.041795,206.0927101,208.7873497,188.0649796,181.2753845,190.8786149,186.6979529,186.1805409,194.0474644,184.6938088
226999,4.589223054,4.324037214,4.808415172,4.461927303,2.758400712,3.821806318,4.518962513,4.862155776,4.759011488,4.56602623,4.573059476,3.866100373,4.977090157,5.680249846
227095,7.286469593,6.013119546,6.357880216,6.432522401,6.575212238,6.410023802,7.475744373,7.033129659,5.921293368,6.884962558,7.08110829,6.189033003,6.482719484,5.876511119
227120,19.73504239,16.86257425,19.68712227,23.52890196,19.90362667,23.53410373,24.90475537,23.04140692,22.92165891,22.97007652,23.45465339,18.68285044,24.74317165,26.11292618
227197,54.10025527,47.79838234,45.66813329,51.12050632,50.14254603,52.47966923,52.67306103,48.06711154,46.80012869,48.8381068,47.30589886,48.66400277,51.15226733,50.56487831
227231,0.161317271,0.272467597,0.383647809,0.306658684,0.166785469,0.244223209,0.327251307,0.234649663,0.248201767,0.265929889,0.33459512,0.271676009,0.264737225,0.326691209
227327,0.527085434,0.48781162,0.554173403,0.823538307,0.67958131,0.58722934,0.95817997,0.824050908,0.794188467,0.81507423,0.831170026,0.753382634,0.833759078,0.929976238
227333,37.38401373,35.09538445,38.16390255,40.88716585,40.9028243,40.10333727,35.96691584,38.16511996,41.10801385,41.68715593,39.41659138,36.93155996,41.75493486,40.77270829
227399,7.992628962,6.307304009,7.349025753,7.605572717,8.333016709,7.623743295,9.212021318,8.245821258,7.580148138,8.988147332,8.241538553,7.352732055,8.608515999,9.883371139
227620,10.60255222,10.04718489,10.00199964,11.05271572,12.1404137,14.41499127,15.03985319,14.1046219,12.01948938,12.87396833,13.49910353,10.84729567,11.63855334,12.40159473
227659,17.26558674,14.219553,18.07093492,19.94010886,18.63552991,19.38604968,19.30385947,20.46362645,20.83896061,20.92255696,20.72270223,18.46270658,20.35986735,20.44794972
227671,2.10010071,0.970332837,1.521535159,1.208210538,3.225868324,2.808135733,2.020623161,3.849716116,2.786527848,3.530850356,3.429120316,2.723761596,2.139876733,2.470367086
227721,NA,NA,NA,NA,NA,NA,NA,NA,NA,NA,NA,NA,NA,NA
227733,4.77881394,4.349303171,5.295411437,5.534937812,4.329766998,3.542126964,3.988712453,4.047155446,3.305224359,4.802924579,4.682710576,4.393671047,4.824501556,5.326429016
228033,NA,NA,NA,NA,NA,NA,NA,NA,NA,NA,NA,NA,NA,NA
228550,131.821603,145.5755449,170.1016235,152.7330611,163.9226375,136.9259195,100.4100943,117.4752481,124.4573434,119.2348688,111.5069218,134.1187023,141.0166952,144.2033147
228677,0.083994605,0.101334505,0.090798896,0.2684123,0.056147705,0.343781075,0.29286308,0.070486894,0.268090949,0.383786797,0.359322228,0,0.169171274,0.127576075
229211,27.2064278,27.14062991,26.060043,30.13609933,26.33080555,28.04285791,28.8036347,27.06772671,26.63645554,27.62470494,29.43418076,27.34964096,29.10959327,29.43145492
229363,30.9467331,25.75284234,25.08329295,30.26194248,23.8437654,26.22114192,28.73732318,25.12566416,26.0090966,28.67866585,26.716316,25.49336463,32.59089991,28.20337906
229665,0,0,0,0,0,0,0.017287468,0.034326466,0,0,0,0.022463424,0,0
229709,170.1149701,145.3926634,161.9730657,165.4713764,148.0450395,148.7718361,149.1577256,144.2564587,138.665373,148.5593035,144.9896848,139.7495909,150.2829334,158.6851958
229782,6.803316331,5.614742673,6.510127078,6.348739708,8.215480514,7.961215244,7.721184372,7.651733499,6.335371498,7.746738536,7.414849426,6.179082317,6.773322593,7.667236833
229791,NA,NA,NA,NA,NA,NA,NA,NA,NA,NA,NA,NA,NA,NA
229949,114.6691477,114.092268,139.0264818,155.8255038,100.7449601,162.7943109,122.4744197,122.9406441,146.7239517,136.7248014,121.9350485,123.9254233,158.0438576,143.5323145
230075,191.643123,171.9827425,173.9465377,191.1533742,176.9504717,203.759913,182.9451572,161.6352356,161.5446678,175.8712506,178.8164665,169.3162877,176.0924359,168.7543023
230099,0.726021075,1.157441047,0.168178944,0.905080506,1.414366534,1.355673983,0.646550562,0.754328055,0.891264563,0.529656744,0.860498097,0.427185301,0.440998902,1.008205371
230101,42.52941512,38.43365803,48.76341166,48.36530194,47.93989027,46.85008621,46.56942443,45.81893211,49.08644342,46.05313098,46.59479097,42.56012548,46.88330242,51.52309687
230103,22.70855425,18.19227952,22.07118914,23.01433849,20.64608976,21.76810444,22.62992007,23.86914729,21.0005055,23.2167092,25.22972308,20.98379599,23.70768082,26.41078976
230145,1.605804855,1.464794037,1.637098533,1.630268127,2.262055568,2.413151401,2.372550123,2.512533254,2.679670159,2.49837351,2.951568648,2.165202141,1.974999867,2.252598713
230163,1.123893112,1.220319296,1.484924457,1.313814163,1.322264366,1.543217815,1.836627274,1.844387404,1.410352716,1.355980933,1.243261465,1.60473087,1.643208019,2.200180617
230379,3.267029643,2.793767467,3.166340384,2.646175774,5.279303831,3.120207217,5.646403704,3.053266956,4.818879132,3.498932985,2.933794882,3.615781359,4.623859918,4.98370885
230612,0.011524144,0.013903196,0.024915399,0.011331211,0.012325634,0.012172157,0.029222624,0.045130738,0.033952936,0.012389631,0.011951362,0.018986013,0.041263055,0.035007131
230718,12.09513705,11.19512673,12.51913032,12.59079622,9.453478613,11.35291095,13.51407444,13.6977604,11.56581709,13.37202765,15.59053274,12.50462415,14.81573671,14.45865669
230801,5.731149822,4.724478878,5.005777874,5.319011566,5.457153938,5.147669249,6.191281349,6.324695091,4.540660934,6.29986082,6.284518161,5.494134397,6.262428728,6.165007004
231050,37.0263471,34.88119968,36.17426259,35.9746917,36.0789806,40.6790314,36.35829505,33.07636144,34.28500067,35.20407178,35.60443848,30.50591179,31.58050624,35.89521026
231051,17.04556018,14.49759558,16.63611428,17.27548741,17.47687591,16.00135163,15.78286126,17.43190044,16.6736206,18.93821017,16.66832863,14.94307699,19.44735049,21.9299947
231086,27.62406001,22.49653865,23.13448645,25.19761757,21.6926977,24.17336113,27.56070547,27.34110362,21.90697986,26.85006529,26.14922588,22.06755706,23.34091171,23.10907607
231327,11.20231258,10.19732896,9.962462638,12.56268155,11.67068337,13.01687879,11.26209929,15.27109737,12.14287848,10.87413373,10.90288655,11.18330728,12.26545948,12.45422115
231396,0,0.035004452,0,0,0,0,0,0,0,0,0,0,0,0.03525536
231583,2.42652377,1.601648152,2.280257328,2.117576775,2.319191347,1.924174575,2.026101948,2.690307786,2.115041544,2.806994897,2.417043544,1.863160779,2.46918122,2.303189158
231605,66.67807453,59.23212309,69.56918149,67.2669705,40.2202103,60.75288036,59.98272711,49.96094711,60.80450792,61.12039583,55.87811068,56.42027413,70.53528952,66.11162905
231691,1.833346284,1.362840724,1.521430349,1.493106623,2.178725882,1.779957229,1.236589858,1.57477538,1.364011306,1.353841833,1.517208052,1.281396999,1.326148034,2.047663233
231727,2.812830572,2.836369179,2.155716051,2.04334468,2.447179763,3.126199968,3.034060012,2.301762802,2.329510206,3.294893184,3.025953956,2.305539783,3.006432578,2.397587473
231871,13.97503331,14.4478425,15.01043735,16.10540177,16.73656562,17.53408111,16.27333151,17.35593347,18.83000989,17.12893498,17.68530491,15.36079181,18.29349615,18.92449609
232087,132.7983835,125.3458183,134.8732755,134.5554352,165.8586581,166.0212756,146.9968868,138.9586011,143.1719257,146.6658057,143.9634185,133.8756076,148.472831,169.7495679
232156,1.188853256,2.775426652,0.150213585,3.516970599,0.104585258,5.310919292,1.21369554,0.374304755,1.708363841,2.417950565,2.78075505,0.440904691,2.455478815,2.557687091
232333,297.9054603,268.2042301,298.7158983,330.2128303,279.039219,253.3427673,280.5378465,260.2005119,245.1127299,291.202664,262.2009076,242.2979102,267.7770771,297.9824733
232449,3.82384595,2.834144907,3.688737714,3.810409273,3.759672235,4.4735402,4.797475875,4.105868295,3.95740762,3.539537047,4.392393273,4.181020957,4.006164174,3.083649951
232493,0.067453326,0.162756869,0.024305877,0.088432066,0.192385662,0.09499505,0.06651804,0.150948598,0.132489288,0.048346142,0.116589881,0.111129274,0.040253609,0.109282328
232714,0.009207947,0,0,0,0,0.019451437,0.023349273,0.010302878,0.018085904,0.009899484,0,0.005056694,0.008242435,0.033565407
232811,NA,NA,NA,NA,NA,NA,NA,NA,NA,NA,NA,NA,NA,NA
232975,967.9278792,856.906569,1001.347121,1117.603583,944.7408965,987.8941517,1035.782587,966.1642359,1023.784577,1059.662721,988.2074267,955.3879941,1109.269986,1141.821957
232984,1.154320772,0.928412996,1.4886402,1.055346772,1.516178362,1.133669313,1.36940189,1.994022449,1.869506189,1.894177251,1.40713316,1.067644674,1.232688313,1.599458012
233011,9.287422802,8.198337582,8.187785434,8.761178177,7.618784383,8.017429692,8.411496621,7.612707015,9.233707724,8.319304304,8.730608027,6.905490248,9.318837504,9.641586377
233016,15.12541461,9.633675764,11.30390866,10.26098083,13.24013707,13.81159329,15.44541758,12.88209461,13.50587274,14.19462724,15.33560965,12.78438115,13.25577106,12.78296032
233549,0.08139123,0.039277475,0.0703877,0.08002861,0.069641513,0.068774345,0.481576108,0.400706146,0.383677425,0.175007764,0.320752424,0.071515708,0.029142735,0.039559012
233781,19.94498264,19.38572567,21.85639829,21.79349488,18.92474405,18.29286019,16.93792847,19.17729463,19.99438816,21.30005207,18.22040555,17.82885014,22.36600099,22.44958395
233799,0,0,0.017073553,0,0.008446277,0,0,0,0,0,0,0,0,0
233801,0.110939949,0.066921232,0.104936166,0.095447307,0.029663922,0.205061853,0.210988975,0.186197969,0.054476019,0.119271772,0.086289503,0.137080074,0.124133982,0.101101374
233836,1.884510935,0.705584664,0.913215325,0.990375809,1.019371964,1.304106715,1.647825426,1.890469731,0.967917194,1.269187015,1.572483833,1.831909351,1.851720743,2.105606576
233904,20.63465915,17.83557197,20.87111834,21.96628108,25.02244158,21.67888565,22.59532013,20.97823596,22.41919093,22.56718032,22.52567469,20.51998267,23.66127423,27.00120874
234129,0.046874196,0.11310187,0,0.06913417,0,0.061887467,0.059431182,0.026224037,0.092068533,0.113387729,0.048611897,0.012870864,0.062938705,0.014239072
234135,NA,NA,NA,NA,NA,NA,NA,NA,NA,NA,NA,NA,NA,NA
234309,7.21521099,6.859700814,6.686975858,5.976274983,8.136423431,7.983337056,7.681397439,8.654539025,7.586558959,7.093098556,7.452190282,7.257131004,7.652096124,6.849311183
234356,8.697131986,8.816781196,8.887626614,10.72939917,10.58019641,10.89124015,10.28655962,9.423278721,10.40931295,9.948993419,11.05705808,9.043800952,10.42318257,11.57134241
234515,5.198584867,3.240362748,3.376271633,4.387102957,2.706290682,4.194915722,3.674607157,3.228611662,3.606378335,3.278927646,3.540422006,4.50720793,4.663990373,3.798603962
234724,0.049680801,0.239747748,0,0.048849064,0.05313604,0.14430459,0.09448446,0,0.073185871,0.080117899,0.128806368,0.01364151,0.111178627,0.01509164
234779,3.608666604,2.961147683,3.014067334,3.917433981,4.655371412,6.63906162,7.399364367,7.927738256,7.67526029,7.908876233,6.958497183,4.879935773,5.663872989,5.981643037
234889,19.77021221,17.31802947,17.26888062,18.89336911,19.83044723,16.50807643,12.26266216,14.29949551,14.94861542,14.51917246,15.87376653,16.2452583,18.43751936,21.51016579
234967,41.94123873,39.32790462,42.50044867,46.67179907,39.97669149,42.0197125,46.6933305,40.00130155,37.98353922,44.84865733,41.50252085,43.11077574,43.73418032,49.68351974
235033,0,0.049706322,0,0.081022068,0.044066268,0.261105359,0.069650613,0,0.040462533,0,0,0,0.092201585,0.225281752
235044,NA,NA,NA,NA,NA,NA,NA,NA,NA,NA,NA,NA,NA,NA
235293,47.55170728,52.02776519,43.19251398,58.22373564,41.2525002,46.28180347,53.42498242,48.98526233,51.91648896,48.01914595,48.94193817,48.07023708,54.6943923,53.86623025
235339,49.45824873,49.99168059,49.42684856,57.15405486,47.90898872,52.93671567,50.7654041,45.66013582,50.21109681,49.16335581,48.8254299,49.28560793,54.4181833,56.21848892
235504,15.93216348,14.22799032,15.51014777,19.76995204,18.96320136,20.80472615,18.8008403,18.6731984,19.69383584,19.00424743,17.51046962,16.68741588,20.79480927,19.22920422
235534,6.039221315,4.77133798,5.646085567,5.259746304,5.466711509,5.916951238,5.125233816,5.186255489,5.429995595,5.411520162,4.565062775,4.749344452,5.127625899,5.590718526
235582,2.768803002,2.956932595,3.145809221,3.486401253,3.852802666,2.394803527,2.567223779,2.781918291,2.767746336,2.657808852,2.387989045,2.606628341,2.838866971,2.480342558
235626,23.6854035,20.6943491,21.4895228,22.58890415,26.81722645,24.97191328,24.40471994,22.64326738,24.66276193,24.14505617,22.56380592,22.50577924,25.25903837,28.44950293
235674,3.699567417,3.96738533,3.489070205,3.847206141,3.891734216,4.164887767,4.465431464,4.514256817,3.827648389,4.22293199,4.041972714,4.06335523,5.137818206,4.402805105
236149,0,0,0,0,0,0,0,0.02266703,0,0,0,0,0,0
236293,0.078883578,0,0,0.07756294,0.028123278,0.069432726,0.011112829,0.073553115,0.038735039,0.07067325,0.204519794,0.028880133,0.023537377,0.175725936
236539,67.57528142,60.83975828,61.90500513,66.34944765,48.64173242,62.23746269,60.14509776,61.89756752,46.63445285,57.08424501,60.5228533,57.063983,57.25214046,55.40668453
236899,22.22032234,19.95258342,22.12163733,25.76840565,23.9565602,26.17308681,27.69447248,26.06046859,24.31925132,26.55078819,25.46701705,23.76225214,28.05616617,26.41697567
237523,0.064646193,0.151109101,0.043676934,0.143018801,0.056178084,0.076816469,0.085379235,0.058770859,0.170623491,0.073845086,0.054472218,0.110942213,0.101268345,0.162011089
237625,3.727461815,2.233132724,2.853598439,2.764429495,2.319906948,2.620227863,2.048471112,2.825542279,2.954773032,2.160988116,2.216478915,2.165763979,2.653348006,3.076142792
237823,12.64030526,10.11654919,11.539539,12.13250067,11.68703188,10.2211135,10.73205941,11.86830734,9.976898756,11.83272429,11.38682066,10.099171,12.06651782,12.60936645
237831,8.369494159,8.694048058,7.935920199,9.762541975,6.598749508,4.69158343,6.105483545,5.997949351,5.827335464,5.572817063,5.935105951,5.683975255,5.892420162,6.71833466
237928,30.07668691,27.05001382,30.07825296,29.2691723,33.30217506,27.0874826,30.61159906,29.63387932,25.53287542,29.70815012,29.43590534,28.42590788,29.22912947,28.71074732
237940,2.537178756,2.550796309,3.326808339,2.956684211,3.555366288,2.00988494,2.144570597,2.208016493,2.387894083,2.765611287,2.180515037,1.883579765,2.439371867,3.511076195
238011,0,0,0,0,0,0,0,0,0.078594338,0,0,0,0,0
238023,NA,NA,NA,NA,NA,NA,NA,NA,NA,NA,NA,NA,NA,NA
238024,37.10115861,34.43543526,38.31276518,38.1933047,33.95113572,36.72096317,32.16158532,35.31913163,34.72512251,36.15365249,36.76785441,29.51402902,38.39939912,38.5278481
23827,57.74803071,51.49974713,44.91826986,57.91037123,45.89619587,49.15868939,46.29049632,40.31971788,47.96321033,46.21964323,41.53205664,46.71092879,47.97089993,58.22018464
23831,23.11651755,13.71761571,13.67546787,16.60824959,12.65107368,20.68196417,24.78170468,21.13387215,16.93443726,20.60948685,21.74424213,15.67499599,20.69260274,19.45364575
238384,14.95510752,15.74729695,17.05205068,18.40689881,36.93595187,19.1520088,13.6124438,15.88346495,21.69984532,18.10935601,17.55781478,14.82954595,19.35315761,21.29404656
238505,7.18440132,6.818261208,7.607902115,8.518886599,10.35709684,9.559396149,7.024696375,7.740426533,9.313740253,9.257293768,8.992032326,6.778235522,9.252867258,10.13873995
23887,1.204662382,0.897883413,1.274978212,0.967440449,1.618988719,1.745388617,1.860572894,1.714880932,1.660023264,1.701983761,2.073480635,1.357756524,1.546946361,1.854621028
238871,10.71569165,10.34948056,10.00231873,11.59310333,11.54876822,11.74658771,10.59480043,9.428796211,11.53768606,11.8039938,11.10261863,11.37862808,12.6855128,14.36881597
23900,1.162013463,1.484364992,1.256146622,0.604884435,3.947813225,3.898655533,3.351039237,4.818351782,3.490703655,3.159951397,4.536813767,3.528531035,2.080337828,1.57806058
23908,26.20055876,31.05962621,29.54475733,31.14491771,33.3387848,34.68214965,30.1018234,29.18692928,33.08281234,31.46720405,30.51162415,30.21176799,33.49378256,35.66044546
239122,3.173795401,3.232384798,2.936212374,2.946484536,3.702404909,3.211933562,3.643448197,3.204334995,3.080681494,3.79304571,2.916380505,3.007587186,3.349740323,3.246585716
23917,27.13199133,28.03978287,30.3690124,36.37876113,35.89547999,31.10963871,29.08848762,28.57251354,31.80221208,31.32423799,31.5515969,31.37360899,36.15455363,36.93447435
23918,15.25079081,13.97212886,15.27941508,17.44857771,15.92729919,16.93889549,17.31362136,16.4451474,16.57918432,17.52332776,16.97393322,15.79083454,18.19640386,18.05922886
23923,0.352405735,0.101227762,0.217687802,0.297005054,0.55639852,0.514020616,0.510640733,0.657184684,0.477935257,0.432996737,0.417679975,0.423921413,0.165237673,0.570938772
239273,6.03772617,6.397227061,6.391563126,6.977352107,7.444691713,8.48645589,8.34266391,8.791719464,8.484666181,9.411638945,8.66776474,7.433158454,8.363644589,8.394378807
23945,78.81219127,100.0939616,101.6337005,106.9296154,115.4211691,86.35482257,76.70456225,81.98407866,91.90493359,93.35335825,90.31199751,80.00447065,87.50419106,92.63228573
239559,2.655468542,2.572891722,1.829439864,1.988698052,1.795329975,2.644929535,3.337759415,2.801889193,2.986231858,2.973237613,2.753910999,2.47834376,3.214526942,2.825389901
23956,8.753579637,12.18860427,11.8813554,10.64822367,29.76472213,11.29230271,8.510350286,7.82009901,10.60149612,8.493451118,10.15454203,11.69174831,11.43869243,13.41107777
23959,2.05269243,1.615263399,1.712222012,1.843731291,3.315972235,1.646718744,1.75906926,1.633178224,1.726428672,1.87468042,1.778901547,1.724059131,1.932824102,1.773559228
239606,31.17364844,39.09078153,37.34983599,42.03207417,63.50279919,41.63710403,33.21785678,31.74881214,40.08847106,35.47231884,35.73550793,40.09323212,42.42297753,43.24474438
23971,79.21048357,64.89170849,67.30160267,71.26216688,72.48850167,66.32953503,71.88833029,70.48438491,69.64179534,71.11028721,67.64130868,66.99159666,72.43766641,76.73843264
23972,12.92611403,11.21263861,12.87172701,11.91787818,11.6542246,12.65481063,13.61396446,14.02183396,11.87939898,12.916247,14.30865117,10.31619009,11.79140329,11.61252888
239827,12.43725899,11.79962747,10.73803695,11.37370004,11.78091983,11.93222034,14.49718174,14.63962293,10.93292548,13.9906,14.6660573,12.66606939,13.55337904,12.6555366
23984,15.61578416,15.69292266,15.91193348,18.96796208,126.0778662,15.78012421,13.21139115,12.40809636,14.67465395,16.505609,15.26765968,19.06020923,16.72055769,16.92037189
23985,6.926089274,5.941723997,6.888609552,7.450077997,2.077921565,5.489227162,5.517687617,7.597512919,7.536557991,6.642099541,5.490397616,4.87583051,7.017215287,6.834156991
23986,33.62867746,30.75899433,28.88227368,29.86468794,31.53265841,31.85185833,31.3600888,33.33306778,29.04366583,33.08409677,30.53962042,28.21598936,30.60352199,27.49566892
240215,0.346621081,0.110694113,0.330617993,0.15036092,0.283498002,0.118447966,0.48256227,0.479094364,0.300361807,0.208247293,0.200880784,0.291127512,0.209892346,0.371625188
240332,55.30794659,48.57781591,64.65801044,65.32343656,42.17677152,58.30467562,55.7473235,54.42412852,69.39711856,57.39571276,56.06060135,62.97493614,72.93470944,72.42788098
24059,0.458699219,0.51614575,0.569759719,0.524744256,0.266528533,0.514773055,0.62072349,0.681035051,0.389838359,0.614064709,0.487139122,0.685464467,0.767904085,0.750292369
24060,15.01996525,15.35465787,15.46219463,17.27902496,20.2444431,20.226271,21.10819096,17.87005162,18.21784525,18.73895822,19.76481194,15.82444885,18.01610131,18.39304277
240752,8.773290815,7.330700415,8.554130589,8.833089578,11.06439244,8.429789956,9.823812969,10.34481202,8.266740377,11.30262738,10.16500058,9.131637306,11.32411546,11.00217618
241159,5.262942631,4.017936624,4.310487633,5.554869166,5.126017853,4.633536172,4.023836251,4.656234171,4.833339891,4.730172643,5.331116959,4.139008238,4.157521991,5.283457086
241391,6.821632097,3.884768517,3.799291252,4.548412228,3.887895098,4.779909475,5.856575417,5.235847653,3.27409179,5.311536621,5.172245399,3.595479474,4.278632957,5.246644713
241447,14.40855874,14.13059721,16.99473339,17.51640061,17.444532,17.42994727,15.30263216,14.43476936,18.16311819,17.47721196,17.27434175,14.28018609,19.80001773,19.98189204
241489,6.50981372,4.781417941,5.381726212,6.299318025,2.680740257,5.240197718,5.599431873,5.332973674,5.570784904,6.351256222,4.496796508,4.743528577,6.489518646,5.80531157
241612,0,0.088739432,0.047707989,0.108484978,0.29894747,0.015538159,0.055955461,0.016460249,0.065013058,0.118618289,0.038140768,0.064630054,0.072426264,0.044687753
242202,6.246716407,4.917069348,3.565953546,4.042372594,3.480665324,4.07039245,4.450734239,4.008915881,4.342746007,4.186074901,4.084040613,3.705997569,4.240478083,4.952314372
242285,0.038100231,0,0,0,0,0,0,0,0,0.081923277,0,0,0,0
242341,0.087984039,0,0,0.021627761,0.247020959,0.174246489,0.185923029,0.233810078,0.356430819,0.106415803,0.159680059,0.410701862,0.147671906,0.133635469
242585,3.807378277,3.042530495,3.881052557,3.282139576,3.858640407,3.603415206,4.547544739,3.883880459,3.918028641,4.281605575,4.406218446,3.508529781,4.022683377,4.898686414
242607,0.08890054,0.08580258,0.028830676,0.069929761,0.085575118,0.046949748,0.127744615,0.089524648,0.061115284,0.038230863,0.221270939,0.058585413,0.087536624,0.0108022
243078,0.216085057,0.122679433,0.164886931,0.14997702,0.312682984,0.255086973,0.236367507,0.113778844,0.137314341,0.054661999,0.118638887,0.446744934,0.273073631,0.247117572
243085,0,0,0,0,0,0,0,0,0,0,0,0,0,0
243328,15.64751502,14.79471513,14.34483781,21.86201419,6.609545151,19.8079793,17.1551159,16.80114543,14.72551849,21.03698113,19.52642653,13.26899731,17.55400494,17.15214357
243537,0,0.020788626,0.018627261,0,0,0.018200306,0.029129908,0,0,0,0,0,0,0
243616,227.636457,208.5028006,240.2637651,304.6846241,100.1656827,161.8559434,229.9052662,215.8737393,160.5507237,222.0805051,203.4440986,213.3235216,205.8059114,244.6055997
243755,9.196022621,10.38612938,6.831749617,8.445315975,6.716991597,13.74748355,13.49961328,12.58511988,9.854029768,12.5391826,14.98270097,6.245660428,11.70398127,12.81721156
245650,0.540627365,0.598991167,0.512860883,0.661758368,0.688365884,0.990557606,0.7367469,0.59256896,0.505657117,0.782880705,0.739930893,0.339307783,0.398344451,0.616690998
245847,11.74894934,9.603724209,13.41091451,13.66245024,11.71115985,12.91847797,12.60566316,14.35894848,13.05465487,13.52598953,13.52445617,12.27888401,12.33027212,13.59746774
246049,0.890152502,0.874632746,0.694416285,1.028644233,0.61834924,0.98867083,1.365194819,1.088414362,1.00037553,1.312181868,1.170594647,0.675307123,1.174685021,1.148517823
246221,34.38383024,31.97723969,33.38168148,32.25110548,31.03766242,35.18822967,39.33655708,38.60535398,29.99630497,38.13661564,39.31261685,33.13395269,33.3123289,32.25455433
246277,19.82140565,17.32643878,18.73268409,21.13638617,18.80209392,20.88026318,18.5266019,21.14547161,20.63187241,22.7278681,20.91181336,17.62787217,20.31650738,22.93099686
246696,41.25454798,38.22691939,42.93295191,42.87239402,41.38052471,41.42791215,41.69145864,41.23731577,37.74454126,40.87419606,40.59459452,40.54389169,38.48289549,42.86404445
246787,5.578178985,5.373841917,5.807137086,6.437786459,5.922022666,6.915566659,6.797967185,7.406719955,5.549107488,7.571215239,6.736657524,5.254688863,6.894590757,7.692568697
257635,7.462656935,6.379310023,6.018042538,7.592774496,4.908517124,7.90336445,8.551043493,9.310085004,6.662668273,8.516518432,9.146456729,7.254102938,7.608940446,8.000988513
26357,8.42150339,8.635314754,7.72456311,7.055516093,7.386423663,9.534028061,10.08010018,8.699107864,8.523541721,7.720993719,7.907540967,8.078607701,8.846693115,9.359509894
26363,10.77778308,9.909049285,8.467127258,10.99677447,9.73512435,12.9794405,12.15740652,12.13040595,11.19555128,11.68275372,12.40170483,8.700419301,10.97720021,10.39655551
26378,32.4947015,30.49291673,31.33067882,34.78761121,30.21659412,33.7427513,33.35915824,33.27645786,34.87417624,35.95973557,34.55230821,30.9437498,37.24452412,34.62973937
26384,16.85839668,19.10326997,16.98213606,23.79599858,21.83739634,26.49850077,19.92846146,25.63977944,24.09863553,24.59561454,24.58031521,21.7941654,25.35235229,22.12319544
26457,76.14593641,62.82959123,75.45199404,77.1724331,68.23965047,72.79693702,60.8038018,66.40262574,58.34530787,68.05394483,63.25261362,57.26991342,60.31699057,65.46156632
26458,6.325815713,6.162974841,6.193142578,7.2448276,5.761541244,6.025976437,6.281821105,7.487573855,4.907456396,6.467268793,6.816135168,6.947849157,6.752280189,7.328691571
26459,0.452029248,0.309520962,0.264133802,0.360374231,0.457333964,0.322599498,0.42338742,0.246055475,0.467925613,0.512246651,0.494126515,0.295203388,0.30620731,0.296894833
26462,11.29372978,11.98375176,11.44918592,12.85341908,12.05066146,12.85866808,11.26742265,11.20386271,11.73762793,11.96026191,13.09576146,10.47037659,11.75728045,12.56669915
26464,0.032987942,0.079595988,0.035660251,0,0,0.10452865,0.111533285,0.073821171,0,0.035465405,0.034210858,0.072463459,0,0.040083262
26565,0.139025312,0.119804134,0.042939305,0.195282578,0.233662556,0.062932641,0.050362395,0.155557013,0.117029268,0.106761718,0.164776231,0.305392045,0.106669387,0.217193178
26568,4.709064015,4.362605271,6.762246872,6.036443711,3.345279818,4.666830571,5.110603591,5.412134961,4.910157527,5.112726815,5.691546776,4.661291692,5.672425285,6.739160228
26569,52.87607445,49.84095263,54.77357974,61.40378289,55.03289549,58.08760777,57.85030449,54.66387472,54.56159818,57.91715743,55.32776524,55.27212345,60.10093046,59.97953601
266645,0.517011122,0.470989787,0.399209645,0.290488871,0.451402954,0.390059372,0.481600409,0.543071928,0.373038542,0.589870746,0.273559974,0.336074568,0.528913368,0.487186488
266744,0,0.037209172,0.100021757,0,0,0,0.026069538,0.034509587,0,0,0.031985474,0,0,0
268510,36.41533233,39.17347013,46.62289183,50.87435789,54.60223806,42.27978068,38.04282102,42.94170396,37.90105049,46.98303513,42.65194746,42.10909394,43.72052326,44.8638228
268512,4.88189557,3.673586342,4.38290168,5.215094285,3.389501628,4.911697993,5.693117658,5.351308988,3.0229211,5.390869348,5.208754687,3.271695069,3.695981,4.081974986
268656,29.9164303,26.19118802,28.02793099,30.13688275,30.19494725,31.24756175,30.34452184,29.04913378,29.53795968,30.29011006,30.52621953,26.99155407,31.08884613,31.93604641
26874,18.41848042,19.74965183,17.25813559,19.16229822,22.98848765,18.91758009,19.90814145,20.32443304,17.22860543,21.02192499,21.08539503,19.39858731,20.13487777,20.25239607
268756,0.131878946,0,0.142562284,0.194506621,0.04231529,0.348236544,0.780302126,0.295121725,0.194273752,0.510419995,0.177798282,0.217270405,0.531227677,0.400611406
26876,0,0,0.044538424,0.121533103,0,0.06527634,0.05223796,0.138300146,0.080925066,0.066442603,0.128184544,0,0.110641902,0
26877,21.65136873,22.19979552,21.92915451,24.75535434,25.89496427,25.59994399,23.13298086,20.91450154,22.66566499,23.84122584,23.13787097,21.92701384,25.06992036,24.22637067
26878,22.04595556,20.16028051,17.10123465,19.49495384,16.40742573,23.40451021,20.27098689,17.04232639,18.25562499,18.54641386,19.39122456,17.25872769,20.53748619,19.19888754
268782,0.018875565,0.068316746,0,0.018559558,0.040376675,0.019936955,0.015954722,0,0,0,0.009787656,0,0,0.045870955
26879,52.87740982,54.00231583,53.24406051,57.06103018,46.88233685,61.40471464,53.72121244,49.42513984,57.36880892,50.78370631,50.13292465,52.62518472,57.22135861,58.12990019
268860,131.927116,115.9856413,127.3318645,147.5234565,155.270463,124.4580868,136.1905241,129.0701705,116.9703001,138.5109879,128.8574799,120.6454213,127.6840826,129.4932316
26887,0,0,0.096871072,0.01468525,0.463246639,0.063100462,0,0,0.102673678,0.080284812,0.030977932,0.032807831,0.106953839,0.072590787
269060,40.48926899,47.85714644,56.46739005,59.31338449,53.578432,49.63932272,41.07304671,42.75665218,46.9202041,51.18558377,47.43984255,49.15180544,54.53771099,58.69660445
26912,9.005386905,6.962240992,7.169113339,7.695360762,6.835935681,9.683815348,9.119826323,7.863104921,7.229092267,7.438488913,6.499654285,6.798402812,7.64451939,6.57859895
269180,42.17885982,37.48037086,41.79995609,43.16646288,50.04896246,42.8860797,39.37594867,37.51548473,43.55536336,43.78834264,39.68646717,42.05921624,49.22172799,50.33203483
26922,11.73802852,10.12024638,11.47842033,10.54672337,14.109248,13.17618981,14.22243309,13.33164597,11.07430657,13.83401556,13.43633399,11.05821338,12.31850776,11.31470993
269346,0.056788178,0.008563946,0.015347128,0.055837452,0.045553295,0.037488392,0.04800066,0.142967119,0.048799276,0.045789817,0.058893406,0.116948067,0.07625036,0.120754636
269378,8.221065532,7.849788936,9.105765634,8.711677658,11.6516396,9.380710359,9.640278081,8.876930073,10.06081772,8.632406131,9.38725197,8.947590304,8.788898352,8.837701838
26938,45.70169089,42.38950498,46.88611523,52.66822548,26.73160235,38.08946568,39.82020261,39.09133594,41.85246356,44.71979046,36.12371586,37.86401968,46.46041263,46.66636962
269437,8.483563286,5.787129176,6.557518427,8.477556558,3.632393108,6.469313291,8.877993622,7.634903589,6.578968017,8.745160451,7.822492602,8.501091355,8.058377989,8.711398681
269614,26.40124227,19.7702726,23.63205958,25.95082015,25.63539641,22.83704696,22.47515635,22.43824357,22.70607203,23.97262573,23.91528294,22.43954035,24.02397314,26.27174442
269615,28.71066604,24.72218555,30.77774192,35.34452897,22.92524217,27.09306069,20.51116976,25.26054788,27.53804084,28.75288891,27.46465525,24.56947411,28.11625512,32.11641191
26970,0,0.157195566,0,0.064057797,0,0.103217767,0.192735476,0.328029246,0.095971657,0.175103188,0.101345468,0,0,0.039580582
26971,0.824016038,0.847931374,1.021763841,0.941285795,0.168488671,0.460774163,0.542865075,0.244059082,0.428426821,0.416894762,0.477550262,0.638854318,0.856932381,0.750939173
269823,2.409060181,2.821219233,1.736143286,3.019478266,3.388285914,6.077031178,4.393287029,5.321933993,4.359135672,4.942793132,5.243827105,2.956097043,4.170725773,4.299690615
269941,8.845763717,7.913110469,8.678953719,9.37431359,9.269302922,8.760167298,8.906904394,8.437846704,8.14518462,9.749007608,9.939403508,7.337868634,8.540650326,9.302491023
269951,35.61847531,30.25833936,33.20117492,35.98680636,36.93529669,47.48382894,41.12124579,42.94046759,38.64148457,40.31612876,40.76925606,31.15983341,34.81785522,36.96856911
270076,24.70776484,18.11013923,22.26557315,24.50741051,20.49825485,24.01208567,21.95707767,19.91517086,19.98296704,20.16157435,21.02314959,19.50124166,23.41799742,21.49520209
270198,10.71863646,10.72570859,11.02503048,11.36752017,9.815420679,11.34975302,12.05224142,12.30406568,11.27469728,12.64130488,13.0770926,12.30416708,11.71261663,12.9587513
27053,74.5617766,66.68507465,76.03287051,79.96078299,88.6835651,95.60815852,80.47160654,68.26262618,79.56472615,73.37474049,70.7112345,79.98633194,83.31449868,79.10670557
27060,8.860937561,7.771755797,8.964727825,9.290802396,12.92930911,14.59639317,14.49944243,17.15989232,13.67013555,15.61871862,15.96714859,11.64054142,12.23867754,14.25020477
270685,7.354830858,6.979899583,6.960446799,8.768104111,8.262549389,8.977765812,9.404795903,6.933197868,9.994519374,8.052014482,7.802108114,8.314769373,10.39393565,11.26098337
271424,1.747953396,1.218418945,1.371675341,1.693227773,3.475925037,4.007029757,4.913960972,5.823952848,3.878317134,5.735126555,5.317408268,3.057513519,3.558173879,3.052148378
271639,0.440932028,0.387628543,0.399056938,0.346167923,0.233971258,0.335755976,0.338031427,0.348031894,0.285330541,0.242535648,0.322576012,0.259038831,0.315146053,0.402866822
271786,14.46485771,11.48018739,11.27888536,13.49313102,21.78684798,12.35751041,12.63063932,11.92255871,11.41862009,12.57829649,12.32770949,12.75766749,13.42743138,14.74587492
27222,10.47547522,2.063754436,8.48865678,3.964657049,3.563335157,8.078992855,8.840708482,3.171814102,6.479853436,6.813371527,10.42453435,7.264782892,6.314563985,2.573439397
27226,156.8693939,124.0271119,148.6912596,162.4224025,119.0710751,165.0060784,184.0043931,172.8767699,144.8388059,153.8041425,164.1883688,123.1564194,130.6732919,111.909755
272411,0.946069934,0.669607969,1.009073665,1.327129847,0.917426941,1.239092683,0.863647017,0.804512042,0.978670432,1.356162359,1.229698294,1.066808698,0.880743184,1.01161147
272428,0.393442666,0.099929521,0.268619957,0.244329981,0.996646089,0.262462926,0.192535058,0.32437816,0.142355186,0.178101489,0.107375846,0.113718652,0.101949067,0.301937414
27357,NA,NA,NA,NA,NA,NA,NA,NA,NA,NA,NA,NA,NA,NA
27369,13.12887716,9.654846172,10.59642487,12.43990133,13.79408931,11.64953756,12.72212482,12.2188274,10.92543796,11.24207221,12.56932045,11.29032618,10.8857627,11.94385148
27376,11.80990279,11.20226558,11.29928855,12.13923986,11.52163905,12.54703827,13.29283469,15.70036901,11.4539418,12.76191565,15.14377028,10.56877454,12.11937133,11.66074866
27388,24.63786824,22.39843338,24.94471497,27.38234289,24.77202186,26.47630657,25.02564398,25.08575527,26.1821639,25.38811603,25.70374009,21.91899609,27.01818516,26.43793677
27399,110.1163994,102.9115108,114.0242352,129.538981,106.8858333,112.3055929,108.956719,104.8067234,107.9894921,113.0645792,109.2465144,108.5839578,116.0384027,123.4614074
27402,30.44823129,30.05841207,28.50260799,31.65736314,29.81817446,33.55724303,29.00668914,28.64302777,30.22360749,29.60527966,28.55802693,27.68212925,32.46715773,28.38059637
27404,10.70399386,8.602682448,9.839793635,11.01937787,11.48287506,11.05936963,10.65308149,11.04479042,12.14829912,12.45966631,11.37206835,10.93889021,13.19452755,14.26781056
27409,0.022028452,0,0.023812948,0,0,0.11633566,0.018619725,0.036971831,0.064901187,0.047365671,0.022845082,0,0.078874512,0.040149771
27410,31.3510376,31.17041806,31.34333986,34.99286215,42.34922608,39.72739656,40.13847195,41.94818837,40.41987195,44.27392047,41.53867,36.10092136,42.71709823,44.63792891
27411,0.251954295,0.833097211,0.201751686,0.367016555,1.067928996,0.778652996,0.5600227,0.365444779,0.458221438,0.300973989,0.60000992,0.225483375,0.467776865,0.49890575
27413,0.011609243,0,0.03137423,0.022829771,0.018624977,0.024524082,0.01962561,0.025979429,0.011401219,0,0.006019808,0.025501618,0.010391939,0.028212509
27416,44.6394857,36.03708341,46.58810799,48.44801477,52.9290292,47.14960391,41.51484304,42.69956087,46.89721041,49.1380643,47.5490191,41.69122043,52.19452356,58.41461201
27425,NA,NA,NA,NA,NA,NA,NA,NA,NA,NA,NA,NA,NA,NA
277973,11.94365643,9.737327594,10.28938233,12.06428994,17.96848055,13.12276934,10.30337576,9.87571277,10.94317033,11.90589011,11.90591891,11.81132181,11.76144045,12.80972998
28042,NA,NA,NA,NA,NA,NA,NA,NA,NA,NA,NA,NA,NA,NA
280645,25.03581373,24.19707439,28.03737938,31.77582204,26.380442,29.11898627,28.45577887,25.97614752,28.48880654,30.18802107,27.27236562,26.08018946,30.7257361,30.40902132
28080,NA,NA,NA,NA,NA,NA,NA,NA,NA,NA,NA,NA,NA,NA
28169,95.8326465,90.89887003,96.41933923,107.0276983,98.37821884,94.63820081,96.90806886,91.048509,88.02149597,100.7454123,95.85292386,90.03643133,99.73724265,106.0791191
28200,22.58559786,16.59261395,17.8874641,17.22083261,20.27206825,20.08773693,23.55906944,19.93329628,19.35288026,19.31456189,20.45880656,18.38654708,17.69739781,18.27825564
28253,0.096962731,0.05848989,0.11136865,0.071504564,0.123151316,0.12801879,0.128060191,0.040684766,0.041661058,0,0.043993816,0.02662433,0.037973061,0.066272782
29807,1.518024463,1.306958211,1.544029558,1.445118147,1.350541017,1.938637426,1.930515818,1.937873961,1.50437623,1.424318211,1.574300053,1.470251614,1.599736907,1.576237918
29859,391.438739,389.3910452,416.3870704,439.6331212,399.1159345,385.3550231,384.1817352,348.5873664,350.4113945,384.3968054,373.8281058,385.2132247,400.4822094,403.6206142
29863,8.417622349,10.54403602,10.38095695,13.08514247,43.11572318,10.88029256,7.170921663,7.154049331,9.19568692,9.507178196,11.31259916,12.44810406,12.4042495,11.02111225
30805,15.47934945,8.469349803,9.334227837,9.951226919,7.520867404,12.77827604,14.60705407,14.72790924,12.8464184,13.77389248,13.3715944,9.740828822,11.20648332,12.35436616
30955,1.5186193,1.625014371,1.798667116,2.038536016,3.82284288,4.068147955,3.966215485,5.466992966,4.31427436,5.267137954,4.669971106,3.161851098,3.794449857,3.519358801
30956,6.041417034,5.891312562,5.972489451,4.293617733,6.352781096,5.562825618,3.618246267,6.610954731,3.727439925,5.965096303,4.699036505,3.584193234,3.544579677,4.792475307
30962,0,0,0.024360888,0,0,0,0,0.01260752,0.077460338,0,0,0,0,0
30963,NA,NA,NA,NA,NA,NA,NA,NA,NA,NA,NA,NA,NA,NA
319415,4.157103951,3.221748471,3.310877647,4.033368175,5.87431778,3.213180196,4.939135231,4.43580193,3.095756707,4.143732215,3.868672552,4.286184387,4.066217379,4.173133935
319446,0.046055962,0.039688418,0.014224827,0.071162004,0.098518198,0.04864573,0.1112262,0.095703295,0.135692085,0.070735517,0.122819993,0.014452789,0.094232457,0.07195122
319518,20.26423092,18.21205826,18.8809965,21.54303963,20.67600147,19.65300778,18.91617432,20.1612072,18.9909547,20.7897424,19.38277098,19.3923775,21.04297637,23.72771637
319554,33.04939074,30.34106509,27.88670798,30.25035785,27.71868816,31.65824879,40.98804464,34.96731447,35.98077362,34.28539404,34.9551267,34.31483848,36.73200674,36.49214441
319800,0.053213625,0.021399693,0.028762195,0.026161372,0.018971523,0.018735291,0.029986161,0.029770667,0.043550084,0,0.073581785,0.019482085,0,0
319848,0,0,0,0,0,0,0,0,0,0,0,0,0,0
319945,17.70162664,15.8626653,17.8240876,20.27261559,20.60558947,18.32646149,19.28066848,19.15233126,18.85586713,20.06825632,19.41142221,16.79324264,20.34007128,20.63873113
320011,13.24224482,12.30302046,13.16435635,15.8266616,15.80624074,14.96138312,14.07880693,14.53085876,14.74869247,16.17564369,15.15515703,13.51571351,17.30209053,16.75975722
320127,18.16066266,18.72288714,19.12487197,21.26326315,24.17855818,18.46411301,14.61427091,16.89867377,20.13808344,18.47502459,16.0795415,17.78623846,20.54003756,23.71237008
320207,1.727649841,1.649264718,1.885058695,1.894529536,2.693997229,4.030470936,3.193574746,4.016726323,4.344801187,3.85367096,3.605719595,2.323149122,2.63530405,2.844774073
320208,10.54354888,9.275967622,11.21559632,11.91546355,17.22149993,10.1135079,11.10443244,10.6477206,9.891475172,10.92796929,10.52393782,10.38714247,10.31243668,11.13317958
320404,22.10531507,14.63457588,15.60355982,19.68325954,11.31906713,19.12975865,24.97807928,26.23843119,19.92604763,23.30814718,22.47772684,18.34328701,19.56254509,20.98354529
320452,3.955913339,3.185663963,3.406245378,3.947595931,7.454193653,11.92335377,7.78276366,8.281495785,6.671065674,12.15748972,11.88013344,4.668350599,5.368780447,4.675581397
320581,0.119323228,0.031990309,0.01433216,0.091253217,0.056720895,0.12603288,0.134478548,0.029669361,0.052082266,0.114030802,0.151246004,0.014561842,0.05933968,0.032219612
320634,19.98299698,18.53140343,19.87936817,23.12857195,22.42357974,22.61997894,19.95433904,19.63212809,22.63391606,21.72074011,21.0079099,20.00081039,23.07693125,24.84738398
320635,0.668101026,0.351010553,0.582437902,0.445007573,0.334232784,0.466652044,0.901726691,0.542573626,0.476222995,0.729861924,0.983426397,0.532594661,0.77167272,0.484462321
320685,4.617716744,2.579362967,4.309801279,3.041298454,3.598723649,4.386861085,3.436560039,3.46088442,4.483341246,4.041324049,2.77156618,4.330749194,4.109989118,4.237479188
320707,89.90301326,79.69279504,83.9080342,98.42164164,70.76955736,91.56767216,85.47770376,82.99467342,87.36696166,96.18853328,84.85510988,83.31963914,103.3480301,107.831957
320718,0.068589165,0.034478649,0.030893951,0.033720436,0.018339865,0.078483161,0.062806834,0.102326936,0.078586818,0.012290059,0.011855312,0.050222474,0.071630011,0.05556126
320940,7.598369987,7.451869546,6.412144251,8.386980795,7.108789345,9.410702073,8.363169761,8.05395341,7.073057743,9.135252093,9.553505954,7.089219524,8.761672529,9.148305517
320951,46.41922805,46.60065427,47.30105561,59.9269086,60.61249262,63.90286669,56.62673395,62.9191935,65.72376776,64.32046946,59.06437281,47.99027,49.3196288,61.02841047
320981,5.712841757,3.74008253,3.263426092,3.194615885,2.396284293,4.046551253,5.715635397,5.013758989,4.274330695,5.363236456,3.699381351,4.468050419,4.65938716,4.169899032
320997,0,0.045074526,0.080776378,0.036736085,0,0,0,0.083608594,0,0.040167511,0,0.082070872,0.066887954,0.045397615
327655,26.32515436,23.00012155,26.03710692,30.0902958,27.15302287,25.56412669,26.4616269,25.84986578,27.15268971,26.98022343,26.24912024,24.95928141,28.95274513,32.63852927
327951,27.76754355,23.41849097,25.26896494,26.46089888,25.08070749,28.62126864,27.4192333,27.00874042,24.49180741,27.81205937,29.53036461,26.12361879,27.72136885,27.81516126
328035,26.20691169,17.95625004,19.84597488,22.59846512,15.27532364,16.50305178,19.86319706,19.53206336,15.76338914,20.07059954,19.44443739,20.41058364,20.69789082,23.12037833
328779,0.906654234,0.354753897,0.556273587,0.746911808,0.891085725,0.543523256,0.869918449,0.740285853,0.601627081,0.526889658,0.686139582,0.322964703,0.877389983,0.387071463
328845,0,0.055250415,0,0.022514756,0,0.024185689,0.048387021,0.051241909,0.067463403,0.123089018,0,0,0.020497094,0.013911611
329502,8.360329383,13.48801757,8.889127089,9.967402373,8.996862984,16.61373508,14.96037133,9.157582609,15.87311454,16.28305175,15.5868845,9.389827525,9.481396355,10.64873466
329506,8.385461011,7.249487864,7.02632031,7.108480061,7.804840513,7.271115798,6.850432587,6.640430226,6.560891923,6.890729701,6.834499859,7.021890131,7.682501998,7.685944824
330064,22.27382865,22.37531764,20.84188432,25.15368787,21.12525389,24.05596406,24.54612572,23.77513854,23.55059336,25.16167438,23.69722497,19.9099391,24.35337037,24.75471328
330406,0.600731459,0.705674563,0.5041363,0.769430929,0.473429602,0.425790361,0.293973878,0.318394092,0.512339827,0.501381729,0.385277264,0.234403662,0.566043075,0.374575375
330671,53.28603871,53.56236391,61.50247115,66.4217873,61.20031114,56.73961007,55.75778351,59.41784067,61.99628921,58.29116889,56.27906976,59.61410085,61.20997482,66.17334033
330836,10.89915851,11.40047143,12.2149314,13.46475996,14.42372821,13.69432273,12.09619215,12.69697926,13.30707489,13.49129221,13.67015422,12.66575786,14.10041563,15.64691488
330962,0.061210208,0.221539447,0.066168765,0.421298153,0.065467303,0.25860845,0.3104305,0.547910416,0.360680367,0.263228891,0.317396839,0.201687486,0.273959628,0
331487,10.57916423,8.962347568,9.978617352,12.46716528,9.817367707,10.95494128,9.555798131,9.240518678,9.867571951,11.19248329,10.71589037,10.33788428,11.54720809,11.94093236
333182,5.176129624,5.431582067,3.759436903,4.373765764,2.681559655,6.492285777,5.628467325,5.882124908,4.130245931,5.130112514,5.675559652,4.293443602,5.309080453,6.092908991
333424,0.086675608,0.091497854,0.105409219,0,0.092703791,0.068662091,0.109894874,0.048491165,0.063841864,0.034944423,0.044944406,0.118998299,0.077587116,0.078988886
338366,43.26549114,40.52646957,41.30483977,47.94331416,47.05324657,47.30042513,46.42824063,43.75629152,44.74780846,48.01506453,45.31684766,44.90622787,49.93472226,53.10382195
338375,0.031659334,0,0,0.062258611,0,0.066879133,0,0.017711995,0,0,0,0,0,0
338403,0.161317271,0.298416892,0.122069757,0.248499278,0.109273238,0.454368762,0.213622381,0.174483083,0.232359101,0.31795965,0.33459512,0.171274006,0.322498074,0.28095444
353169,5.950146489,8.190632836,5.220414145,9.240235126,6.145304676,11.5046275,6.811154361,6.271162526,7.145165742,8.852741093,8.978262894,5.102752113,7.41507911,8.420668317
353371,0.740308357,0.394642412,0.986391317,0.660201436,0.681312755,0.472798849,0.494780294,0.90539433,0.760858871,0.684850267,0.767752769,0.850923574,0.616448639,0.920459543
380660,1.214785129,1.069467193,1.121538019,1.213817094,0.976209744,2.434409989,1.59293816,1.373931439,1.167222665,1.814306142,1.852274647,1.045754124,1.375423077,1.59575262
380921,21.34688636,23.18291829,24.04479843,24.4174208,31.98025787,19.23872158,12.7228249,15.56966105,17.16342727,18.3924469,18.22598743,19.28607566,23.61773706,27.91460678
381022,23.68227769,20.13415969,24.20274881,20.63334101,28.76239659,24.13980556,23.16875803,25.38748023,25.81427005,27.29530189,23.04613549,21.07177688,27.1283704,31.82029381
381290,48.99087513,49.4627212,54.33047703,57.98803283,66.99490233,80.9414888,60.00605349,53.9677892,73.27606828,65.06163673,60.07412059,67.04337075,78.1545443,67.64788041
381694,8.541566828,8.832765755,9.246967673,9.57999837,10.6537871,10.26467495,9.287897682,9.055709876,10.1493661,9.41731805,9.678182435,9.634479791,9.401371733,10.84776867
381925,NA,NA,NA,NA,NA,NA,NA,NA,NA,NA,NA,NA,NA,NA
382985,16.82627436,15.79316643,14.948775,17.20161321,18.37868684,19.26735399,18.66267465,18.58307505,19.66018978,18.85826243,18.47510937,15.52472481,18.76718364,18.95119109
394430,2.253140456,1.669119435,1.979867517,2.306108939,5.580690538,6.944669259,6.24804714,7.59268007,6.625360511,5.80798814,7.201310058,3.748225963,4.340429282,2.913878072
394432,1.607163302,1.358117152,1.400600944,1.935292473,4.392004162,5.930157168,4.817473245,6.139479714,5.200955603,5.069417831,5.602313756,2.993840952,3.415982412,2.236739102
394433,2.318597101,1.750325885,2.03738523,2.373104387,5.742816818,7.146420886,6.475404564,7.813257248,6.817835805,5.976717709,7.410517431,3.886901462,4.490798957,2.99853
394434,2.332360463,1.744260658,2.049479297,2.387191308,5.776906598,7.188842562,6.467727336,7.859637314,6.858306977,6.012195942,7.454506804,3.880012903,4.493037983,3.032902732
394435,2.244682647,1.603665341,1.979173872,2.293414342,5.338086288,6.874294638,6.126593103,7.352396531,6.502543099,5.648922937,6.957679829,3.718771789,4.198230034,2.895098546
394436,2.323565907,1.701391078,2.01814733,2.377108796,5.68859058,7.078941192,6.414260906,7.769537225,6.806220155,5.949162303,7.34054402,3.820696159,4.424349453,2.970216542
407785,151.4899119,129.5387052,128.5967329,128.7352431,126.319214,136.6340682,137.7219074,125.2415197,111.7914174,123.6054239,134.0078722,124.0334219,122.8098731,121.8694289
432530,180.9505527,204.4864179,221.2799751,232.822546,138.9135246,173.1332148,140.1664362,141.7721921,161.4966264,183.912615,168.3822017,163.8295543,206.0240816,208.3985139
433022,54.8003845,53.28844912,58.69699539,54.98124654,39.92163153,54.78428046,53.04628273,51.31810299,54.53743088,54.78257737,50.5105152,51.5184037,63.37838832,63.0136829
433182,18.81999634,17.00326816,63.45964921,20.27684477,62.69599086,72.29438221,62.84065053,62.7932779,24.07601321,62.89357699,59.69907573,19.71830942,21.18379963,22.02099562
433256,36.16711027,45.02919375,49.08134306,44.33546874,47.76993255,48.70754692,45.01419643,43.39624434,53.25993313,48.61946245,44.27385639,49.98247032,53.91831627,50.92877416
433323,28.1613452,17.84745111,18.83200747,24.20387514,18.79202792,20.39491437,28.0432044,24.21087707,18.06886667,24.11352914,24.93251309,22.86382833,27.06584218,24.01554262
434203,0.101256208,0.195455368,0.131350606,0.11947322,0.194937218,0.064169961,0.059911333,0,0.109386,0.010886076,0.063005962,0.088970389,0.045319423,0.049214093
434264,0,0.034452279,0,0,0.213801442,0,0,0,0,0,0.059231227,0,0,0.034699229
434437,21.0454609,20.15533225,19.5040648,22.39244506,21.0539839,21.84047579,21.28030589,23.72629717,20.63223912,25.68323314,27.3424418,20.24742634,24.13812533,24.41040201
434674,0,0,0,0.058623752,0,0,0.012598976,0,0.014638391,0,0.01545805,0,0,0
435818,0,0,0,0,0.017111968,0,0,0,0,0,0,0,0,0
436008,NA,NA,NA,NA,NA,NA,NA,NA,NA,NA,NA,NA,NA,NA
50493,47.64257198,46.40420457,46.8148756,53.98774048,57.55696788,54.41191413,55.14440044,54.38375671,56.42137295,60.665901,53.67876278,51.91452819,60.76211292,60.70476236
50770,24.44565516,20.20339089,20.79614848,24.60273256,25.28336689,24.46769923,27.52409525,26.57016624,21.98966299,28.22857181,26.87439744,21.48250896,26.50584713,30.36443311
50773,61.70633257,50.64158564,56.8763486,58.84405398,55.90907711,67.27948358,58.4920047,57.11149027,51.72283011,55.80498663,60.89609166,52.60764498,52.02272254,51.57766423
50784,NA,NA,NA,NA,NA,NA,NA,NA,NA,NA,NA,NA,NA,NA
50785,23.27339775,22.89544762,26.265776,29.55598653,25.95850639,25.20830429,27.5217009,24.7141014,24.64020053,28.6950839,24.73986374,24.45491706,28.55736976,29.19611395
50786,19.15359681,16.39601899,16.28373723,19.51010784,21.18138543,16.19338736,20.4522286,17.18861016,15.86445378,18.71221254,18.10980907,18.47778063,18.38504571,19.19606496
50787,23.10583541,28.64093749,30.32505598,27.79077015,24.73542831,22.28388565,24.76589486,26.06626609,30.53947627,28.25025362,23.15123543,27.86227695,34.93219864,33.34141583
50790,38.86215138,44.49129651,42.36279804,49.19354943,44.02387275,51.99804935,44.64823386,42.38880296,49.95419741,49.74241948,45.61006085,46.16768981,54.58504435,52.89524762
50798,15.80913909,13.24042574,15.64238761,17.29524241,18.27038192,17.07523505,18.28301215,15.6178598,16.55476365,18.04198473,16.53650511,15.49058021,17.86909648,18.2504518
50799,3.932353921,2.978080564,3.475195402,3.499623935,4.23654396,4.699185574,5.329487798,4.635476559,3.523623056,4.093959647,4.266659368,3.121052479,4.128103009,4.057364599
50877,3.209679351,3.074100201,2.735160463,3.279017188,4.245714326,4.287280701,3.196662954,3.061148107,2.90631439,4.190862363,4.163152123,3.112865149,3.537383778,3.335134917
50917,7.19898344,5.896977286,8.419226616,8.135117158,7.798536095,9.495582061,8.390069778,10.89949606,9.8730146,9.19315445,9.730785447,9.366413679,9.174860266,10.26380369
50934,28.56703009,39.95979098,37.5666641,48.25413629,37.17633791,42.61197809,38.87106093,33.19049199,48.48004405,35.40255618,33.85066802,39.6655057,51.93214855,47.27490733
50935,56.1988778,54.39616246,60.08085375,62.81566083,60.45910229,51.90225936,53.16048712,52.9623977,50.4884597,52.36270458,53.39913426,52.46527509,54.32655277,58.17816113
51797,NA,NA,NA,NA,NA,NA,NA,NA,NA,NA,NA,NA,NA,NA
51798,61.75520369,45.28302513,46.52695525,45.18736265,52.66391677,48.94153591,53.60299314,52.60683655,50.18089301,41.91401464,52.89576745,40.37776412,43.03440367,37.77327057
52123,16.70680481,13.94962313,15.00874253,15.09790229,13.71487489,14.50672769,13.89911805,13.7930337,13.78758094,14.56935171,13.95630077,14.38518274,15.39885328,14.79349474
52466,13.54844226,10.95152925,14.99195159,15.48626353,13.5468005,14.74051371,15.07523077,15.01843797,13.51520859,16.99535624,17.22895996,12.27098099,15.86076816,14.41209937
52538,36.86995852,43.72023717,36.59573824,38.48214,40.99471793,40.40095572,35.56433878,34.52558935,31.40720513,35.3571131,37.09172788,29.38628833,35.42184072,30.52167071
52633,15.00529986,14.16144762,12.61342081,14.11160732,18.12053124,15.47933203,14.99120624,14.5179138,14.41556769,17.46194654,15.87618989,14.68663065,15.16572013,14.97184976
52710,11.37294728,10.5308366,10.97872147,12.41175565,12.88571111,12.49155438,12.74573979,13.29474185,12.51641023,13.30943767,13.26314401,12.27255905,13.25039227,13.92667685
52815,23.01963347,22.99663731,26.91469156,27.48523123,26.73130264,24.36734236,23.06375874,22.51379119,24.19834907,25.02571607,24.69862106,21.73026201,24.58553195,28.04582102
52858,130.3096151,128.1467929,142.0362624,156.0738339,173.5514483,183.3646947,144.4377739,137.2711274,157.4194202,152.9690996,146.5837409,135.6383465,154.9006292,157.0414221
53332,19.63841602,20.00214973,21.1245843,21.06916038,23.28352076,22.07277631,18.74557279,18.96738865,20.47815774,19.45252068,17.51662179,17.39223817,22.42124128,23.28009698
53357,12.10418337,9.870397947,12.80591478,12.88645423,11.36144298,13.68443749,13.42522566,13.83209747,10.56189926,14.50930331,12.91369193,10.03998687,11.83901681,15.26884519
53374,2.239029264,1.370041497,1.436341889,1.713316827,1.642395985,1.714211406,2.382212856,2.402389414,1.435837618,2.822387407,2.050255587,1.545204913,1.942520086,2.016721102
53415,8.094621709,11.29079951,9.036891797,13.07137602,13.67332671,16.6042512,10.58190121,9.855655483,9.271167776,13.39358906,9.832585767,9.54002461,14.12666747,8.795129446
53418,23.22673709,28.12912474,30.28143622,31.78155454,31.87819145,24.45754332,21.94613854,23.29811798,26.61229889,25.63496749,23.97695593,26.14323095,28.78994959,27.37845712
53625,15.06012296,14.97421496,14.18847938,16.29843556,29.47803111,18.60050925,16.30967871,16.29223889,16.78681792,16.35413596,17.09796876,17.84354277,17.51967735,18.48356449
53881,15.78791472,10.28970511,12.20245885,14.30711783,12.7493569,15.60309686,16.18365158,16.82917913,13.38678417,19.83688868,17.28155841,11.24960176,16.28368033,18.08949367
53893,15.7368763,13.03871032,16.05553853,16.29781898,15.81635124,17.36138553,16.11704345,15.99993057,15.82588017,15.80436977,16.76936144,14.04604244,17.50536113,17.07294104
53896,48.77770129,45.69379273,52.71600755,58.78869833,37.26623248,41.02939079,51.42954067,46.50386875,36.5292233,49.8724165,52.79957631,45.56865215,48.85224069,51.28216356
53897,17.35742749,13.89572986,14.7133916,16.189031,13.8373694,17.17408452,20.79493969,18.24238335,13.71186232,16.94595633,19.30618759,15.56001005,18.1051207,16.11152688
53945,2.621973254,3.035123248,2.931246877,2.829358147,2.807878095,2.786937061,3.108352097,3.230845086,2.630401838,3.222097108,3.583114077,3.171423674,3.737442483,2.730220144
54122,6.051831044,7.286213516,5.089775385,7.91369542,7.379087399,7.95960018,6.233469649,5.985159255,5.756643666,7.559616089,5.84319411,5.307549761,7.866864849,7.212868094
54150,0,0,0,0,0,0,0,0,0,0.019138215,0,0,0,0
54195,NA,NA,NA,NA,NA,NA,NA,NA,NA,NA,NA,NA,NA,NA
54200,3.417397021,6.184329993,6.567530293,5.491412303,4.958038618,4.729192447,3.690966033,3.133362691,3.977672743,4.116297547,3.101074711,4.848191144,6.712939574,5.344342876
54218,6.358683351,5.213778161,6.441607283,5.821686065,5.782819958,6.072765919,6.324155838,6.177524065,6.300833904,5.976587637,4.777985611,5.896627389,6.117977722,5.621275069
54325,13.40121827,10.43039575,9.938228082,12.16408447,12.14166311,16.62000424,16.16227664,15.30129279,14.452442,15.05561105,13.77302017,12.31196303,13.19267364,13.22132267
54326,13.65578759,11.78783102,12.15498911,11.59723006,9.148154881,8.755762413,10.3103973,10.20376469,9.740367435,10.96308695,9.730866334,9.12180351,8.725400802,10.16685603
54338,59.9064634,65.45686815,64.28018802,70.484028,70.60634264,73.8777762,66.49800553,63.96142602,75.55020565,69.09078045,67.83898168,66.92781042,74.97933572,80.16392939
54342,14.06610108,12.37789514,11.16467659,12.06547728,12.80838282,12.20486299,13.74301448,13.08169985,12.43041645,13.51008014,13.65668414,11.28120172,13.07936829,12.48042434
54369,7.983163265,7.463301299,8.279578788,7.791582293,7.30961166,10.57897288,12.42497567,7.581048458,9.344490813,9.88120759,8.431863012,7.085715004,7.858048325,9.485482482
54371,38.35320689,40.86137092,45.14833524,43.88340642,49.74878969,45.12957425,43.63333391,49.63210016,51.73315412,53.71018842,49.41335171,41.92758439,47.01488178,61.6050904
54384,33.09638955,26.61112873,31.18114653,30.61020657,34.19315807,36.9620801,29.92501699,25.80603933,33.49787188,32.04903348,27.56298665,34.76716723,35.86339436,32.60392204
54391,63.81494545,56.33303589,53.83793721,59.5421158,55.66053778,61.4399233,66.33632253,61.19546815,54.96290281,65.0050976,64.06231474,53.91928602,61.56111763,63.54133979
54397,21.78015612,18.47348576,20.40691286,23.75257711,24.04047539,22.14792413,21.40410778,20.47034397,19.25762716,23.4773183,21.6395191,20.01855035,22.9435215,23.39622716
54403,73.32999865,58.15915431,63.09980681,75.11406878,56.18601924,50.10987664,64.69786872,68.96507623,52.6842571,69.08576711,60.27735465,56.14795618,59.18062975,66.68754149
54405,302.7693534,276.2556371,243.1409957,251.7170997,294.9284832,297.8070719,283.8781966,288.5984081,226.4912017,274.8461428,288.856273,258.5476333,242.1776962,234.4041394
54447,17.02789015,13.68516324,14.22789557,14.92989951,11.81163269,16.69156811,22.04511832,18.39595764,15.77040622,20.10378325,19.51173003,15.51399788,17.64098721,19.92293056
54486,4.239856642,4.180542861,3.943997905,4.488297236,8.47255714,8.859755298,9.65295154,11.68763507,11.71450135,11.35539779,9.752951663,7.556962772,8.366021145,8.299560107
545975,0.229703025,0.343632601,0.37743266,0.388474774,0.373431459,0.300848095,0.209690981,0.24673665,0.225587023,0.246954204,0.304919658,0.111007734,0.279639382,0.468903882
54611,2.086568311,1.82622611,1.92952385,1.953679716,2.122174133,1.569619602,2.465421356,2.30681757,1.429533722,2.386081859,2.166790651,2.112418253,2.001544883,2.249547725
54616,59.36134608,66.59353962,65.0291167,76.37214453,69.50851013,68.74329209,63.42290232,63.76954884,66.83764635,70.24551633,66.40275362,65.522349,76.11759954,74.18178436
54667,25.83363911,24.06120416,28.08103141,27.70316387,28.25728182,24.31590041,24.80596304,23.47112284,24.36673026,26.33709439,24.99656008,24.95173325,29.10903455,31.44526719
54670,1.846039035,1.606000456,1.719812507,1.591662178,1.91985917,1.592208857,2.034765882,2.049984701,2.131822589,2.598036452,2.154986539,1.884921974,1.988776741,2.333275287
54710,1.946362459,2.03263533,2.018558274,1.531021777,1.294575599,1.599675726,1.706872597,2.15739029,1.702417206,1.62171723,2.169906014,1.663439207,1.540823479,2.172845784
55936,22.89023153,19.78985598,21.31710874,23.83864083,18.7965505,23.17471408,24.94879069,23.55155777,23.6547226,25.23528529,23.35814793,22.0827287,25.32222776,27.68292713
55951,145.3070356,130.0762161,118.3669581,120.0917698,124.7692345,125.6250788,131.7352533,121.5861109,101.0533301,115.2368546,127.8100056,113.3619294,109.8948127,109.4614673
55961,0.297623546,0.144558694,0.167134354,0.07601061,0.103351592,0.159220886,0.130685028,0.151370178,0.170819118,0.141287971,0.116247414,0.17405811,0.14185777,0.140898266
55963,40.97884647,38.42364523,42.84270785,51.61158382,45.51334958,49.97730154,59.91176871,61.90745727,53.73163644,61.27493879,56.47199586,47.57386208,52.50300207,54.66496711
55979,64.240164,65.73375362,76.10453082,83.09081748,89.74408913,81.05707435,77.1079985,78.11584909,77.78116374,83.09384373,81.991906,66.04202191,80.20646936,75.90466133
55980,34.11190725,28.03694369,31.03722772,30.18079499,33.88126211,32.41485924,30.70017001,27.19538284,26.83182423,29.07205025,28.41400486,31.62513203,31.25306449,30.15381492
55981,15.44200842,12.43027249,13.40944202,14.76406665,14.41244426,14.71074116,15.63926289,14.92066032,14.96850023,16.60173564,15.36427022,13.18413225,16.22912263,16.94063308
56012,12.94391859,11.58334824,13.45431553,15.83909096,13.76808566,16.03803403,12.65423123,12.73239443,15.40105165,14.33657351,13.01810693,8.748754963,10.5043949,13.5243549
56017,15.63807314,13.55461505,14.69115663,16.39219855,18.02988713,16.62556573,16.16083062,16.09156035,16.07090107,16.75248049,18.96903565,16.89976467,17.47290435,17.96107343
56050,1.712201683,1.758770203,1.893211252,1.54885374,1.747567428,2.697219214,1.794592655,2.353699674,2.08508615,2.55607065,1.674208548,1.311023713,1.690312063,2.924555114
56077,26.49424762,26.72596385,30.93514018,33.69535579,29.93295937,30.00789219,28.39122021,26.12194103,32.51126179,27.71056073,27.0701395,26.90109152,31.93503651,32.24045313
56078,2.223604814,2.138177596,2.027675882,2.121664999,2.322945602,3.123244448,3.731224137,3.398010364,3.144061087,3.856299106,3.402989642,2.483564175,3.017229404,2.593344126
56174,20.25539271,18.65873891,20.58228361,21.13819755,22.35295886,24.01956539,23.55387886,22.79593515,24.11501848,24.65350791,23.15113557,21.83867774,24.04269034,20.91972565
56185,0.119901982,0.108490969,0.064807541,0.044210486,0.080150637,0.047491567,0.101348108,0.117389738,0.103034298,0.128906873,0.031086735,0.18107684,0.080497119,0.072845747
56189,0.024294901,0.029310357,0.078788997,0.023888166,0.012992291,0.025661026,0,0,0,0.01305975,0.025195552,0.040025821,0.043494851,0
56219,31.17349849,38.37412944,34.66015501,38.2840025,39.37284914,34.89966689,29.99151715,30.79223661,37.95381868,34.63382644,32.54362894,33.92085931,40.53039547,43.16412691
56248,86.82573796,69.49843939,79.52535426,85.37213547,94.49248418,98.61469602,87.79465399,88.50544464,88.28807999,86.27529377,88.89276306,75.4369809,85.97443208,90.14519328
56315,0.414683396,0.742367146,0.535039507,0.710258392,0.729668718,0.381485102,0.260059108,0.538831739,0.551761815,0.316393346,0.638148163,0.558306127,0.538840434,0.292573704
56318,NA,NA,NA,NA,NA,NA,NA,NA,NA,NA,NA,NA,NA,NA
56336,29.84284638,29.83013915,30.81375551,37.74940979,30.65766345,30.37112523,31.67178949,30.02442245,31.76632885,35.19262729,32.49518859,29.64737384,36.12919548,35.6298093
56348,77.31355294,75.51767708,69.86629858,74.98201963,70.82457961,85.88164219,87.4094219,85.92382588,75.92818707,84.5608868,81.59538252,77.63747654,79.42666685,76.78277645
56351,90.97255995,83.14374455,83.9957106,89.97944728,85.09391078,94.90685149,100.742842,87.51367517,85.29345014,94.76287558,95.16945939,84.91264543,97.24501617,93.70989243
56356,58.87411684,39.25724397,41.4794174,41.12204297,46.04009537,52.27246562,71.75014134,68.80438842,59.58896751,64.35579326,60.86273167,54.93491129,59.57943647,58.41967694
56357,32.81151781,23.93307483,32.93557785,31.97943248,32.85338373,27.69886755,25.8629302,29.70082526,23.31373245,24.600258,25.64893947,25.8529285,32.77586309,30.40769375
56362,0,0,0,0,0.022984204,0.022698008,0.009082139,0,0,0,0,0,0,0
56375,16.47216756,15.01148956,15.91088185,16.04140754,14.99408532,17.35678929,15.90512647,17.30652392,15.19013136,16.77719547,16.57196731,15.01888839,17.62868767,14.55646382
56386,64.85845414,64.59126004,68.56141286,75.17088145,71.56955946,68.73365554,65.17707849,63.63402138,67.09043982,70.42061717,66.34547003,65.67779827,78.52581056,79.9960968
56421,69.50513883,65.6147258,73.48934744,78.33592165,86.01658059,82.37985245,73.47685631,73.65053218,78.71050155,79.94470145,74.27449548,70.77691549,83.87252884,85.09618193
56451,55.14120966,46.68351655,48.05437401,49.59969394,47.76637387,53.98458392,51.24041904,44.8384631,42.76719729,46.81802619,45.77246019,45.66946731,44.2166212,46.63293769
56454,11.78831637,10.61111567,10.982845,12.925328,13.33783765,12.73011526,12.35135264,13.0997953,12.36233728,12.8234876,12.30140355,10.98159966,13.63188664,14.73386179
56473,182.472013,177.9868682,190.2732856,230.6791774,147.4736968,195.452425,206.9426879,213.6559954,205.6780588,231.8250556,233.9573355,189.7980893,187.8075368,217.0984403
56485,3.397976187,3.622775581,2.553235187,4.73968383,4.714261646,4.896684864,3.532690576,4.332550882,7.312276701,4.068518969,4.862497185,4.927925249,5.187355505,5.323751111
56520,3.349381127,3.405478969,3.689025302,4.618914989,3.627387232,3.315221722,3.347453669,4.26620515,3.972062486,4.031226086,3.7357026,3.56305077,3.639296706,3.148331017
56529,11.0509498,10.18473272,10.33655347,10.54766323,11.50794305,12.39717568,11.77599556,11.30020702,10.12177193,11.81825836,11.05107829,10.08979461,10.52384978,10.96570835
56632,26.91871579,26.41910732,29.43321578,33.63589578,32.9236155,27.79515411,33.68065187,33.94488806,34.76650001,33.52696824,34.2552313,30.65429952,36.02845116,35.8677727
56690,23.87231099,21.56396905,22.9013484,27.17364974,23.2828906,23.75834435,23.26625,22.97236259,21.26021185,23.16573878,22.32540279,21.83135662,23.35110769,22.51341616
56720,2.616850725,1.949958134,1.763863886,1.702747347,0.551537993,1.121858248,1.242575198,0.93869012,0.831457617,1.208099202,1.173346027,1.082041325,1.157449429,1.140952844
56727,0.036184835,0,0,0,0,0,0,0,0,0,0,0.039742981,0,0
56749,6.398140651,6.516981256,6.554033945,7.577087523,6.711816402,7.097056362,6.318073642,7.264620003,6.288130931,6.650212032,6.9977022,6.752417975,7.138991226,6.919418965
56752,29.52622646,24.28748158,25.53257632,30.09108847,25.27134671,27.9130479,28.83819515,29.14468796,27.43630051,29.56987151,28.08433814,25.79628459,29.08587994,28.93546434
56773,2.30011195,1.266419469,1.318314328,1.411605417,1.18876443,1.875078321,1.761512606,1.796353322,1.500877681,1.344303823,1.696982294,1.508990682,1.298922592,1.500584738
56774,0.017396961,0.062965201,0.018806265,0.017105708,0,0.018375207,0.02940984,0.038931317,0.068340912,0.009351754,0.054125681,0,0.070077501,0.021138843
56794,4.606238392,3.566426174,3.561204735,3.783823905,3.535924455,4.175494152,4.667223296,5.264881134,4.317556843,4.425616009,4.601640811,3.752759913,4.295481625,4.187112525
56847,0.627832371,0.468521128,0.566742999,0.350027625,0.595348167,0.464878808,0.32825587,0.304170419,0.305112925,0.445350201,0.342334671,0.312794056,0.422948551,0.755007099
57028,NA,NA,NA,NA,NA,NA,NA,NA,NA,NA,NA,NA,NA,NA
57138,224.2520266,220.7817414,249.608016,266.0614525,250.8346572,232.3296227,243.4634425,229.7851697,232.5654138,251.9893802,246.6364754,236.8225312,261.8781959,286.4640596
57274,1.687042802,2.474306945,0.929733432,2.780927722,1.945894157,4.699342252,1.789473124,1.406485431,2.014164853,2.596142304,2.933126405,1.053629128,2.205996955,3.336121426
57279,8.867443437,7.394892839,8.565877188,8.791747462,8.890578736,8.617042828,8.438702388,9.100810107,7.775923213,8.598629292,8.102609251,6.894791923,8.677303614,10.64734805
57370,13.43547825,11.9706134,14.18129647,15.08011577,17.20998532,14.87772,14.7878559,13.7492742,15.92597013,16.00703214,15.7297856,14.10850758,17.28927294,17.03566478
57394,NA,NA,NA,NA,NA,NA,NA,NA,NA,NA,NA,NA,NA,NA
57423,NA,NA,NA,NA,NA,NA,NA,NA,NA,NA,NA,NA,NA,NA
57738,12.40278487,13.67548559,10.34081143,13.99488353,12.29305174,11.14974871,14.68932383,12.11112797,10.78551909,10.49374848,12.45009801,13.01615039,11.74167145,15.36143346
57813,37.6991629,37.77887578,36.56882961,44.20260219,39.97499014,39.98991764,41.58613212,41.68068682,38.41706774,42.95237424,40.7488874,40.29895255,41.31092029,43.58471818
57874,NA,NA,NA,NA,NA,NA,NA,NA,NA,NA,NA,NA,NA,NA
58176,0.030842108,0,0.016670293,0.060651523,0.032987139,0.097729161,0.052139076,0.034509587,0.060578909,0.033158415,0.127941896,0.06774978,0,0
58193,75.23121756,62.46358074,67.27001592,69.23289897,69.31038231,72.35678313,71.29764019,62.93639932,66.03430212,67.43365029,63.88861265,65.2443606,69.67828451,70.11562203
58246,16.13799089,15.98637535,16.74862162,17.9097,22.89313913,20.29776214,19.27260251,17.71099374,19.11256149,18.81973269,18.70760558,17.81425547,20.10119143,21.33348063
58807,32.94411193,44.72317715,37.46209794,44.28679516,39.55807218,36.79205653,40.24799487,35.73624141,26.6584178,37.58076961,39.0489596,29.89662646,40.5872655,38.55671741
58810,240.5179212,212.8677756,225.7506942,231.1298131,233.7783603,274.349335,251.0144788,238.551827,229.8396945,238.0400874,232.5485156,231.5397768,239.4696454,240.2887023
58865,0.045691138,0.110247292,0.111133161,0.022463097,0.036651676,0.108585881,0.096551998,0.08946759,0.100962917,0.073683957,0.094769963,0.025092031,0.092025292,0.111037532
58875,59.72774379,52.12911437,53.04844409,58.10767345,56.7199776,58.01217206,61.89588118,59.59301119,50.48682573,59.92868062,60.36939212,53.57433338,56.72012888,55.24204522
58994,27.30013313,31.19293778,35.21329948,38.79553198,64.74629832,35.22128533,29.76048402,28.68313156,34.60635168,33.35531375,30.73121526,35.49720655,38.04049711,38.83353274
59012,6.435531758,4.586333005,5.179785266,6.722703518,6.283714733,10.15171594,6.173923587,5.779444047,6.898115396,7.541450101,6.461000723,6.432304599,9.422840564,6.457810761
59027,35.42163509,31.35313437,30.82745567,33.81450768,34.5336786,40.69542646,44.41088237,37.31827845,33.95466811,36.06901545,36.82333841,34.66937068,37.53498757,37.97167058
59033,29.70541112,28.28223296,30.53957068,34.66445287,28.33883027,31.29581308,33.68320727,31.9312142,36.41627977,37.19453943,32.94304719,32.16029155,39.50909802,40.46820679
59045,18.24817917,17.12192043,18.21949594,19.89135058,26.92725221,23.15043649,18.803169,20.23956739,20.370616,21.81255046,21.80734902,16.92504079,20.79240361,22.44865487
595136,134.9386147,117.0786175,124.0925939,123.9708305,124.225883,134.4186581,136.2823586,114.452752,118.4328933,119.5310149,126.3971647,116.2389086,119.3592406,117.9178244
60525,16.31522161,13.94960997,14.91717282,17.4870505,12.25675724,14.1158024,14.57562274,13.79916938,14.96641933,14.95890184,13.84146285,13.28712318,16.45929392,16.02811427
60527,21.32699202,23.10606511,25.4648336,25.90246281,19.0085487,26.17443443,24.537779,23.63808559,24.4446181,25.73829386,25.15002454,24.52809399,27.04927695,27.4130701
60596,NA,NA,NA,NA,NA,NA,NA,NA,NA,NA,NA,NA,NA,NA
621603,0.990570424,1.161400633,1.161306637,1.577584062,2.55166536,1.429412609,1.120314338,0.921032035,1.164644372,0.914969362,1.490297499,1.471065758,1.123989433,1.25448814
622127,0.037810862,0,0.020436935,0,0.080881124,0.059905502,0,0.084614014,0.129966681,0,0.039212572,0,0.033846152,0.022971768
625249,387.3992627,323.8529776,323.3343606,320.6733861,310.0850472,340.5009256,347.911682,343.2013595,270.6542124,311.2293813,335.672122,305.4705946,280.1644644,278.0471345
628779,43.78957915,48.47886104,55.96387728,56.93585128,43.4789938,50.58524005,51.26467517,45.69528198,53.46408769,49.40448868,43.29527774,50.45142796,55.6149901,54.9040381
631304,0,0,0,0,0.034389714,0,0.013588992,0.089942237,0.015788663,0,0,0,0,0.039069315
63828,17.34924651,14.25426805,15.83321224,17.59959933,18.0184354,17.90165408,17.19573737,15.24110161,14.55096708,16.12631498,16.74596979,14.34177296,17.17120908,17.07921442
63959,12.77399612,10.80752851,13.16428238,16.82501685,14.5232875,14.05118816,13.6005943,13.20056724,14.37490041,13.43688914,13.73447712,13.94005399,14.34990691,15.12308056
63993,3.670341915,1.134861784,1.048064146,2.45699892,12.30765067,0.871654369,3.873104289,2.169623626,0.867138037,2.996720559,1.334636539,2.205781535,1.529092752,3.562221758
64008,1.031014515,0.721959431,0.654692255,0.822345638,0.694019784,1.149911867,1.444329791,1.000336564,0.800119001,1.015429431,1.256165217,0.720616131,0.897090491,0.902347457
64292,3.52580762,3.428610836,3.096785727,2.951245846,3.852295316,3.74011895,5.138305236,5.509489423,4.865591297,5.645057732,5.004066778,3.346715919,3.822695083,4.062572646
64385,4.632734657,4.49527028,9.264177347,8.536373953,12.00874505,10.4817607,7.915698089,8.421645088,11.17304292,11.53697751,9.943851609,5.483886947,5.85911363,8.285310165
64436,32.16938686,27.7085875,31.89996002,32.86682528,34.38444454,30.92670853,33.34942137,31.46427476,30.75401818,33.99551244,33.39796986,29.77953329,34.32917337,35.70467548
64580,5.428573419,4.040633678,4.889587879,5.511212459,4.045822174,4.583009392,4.890124301,4.691861182,3.748864603,4.062704315,3.966734871,4.314823922,5.024192987,4.400571708
64602,33.44497084,33.53037169,31.66767821,36.32374312,34.69289151,35.48857754,33.84704416,33.20386176,33.21944009,36.69214946,35.35153753,32.1186859,37.00017233,39.02004753
64705,0.20641073,0.10672384,0.180630495,0.289935832,0.105126831,0.249162732,0.066464883,0.208959583,0.144794356,0.232479876,0.061160773,0.161934013,0.299146966,0.226920853
64707,2.973511388,3.260498023,3.126526657,2.743910639,3.665693945,2.546912062,2.713767947,2.69805501,2.47454539,2.759904183,2.901107871,2.886493985,3.492370251,3.802374541
64898,19.56128728,17.85799065,20.54936903,23.30096465,18.46943249,21.66450907,19.87174759,19.50490313,21.84143257,22.15658662,20.16996848,19.26953867,22.54397725,22.94979707
64899,0.80053805,0.604845471,0.515736621,0.779184889,0.899457656,0.819930202,1.004739324,1.185260459,0.754427982,0.98236965,0.712811093,0.772680375,1.049560547,0.550227945
64918,0.544862652,0.584306176,0.824601746,0.619078228,0.647507987,0.485978425,0.552659407,0.812870743,0.463752786,0.676904776,0.552504656,0.531946998,0.682822442,0.779755106
654821,0.686216058,0.827878943,0.683624681,0.754107427,0.676377509,0.483201734,0.40943266,0.797925394,0.515350506,1.070464156,0.990735647,0.665023604,0.638350615,0.899210196
66043,NA,NA,NA,NA,NA,NA,NA,NA,NA,NA,NA,NA,NA,NA
66046,55.13050844,50.24269247,45.45215255,45.74036395,47.61825587,50.72039119,51.27512223,48.92604177,39.60123602,46.70824078,47.46848603,44.03277273,43.63266973,44.76068529
66052,55.86258263,49.26546511,50.70082867,56.76187976,53.3483185,56.39239729,55.86488179,53.79485617,50.8900391,55.81894167,54.28286766,51.24078484,54.90022825,51.84098951
66054,52.60831037,50.33967291,49.09841016,51.79686538,57.0813095,66.03363566,60.60079974,64.17946977,62.21472494,61.60599517,59.4706113,58.32331279,62.10792771,61.66277303
66065,0.189793528,0.140907462,0.126257506,0.229681328,0.265452957,0.246727123,0.234466569,0.21236215,0.286757932,0.266831241,0.196829477,0.224491513,0.182961113,0.319314311
66091,163.9748698,131.5059536,140.2259571,134.6319064,149.1653433,164.4803995,158.2877161,146.7397328,127.9061699,147.8812545,143.841584,139.1082629,135.1569929,137.7786668
66108,201.0502519,175.7966346,177.9877711,178.9334382,185.9608162,201.1386883,198.0524675,167.9469762,168.5783292,169.3147163,170.0974317,174.8841043,186.238833,173.4052227
66142,294.3507125,248.5193265,219.9414862,212.9966064,222.1625931,245.56683,254.9791916,239.7117096,192.5161662,230.4584116,244.1489692,219.1422591,217.9602945,198.1895902
66144,190.3792933,168.6589746,178.1893093,175.6151427,168.7566015,199.0068655,199.3265579,189.3105226,178.5233224,186.3695214,186.7127066,170.5822037,172.8818756,158.1905526
66152,334.0492584,283.3600805,262.6356114,278.1144929,249.6761526,290.8131727,276.6509841,287.2964513,235.9887171,250.4776145,278.7483391,273.6982075,248.5669485,238.4060426
66171,12.4711658,10.05597129,11.13460596,11.54564475,13.54190303,13.27285575,12.92554652,12.07466663,11.30616549,10.86081007,11.71738205,10.86922575,11.66704676,12.13055587
66190,9.564948839,7.167366208,7.872596946,7.908750003,7.419284139,9.153146399,10.17767371,10.40826814,9.6380742,10.21637705,9.27401376,8.87991539,9.707317635,10.36170873
66194,NA,NA,NA,NA,NA,NA,NA,NA,NA,NA,NA,NA,NA,NA
66204,28.91818602,23.92026696,23.21161914,20.70833065,18.8678666,21.33069958,21.79042152,21.99105951,19.21677115,23.57348238,21.93147759,21.15867369,21.758906,21.04080774
66218,551.2980571,483.8158357,494.3251929,483.6432532,495.7590494,514.6419382,516.8348339,455.0290799,432.8651955,467.2551374,463.9551953,465.7603305,441.656924,426.7357
66234,35.45673013,31.3740819,30.73995763,33.29995143,27.67894508,35.14995612,43.96269857,44.68849741,39.04693713,37.52374108,38.57619693,36.35880893,38.43218391,36.70300763
66237,250.0203362,255.7915052,308.6109086,287.4330506,312.4035034,311.6182366,259.293486,239.1775221,309.6689544,315.7144243,253.2661882,253.1692752,280.9029661,343.1722211
66248,10.32000295,10.13765847,8.928461808,10.28839391,9.700932803,11.18574768,11.68548053,11.22588974,9.421810078,10.02368471,11.1142197,10.12896567,9.540270339,9.389393529
66286,65.46538893,50.85388684,47.9015514,52.33167846,44.21344101,56.98274514,69.97328951,66.08645289,48.18833159,59.00048546,62.20698112,50.52023021,54.04914332,50.0415086
66290,181.3289036,159.3251846,139.9153983,158.4971905,161.5135479,197.5016656,181.6768748,170.116288,142.7480735,168.5202954,171.6204699,135.9718393,140.5712681,136.3875353
66335,263.6645022,254.0640158,257.0601928,275.4972489,270.8194713,311.6055469,274.1558747,234.9618581,276.1886257,259.7445285,246.2871121,261.2110388,286.2303024,281.1724678
66350,19.88362158,21.28671735,22.04099961,19.16007816,22.3868096,19.53291199,19.35604864,18.3278353,21.79753841,17.97913799,18.37324716,17.65354879,19.25363092,18.43296881
66355,54.66428146,49.13447343,55.07136828,61.37822245,64.39127427,62.3416374,60.84703272,61.53962286,55.08019084,57.92864551,55.56490546,53.00805636,53.37688248,55.50033157
66377,59.06183179,57.2736523,55.16359363,61.21637282,58.48949606,62.27741227,62.63954538,63.73755743,51.86173533,56.1080744,65.80997354,54.79675872,53.76308359,56.1546788
66411,107.2399443,91.24229649,96.53518045,108.68307,96.39801645,111.7604572,103.2170649,102.3072615,90.79306985,98.74697779,101.3549798,98.17322556,97.66398574,92.75209742
66414,85.78275654,72.50639571,72.42335005,78.84239863,78.24157418,91.31592312,86.47653603,78.06943046,71.05132847,72.91834919,81.85697792,67.06668324,71.03530833,71.42084523
66416,76.09008176,64.04474025,70.40854505,65.57857626,70.50732359,76.58489319,66.9430021,63.8191622,57.61867089,65.85148103,62.5386342,63.9183729,56.84084092,61.47385551
66422,30.57757738,23.24285262,27.84804481,26.72020322,30.43571062,25.10950328,26.92908054,27.19289121,24.86560326,26.17569895,24.42490753,26.74129429,22.46663481,22.65777514
66435,6.615600782,5.412884833,6.460090233,6.514026135,7.158099588,6.085180511,6.069390158,6.344430949,6.311361467,6.934258663,6.575184586,5.750856923,7.156863442,8.835585361
66445,317.1685348,289.2021217,295.7245032,327.7491954,277.5787346,309.1605539,307.5054164,285.9390275,272.2486295,301.2630404,292.603946,278.921519,302.0281461,290.4543412
66454,3.708004339,3.607268145,3.498033435,3.974736719,4.144724847,3.999617679,3.915696939,4.347020571,4.105208431,4.885292458,4.814482604,3.316432055,4.463746818,4.421895139
66461,32.53006853,31.22431332,30.870423,34.43300451,35.52962447,38.11891359,36.7691052,34.77431544,33.83437696,34.01426006,36.04842355,34.37519764,37.22626493,32.4037863
66495,203.3391869,171.5894155,158.0661657,158.9779347,157.3116665,176.0279592,184.547881,176.9247974,148.3299189,165.1994159,170.8455252,170.5319242,160.0803199,145.1815734
66514,127.2193413,117.5377529,118.7311252,129.4092792,100.7735139,107.8596443,119.3552897,126.822071,111.1834512,121.1390749,122.1887273,109.9600614,113.7800178,121.6491168
665563,11.78785359,9.319657366,10.92237588,12.076729,8.305062014,9.980319121,12.04238849,11.18570759,7.258362897,10.9058026,9.577517077,10.45153278,10.1211351,10.99417508
66576,360.0165704,283.460648,254.9554725,244.2001539,260.0007757,286.3750949,292.1623638,286.1044681,232.3823462,261.2988292,276.4473612,251.6151122,230.5084354,228.9221171
66586,38.3210004,36.01977454,36.92763721,38.37068177,31.19614485,37.6269084,37.5814738,38.63978994,30.08210537,36.61789489,35.33745788,33.59572331,36.85849157,32.6693406
66588,57.87206788,54.96182079,50.3616274,53.86309202,52.10707304,59.16129551,57.52488964,50.02630368,49.61274451,52.24616282,52.43603668,57.01080126,55.40803045,52.81934874
66594,333.562592,272.1052788,284.7697187,292.1471243,315.2938015,296.3063805,292.2663609,291.417395,239.2134225,288.3239258,311.1808127,269.8840772,253.7442287,245.121307
666168,0,0,0,0,0,0,0,0,0,0,0,0,0,0
66624,60.03827687,56.68639622,54.86493032,63.1335326,52.95544355,58.60609495,67.77140768,59.47192884,57.36803813,58.5351856,58.17028274,57.38748149,62.13011195,61.19287276
66646,20.88925655,19.65659095,19.95716267,21.03958064,22.07524664,24.57735621,20.37386719,21.89159962,20.30762934,22.29302641,23.61408013,19.76057929,23.80092256,18.21182281
66659,6.595986391,5.014742226,8.199163018,7.073992329,8.592298436,7.056203641,6.806936852,7.205642426,6.535289465,7.524952731,7.218289788,5.672782645,8.023867055,7.975185515
66681,71.67507868,59.04603944,67.95235404,75.58303559,64.10389807,69.10591482,73.20378423,70.18618007,63.32053972,70.92328929,67.75693405,61.63963613,64.91010544,67.3098753
66694,203.6590702,188.566749,184.6686243,197.4912917,187.1410006,205.9908325,206.5807555,181.4576389,179.7139102,181.5862197,183.9811853,181.8993248,185.8940899,184.5126783
667034,4.093053424,3.519656835,3.294934416,3.532166521,3.912005396,4.231226299,5.042308437,5.237496433,3.805896424,3.604624197,4.876992131,3.562949589,3.235119764,3.571339724
66775,NA,NA,NA,NA,NA,NA,NA,NA,NA,NA,NA,NA,NA,NA
66812,11.78729895,10.08828436,12.02513123,12.03901812,12.70013255,12.70278681,13.10671399,13.96762672,12.15275316,14.01696239,14.43456583,11.71622946,13.16968912,14.50758715
66834,151.5072345,143.9983874,133.9534793,139.3978506,128.01373,157.0072516,151.8052507,133.4120067,119.1722615,130.5936576,141.1837488,122.2216843,126.6090174,122.4780749
66841,9.683560889,9.027277391,9.15144436,9.85017295,9.471605336,10.64426177,10.6308831,10.47432421,9.529586988,10.42365363,10.05080123,9.027071452,10.52437176,9.918967589
66853,15.40016397,12.38625582,14.90488677,14.89920718,15.31813504,19.17042175,15.81783881,16.10257913,16.27042669,13.49422861,15.02737406,12.89499852,13.96243411,16.54925716
66865,52.23515023,50.54617538,53.0581396,57.83560352,58.36001884,56.36601267,53.66305681,51.06264045,50.29208433,56.19561829,53.40473852,52.06193657,56.89259847,59.70685444
66885,46.35481592,41.56266214,41.14602745,45.67723236,39.04602256,46.93043955,49.80256267,46.45089963,45.32093111,46.7640186,49.39574505,39.84017578,44.67964349,47.10126369
66902,10.33340633,8.177044346,8.598083353,9.750714595,8.259351751,10.59172351,12.2015417,12.13198665,9.493518688,11.42801783,11.63833012,9.264703702,10.8827023,10.53083948
66916,28.74102157,22.15459794,26.07792675,25.95411702,27.24980229,30.62228292,27.9619026,25.80970666,24.82669896,26.15559145,27.60063822,24.44263225,23.53954184,24.93803342
66925,173.2586557,151.2885483,146.1972897,161.2296667,145.1687348,160.4477553,162.9077517,153.9721929,131.9520302,148.4676393,154.5045395,135.1570478,139.3433174,129.1348921
66945,266.4812797,242.8489214,252.2523043,279.2201906,239.8777298,263.4358964,279.5394543,257.7572095,252.1796373,263.7427395,261.0666573,258.4324312,271.3509514,265.4340162
66948,16.93603564,14.79581919,15.15924328,17.18418815,14.01148831,19.00019939,17.24663843,16.84437699,15.73331346,16.8592291,16.94327608,13.92135339,18.07734147,16.75913287
67003,259.8120759,221.2268521,205.4290367,220.0560671,205.724496,238.6662916,235.2751027,215.6593763,203.8489822,208.1382141,216.3263373,208.9437289,222.4114897,204.3897011
67041,195.2039668,194.9761033,189.6589534,214.5451127,195.9526075,212.3268308,196.2903806,182.2209994,189.4709223,197.2737307,190.9901219,182.424306,208.5469816,192.0978559
67044,164.7491633,146.9289728,166.235543,175.271177,148.1048216,167.1967482,166.2962137,167.2674108,153.6030813,163.8900446,169.8527633,151.2299252,167.2804256,160.4166768
67053,42.4149778,40.98742829,43.41155389,41.82519585,39.20312668,42.29164322,40.65115162,39.5241164,36.4959867,38.08203874,41.84925888,34.77271677,40.13602085,41.7100218
67054,94.4934288,80.69597302,78.27248439,82.35716445,84.65875455,94.41951861,93.08669128,86.04253213,82.97816267,85.37454646,87.66389472,82.07706204,82.64305077,86.74356193
67092,124.8472849,84.76700161,96.54827585,104.7590236,97.24937772,98.81393538,125.0470466,119.2341432,97.24356126,113.1210589,109.3466273,103.080653,117.2625354,116.0944621
67115,291.2940759,286.5622622,299.2470008,304.0082321,377.4652864,384.744099,336.3565932,308.0235159,314.3430334,306.7480868,322.0379617,327.3414508,330.7275795,340.7885114
67126,NA,NA,NA,NA,NA,NA,NA,NA,NA,NA,NA,NA,NA,NA
67130,397.2253919,291.6429679,306.3547646,294.5441551,292.0393528,345.0806503,364.0721516,356.8452482,257.5223467,301.0106975,322.4470763,308.6865395,290.0645409,271.5673181
67184,229.8088251,195.899093,199.1714957,197.4179612,185.1341604,218.8971771,193.3743096,191.2048665,166.996654,186.0954138,190.9516582,180.5618444,166.3463469,166.2930532
67216,24.76422574,22.39134983,25.36440984,26.77096948,24.5596313,24.58035475,23.65343034,25.31142758,23.9435812,25.39773628,23.32742165,26.30949197,28.94280813,30.20730096
67260,11.34877566,10.71888795,11.48376498,13.22725883,11.68233825,12.91532927,12.77441246,12.70644808,13.31424466,13.79265317,12.81740955,12.02615068,14.23668234,15.96133413
67264,96.98918903,83.00213173,84.90331703,87.65404405,77.30086186,85.58476489,89.27610171,83.82193392,73.06792647,84.19442169,84.79051753,79.24561622,78.20107058,77.42478854
67273,79.28123983,67.01101611,77.55114326,85.45748545,84.90065628,99.68016506,87.91063723,76.70828068,79.98304591,78.28431951,77.96097261,72.94349962,87.04648976,83.7594382
67283,22.71826134,18.71672663,21.02963656,23.14768899,22.01288481,15.93184784,15.20168753,19.2266746,15.8262173,20.39625071,19.14383844,16.22463779,18.92811978,19.49998406
67305,4.518823403,4.417268564,4.333771768,4.534313002,5.056168339,6.192558893,6.816466159,5.082092268,4.028203691,4.409747607,5.263124126,4.275962472,3.837560164,4.477088861
67311,0.823046933,1.114049622,0.672715777,1.085603151,0.708525171,1.166171168,0.91627067,0.831071108,1.025159608,0.971187238,1.353202653,0.948075765,0.934408539,0.634193701
67375,1.343893831,0.803851766,0.87898137,0.666249523,0.471067568,0.91847553,0.715926674,1.352064758,0.632179274,1.080581964,1.07749327,0.843452747,1.101887377,0.521446105
67460,13.51453217,11.37133027,11.354485,11.64522524,13.37551523,12.44440661,14.29372797,14.68213464,11.34390429,13.26282736,14.52664537,12.33993957,12.1870577,12.09846445
67464,0.014798405,0.026780097,0.007998602,0.036376641,0.003956904,0.015630533,0.009381353,0.008279053,0.03633309,0.027842144,0,0.012190178,0.02980507,0.004495342
67469,12.60706958,10.51828637,11.20077346,11.21079608,11.75313617,11.60678754,12.33107512,11.23322361,10.80818229,13.03907002,13.11724463,10.31932333,11.95766386,13.97442867
67470,0.015935226,0,0.043065294,0.03133689,0,0.033662556,0.026938754,0,0,0.051395985,0.033051941,0,0.014264316,0.077450826
67512,2.033443333,2.233284043,1.879814226,2.054556089,2.549843892,3.703078742,3.164933682,4.111128764,3.842515905,3.301854226,3.214142189,2.264202429,2.987677661,3.186496975
67530,189.9646219,144.3540248,141.2887436,133.2401441,162.7307907,168.2318818,158.7533073,150.7066378,124.3737896,154.0441911,150.22175,133.3660806,135.1879431,129.271264
67555,0.042349596,0,0,0,0.030196639,0,0.035796334,0,0.097045064,0,0,0,0.025272646,0
67556,4.555322973,4.517754566,4.595199109,4.630694368,5.049770269,4.782236479,4.866506983,4.835958587,5.619305254,5.445848226,5.454149973,5.081435319,5.989075175,5.986769938
67569,4.682933495,3.752439486,3.823796136,4.424635597,4.142017088,3.602717046,4.705758775,3.884754367,3.897402878,4.355541773,4.097562181,4.353963295,4.398568264,4.552142085
67582,15.73859875,15.73211579,16.89552898,17.89836724,17.55057042,17.8921936,18.97251793,16.3883868,16.2531551,16.63551607,18.27940606,15.4702201,17.49519063,19.12378689
67680,153.0750561,130.274298,131.3968044,130.8095685,140.0919592,148.7045942,134.9247325,126.3756965,124.2591921,124.0954338,124.658849,124.344464,123.1712701,123.6215586
67689,9.463000178,4.920263122,7.250261553,7.471855148,10.63230906,12.18259582,12.63090657,14.2068057,9.80973652,12.38312935,12.29204322,9.063710142,9.397677316,7.336508842
67712,10.77543643,9.618268236,12.18463573,13.09257955,16.07218493,12.56035599,11.27180829,11.26296699,12.94048392,14.36352751,13.52101046,11.29012225,14.4328175,14.37107087
67717,0,0,0,0,0,0,0,0,0,0,0,0,0,0
67758,0,0,0,0,0,0,0,0,0.039087723,0,0,0,0,0
67760,83.99406019,80.26158029,81.85668391,80.98156613,75.83689405,95.29179116,99.93455254,85.16749827,81.04948889,93.68991079,93.48960261,68.96311062,94.38803448,109.4510889
67800,38.53583665,56.70517523,54.28108037,68.89215412,76.51350758,47.62669238,43.89017468,44.98901918,52.64982647,46.39470591,41.56079659,59.08616052,58.05013449,53.79006317
67821,0,0,0.00768635,0.020973935,0,0,0,0,0,0.015288705,0,0,0,0
67834,204.1467157,196.5468228,209.8806035,220.1381905,218.5841833,239.2591999,214.8788813,186.2649162,206.6413819,210.2706994,198.1401611,199.5366008,224.7677431,219.2978843
67861,16.13095893,11.37691233,14.04881739,12.77845225,10.73671184,15.06556994,16.63462546,17.35891795,13.04530381,16.63383198,15.92274442,13.27162616,13.50159848,13.01911139
67863,110.9156682,109.3351512,110.8077119,122.4417345,125.1097461,119.8313486,119.5604524,109.7110489,109.2326161,115.7616096,112.9525521,111.6240027,114.2943029,119.0557384
67870,52.88696033,46.47718042,52.23752212,55.08979288,51.71873946,54.39218336,48.75447578,46.34493952,46.89476845,50.68583291,49.63933602,49.80465928,54.63373126,53.60825622
67880,18.32967493,11.97035988,13.01211075,12.88810393,14.80110433,18.06416191,17.34720369,18.49341337,14.97538156,14.65338171,18.03435523,11.87276406,12.10709978,15.16538288
67881,44.22845458,40.67428457,44.25250925,48.6570715,43.67277345,51.95866067,47.17492714,48.67771453,46.39824426,50.57062921,48.78175134,44.33695353,46.53386876,45.09173795
67883,20.23018381,19.61288393,20.19018415,21.0324356,23.07881072,22.12292038,19.82418798,18.86533927,20.09789974,20.85483434,20.56078914,19.27146289,20.42761668,20.82872779
67895,53.24621551,49.52304916,50.24922586,55.90718156,54.06507388,60.09981955,56.56952257,50.67510532,49.61331201,53.70395465,53.07452634,51.81195382,57.11637213,53.46754189
67909,0,0,0.119079375,0,0,0,0,0.041084862,0,0,0.038079817,0,0,0
67916,NA,NA,NA,NA,NA,NA,NA,NA,NA,NA,NA,NA,NA,NA
67942,NA,NA,NA,NA,NA,NA,NA,NA,NA,NA,NA,NA,NA,NA
67956,NA,NA,NA,NA,NA,NA,NA,NA,NA,NA,NA,NA,NA,NA
67972,168.3770737,202.2120103,194.715836,215.1172848,284.8708064,220.3692915,155.3570119,154.6577433,202.5413667,181.9638929,178.068797,198.6047134,218.0290758,231.4658535
67980,11.16771225,8.83323669,9.129630031,8.509650495,9.615159369,9.55063857,9.932931053,10.22462514,8.499462466,9.922631433,10.1769145,8.926715202,9.384583346,9.484010626
67993,6.712566456,5.281508476,4.592993332,5.492370219,4.863710412,5.885648615,7.217091791,6.128603964,5.272495151,6.158634951,6.03228523,5.494063061,6.300336911,5.451319019
68018,NA,NA,NA,NA,NA,NA,NA,NA,NA,NA,NA,NA,NA,NA
68055,NA,NA,NA,NA,NA,NA,NA,NA,NA,NA,NA,NA,NA,NA
68133,58.6817881,62.60273578,61.14513505,69.75261193,56.93590627,77.78660471,61.40193403,61.51101191,65.86052428,60.24157369,58.07135988,52.77510515,54.28974156,54.22472001
68194,67.55346863,54.1480279,51.9405576,51.26030819,50.62536213,54.68706686,53.84156124,49.01971855,44.0531506,46.27698888,51.33864033,48.59484728,47.26079892,42.15849535
68197,245.342852,250.3955968,202.7783046,215.331728,215.5433689,238.6352344,208.2821227,195.5262646,164.4957595,206.9090796,212.1618545,234.5281296,190.1835008,167.0839659
68198,34.79062915,30.2422077,28.72740207,29.74102316,27.75301838,29.34149048,30.53758004,29.52680275,23.76850291,28.05118224,29.67342373,26.36052102,27.46535816,26.62178105
68202,142.1457608,117.9236731,118.6170004,108.2610283,123.3033522,131.0007164,135.440747,123.6504264,101.3092434,120.6761627,123.191309,110.6310584,108.1974882,110.5743379
68262,42.67699871,37.93166536,41.50763438,45.85538602,39.28154548,48.76794296,47.54279698,47.4919255,47.10379649,48.55730038,47.20665163,36.98624426,47.00266821,46.64246957
68263,199.0567496,174.9436595,171.4759309,182.7102203,167.9154774,182.7788797,179.1697538,168.4180688,148.5928626,169.2414643,169.5546311,166.9554072,170.2978803,165.932273
68267,110.3829229,104.6332838,118.1822282,135.3325182,114.9686852,122.2971583,111.7087855,110.5234695,142.1032447,120.9775489,112.8574876,113.5730635,131.8528303,137.2326936
68273,32.37483293,32.47493349,33.28336112,35.87039624,34.49780559,32.5493504,30.80363081,29.89857777,30.99461142,31.46729613,31.94758669,30.65787623,33.61028794,33.8039468
68292,55.85335882,53.84515825,57.1758698,63.03980457,65.33546365,60.06201283,56.89454769,51.25319906,60.43289103,59.45095088,57.89439403,52.71150934,61.75659985,65.29709978
68342,155.4153831,131.0600914,162.5926946,158.5089915,166.0405741,170.6875268,152.5066569,132.6465455,143.8323359,139.6968917,144.5042869,133.7923302,138.635728,145.6885756
68349,71.86494324,68.21896002,73.22409301,76.12326508,76.34966453,76.84755502,70.37773957,68.44100449,68.04505046,69.62440417,74.50064518,65.67591536,71.70768748,73.99060903
68375,195.8066913,178.4693655,199.5176547,199.9650056,201.7810263,205.16811,189.5238896,172.9354182,179.1465729,187.0141908,185.903568,188.3497203,199.8707629,208.2875012
68393,2.166479907,1.942949298,1.388609716,2.299872256,0.615174148,1.478284246,2.657720774,2.445551369,1.242703599,2.720820318,2.564925009,2.105765797,2.45417185,1.980172294
68401,42.6454212,39.25872744,43.1118337,46.77377438,40.32974116,46.74423246,51.61959964,50.11878845,47.16584424,49.5558541,49.31976156,46.01349898,52.39584967,49.86132653
68556,13.62857374,10.37749669,11.544727,13.48289308,12.20913587,13.1408177,12.63235525,13.08309227,11.93946294,12.65409345,12.68830376,11.26905411,12.80026502,14.80356505
68603,51.9085202,44.89163759,50.90956593,54.18217036,46.88808052,55.7234593,54.41569182,52.05438469,51.38527896,52.94343195,54.13976668,50.53359455,49.09703968,52.6211284
68671,38.81251104,31.92424555,34.66049624,40.36585257,33.33740907,37.62651787,39.81291404,38.39823266,34.9108054,40.4047262,38.1557449,33.69860978,37.44368752,39.00126252
68738,17.33043662,17.07571104,19.50875752,21.94961043,16.05141555,16.3101242,17.90259513,21.03482241,19.16603743,20.39794343,20.44183271,16.58671113,19.58747632,18.4378488
68775,1.890360463,1.549420495,2.917051599,3.320143455,4.012797805,4.206697451,3.085909121,2.163584416,2.239122302,2.46672175,2.828419833,1.743411315,1.989238067,2.612566961
68801,66.38189676,56.58292768,58.44719694,71.44987003,72.5044623,64.90102861,72.74133464,67.85097329,61.39431153,71.88704772,68.5965042,59.07645228,65.02410779,65.27399814
68977,66.45441485,57.40299704,68.55134115,70.26472577,62.97741566,64.31806432,72.19135867,70.60083806,61.07921175,71.97990531,70.18382665,64.03919815,69.17805058,68.34739791
69019,115.0384486,105.1975145,93.94697737,100.5550164,102.270938,110.8747764,110.7105736,112.0714252,92.38923243,103.1966221,110.025758,98.72058883,98.40998441,92.54620994
69051,22.51906574,18.71296826,22.56395148,23.26405714,21.53630827,22.56940113,21.37317842,20.14617328,20.13209366,21.90868829,20.41108468,19.59818715,19.97701015,22.61406692
69060,0.623560958,0.606684906,0.478375663,0.514230973,1.462940738,0.297443254,0.408054099,0.585175704,0.513615319,0.367634154,0.375490079,0.441856311,0.558176601,0.342178792
69083,0.113268727,0.858955401,0,0.60459317,0.034613266,1.880024592,0.246191903,0.036210764,0.317825964,0.62627372,0.268497781,0.248813454,0.637319734,0.806127371
69156,12.4016253,9.19940157,11.45364134,11.12121603,9.737411158,12.21547089,13.80256651,13.17097478,12.32226999,11.67779079,12.47163476,10.57200402,11.90425744,12.43235064
69188,38.21879433,35.84285173,37.09974005,40.15422609,44.44251378,38.96600751,40.95098063,39.67470677,41.0355351,41.57459315,39.39536077,36.38749456,47.42060738,51.22960935
69215,17.83005208,13.43798546,13.28802624,13.44772884,9.647232407,15.06612149,15.35468315,17.7205156,12.937213,14.83915901,14.11845333,14.3073477,14.87139053,14.98714276
69354,0.589550948,0.310035637,0.465726307,0.787771503,0.638637521,0.862202666,0.72192896,0.566626991,0.571563995,0.511937564,0.666276361,0.506396179,0.581859195,0.688804277
69367,16.13392778,13.75012747,15.42368867,16.63390823,15.39493642,16.21750924,15.86224832,15.41582058,15.72778015,15.88123634,16.5589969,14.25711949,17.86221774,18.46215745
69519,50.23885461,42.95724798,42.5624347,49.24879459,29.98022976,41.63258727,47.40468695,44.17587284,35.1598888,42.51604374,41.39369977,43.98151272,37.86010893,39.45151451
69590,10.05486105,12.98186273,4.322331289,10.95612148,5.660086547,11.55185619,11.8040994,11.57946107,8.83524898,10.05140555,12.62289729,8.105084261,8.842640228,8.395095902
69634,31.46175035,21.81421514,27.46895607,27.90078956,25.75956095,25.59159164,26.55253963,20.85199342,21.26160788,27.05967502,21.37702295,24.33446069,26.24210415,23.84539966
69675,11.204999,10.67442872,12.36716951,12.20556128,17.28490899,10.91014078,8.282582793,10.59884541,15.34734058,11.12193923,10.68294328,15.13359027,19.55444781,18.18392723
69698,1.079529504,0.924695671,1.552084394,1.12514383,1.674183733,1.368278896,1.961834001,1.60650423,1.855324859,1.450755541,1.869647474,1.114541426,1.942331192,1.508482195
69719,8.70798428,7.09353173,8.523483577,10.08756509,9.438839084,10.25653023,8.606828845,9.911312854,10.14735304,9.991348438,9.797283089,7.972897713,9.432479672,9.776282456
69726,10.24524513,9.707724779,9.16604545,11.22500591,11.59438489,10.92440486,12.06334366,10.39359332,10.52162439,11.23847494,9.656992366,10.06311632,10.92946187,12.09714711
69772,7.656938037,5.482373042,3.771293894,4.250395586,4.45469393,9.112845574,8.818197336,8.528768208,7.64706902,7.042558465,8.772744992,5.922629219,6.028619895,7.066847582
69875,70.00110688,61.7952693,62.65130199,63.03454503,59.09367639,65.95788591,62.38552569,60.25099669,49.73006497,57.5057689,60.64037775,58.14420576,55.24541587,54.02707743
69888,0,0,0,0,0,0,0,0,0,0,0.015918773,0.016859112,0,0.037302563
69923,31.93802835,28.82966673,33.33525872,35.11259751,37.0166551,37.08038371,33.21434279,31.03413846,31.77445435,32.17165756,32.25881676,30.41912611,34.93424829,34.38682659
69976,8.846363043,7.843156295,8.035461772,8.886409432,9.765983904,10.6393929,9.671344617,9.201079055,8.437282224,8.555976644,9.403288012,10.1150294,9.486707134,9.205007774
69983,0.016007814,0.028968717,0.051913758,0.031479635,0.077045122,0.04226987,0.027061466,0,0.04716292,0,0.012450937,0.061536661,0.021493939,0.043764542
70008,0.373183765,0.766338829,0.583664087,0.476236174,1.112491699,0.830269234,1.234900562,0.932845884,0.896747394,0.802421297,0.774036566,0.933130763,1.05191176,1.225283082
70025,265.5303422,243.2163798,265.9241664,302.3474473,244.2731806,300.7521303,291.8062292,270.6218283,276.7935398,283.1740561,269.8609541,270.185773,295.0168568,277.5469768
70059,18.70463377,17.81687924,21.27694219,22.09772634,23.91186846,19.97710478,22.21063349,23.18255881,21.89890256,22.49951521,22.91708195,20.70914018,22.85562241,23.74332111
70061,0.039329271,0.094896862,0,0.019335418,0.168258297,0.041540791,0,0.044005972,0.057936807,0.042282982,0,0,0.026404009,0.071682805
70266,NA,NA,NA,NA,NA,NA,NA,NA,NA,NA,NA,NA,NA,NA
70316,16.59958938,14.79075413,15.59394851,16.14673416,15.06195017,16.42372182,16.65737983,15.64056174,14.50784329,16.39055896,15.77475663,15.22897289,16.17593293,16.16761238
70456,21.99620153,21.38475075,20.33536253,21.19603063,18.32314292,22.74331731,21.27407046,19.83325288,17.81131064,19.88317204,20.53384675,19.79459418,20.74924864,20.79670686
70484,0.472469653,0.395837911,0.439807151,0.529081938,0.617624753,0.984211948,1.076049953,1.145412021,0.940896117,1.030016037,1.048023166,0.533343476,0.798864351,0.877085516
70503,9.130441038,6.907107654,6.425781097,7.851713612,6.67714121,7.004151256,7.077953375,8.522746521,6.365768017,6.326443159,8.611864957,6.506886504,6.996563631,6.884026271
70750,11.20467616,9.483675812,10.8321525,11.37759879,11.87806867,11.16476195,11.5410391,10.6212034,11.64123516,11.95945102,10.90900767,9.656705414,12.14668461,12.18459566
70757,NA,NA,NA,NA,NA,NA,NA,NA,NA,NA,NA,NA,NA,NA
70789,0.092298105,0.041024489,0.036759229,0.047764677,0.228608544,0.153928594,0.14371315,0.173934157,0.085873485,0.172346644,0.191439486,0.085367588,0.078271634,0.112150345
70881,0.169158554,0.068026585,0.076192443,0.027721095,0.060307775,0.148892076,0.047660873,0.063091147,0.096907671,0.090931358,0.058476511,0.061930781,0.050473732,0.017128548
71147,7.259092778,5.923783187,6.913711969,7.662808007,7.591769413,7.419946509,6.537849866,7.876648464,6.546911204,7.552515355,8.226378674,6.968248304,8.16171505,7.308871468
71279,9.804964574,7.610162284,8.490471042,10.28017837,10.85379214,12.17339214,13.29065388,14.79207856,12.28926335,13.79456551,13.38093716,9.346351613,11.83843701,12.16897315
71336,3.811558402,2.347613896,3.491435541,2.939022478,3.390054374,3.47497506,3.289576485,3.726085206,3.132517462,3.817437653,3.224700727,3.547388052,3.842867954,4.387623104
71412,0.329801372,0.227363302,0.254655814,0.231628547,0.201564947,0.124409428,0.278767242,0.210867731,0.185080987,0.101305756,0.293166544,0.155242103,0.12652268,0.400737781
71522,0.213596016,0.198223781,0.177614726,0.193864685,0.123012271,0.06941745,0.277759597,0.294147726,0.177496535,0.300295225,0.238553928,0.144368894,0.308860096,0.239573553
71562,2.971021374,1.96528881,2.32665756,2.539523294,1.778402001,2.549693708,2.689637455,2.483788303,2.403856338,2.813030982,2.407157718,3.031410222,3.007037857,2.779330771
71679,NA,NA,NA,NA,NA,NA,NA,NA,NA,NA,NA,NA,NA,NA
71685,9.32757496,9.278807753,11.25452991,11.54939437,10.92613549,10.38892232,9.923714686,9.993013101,10.58661171,10.27429415,10.18309715,10.77235442,10.45939749,11.61886937
71743,18.42036549,17.52204195,19.46206396,23.30585526,19.76833979,21.22790212,21.09166094,20.27268539,20.34134947,20.57665839,20.65915767,19.14457672,21.97272799,19.40733798
71760,31.24947026,19.67241752,23.06082681,22.93831305,16.46276023,20.43228855,16.26302567,16.06542159,11.95143338,11.99747266,13.40215394,17.57499487,9.329038556,18.06002664
71761,0.172733639,0.163737265,0.040012834,0.121315571,0.039588654,0.260638008,0.260722298,0.138052604,0.109053295,0.145912091,0.051182043,0.135513553,0.121488252,0.059967606
71780,44.72452515,35.15382157,38.111767,46.16735426,61.47736366,51.96508616,46.74244698,47.91291564,43.12422286,48.92301051,51.81548346,44.72658022,49.99625941,49.99512515
71803,123.8525642,135.6333534,130.6259515,163.202865,79.7181992,117.1766805,128.6243533,126.6731205,100.4526043,129.7947577,117.1813342,116.5434001,112.5088664,110.7978613
71854,0,0,0,0,0,0,0.030039676,0,0,0.03820812,0.018428276,0.039033707,0,0
71910,NA,NA,NA,NA,NA,NA,NA,NA,NA,NA,NA,NA,NA,NA
71934,6.093650571,5.235487543,3.328758014,4.088107845,2.64033422,4.213101732,4.327032996,4.884720264,2.743409023,3.380413123,5.349386171,2.597227169,3.675229785,3.631118082
71949,23.36854347,20.68418706,22.22583033,24.50305672,26.96912811,27.49733561,26.19640783,24.35447877,24.26666739,24.2078427,27.04228238,23.52679024,25.37964473,27.75952021
72017,10.87243383,9.786947377,10.09392056,10.61759785,10.9229621,11.03582563,11.71086294,12.24815022,11.90074502,12.83254191,11.86893927,10.75109002,11.97415359,12.80195866
72039,21.14118742,16.11197784,17.11595021,17.50193706,18.31888183,19.99841642,18.91293739,19.51238377,16.59412383,18.20903757,18.78238709,15.67105672,19.92136503,19.04380397
72054,0.740726007,0.174842992,0.678880827,0.522494066,0.051667996,0.748361272,0.095276782,0.216210471,0.490240125,1.056037415,0.166996935,0.336037084,0.836027313,0.489156245
72077,0,0.008378769,0.030030558,0,0,0,0,0,0,0.014933236,0,0,0.024867203,0.02531648
72090,0,0,0,0.021635727,0,0,0,0.012310326,0.043219649,0,0,0,0,0.040105407
72102,22.03048245,15.11019481,19.11467412,19.21251309,22.45856743,20.30382707,19.48740097,19.56174312,18.22561945,21.28456612,21.0750504,16.93002621,22.06911751,26.23683232
72157,9.426184228,8.276922149,8.456408749,8.198513747,7.484760323,9.992519444,9.381000225,10.50861925,9.718455031,9.924778865,9.668725553,8.126479639,8.77612022,10.79954955
72269,7.532581389,3.551480684,4.367777795,5.476817836,2.16073728,4.846847063,6.513341781,4.843845706,4.988424368,5.833253949,5.656839666,6.59326461,6.200222548,6.838262514
72297,0.909042895,0.325584681,0.706303583,0.391048024,0.243066431,0.975161677,0.516252466,0.572140406,0.753261137,0.763526502,0.206224936,0.670821083,0.762866184,0.517765954
72303,0,0.074765733,0.033496221,0,0,0,0,0.06934136,0,0.0333132,0.016067392,0.05104953,0,0
72401,0.07838676,0.094568973,0.112982356,0.071936144,0.100606157,0.215265746,0.092759849,0.105249412,0.128303606,0.129219781,0.081292682,0.097574025,0.116945678,0.133345567
72469,12.87965239,12.19291829,12.01014762,12.78521314,10.3197926,10.83289684,10.03832024,9.722382085,9.925424781,10.68571204,10.25293754,10.62652708,10.25250107,11.55291035
72472,1.539492329,1.429724852,1.406791613,1.530053846,1.368186537,1.555869747,2.06892279,2.181077577,2.012249629,1.79204511,1.889458558,1.17996278,1.839074632,1.897534469
72535,6.512254685,7.150961722,7.475400378,9.304492538,12.47058117,9.32228319,10.51465118,10.12275223,9.676320737,9.125497305,9.490193114,8.451799834,9.401512388,9.097539847
72727,161.8720574,165.0142776,172.4639882,183.5243473,146.7295241,161.5348173,164.1536837,160.0774524,143.6533654,164.9624712,169.7884753,164.1006318,161.0654002,169.801684
72900,173.0242168,141.4138615,129.2750133,130.2338142,129.7829087,148.4763378,149.8406946,137.5698428,118.2700526,126.083464,134.4348826,129.3189082,120.3768145,120.9785649
72961,610.4412583,736.2036493,800.9964263,823.9129725,742.9904089,841.0353313,607.5410428,629.6491795,857.8414967,716.4060418,643.5061837,695.9077916,877.6565064,826.1740454
73068,12.38056991,11.95129351,14.21393717,14.67646685,16.0600066,16.33177322,13.96813475,13.41299117,14.11499892,15.01979012,14.74786691,13.13686778,14.89645649,17.85464176
73132,18.38045984,20.61300145,20.72396341,21.21236764,21.74916857,20.75517377,19.39792805,17.87781794,19.35313092,18.70356729,19.09412823,18.32835908,20.4034673,20.99520982
73166,13.51206551,13.69491918,15.21836012,16.72533628,15.74477373,14.30808404,16.03023661,16.07811977,16.22537124,16.13992023,16.07580372,14.59590649,16.74607323,18.89777369
73251,51.20513236,41.78608636,52.96717534,50.88568789,46.0355567,50.01993971,39.46382305,39.28299289,45.22791034,46.06074703,45.72919103,42.16199215,59.99523815,54.50183129
73333,0.018381896,0.177413334,0.039741978,0.216889845,0.137622344,0.601881328,0.031074889,0.287947997,0.288840236,0.079049661,0.038126685,0.040378869,0.131635494,0
73458,NA,NA,NA,NA,NA,NA,NA,NA,NA,NA,NA,NA,NA,NA
73649,2.388975135,1.282458484,1.481763913,2.013411299,3.871583538,6.145765147,8.053556011,9.878396857,7.181360701,9.7141765,9.080438809,4.952821105,4.337049285,5.153007709
73834,309.9046204,292.7916706,300.1875481,268.8353232,313.9698015,322.4060301,291.6607025,254.5639437,285.1361252,260.9170544,268.0264508,326.0906663,341.5776293,266.0713618
73836,27.76448707,24.40172243,28.98635683,25.97382549,27.27808062,31.46884594,29.26463649,30.77862028,26.53548923,27.7786829,25.81050355,25.06428026,23.70365605,29.02383131
74011,35.59568349,28.40585883,34.75389402,37.90729188,34.6351516,35.73031358,32.9346697,32.7010962,32.3048979,34.67156511,34.78244114,28.64427681,35.21675065,37.67318647
74032,7.121663803,5.64260048,6.42094355,8.343327639,5.315670504,8.578419219,7.812728383,7.561608443,7.043655361,6.689948459,7.354246843,6.634793035,7.577554704,7.180522525
74035,10.27027253,10.04908178,10.5549594,11.68656691,11.37778405,12.13372479,11.71735248,11.18130824,11.48908154,11.90340589,12.30116408,10.63143195,13.34225402,12.49393484
74055,4.886317755,2.822506908,3.207237011,4.261090763,4.932595877,7.431008249,8.11678025,9.257110529,7.191723321,8.113794443,7.760941959,5.198640572,5.789600233,6.309381729
74080,0.81779969,0.763375468,0.800160732,0.733675554,1.883427858,1.07185037,1.392594698,1.415982714,1.084539818,1.450389084,0.928595069,1.00967346,0.865633589,1.102497959
74104,8.559340626,7.905783492,8.250292602,8.89127642,9.659549729,9.877626376,8.826233186,8.986040085,9.278024577,9.745956818,10.37454714,9.110885931,10.29292354,9.956478551
74114,18.01213576,15.91153481,16.63048093,17.02153965,17.65457347,16.15677146,15.6089948,17.4586191,15.00102434,17.13409727,17.86795279,14.55787374,14.97667393,15.659706
74129,1.033038863,0.992815311,1.30599921,1.454752188,0.861436124,0.7397475,1.087780499,1.03833199,0.739401799,1.223566884,0.953306802,0.913465403,1.606501831,1.021206847
74147,3.563091217,2.579194837,2.867400845,3.474244012,4.721281528,3.272108107,4.032373567,2.934715664,3.265961915,3.277365407,4.074963156,3.837363944,3.224916946,3.40344477
74156,0.616823423,0.372080424,0.568733897,0.481629817,0.417177618,0.316172979,0.536709479,0.791666492,0.481053195,0.565626368,0.451545919,0.657551428,0.511546603,0.650297057
74182,35.15704727,32.60592195,33.0390293,31.03868294,39.78493565,29.34703874,31.55956822,33.55092486,31.3033677,32.10070725,32.08292014,34.18063788,38.0442538,39.2731194
74185,6.116994989,5.716644959,5.291226332,6.782873271,5.754468326,6.207472556,6.939521479,5.876421111,5.716882652,6.324379036,6.743140919,7.239545692,6.489771898,6.354406496
74205,117.219922,117.407941,119.319429,127.903572,120.4302676,133.0728926,119.2704809,107.8158675,115.0925503,114.0976713,109.8838493,122.5945142,117.7118192,120.0571974
74241,54.63620602,53.38273352,59.27156348,63.98137922,61.2282276,57.078426,57.79095274,52.71676871,53.22355136,58.70618646,57.90688025,56.51182942,58.37249846,60.87196804
74246,12.22551221,12.2100329,12.19403787,12.67764611,11.0941942,12.52690602,13.61493161,13.51003751,13.09569029,13.9973351,13.1231406,14.74275955,12.69230684,12.89481907
74302,35.57464995,34.68355564,37.09476072,42.94874351,39.2824527,42.65601194,40.84722089,38.0430203,38.18078322,41.72101599,37.90999894,37.57248977,42.89147759,43.824248
74338,0.196909546,0.323945017,0.135456952,0.293352974,0.363771177,0.674365702,0.408532988,0.527443127,0.310581868,0.26301856,0.420794915,0.190057352,0.437985157,0.290015129
74411,NA,NA,NA,NA,NA,NA,NA,NA,NA,NA,NA,NA,NA,NA
74419,0.161056334,0.148967095,0.092855089,0.089737329,0.109096484,0.09072676,0.181512202,0.120138517,0.084357546,0.161608535,0.100216169,0.047171576,0.110529219,0.091325576
74442,2.273480312,2.307158754,1.583453583,2.655497257,1.642824674,3.131923141,2.828777892,2.532441383,2.137838245,3.001965715,2.927422439,1.860209052,2.617846816,2.941700533
74450,27.49893505,25.44311997,26.91301357,28.76658683,29.46348526,28.8396858,28.65111729,26.09434511,28.075207,28.82538556,28.51836446,25.12684459,30.17330666,31.83236045
74451,33.78013805,31.15825832,35.60839886,37.53784486,35.05119179,33.89889799,36.2367993,33.35359709,30.9580487,36.11235819,34.09140821,33.14003117,35.60281316,37.46599294
74551,19.5652308,18.14573141,20.89376059,23.30635543,15.80488533,22.16867694,22.53043702,21.80328925,20.36217474,20.87405103,19.31565141,18.04430711,22.67264101,21.27550557
74559,11.91525674,9.727028771,7.955250854,11.67254454,6.895134441,11.5171404,12.2873742,11.41962248,8.7601198,13.2887243,13.13213508,8.251758074,12.15160912,11.15240237
74577,5.372151975,3.972928248,4.855857283,4.750013092,5.789061329,5.968096172,5.353248245,5.744940458,5.822356369,6.025779599,6.274277066,4.750329484,5.59673772,6.226457826
74596,68.38611393,69.97909394,68.67131832,72.18476987,60.52203727,70.88589574,75.17456658,68.44025649,68.3820918,72.53556429,67.51600455,64.48292167,78.38258304,80.9942898
74729,8.123444225,7.493263237,6.549545555,6.772687488,10.62521352,9.062870854,7.252641421,7.347276898,7.961261289,8.624362772,7.055596863,7.714022613,7.96851548,6.765543576
74754,76.44881413,73.65772288,72.95792988,88.45420383,78.16483969,92.50452501,108.6406049,101.7445702,101.7050581,105.8053362,97.58663675,89.62695471,105.3474072,106.8137023
74769,12.71565691,10.7114256,12.99604954,13.55624348,12.4230056,12.64991879,13.69651764,12.55958753,12.71211509,14.21977618,13.43683391,12.36964243,14.13685005,16.0712954
74776,32.80461481,30.12330562,29.73005676,32.55664869,27.67570208,30.34298339,32.479235,28.72887755,28.61786474,30.39104745,30.2691662,28.69229254,30.37742171,30.82602835
74782,5.313890017,6.192410661,5.990468152,6.120337997,3.92917223,5.787579163,4.43475216,3.716831407,6.234965852,5.251263621,4.582565997,4.716871613,5.632074665,6.180213348
74915,0.059443943,0.215146767,0.128518835,0.058448756,0.127156394,0.251146116,0.175859136,0,0.058378779,0.063908308,0.2465905,0.065289216,0.239448893,0
75320,140.5761876,125.2693638,149.9851686,156.5604337,183.6180165,149.717599,149.1533651,140.0429706,144.3723824,152.8670768,141.1570234,138.1000973,190.9830566,195.5005718
75406,128.7147345,111.9289157,117.4331503,122.0636604,111.3532525,120.4344669,115.9542844,111.1036668,99.75380427,112.5482773,116.1582274,112.325764,109.1016314,112.7945897
75410,15.90648925,14.95035734,17.77046444,17.13381178,20.53850394,15.25892263,16.21303839,15.82311153,17.40677427,17.34874796,17.6195863,15.37824347,17.78291476,22.67894732
75454,80.15550792,64.1889577,73.41997436,74.54746969,76.71695125,83.45829231,83.43238805,79.54189983,70.25184863,76.54715749,78.85816082,68.36492182,72.07433979,67.04847337
75475,17.46009143,16.08660371,18.41288957,19.20944054,17.42983891,21.2045065,19.65364565,20.09174571,18.90860591,20.51595437,20.5984423,17.17779578,18.16648033,20.52804145
75483,0,0,0,0,0,0,0,0,0,0.134932457,0,0,0,0
75497,0.032153478,0.038791263,0,0.021076785,0,0.022640998,0,0.023984597,0,0,0,0,0.038375974,0.02604621
75512,0.093638186,0.225937827,0,0.138105798,2.679028773,0.543969498,0.118722636,0.104772838,0.068970227,0.10067061,0.048554752,0.385671996,0.209549057,0
75572,78.70880885,53.03255612,45.76026297,54.45283856,42.86887025,58.09190831,58.60074131,57.70518854,45.37969201,53.58522772,55.85360535,53.45053366,47.96191851,46.64147303
75578,4.319069346,3.798570052,4.07220967,4.442765541,4.613988568,4.394573569,4.700582122,4.792622287,5.004676672,4.429127871,4.113428276,4.232906341,4.959700608,4.912672166
75612,64.13457899,63.54866227,66.10518796,77.68897183,89.66170914,105.470253,101.3208647,104.2731084,101.6045169,106.5799098,100.4552845,79.47920487,93.25514686,100.968041
75735,13.24435041,12.78672245,12.76046351,15.07505339,10.66088578,13.21999111,12.30959513,12.50176635,13.45992958,13.24742884,11.96493237,11.64091516,14.50626621,14.87403308
75750,0,0,0,0.110623351,0.07520726,0.267374838,0.035661508,0.062942628,0.248604546,0.060478201,0.043754141,0.030892496,0.075532372,0.068352906
75769,NA,NA,NA,NA,NA,NA,NA,NA,NA,NA,NA,NA,NA,NA
76025,31.07006548,31.82807115,31.40122398,37.37696004,33.75877534,33.23706058,36.76595051,34.91803661,31.59707881,38.28911257,35.5627791,31.23444041,35.86193143,35.42923435
76051,6.032570138,4.112411234,5.122579765,4.281583414,5.451117457,4.866421936,4.863138145,4.901677901,4.128103639,4.893348679,4.706629434,3.89899576,4.447591203,4.756388398
76113,1.696001111,1.103527913,0.988795629,1.480235715,0.64201811,1.036578559,1.715437954,1.343298072,1.422319345,1.843861703,1.29445264,1.475567524,1.347584255,1.366142397
76187,13.86058194,11.85982322,12.32671575,11.82589965,10.14223621,11.81881665,11.97626635,11.69788738,10.08111166,11.26536087,11.6126267,10.30235332,11.72106555,11.85841555
76238,47.2376318,42.55658073,45.46433959,47.06975295,45.77957406,43.45783518,51.89850563,48.95577858,43.7193505,51.04571432,47.24955865,44.08488348,46.97161735,49.81276691
76257,32.55366941,35.25856768,32.76152603,40.66342079,42.56712106,37.34370705,37.90840555,39.80049503,33.36567928,37.81008413,39.54279829,31.45871242,34.54667775,34.58964054
76267,156.967485,160.2899439,164.1706793,200.8853803,158.9359727,155.5692953,172.6107358,182.8181738,170.138161,191.0016555,187.0687009,159.8147676,170.8367851,188.6184214
76282,23.26113884,21.44917315,20.86226628,21.61225457,18.92405583,17.19117783,20.0803037,19.79745377,18.01380868,20.28924343,19.71322914,17.33243908,18.07024552,20.39929769
76376,131.5361821,141.7531375,137.0853459,153.2761689,151.0634903,155.2977928,131.493112,117.5848402,143.1877536,141.4200824,128.939903,138.592073,164.5716413,172.2998799
76408,1.834802295,1.315499008,1.484744403,1.443267803,1.962410569,2.840517452,2.175664891,2.580890763,2.718332338,2.02332379,2.375808365,2.170683105,2.275913123,2.573418552
76429,16.23183151,12.65186813,15.42503398,13.84709894,14.29617511,15.11687321,13.79274227,14.69950357,16.34899808,15.6642021,14.09978753,13.76827445,15.6455256,14.72705169
76459,10.81237391,14.41800914,10.96975786,18.53208007,18.53957878,18.6423704,8.082363672,7.797855246,9.313112992,14.36954858,12.74879402,8.93379142,14.58568546,13.45784248
76485,23.35379448,18.78331123,22.37653874,24.13949844,23.90083741,26.631849,25.70904707,26.59484568,24.51787147,28.49617195,28.39746121,22.68308196,27.7248448,27.65706094
76500,45.1106739,43.01943447,48.93176097,50.35664988,52.73351852,53.84562394,45.80957834,44.04016894,49.87079332,44.96107378,44.03329777,46.36818619,50.01216209,50.47620968
76507,0.057223336,0.023012186,0.020619641,0.037510217,0,0,0.096736963,0.021342615,0.037465308,0,0.019781565,0.083800335,0.051223103,0.04635427
76654,9.088652718,10.22404706,10.4612883,11.35592697,9.02318216,9.62655563,9.078379256,9.965630497,9.429066753,9.484376163,9.153269424,9.247407947,10.20178579,11.13614507
76668,1.355384146,1.781938389,1.296122543,1.742752169,2.639105443,2.753074248,2.026917938,1.710984941,1.655338941,1.756084304,2.32469643,1.240552078,2.053215058,1.879168126
76687,54.3375694,56.60296656,54.59362193,59.60533629,72.06284146,63.96522574,55.53033811,51.59953456,58.71299169,58.03855283,57.96966639,55.35493259,63.15090346,61.80479271
76722,0.261317334,0.121255328,0.260756586,0.237177656,0.343989707,0.254779792,0.288843812,0.134949672,0.217152558,0.259331828,0.208465219,0.264935379,0.197929379,0.366373419
76893,41.31988745,32.73335732,33.35323356,38.22319669,39.1702488,48.1321259,50.42114198,47.40617504,40.54756384,47.84765109,46.18037667,35.88691211,44.41377452,45.33962085
76898,79.92187205,81.0689066,100.5297776,98.50960375,92.50762275,73.41789614,76.92092276,76.6562021,76.04712833,90.47580308,79.89933018,79.82356973,89.86494432,98.46588969
76952,47.0987312,45.249692,47.37843259,50.91105406,46.94042229,51.76352964,49.63909721,46.85129931,46.85787378,48.04530182,48.06944276,47.05266147,50.78216074,56.00440024
76969,134.2615758,149.2849627,169.8014944,189.8342528,205.2065786,173.6910845,144.2076317,145.4005,164.2888303,170.6950958,159.9755866,154.6007833,179.0279558,182.8719016
77116,29.56658604,24.82913237,26.7103627,27.6308671,29.08032832,32.41717189,31.95999841,28.0890797,28.52925661,28.21815851,30.01322083,26.55077071,32.46385352,32.05489756
77337,0.104223941,0.150887998,0.045066793,0.040991626,0.044589036,0.154118364,0.105715341,0.326528608,0.040942549,0.134461652,0.129705226,0.137367053,0.242568023,0.126641289
77559,13.03265387,10.86488651,12.58272221,12.82364242,11.43122626,12.31895682,12.74742774,12.44175612,11.47246972,13.35425564,12.84073127,11.68761366,13.12383668,13.18234625
77626,11.0600797,10.33552919,12.36120892,12.76034038,14.42064413,12.99335074,11.49555049,12.95563213,13.29062298,13.57808108,13.67040916,11.52280423,14.26190979,14.47180203
77683,11.36890401,10.29703098,11.65638458,11.69304792,17.69767632,16.1067112,15.68114847,16.62227831,17.04787562,18.59961472,16.7131497,10.54209035,13.81886764,14.5771577
77974,2.285346131,1.663997448,2.056918613,2.484663111,2.013577432,1.924702322,2.016804288,1.847420223,1.314998231,1.753439769,1.973316162,1.393254709,1.432900269,1.773789024
78038,24.17223683,22.69504499,21.05033183,20.97299938,24.58930947,23.19826209,24.54667402,23.81926332,22.60603414,23.37070825,23.8718304,21.52675871,20.71821303,22.87481691
78070,70.3183217,64.37128863,77.35581114,82.2857719,80.07028588,75.35681712,68.39563053,71.78725017,81.78813648,71.48308974,71.99346702,71.64159039,81.88114792,85.52093935
78174,1.432906117,1.462759843,1.906441758,1.788240763,1.355728807,4.307596098,2.375767002,1.479964666,1.623727112,2.251529774,1.314561669,1.392214235,0.493329515,1.004485056
78330,55.26657364,44.64835435,49.18768078,50.44884644,54.90187974,57.24656351,54.82643138,47.90563404,44.61563022,48.53200744,50.33602846,47.01138209,46.60438364,44.5894009
78600,0.092982354,0.037392564,0.129831527,0.038094033,0.194754614,0.069566008,0.052396052,0.017339837,0.053267796,0.041652302,0.060268349,0.063828465,0.076296513,0.131812064
78752,7.464898875,6.368451115,6.205116468,6.297536367,7.972323611,7.675791736,7.503002818,6.312052929,6.49498807,7.305061569,7.798600262,6.087366972,7.345946827,7.44195726
78754,3.645287515,1.46973878,1.65382165,1.527488845,3.393785269,3.546034486,4.035105782,4.258388162,3.663439112,3.67538436,3.02140116,2.245619803,2.510693184,3.224472188
78801,0.946432905,4.660469889,0.730787265,3.437478476,3.36730112,6.783350643,2.595853365,1.653297094,1.97276107,2.31535894,2.844401082,0.922819692,2.45513177,3.661222995
78830,55.05837342,50.55106539,54.71592684,62.24929819,55.58489715,61.9015358,62.52250112,54.19895208,56.97655928,59.50392688,55.85478851,57.1299538,62.86196588,66.24329486
78894,31.14097687,27.84326456,31.61250626,33.57429271,29.81410982,37.24441105,36.85377637,35.00801006,37.30898165,35.13445466,34.04363192,35.11547027,38.51854451,37.58176225
78914,3.984551235,3.139346649,3.584561742,3.962263433,3.77848918,3.807786486,3.894935617,4.660553178,3.176663781,3.953529141,4.188486201,3.671777832,4.294652789,4.292649364
78920,104.1530065,98.3563621,100.2669858,113.1937152,105.935419,113.2934926,111.9157862,102.3210326,104.0466181,109.166453,104.2972208,97.51051792,111.0317681,107.5482219
78923,6.654892403,8.495948359,8.108394048,7.976430514,11.81565328,8.148592555,7.416863552,6.112070611,8.927710728,7.571041264,7.789401405,7.331671573,8.557036927,10.26573903
78925,10.29555269,6.804641922,10.14327433,10.16396678,5.333915028,7.282507302,8.991601661,8.700764155,5.43737233,8.215190031,8.817044023,10.55635524,11.10931493,5.820365056
79059,52.44401158,47.47350943,50.57348194,49.08494487,52.73615493,59.49883724,50.03553768,52.38486423,46.04576217,51.61690175,53.53948435,49.58626529,46.54811769,48.68388948
791260,10.65460821,9.356509744,11.35932681,11.91697224,11.60831174,10.92208413,11.20870921,11.80445538,10.23755961,11.37602587,9.768794096,10.71369958,11.02703823,12.06879057
79235,0.184214013,0.134692893,0.193102492,0.219551484,0.179114431,0.141507296,0.278387683,0.174888991,0.246699709,0.198048872,0.173675564,0.134885495,0.239851629,0.203487535
80286,291.8460574,275.3939128,288.4334561,259.183484,334.2387032,324.105019,256.1763159,232.918132,279.9185185,257.145185,243.7026286,279.2248234,292.4773412,257.9591192
80707,5.658174609,5.621827522,6.151451135,6.149529595,5.640291668,6.630727772,6.899676167,5.848040201,7.497481063,6.370382382,6.583533658,5.553434108,6.37380958,6.486289699
80721,2.44617159,2.280976895,2.433628884,2.501044191,3.189592654,2.532253441,3.278578221,2.170011269,2.478907716,2.787048601,2.405464175,2.108692571,2.730550701,2.818369859
80879,1.814253062,1.80930825,2.896295679,2.31407285,3.562465237,2.996026062,3.266427789,4.17938812,3.320773329,3.798356265,4.048450995,2.837834207,2.75529822,3.146328758
80911,9.996280557,10.89871103,10.40834017,11.71202378,12.53608503,12.69573241,13.19755801,13.21390242,12.1303052,12.88018072,12.9560182,12.11577003,12.41502002,14.32975499
80914,10.93359494,11.60784532,12.61120469,11.83635442,13.20838791,12.1662402,12.05118776,11.94011513,12.33222326,12.33071266,11.56569917,11.51636531,12.8309373,13.78348118
81535,40.50141704,32.68706573,31.51321269,39.08114338,33.52430135,39.67507975,40.22721047,38.2690041,34.62169826,38.90576854,38.25644068,34.91013798,40.15595397,36.218959
83398,13.00402393,9.564786664,10.38893514,10.40492378,10.45976584,11.01883772,11.1020812,10.07165575,9.808513542,10.31657881,9.846359843,9.164317285,11.61017761,12.87578932
83493,83.80816771,73.8167115,73.42223387,82.00298297,68.02802275,79.41320858,89.22602683,79.77403288,78.27313783,84.67673932,83.38685261,78.3832889,91.29863823,88.01606455
83553,0.169101552,0,0.104457282,0.154394055,0.1291874,0.216883916,0.102096027,0.148664735,0.142346962,0.0779149,0.325687917,0.039799229,0.172994483,0.088059992
83603,41.40027041,42.32511383,42.97199892,44.71576093,42.86485754,46.07418053,43.58802597,37.26623739,38.26390387,41.10285203,40.30407017,42.65234884,45.51546798,44.78750785
83702,0,0,0,0,0,0,0,0,0,0,0,0,0,0
83885,0.436385411,0.526473096,0.165107744,0.407625636,0.093347097,0.276554252,0.387301165,0.292965978,0.278567841,0.304953266,0.226281457,0.311542589,0.156251043,0.424197439
84095,55.40038348,50.83034916,55.23868862,61.60717406,54.36504873,51.68849812,53.54310098,50.31549544,52.47065621,55.46486114,50.73447493,54.00111581,61.02126346,63.67815497
84505,15.07259162,14.04042211,15.50672199,15.60455126,16.92738188,15.41831654,15.10184967,15.96751508,16.00537328,16.37327488,16.24160337,14.55359793,17.56942714,18.64289867
84682,3.752776086,4.710430954,4.015805854,3.019048837,4.459752344,3.002877305,4.613911192,3.690051494,4.392854956,4.523661977,3.656024911,5.07938502,3.121749106,5.15873611
93683,13.04541207,12.999317,14.08328705,14.60352179,21.34080682,16.03387539,14.68013166,13.68131025,16.01671564,15.37498824,13.95549462,14.65973824,16.03211104,16.85598891
93692,71.15638863,71.69905964,66.28526129,74.57268164,57.2451942,79.33299691,73.43608539,73.70352411,66.28259299,74.68576681,73.7482057,71.49424014,74.09237133,77.44816275
93732,0.096799075,0.175173508,0.087200533,0.150699297,0.086276111,0.195964167,0.122730287,0.117335393,0.205973197,0.190792963,0.217506405,0.07973818,0.115532097,0.205833989
93747,27.52579171,23.15010212,25.2555411,27.77778782,24.66674923,30.05467576,28.80532917,28.08025299,26.10366593,26.91383144,28.11156241,23.60123459,26.42919807,24.39650539
93898,65.73223488,49.6745795,71.46443625,61.45483007,63.69458675,67.69718415,56.09416812,55.53558464,68.15308227,67.8939612,58.9762764,61.27025413,72.39874339,63.58275309
93961,32.76112634,24.94920014,29.75284584,31.59271978,33.3745276,34.41377676,39.59632848,33.37912244,32.59799365,32.33291879,28.73971434,30.90615946,30.01618942,33.8438779
94180,144.5291892,122.3900946,129.9409133,139.4691269,108.3343636,107.5018966,122.577784,134.9884642,98.54686981,121.8083658,119.579629,111.6048861,109.8918051,108.6948336
94181,8.698396758,7.229443278,7.986242041,9.116972432,7.678410067,9.159966618,9.523934562,8.616462405,8.158310124,9.302592891,9.311637563,8.264622813,8.352485458,8.826253697
94192,10.62281687,10.58185157,8.27012413,10.588712,11.03588635,11.56756018,10.49268595,10.04584363,11.13833534,10.68717884,11.05452286,9.633620881,11.64627855,11.67906417
94224,0.069954523,0.21098995,0.075621446,0,0.074819775,0.073888129,0.088694429,0,0.103051533,0,0.108821773,0.076833328,0.093929015,0
94229,120.2309499,120.1834488,108.768842,125.0440799,109.1823411,128.3127852,108.5631772,101.5006604,135.6667982,114.0434252,111.3257358,112.141089,132.7058393,132.5538953
94249,76.36501828,72.00310334,76.82048626,89.63021936,50.05006903,69.3496749,61.49997317,61.90199201,68.99331766,71.71453116,71.47187088,82.54433056,84.41596546,78.26094784
94284,1.385462958,1.161677782,1.220623431,1.689212419,3.645277755,4.953503318,4.051914742,4.937419999,4.24518784,4.021688154,4.49726,2.404284469,2.765619908,1.851805783
96979,15.51404058,17.42006108,16.44522743,17.48409942,17.94471989,17.68384827,15.32471854,15.72669715,15.45643965,16.07600974,15.75844558,16.23527111,16.75779307,16.03800003
97212,38.04710074,31.60413756,33.19117421,35.28199339,33.56907382,38.03631093,37.18470329,37.80920403,34.91020384,37.34498897,38.06556159,32.04000133,35.68966101,34.14118258
97287,13.14762889,11.57349617,13.84193464,12.96839396,13.02822117,13.79910933,14.17034944,13.11782182,13.51426079,13.46460655,12.66495112,12.05465193,13.20176561,12.98248586
97440,8.441169854,7.433722691,8.188095366,8.346545053,8.73619011,8.752806501,11.02859052,10.30838134,9.432546588,9.93029944,9.418965659,8.462751348,9.012008687,9.117125833
97884,14.85820008,12.73682302,16.17588123,13.10142914,17.83570512,14.64801537,16.38639007,16.52513295,13.73923393,17.93703589,16.42730842,14.29605029,16.4672883,20.10494622
98256,0.25924933,0.190712762,0.293921542,0.310864731,0.162310131,0.407401373,0.320681804,0.311302192,0.416060022,0.39428612,0.380338702,0.312521677,0.447150364,0.322694014
98660,477.5473252,425.2150547,443.5359063,511.5549839,359.549407,400.8645561,442.9510078,477.5034604,424.9705743,470.009509,428.7789394,389.1256763,456.977677,428.0308827
98711,6.175168264,6.462419285,6.51240619,7.031975432,7.633739375,6.613413781,6.585205981,7.769132622,6.924831833,7.804610057,7.133860187,5.938532891,6.658904877,8.018140982
99439,0.107754138,0.136841023,0.091960387,0.206323997,0.084919806,0.125793592,0.220509584,0.234789028,0.228355572,0.274373763,0.27054962,0.137036697,0.076149021,0.303208146
99586,3.510907885,2.218701031,2.883641359,3.495966207,2.268946911,4.112517657,4.29598746,4.057263001,3.539213481,3.798550044,4.14965575,3.676598984,3.831182291,3.471537
99712,38.07636367,31.81579476,31.14009102,32.96169377,30.36909709,36.15721261,36.98931504,34.68821547,31.52889662,34.77290816,34.61654605,32.24980318,34.16962345,31.89242201